test_id,generations_config,pop_size,algorithm,generation,median_fitness,q1_fitness,q3_fitness,n_runs
nguyen1,200,100,std_a,0,0.3158742037244212,0.1909580351931979,0.4344629192777642,27
nguyen1,200,100,std_a,1,0.1833042495395159,0.0459667233002639,0.21865309848387235,27
nguyen1,200,100,std_a,2,0.0459667233002639,0.0459667233002639,0.18713114236635686,27
nguyen1,200,100,std_a,3,0.0459667233002639,0.0459667233002639,0.1217896228928452,27
nguyen1,200,100,std_a,4,0.0459667233002639,0.0459667233002639,0.0459667233002639,27
nguyen1,200,100,std_a,5,0.0459667233002639,0.01649614429742175,0.0459667233002639,27
nguyen1,200,100,std_a,6,0.0459667233002639,0.00735713113800485,0.0459667233002639,27
nguyen1,200,100,std_a,7,0.0425394607054853,1.5066790696184392e-32,0.0459667233002639,27
nguyen1,200,100,std_a,8,0.0314134618057263,1.273280434483011e-32,0.0459667233002639,27
nguyen1,200,100,std_a,9,0.0272990772433278,1.273280434483011e-32,0.0459667233002639,27
nguyen1,200,100,std_a,10,0.0252176150063932,1.273280434483011e-32,0.0459667233002639,27
nguyen1,200,100,std_a,11,0.0182780263188338,1.1671135462986647e-32,0.0459667233002639,27
nguyen1,200,100,std_a,12,0.0182780263188338,1.1671135462986647e-32,0.0459667233002639,27
nguyen1,200,100,std_a,13,0.0179526420246131,1.1671135462986647e-32,0.0459667233002639,27
nguyen1,200,100,std_a,14,0.0143013756021838,1.1671135462986647e-32,0.0459667233002639,27
nguyen1,200,100,std_a,15,0.0104193859288609,1.1671135462986647e-32,0.0459536409818216,27
nguyen1,200,100,std_a,16,0.0104193859288609,1.1671135462986647e-32,0.0459536409818216,27
nguyen1,200,100,std_a,17,0.0104193859288609,1.1671135462986647e-32,0.0459196472907414,27
nguyen1,200,100,std_a,18,0.0104193859288609,1.1671135462986647e-32,0.044834276919589244,27
nguyen1,200,100,std_a,19,0.0104193859288609,1.1671135462986647e-32,0.044834276919589244,27
nguyen1,200,100,std_a,20,0.0104193859288609,1.1671135462986647e-32,0.043088868833699404,27
nguyen1,200,100,std_a,21,0.0096299080926387,1.1671135462986647e-32,0.029088210037450102,27
nguyen1,200,100,std_a,22,0.0096299080926387,1.1671135462986647e-32,0.027936554792212402,27
nguyen1,200,100,std_a,23,0.0096299080926387,1.1671135462986647e-32,0.01749576142998955,27
nguyen1,200,100,std_a,24,0.0061539367792774,1.0517984908784791e-32,0.0140843573693831,27
nguyen1,200,100,std_a,25,0.0061539367792774,1.0517984908784791e-32,0.013716295158833599,27
nguyen1,200,100,std_a,26,0.0061539367792774,1.0517984908784791e-32,0.013716295158833599,27
nguyen1,200,100,std_a,27,0.0061539367792774,1.0517984908784791e-32,0.013716295158833599,27
nguyen1,200,100,std_a,28,0.0061539367792774,1.0517984908784791e-32,0.013716295158833599,27
nguyen1,200,100,std_a,29,0.0061539367792774,1.0517984908784791e-32,0.013716295158833599,27
nguyen1,200,100,std_a,30,0.0061539367792774,1.0517984908784791e-32,0.013716295158833599,27
nguyen1,200,100,std_a,31,0.0061539367792774,1.0517984908784791e-32,0.013716295158833599,27
nguyen1,200,100,std_a,32,0.0061539367792774,1.0517984908784791e-32,0.013716295158833599,27
nguyen1,200,100,std_a,33,0.0061539367792774,1.0517984908784791e-32,0.013716295158833599,27
nguyen1,200,100,std_a,34,0.0061539367792774,1.0517984908784791e-32,0.013716295158833599,27
nguyen1,200,100,std_a,35,0.004387239606866,1.0517984908784791e-32,0.013716295158833599,27
nguyen1,200,100,std_a,36,0.004387239606866,1.0517984908784791e-32,0.013716295158833599,27
nguyen1,200,100,std_a,37,0.0032253464975225,1.0517984908784791e-32,0.013716295158833599,27
nguyen1,200,100,std_a,38,0.003045472673278,1.0517984908784791e-32,0.013716295158833599,27
nguyen1,200,100,std_a,39,0.003045472673278,1.0517984908784791e-32,0.013716295158833599,27
nguyen1,200,100,std_a,40,0.003045472673278,1.0517984908784791e-32,0.013716295158833599,27
nguyen1,200,100,std_a,41,0.002744718506924,1.0517984908784791e-32,0.013716295158833599,27
nguyen1,200,100,std_a,42,0.0022740179029856,1.0517984908784791e-32,0.013716295158833599,27
nguyen1,200,100,std_a,43,0.0022740179029856,1.0517984908784791e-32,0.013716295158833599,27
nguyen1,200,100,std_a,44,0.001720536638734,1.0517984908784791e-32,0.013716295158833599,27
nguyen1,200,100,std_a,45,0.001720536638734,1.0517984908784791e-32,0.013716295158833599,27
nguyen1,200,100,std_a,46,0.0011168975847995,1.0517984908784791e-32,0.0127728070788906,27
nguyen1,200,100,std_a,47,0.0009241000611314,1.0517984908784791e-32,0.0127728070788906,27
nguyen1,200,100,std_a,48,0.0009241000611314,1.0517984908784791e-32,0.0127728070788906,27
nguyen1,200,100,std_a,49,0.0008083817367662,1.0517984908784791e-32,0.0127728070788906,27
nguyen1,200,100,std_a,50,0.0008083817367662,1.0517984908784791e-32,0.0127728070788906,27
nguyen1,200,100,std_a,51,0.0008011882930331,1.0517984908784791e-32,0.0127728070788906,27
nguyen1,200,100,std_a,52,0.0007298039198601,1.0517984908784791e-32,0.0127728070788906,27
nguyen1,200,100,std_a,53,0.0006031974722286,1.0517984908784791e-32,0.0127728070788906,27
nguyen1,200,100,std_a,54,0.0006031974722286,1.0517984908784791e-32,0.0127728070788906,27
nguyen1,200,100,std_a,55,0.0006027460839461,1.0517984908784791e-32,0.0127728070788906,27
nguyen1,200,100,std_a,56,0.0005653825322402,1.0517984908784791e-32,0.0127728070788906,27
nguyen1,200,100,std_a,57,0.0005653825322402,1.0517984908784791e-32,0.0127728070788906,27
nguyen1,200,100,std_a,58,0.0005617465376179,1.0517984908784791e-32,0.0127728070788906,27
nguyen1,200,100,std_a,59,0.0004920487967858,1.0517984908784791e-32,0.0127728070788906,27
nguyen1,200,100,std_a,60,0.0004920487967858,1.0517984908784791e-32,0.0127728070788906,27
nguyen1,200,100,std_a,61,0.0004920487967858,1.0517984908784791e-32,0.0127728070788906,27
nguyen1,200,100,std_a,62,0.0004920487967858,1.0517984908784791e-32,0.0127728070788906,27
nguyen1,200,100,std_a,63,0.0004920487967858,1.0517984908784791e-32,0.0127728070788906,27
nguyen1,200,100,std_a,64,0.0004920487967858,1.0517984908784791e-32,0.0127728070788906,27
nguyen1,200,100,std_a,65,0.0004920487967858,1.0517984908784791e-32,0.0127728070788906,27
nguyen1,200,100,std_a,66,0.0004920487967858,1.0517984908784791e-32,0.0127728070788906,27
nguyen1,200,100,std_a,67,0.0004920487967858,1.0517984908784791e-32,0.0127728070788906,27
nguyen1,200,100,std_a,68,0.0004920487967858,1.0517984908784791e-32,0.0127728070788906,27
nguyen1,200,100,std_a,69,0.0004920487967858,1.0517984908784791e-32,0.0127728070788906,27
nguyen1,200,100,std_a,70,0.0004920487967858,1.0517984908784791e-32,0.0127728070788906,27
nguyen1,200,100,std_a,71,0.0004920487967858,1.0517984908784791e-32,0.0127728070788906,27
nguyen1,200,100,std_a,72,0.0004920487967858,1.0517984908784791e-32,0.0127728070788906,27
nguyen1,200,100,std_a,73,0.0004920487967858,1.0517984908784791e-32,0.0127728070788906,27
nguyen1,200,100,std_a,74,0.0004920487967858,1.0517984908784791e-32,0.0127728070788906,27
nguyen1,200,100,std_a,75,0.0004920487967858,1.0517984908784791e-32,0.0127728070788906,27
nguyen1,200,100,std_a,76,0.0004920487967858,1.0517984908784791e-32,0.0127728070788906,27
nguyen1,200,100,std_a,77,0.0004920487967858,1.0517984908784791e-32,0.0127728070788906,27
nguyen1,200,100,std_a,78,0.0004920487967858,1.0517984908784791e-32,0.0127728070788906,27
nguyen1,200,100,std_a,79,0.0004920487967858,1.0517984908784791e-32,0.0127728070788906,27
nguyen1,200,100,std_a,80,0.0004920487967858,1.0517984908784791e-32,0.0127728070788906,27
nguyen1,200,100,std_a,81,0.0004920487967858,1.0517984908784791e-32,0.0127728070788906,27
nguyen1,200,100,std_a,82,0.0004920487967858,1.0517984908784791e-32,0.0127728070788906,27
nguyen1,200,100,std_a,83,0.0004920487967858,1.0517984908784791e-32,0.0127728070788906,27
nguyen1,200,100,std_a,84,0.0004920487967858,1.0517984908784791e-32,0.0127728070788906,27
nguyen1,200,100,std_a,85,0.0004920487967858,1.0517984908784791e-32,0.0127728070788906,27
nguyen1,200,100,std_a,86,0.0004920487967858,1.0517984908784791e-32,0.0127728070788906,27
nguyen1,200,100,std_a,87,0.0004920487967858,1.0517984908784791e-32,0.0127728070788906,27
nguyen1,200,100,std_a,88,0.0004920487967858,1.0517984908784791e-32,0.0127728070788906,27
nguyen1,200,100,std_a,89,0.0004920487967858,1.0517984908784791e-32,0.0127728070788906,27
nguyen1,200,100,std_a,90,0.0004920487967858,1.0517984908784791e-32,0.0127728070788906,27
nguyen1,200,100,std_a,91,0.0004920487967858,1.0517984908784791e-32,0.0127728070788906,27
nguyen1,200,100,std_a,92,0.0004920487967858,1.0517984908784791e-32,0.0127728070788906,27
nguyen1,200,100,std_a,93,0.0004920487967858,1.0517984908784791e-32,0.0127728070788906,27
nguyen1,200,100,std_a,94,0.0004920487967858,1.0517984908784791e-32,0.0127728070788906,27
nguyen1,200,100,std_a,95,0.0004920487967858,1.0517984908784791e-32,0.0127728070788906,27
nguyen1,200,100,std_a,96,0.0004920487967858,1.0517984908784791e-32,0.0127728070788906,27
nguyen1,200,100,std_a,97,0.0004920487967858,1.0517984908784791e-32,0.0127728070788906,27
nguyen1,200,100,std_a,98,0.0004920487967858,1.0517984908784791e-32,0.0127728070788906,27
nguyen1,200,100,std_a,99,0.0004920487967858,1.0517984908784791e-32,0.0127728070788906,27
nguyen1,200,100,std_a,100,0.0004920487967858,1.0517984908784791e-32,0.0127728070788906,27
nguyen1,200,100,std_a,101,0.0004920487967858,1.0517984908784791e-32,0.0127728070788906,27
nguyen1,200,100,std_a,102,0.0004920487967858,1.0517984908784791e-32,0.0127728070788906,27
nguyen1,200,100,std_a,103,0.0004920487967858,1.0517984908784791e-32,0.0127728070788906,27
nguyen1,200,100,std_a,104,0.0004920487967858,1.0517984908784791e-32,0.0127728070788906,27
nguyen1,200,100,std_a,105,0.0004920487967858,1.0517984908784791e-32,0.0127728070788906,27
nguyen1,200,100,std_a,106,0.0004920487967858,1.0517984908784791e-32,0.0127728070788906,27
nguyen1,200,100,std_a,107,0.0004920487967858,1.0517984908784791e-32,0.0127728070788906,27
nguyen1,200,100,std_a,108,0.0004920487967858,1.0517984908784791e-32,0.0127728070788906,27
nguyen1,200,100,std_a,109,0.0004920487967858,1.0517984908784791e-32,0.0127728070788906,27
nguyen1,200,100,std_a,110,0.0004920487967858,1.0517984908784791e-32,0.0127728070788906,27
nguyen1,200,100,std_a,111,0.0004920487967858,1.0517984908784791e-32,0.0127728070788906,27
nguyen1,200,100,std_a,112,0.0004920487967858,1.0517984908784791e-32,0.0127728070788906,27
nguyen1,200,100,std_a,113,0.0004920487967858,1.0517984908784791e-32,0.0127728070788906,27
nguyen1,200,100,std_a,114,0.0004920487967858,1.0517984908784791e-32,0.0127728070788906,27
nguyen1,200,100,std_a,115,0.0004920487967858,1.0517984908784791e-32,0.0127728070788906,27
nguyen1,200,100,std_a,116,0.0004920487967858,1.0517984908784791e-32,0.0127728070788906,27
nguyen1,200,100,std_a,117,0.0004920487967858,1.0517984908784791e-32,0.0127728070788906,27
nguyen1,200,100,std_a,118,0.0004920487967858,1.0517984908784791e-32,0.0127728070788906,27
nguyen1,200,100,std_a,119,0.0004920487967858,1.0517984908784791e-32,0.0127728070788906,27
nguyen1,200,100,std_a,120,0.0004920487967858,1.0517984908784791e-32,0.0127728070788906,27
nguyen1,200,100,std_a,121,0.0004920487967858,1.0517984908784791e-32,0.0127728070788906,27
nguyen1,200,100,std_a,122,0.0004920487967858,1.0517984908784791e-32,0.0127728070788906,27
nguyen1,200,100,std_a,123,0.0004920487967858,1.0517984908784791e-32,0.0127728070788906,27
nguyen1,200,100,std_a,124,0.0004920487967858,1.0517984908784791e-32,0.0127728070788906,27
nguyen1,200,100,std_a,125,0.0004920487967858,1.0517984908784791e-32,0.0127728070788906,27
nguyen1,200,100,std_a,126,0.0004920487967858,1.0517984908784791e-32,0.0127728070788906,27
nguyen1,200,100,std_a,127,0.0004920487967858,1.0517984908784791e-32,0.0127728070788906,27
nguyen1,200,100,std_a,128,0.0004920487967858,1.0517984908784791e-32,0.0127728070788906,27
nguyen1,200,100,std_a,129,0.0004920487967858,1.0517984908784791e-32,0.0127728070788906,27
nguyen1,200,100,std_a,130,0.0004920487967858,1.0517984908784791e-32,0.0127728070788906,27
nguyen1,200,100,std_a,131,0.0004920487967858,1.0517984908784791e-32,0.0127728070788906,27
nguyen1,200,100,std_a,132,0.0004920487967858,1.0517984908784791e-32,0.0127728070788906,27
nguyen1,200,100,std_a,133,0.0004920487967858,1.0517984908784791e-32,0.0127728070788906,27
nguyen1,200,100,std_a,134,0.0004920487967858,1.0517984908784791e-32,0.0127728070788906,27
nguyen1,200,100,std_a,135,0.0004920487967858,1.0517984908784791e-32,0.0127728070788906,27
nguyen1,200,100,std_a,136,0.0004920487967858,1.0517984908784791e-32,0.0127728070788906,27
nguyen1,200,100,std_a,137,0.0004920487967858,1.0517984908784791e-32,0.0127728070788906,27
nguyen1,200,100,std_a,138,0.0004920487967858,1.0517984908784791e-32,0.0127728070788906,27
nguyen1,200,100,std_a,139,0.0004920487967858,1.0517984908784791e-32,0.0127728070788906,27
nguyen1,200,100,std_a,140,0.0004920487967858,1.0517984908784791e-32,0.0127728070788906,27
nguyen1,200,100,std_a,141,0.0004920487967858,1.0517984908784791e-32,0.0127728070788906,27
nguyen1,200,100,std_a,142,0.0004920487967858,1.0517984908784791e-32,0.0127728070788906,27
nguyen1,200,100,std_a,143,0.0004920487967858,1.0517984908784791e-32,0.0127728070788906,27
nguyen1,200,100,std_a,144,0.0004920487967858,1.0517984908784791e-32,0.0127728070788906,27
nguyen1,200,100,std_a,145,0.0004920487967858,1.0517984908784791e-32,0.0127728070788906,27
nguyen1,200,100,std_a,146,0.0004920487967858,1.0517984908784791e-32,0.0127728070788906,27
nguyen1,200,100,std_a,147,0.0004920487967858,1.0517984908784791e-32,0.0127728070788906,27
nguyen1,200,100,std_a,148,0.0004920487967858,1.0517984908784791e-32,0.0127728070788906,27
nguyen1,200,100,std_a,149,0.0004920487967858,1.0517984908784791e-32,0.0127728070788906,27
nguyen1,200,100,std_a,150,0.0004920487967858,1.0517984908784791e-32,0.0127728070788906,27
nguyen1,200,100,std_a,151,0.0004920487967858,1.0517984908784791e-32,0.0127728070788906,27
nguyen1,200,100,std_a,152,0.0004920487967858,1.0517984908784791e-32,0.0127728070788906,27
nguyen1,200,100,std_a,153,0.0004920487967858,1.0517984908784791e-32,0.0127728070788906,27
nguyen1,200,100,std_a,154,0.0004920487967858,1.0517984908784791e-32,0.0127728070788906,27
nguyen1,200,100,std_a,155,0.0004920487967858,1.0517984908784791e-32,0.0127728070788906,27
nguyen1,200,100,std_a,156,0.0004920487967858,1.0517984908784791e-32,0.0127728070788906,27
nguyen1,200,100,std_a,157,0.0004920487967858,1.0517984908784791e-32,0.0127728070788906,27
nguyen1,200,100,std_a,158,0.0004920487967858,1.0517984908784791e-32,0.0127728070788906,27
nguyen1,200,100,std_a,159,0.0004920487967858,1.0517984908784791e-32,0.0127728070788906,27
nguyen1,200,100,std_a,160,0.0004920487967858,1.0517984908784791e-32,0.0127728070788906,27
nguyen1,200,100,std_a,161,0.0004920487967858,1.0517984908784791e-32,0.0127728070788906,27
nguyen1,200,100,std_a,162,0.0004920487967858,1.0517984908784791e-32,0.0127728070788906,27
nguyen1,200,100,std_a,163,0.0004920487967858,1.0517984908784791e-32,0.0127728070788906,27
nguyen1,200,100,std_a,164,0.0004920487967858,1.0517984908784791e-32,0.0127728070788906,27
nguyen1,200,100,std_a,165,0.0004920487967858,1.0517984908784791e-32,0.0127728070788906,27
nguyen1,200,100,std_a,166,0.0004920487967858,1.0517984908784791e-32,0.0127728070788906,27
nguyen1,200,100,std_a,167,0.0004920487967858,1.0517984908784791e-32,0.0127728070788906,27
nguyen1,200,100,std_a,168,0.0004920487967858,1.0517984908784791e-32,0.0127728070788906,27
nguyen1,200,100,std_a,169,0.0004920487967858,1.0517984908784791e-32,0.0127728070788906,27
nguyen1,200,100,std_a,170,0.0004920487967858,1.0517984908784791e-32,0.0127728070788906,27
nguyen1,200,100,std_a,171,0.0004920487967858,1.0517984908784791e-32,0.0127728070788906,27
nguyen1,200,100,std_a,172,0.0004920487967858,1.0517984908784791e-32,0.0127728070788906,27
nguyen1,200,100,std_a,173,0.0004920487967858,1.0517984908784791e-32,0.0127728070788906,27
nguyen1,200,100,std_a,174,0.0004920487967858,1.0517984908784791e-32,0.0127728070788906,27
nguyen1,200,100,std_a,175,0.0004920487967858,1.0517984908784791e-32,0.0127728070788906,27
nguyen1,200,100,std_a,176,0.0004920487967858,1.0517984908784791e-32,0.0127728070788906,27
nguyen1,200,100,std_a,177,0.0004920487967858,1.0517984908784791e-32,0.0127728070788906,27
nguyen1,200,100,std_a,178,0.0004920487967858,1.0517984908784791e-32,0.0127728070788906,27
nguyen1,200,100,std_a,179,0.0004920487967858,1.0517984908784791e-32,0.0127728070788906,27
nguyen1,200,100,std_a,180,0.0004920487967858,1.0517984908784791e-32,0.0127728070788906,27
nguyen1,200,100,std_a,181,0.0004920487967858,1.0517984908784791e-32,0.0127728070788906,27
nguyen1,200,100,std_a,182,0.0004920487967858,1.0517984908784791e-32,0.0127728070788906,27
nguyen1,200,100,std_a,183,0.0004920487967858,1.0517984908784791e-32,0.0127728070788906,27
nguyen1,200,100,std_a,184,0.0004920487967858,1.0517984908784791e-32,0.0127728070788906,27
nguyen1,200,100,std_a,185,0.0004920487967858,1.0517984908784791e-32,0.0127728070788906,27
nguyen1,200,100,std_a,186,0.0004920487967858,1.0517984908784791e-32,0.0127728070788906,27
nguyen1,200,100,std_a,187,0.0004920487967858,1.0517984908784791e-32,0.0127728070788906,27
nguyen1,200,100,std_a,188,0.0004920487967858,1.0517984908784791e-32,0.0127728070788906,27
nguyen1,200,100,std_a,189,0.0004920487967858,1.0517984908784791e-32,0.0127728070788906,27
nguyen1,200,100,std_a,190,0.0004920487967858,1.0517984908784791e-32,0.0127728070788906,27
nguyen1,200,100,std_a,191,0.0004920487967858,1.0517984908784791e-32,0.0127728070788906,27
nguyen1,200,100,std_a,192,0.0004920487967858,1.0517984908784791e-32,0.0127728070788906,27
nguyen1,200,100,std_a,193,0.0004920487967858,1.0517984908784791e-32,0.0127728070788906,27
nguyen1,200,100,std_a,194,0.0004920487967858,1.0517984908784791e-32,0.0127728070788906,27
nguyen1,200,100,std_a,195,0.0004920487967858,1.0517984908784791e-32,0.0127728070788906,27
nguyen1,200,100,std_a,196,0.0004920487967858,1.0517984908784791e-32,0.0127728070788906,27
nguyen1,200,100,std_a,197,0.0004920487967858,1.0517984908784791e-32,0.0127728070788906,27
nguyen1,200,100,std_a,198,0.0004920487967858,1.0517984908784791e-32,0.0127728070788906,27
nguyen1,200,100,std_a,199,0.0004920487967858,1.0517984908784791e-32,0.0127728070788906,27
nguyen1,200,100,eml_a,0,0.4344629192777642,0.4344629192777642,0.4344629192777642,3
nguyen1,200,100,eml_a,1,0.4344629192777642,0.30888358440864,0.4344629192777642,3
nguyen1,200,100,eml_a,2,0.4344629192777642,0.30888358440864,0.4344629192777642,3
nguyen1,200,100,eml_a,3,0.2036136972672501,0.19345897340338294,0.3190383082725071,3
nguyen1,200,100,eml_a,4,0.2036136972672501,0.19345897340338294,0.3190383082725071,3
nguyen1,200,100,eml_a,5,0.2036136972672501,0.19345897340338294,0.3190383082725071,3
nguyen1,200,100,eml_a,6,0.2036136972672501,0.16952092783259484,0.3190383082725071,3
nguyen1,200,100,eml_a,7,0.2018745515704221,0.16865135498418085,0.3181687354240932,3
nguyen1,200,100,eml_a,8,0.2018745515704221,0.11262070143589316,0.3181687354240932,3
nguyen1,200,100,eml_a,9,0.2018745515704221,0.11262070143589316,0.3181687354240932,3
nguyen1,200,100,eml_a,10,0.2018745515704221,0.11262070143589316,0.3181687354240932,3
nguyen1,200,100,eml_a,11,0.2018745515704221,0.11262070143589316,0.3181687354240932,3
nguyen1,200,100,eml_a,12,0.1934577510724738,0.10366638824929085,0.313960335175119,3
nguyen1,200,100,eml_a,13,0.1934577510724738,0.10366638824929085,0.2075100423969159,3
nguyen1,200,100,eml_a,14,0.1934577510724738,0.10166593933199584,0.2075100423969159,3
nguyen1,200,100,eml_a,15,0.1934577510724738,0.10166593933199584,0.2075100423969159,3
nguyen1,200,100,eml_a,16,0.1934577510724738,0.10049844819243149,0.2075100423969159,3
nguyen1,200,100,eml_a,17,0.1934577510724738,0.10049844819243149,0.2075100423969159,3
nguyen1,200,100,eml_a,18,0.1934577510724738,0.10049844819243149,0.2075100423969159,3
nguyen1,200,100,eml_a,19,0.1882681627463899,0.09790365402938955,0.20491524823387397,3
nguyen1,200,100,eml_a,20,0.1882681627463899,0.09790365402938955,0.20491524823387397,3
nguyen1,200,100,eml_a,21,0.1846134374006079,0.09607629135649855,0.20308788556098295,3
nguyen1,200,100,eml_a,22,0.1846134374006079,0.09607629135649855,0.20308788556098295,3
nguyen1,200,100,eml_a,23,0.1800661453124253,0.09380264531240724,0.1823397913565166,3
nguyen1,200,100,eml_a,24,0.1800661453124253,0.09380264531240724,0.1823397913565166,3
nguyen1,200,100,eml_a,25,0.1749005115819855,0.09121982844718735,0.1797343169189288,3
nguyen1,200,100,eml_a,26,0.1749005115819855,0.09121982844718735,0.17954496687388238,3
nguyen1,200,100,eml_a,27,0.1749005115819855,0.09121982844718735,0.17954496687388238,3
nguyen1,200,100,eml_a,28,0.1749005115819855,0.09121982844718735,0.17954496687388238,3
nguyen1,200,100,eml_a,29,0.1749005115819855,0.09121982844718735,0.17954496687388238,3
nguyen1,200,100,eml_a,30,0.1749005115819855,0.09121982844718735,0.1794873683341559,3
nguyen1,200,100,eml_a,31,0.1749005115819855,0.09121982844718735,0.1794873683341559,3
nguyen1,200,100,eml_a,32,0.1749005115819855,0.09121982844718735,0.1791137798301081,3
nguyen1,200,100,eml_a,33,0.1749005115819855,0.09121982844718735,0.1790875913541211,3
nguyen1,200,100,eml_a,34,0.1749005115819855,0.09121982844718735,0.1787010760335319,3
nguyen1,200,100,eml_a,35,0.1749005115819855,0.09121982844718735,0.1787010760335319,3
nguyen1,200,100,eml_a,36,0.1456944206360416,0.0766167829742154,0.164006105925124,3
nguyen1,200,100,eml_a,37,0.076067340194322,0.0418032427533556,0.1291925657042642,3
nguyen1,200,100,eml_a,38,0.076067340194322,0.0418032427533556,0.1291925657042642,3
nguyen1,200,100,eml_a,39,0.076067340194322,0.0418032427533556,0.1291925657042642,3
nguyen1,200,100,eml_a,40,0.076067340194322,0.0418032427533556,0.1291925657042642,3
nguyen1,200,100,eml_a,41,0.076067340194322,0.0418032427533556,0.1291925657042642,3
nguyen1,200,100,eml_a,42,0.0631530840678847,0.035346114690136946,0.12273543764104555,3
nguyen1,200,100,eml_a,43,0.0631530840678847,0.035346114690136946,0.12236385288702904,3
nguyen1,200,100,eml_a,44,0.0631530840678847,0.035346114690136946,0.12236385288702904,3
nguyen1,200,100,eml_a,45,0.0631530840678847,0.035346114690136946,0.12236385288702904,3
nguyen1,200,100,eml_a,46,0.0626753914490081,0.03510726838069865,0.12212500657759075,3
nguyen1,200,100,eml_a,47,0.046094908021643,0.0268170266670161,0.1138347648639082,3
nguyen1,200,100,eml_a,48,0.046094908021643,0.0268170266670161,0.1138347648639082,3
nguyen1,200,100,eml_a,49,0.046094908021643,0.0268170266670161,0.1138347648639082,3
nguyen1,200,100,eml_a,50,0.046094908021643,0.0268170266670161,0.1138347648639082,3
nguyen1,200,100,eml_a,51,0.045930067886685,0.0267346065995371,0.11375234479642919,3
nguyen1,200,100,eml_a,52,0.045930067886685,0.0267346065995371,0.11375234479642919,3
nguyen1,200,100,eml_a,53,0.0425672157871063,0.025053180549747752,0.11207091874663985,3
nguyen1,200,100,eml_a,54,0.0409929832553678,0.0242660642838785,0.11128380248077059,3
nguyen1,200,100,eml_a,55,0.0409929832553678,0.0242660642838785,0.11128380248077059,3
nguyen1,200,100,eml_a,56,0.0409929832553678,0.0242660642838785,0.11128380248077059,3
nguyen1,200,100,eml_a,57,0.0409929832553678,0.0242660642838785,0.11128380248077059,3
nguyen1,200,100,eml_a,58,0.0409929832553678,0.0242660642838785,0.11128380248077059,3
nguyen1,200,100,eml_a,59,0.0409929832553678,0.0242660642838785,0.11128380248077059,3
nguyen1,200,100,eml_a,60,0.0399094708358455,0.02372430807411735,0.11074204627100945,3
nguyen1,200,100,eml_a,61,0.0395920495433454,0.0235655974278673,0.11058333562475939,3
nguyen1,200,100,eml_a,62,0.0395920495433454,0.0235655974278673,0.11058333562475939,3
nguyen1,200,100,eml_a,63,0.0395920495433454,0.0235655974278673,0.11058333562475939,3
nguyen1,200,100,eml_a,64,0.0395920495433454,0.0235655974278673,0.11058333562475939,3
nguyen1,200,100,eml_a,65,0.0395920495433454,0.0235655974278673,0.11058333562475939,3
nguyen1,200,100,eml_a,66,0.0395920495433454,0.0235655974278673,0.11058333562475939,3
nguyen1,200,100,eml_a,67,0.0320043834790209,0.01977176439570505,0.10678950259259715,3
nguyen1,200,100,eml_a,68,0.0320043834790209,0.01977176439570505,0.10678950259259715,3
nguyen1,200,100,eml_a,69,0.0288804677768063,0.01820980654459775,0.10522754474148985,3
nguyen1,200,100,eml_a,70,0.0288804677768063,0.01820980654459775,0.10522754474148985,3
nguyen1,200,100,eml_a,71,0.0288804677768063,0.01820980654459775,0.1051960860889599,3
nguyen1,200,100,eml_a,72,0.0288804677768063,0.01820980654459775,0.1051960860889599,3
nguyen1,200,100,eml_a,73,0.0285691552593587,0.01805415028587395,0.10504042983023609,3
nguyen1,200,100,eml_a,74,0.0285691552593587,0.01805415028587395,0.10504042983023609,3
nguyen1,200,100,eml_a,75,0.0285691552593587,0.01805415028587395,0.10504042983023609,3
nguyen1,200,100,eml_a,76,0.0285691552593587,0.01805415028587395,0.10504042983023609,3
nguyen1,200,100,eml_a,77,0.0285691552593587,0.01805415028587395,0.10498015441340924,3
nguyen1,200,100,eml_a,78,0.0285691552593587,0.01805415028587395,0.10498015441340924,3
nguyen1,200,100,eml_a,79,0.0285691552593587,0.01805415028587395,0.10498015441340924,3
nguyen1,200,100,eml_a,80,0.0285691552593587,0.01805415028587395,0.10498015441340924,3
nguyen1,200,100,eml_a,81,0.0285691552593587,0.01805415028587395,0.10498015441340924,3
nguyen1,200,100,eml_a,82,0.0285691552593587,0.01805415028587395,0.10498015441340924,3
nguyen1,200,100,eml_a,83,0.0285691552593587,0.01802911428797935,0.10498015441340924,3
nguyen1,200,100,eml_a,84,0.0285691552593587,0.01802911428797935,0.10498015441340924,3
nguyen1,200,100,eml_a,85,0.0285691552593587,0.01802911428797935,0.10498015441340924,3
nguyen1,200,100,eml_a,86,0.0285691552593587,0.01795626295968,0.10498015441340924,3
nguyen1,200,100,eml_a,87,0.0285691552593587,0.0179536247888951,0.10498015441340924,3
nguyen1,200,100,eml_a,88,0.0285691552593587,0.0179536247888951,0.10498015441340924,3
nguyen1,200,100,eml_a,89,0.0277291909731199,0.0175336426457757,0.10456017227028985,3
nguyen1,200,100,eml_a,90,0.0277291909731199,0.0175276164481439,0.10456017227028985,3
nguyen1,200,100,eml_a,91,0.0276868809602234,0.01747380371329215,0.1045390172638416,3
nguyen1,200,100,eml_a,92,0.0276738708325294,0.01746729864944515,0.1045325121999946,3
nguyen1,200,100,eml_a,93,0.0276738708325294,0.01746729864944515,0.09402530682069304,3
nguyen1,200,100,eml_a,94,0.0268868273557169,0.017071184620025298,0.0933033585804989,3
nguyen1,200,100,eml_a,95,0.0268868273557169,0.0169800337039355,0.09003889014947705,3
nguyen1,200,100,eml_a,96,0.0268868273557169,0.0169800337039355,0.09003889014947705,3
nguyen1,200,100,eml_a,97,0.0268868273557169,0.0169800337039355,0.09003889014947705,3
nguyen1,200,100,eml_a,98,0.0268868273557169,0.0169800337039355,0.08917947565168485,3
nguyen1,200,100,eml_a,99,0.0268868273557169,0.0169800337039355,0.08917947565168485,3
nguyen1,200,100,eml_a,100,0.0268868273557169,0.01697885267455635,0.08917947565168485,3
nguyen1,200,100,eml_a,101,0.0268868273557169,0.01697885267455635,0.08917947565168485,3
nguyen1,200,100,eml_a,102,0.0224472503786279,0.014759064186011849,0.08695968716314036,3
nguyen1,200,100,eml_a,103,0.0224472503786279,0.014759064186011849,0.08653446010873636,3
nguyen1,200,100,eml_a,104,0.0224472503786279,0.014759064186011849,0.08653446010873636,3
nguyen1,200,100,eml_a,105,0.0224472503786279,0.014759064186011849,0.08653446010873636,3
nguyen1,200,100,eml_a,106,0.0212320377289339,0.014151438863951,0.08592685378388935,3
nguyen1,200,100,eml_a,107,0.0212320377289339,0.014151438863951,0.08592685378388935,3
nguyen1,200,100,eml_a,108,0.0212320377289339,0.014151438863951,0.08574510007869504,3
nguyen1,200,100,eml_a,109,0.0212320377289339,0.014151438863951,0.08492771246005355,3
nguyen1,200,100,eml_a,110,0.0212320377289339,0.014046268082016701,0.08492771246005355,3
nguyen1,200,100,eml_a,111,0.0212320377289339,0.014046268082016701,0.08492771246005355,3
nguyen1,200,100,eml_a,112,0.0212320377289339,0.014046268082016701,0.08492771246005355,3
nguyen1,200,100,eml_a,113,0.0212320377289339,0.014002566861050551,0.08361402328440855,3
nguyen1,200,100,eml_a,114,0.0188518865164817,0.012785786324217849,0.08242394767818245,3
nguyen1,200,100,eml_a,115,0.0188518865164817,0.012785786324217849,0.08242394767818245,3
nguyen1,200,100,eml_a,116,0.0171178353015368,0.01181498562599765,0.08155692207071,3
nguyen1,200,100,eml_a,117,0.0171178353015368,0.0117627820545142,0.08155692207071,3
nguyen1,200,100,eml_a,118,0.0171178353015368,0.0117627820545142,0.08147133248837529,3
nguyen1,200,100,eml_a,119,0.0171178353015368,0.0117627820545142,0.08147133248837529,3
nguyen1,200,100,eml_a,120,0.0171178353015368,0.0117627820545142,0.08147133248837529,3
nguyen1,200,100,eml_a,121,0.0171178353015368,0.0117627820545142,0.0808767021123686,3
nguyen1,200,100,eml_a,122,0.0171178353015368,0.0117627820545142,0.0808767021123686,3
nguyen1,200,100,eml_a,123,0.0171178353015368,0.0117627820545142,0.0808767021123686,3
nguyen1,200,100,eml_a,124,0.0171178353015368,0.011754338586250499,0.0808767021123686,3
nguyen1,200,100,eml_a,125,0.0171178353015368,0.011754338586250499,0.0808767021123686,3
nguyen1,200,100,eml_a,126,0.0171178353015368,0.0117457853024352,0.0808767021123686,3
nguyen1,200,100,eml_a,127,0.0171178353015368,0.01174547241259545,0.0808767021123686,3
nguyen1,200,100,eml_a,128,0.0171178353015368,0.01174547241259545,0.0808767021123686,3
nguyen1,200,100,eml_a,129,0.0171178353015368,0.0116913452514749,0.0808767021123686,3
nguyen1,200,100,eml_a,130,0.0168654638158895,0.01156515950865125,0.08075051636954494,3
nguyen1,200,100,eml_a,131,0.0168177543223768,0.0115413047618949,0.0807266616227886,3
nguyen1,200,100,eml_a,132,0.0168177543223768,0.0115413047618949,0.0807266616227886,3
nguyen1,200,100,eml_a,133,0.0163437244949176,0.011303157380892,0.080489646709059,3
nguyen1,200,100,eml_a,134,0.015893969224394,0.0110484787565153,0.0802647690737972,3
nguyen1,200,100,eml_a,135,0.015893969224394,0.0110484787565153,0.0802647690737972,3
nguyen1,200,100,eml_a,136,0.015893969224394,0.0110484787565153,0.0802647690737972,3
nguyen1,200,100,eml_a,137,0.015893969224394,0.01104498999013745,0.0802647690737972,3
nguyen1,200,100,eml_a,138,0.015893969224394,0.01104498999013745,0.0802647690737972,3
nguyen1,200,100,eml_a,139,0.015893969224394,0.01104498999013745,0.0802647690737972,3
nguyen1,200,100,eml_a,140,0.0158838956607575,0.0109780875640418,0.08024826406585925,3
nguyen1,200,100,eml_a,141,0.0158838956607575,0.0109780875640418,0.08019842253792389,3
nguyen1,200,100,eml_a,142,0.0158838956607575,0.0109780875640418,0.08019842253792389,3
nguyen1,200,100,eml_a,143,0.0158838956607575,0.010930696691044399,0.08014686064007265,3
nguyen1,200,100,eml_a,144,0.0158838956607575,0.010930696691044399,0.08014686064007265,3
nguyen1,200,100,eml_a,145,0.0158691169407275,0.010923242258600549,0.08013947128005766,3
nguyen1,200,100,eml_a,146,0.0158691169407275,0.010662544477563998,0.08013947128005766,3
nguyen1,200,100,eml_a,147,0.0158691169407275,0.010662531077256399,0.08013947128005766,3
nguyen1,200,100,eml_a,148,0.0158691169407275,0.010662531077256399,0.08013947128005766,3
nguyen1,200,100,eml_a,149,0.0158293823398769,0.01064256926182845,0.08011960397963236,3
nguyen1,200,100,eml_a,150,0.0158261646176477,0.01064096040071385,0.08011799511851775,3
nguyen1,200,100,eml_a,151,0.0158261646176477,0.01064096040071385,0.08011799511851775,3
nguyen1,200,100,eml_a,152,0.0158261646176477,0.01059504065597105,0.08011799511851775,3
nguyen1,200,100,eml_a,153,0.0158261646176477,0.010594865840968951,0.08011799511851775,3
nguyen1,200,100,eml_a,154,0.0158162967139696,0.0105899318891299,0.08011306116667871,3
nguyen1,200,100,eml_a,155,0.0158162967139696,0.0105899318891299,0.08011306116667871,3
nguyen1,200,100,eml_a,156,0.0158162967139696,0.010449043680202899,0.08011306116667871,3
nguyen1,200,100,eml_a,157,0.0158162967139696,0.010449043680202899,0.08011306116667871,3
nguyen1,200,100,eml_a,158,0.0158162967139696,0.010449043680202899,0.08011306116667871,3
nguyen1,200,100,eml_a,159,0.0158162967139696,0.010449043680202899,0.08011306116667871,3
nguyen1,200,100,eml_a,160,0.0158162967139696,0.01043806564025505,0.08011306116667871,3
nguyen1,200,100,eml_a,161,0.0158162967139696,0.01043806564025505,0.08011306116667871,3
nguyen1,200,100,eml_a,162,0.0158162967139696,0.010333751448976799,0.08011306116667871,3
nguyen1,200,100,eml_a,163,0.0158162967139696,0.010333751448976799,0.08011306116667871,3
nguyen1,200,100,eml_a,164,0.0158162967139696,0.010333751448976799,0.08011306116667871,3
nguyen1,200,100,eml_a,165,0.0158162967139696,0.010333751448976799,0.08011306116667871,3
nguyen1,200,100,eml_a,166,0.0158162967139696,0.010333751448976799,0.08011306116667871,3
nguyen1,200,100,eml_a,167,0.0158162967139696,0.010333751448976799,0.08011306116667871,3
nguyen1,200,100,eml_a,168,0.0158162967139696,0.010249042102520799,0.08011306116667871,3
nguyen1,200,100,eml_a,169,0.0154128565556223,0.01004732202334715,0.0799107816721995,3
nguyen1,200,100,eml_a,170,0.0154128565556223,0.01004732202334715,0.07990325792278904,3
nguyen1,200,100,eml_a,171,0.0154128565556223,0.01004732202334715,0.07990325792278904,3
nguyen1,200,100,eml_a,172,0.0154128565556223,0.01004732202334715,0.07990325792278904,3
nguyen1,200,100,eml_a,173,0.0154128565556223,0.01004732202334715,0.07990325792278904,3
nguyen1,200,100,eml_a,174,0.0154128565556223,0.01004732202334715,0.07990325792278904,3
nguyen1,200,100,eml_a,175,0.0154128565556223,0.01004732202334715,0.07990325792278904,3
nguyen1,200,100,eml_a,176,0.0154128565556223,0.01004732202334715,0.07990325792278904,3
nguyen1,200,100,eml_a,177,0.0154128565556223,0.01004732202334715,0.07990325792278904,3
nguyen1,200,100,eml_a,178,0.0154128565556223,0.00998369869345745,0.07990325792278904,3
nguyen1,200,100,eml_a,179,0.0154128565556223,0.00998369869345745,0.07990210408652845,3
nguyen1,200,100,eml_a,180,0.0154128565556223,0.00998369869345745,0.07990210408652845,3
nguyen1,200,100,eml_a,181,0.0154128565556223,0.00998369869345745,0.07990210408652845,3
nguyen1,200,100,eml_a,182,0.0154128565556223,0.00998369869345745,0.07990210408652845,3
nguyen1,200,100,eml_a,183,0.0154128565556223,0.00998369869345745,0.07990210408652845,3
nguyen1,200,100,eml_a,184,0.0154128565556223,0.00998369869345745,0.07990210408652845,3
nguyen1,200,100,eml_a,185,0.0150087404753896,0.009781640653341101,0.0797000460464121,3
nguyen1,200,100,eml_a,186,0.0150087404753896,0.009781640653341101,0.0797000460464121,3
nguyen1,200,100,eml_a,187,0.0150087404753896,0.009781640653341101,0.0797000460464121,3
nguyen1,200,100,eml_a,188,0.0150087404753896,0.009780395677981401,0.0797000460464121,3
nguyen1,200,100,eml_a,189,0.0150087404753896,0.009780395677981401,0.0797000460464121,3
nguyen1,200,100,eml_a,190,0.0150087404753896,0.009780395677981401,0.0797000460464121,3
nguyen1,200,100,eml_a,191,0.0150087404753896,0.009780395677981401,0.07969214138425486,3
nguyen1,200,100,eml_a,192,0.0150087404753896,0.00977696468271015,0.07969214138425486,3
nguyen1,200,100,eml_a,193,0.0150087404753896,0.00977696468271015,0.07969214138425486,3
nguyen1,200,100,eml_a,194,0.0150076992718476,0.00977644408093915,0.07969162078248385,3
nguyen1,200,100,eml_a,195,0.0150076992718476,0.00977644408093915,0.07969162078248385,3
nguyen1,200,100,eml_a,196,0.0150076992718476,0.0097710433703145,0.07969162078248385,3
nguyen1,200,100,eml_a,197,0.0149804179775842,0.0097574027231828,0.07967798013535216,3
nguyen1,200,100,eml_a,198,0.0147375811497322,0.009635984309256801,0.07955656172142615,3
nguyen1,200,100,eml_a,199,0.0147375811497322,0.009635984309256801,0.079556548734283,3
nguyen1,200,100,std_b,0,0.3346996226204675,0.1909580351931979,0.4344629192777642,30
nguyen1,200,100,std_b,1,0.1852795100121291,0.047355943921480376,0.28463480169367533,30
nguyen1,200,100,std_b,2,0.04874516454269685,0.0459667233002639,0.1833042495395158,30
nguyen1,200,100,std_b,3,0.04874516454269685,0.0459667233002639,0.14570594536654125,30
nguyen1,200,100,std_b,4,0.0459667233002639,0.030636845884049073,0.07312827454055917,30
nguyen1,200,100,std_b,5,0.0459667233002639,0.025932705923408024,0.0459667233002639,30
nguyen1,200,100,std_b,6,0.0459074099737138,0.0229932345317475,0.0459667233002639,30
nguyen1,200,100,std_b,7,0.03615480998625875,0.018971860706115874,0.0459667233002639,30
nguyen1,200,100,std_b,8,0.0286365069821894,0.005683163355577325,0.0459667233002639,30
nguyen1,200,100,std_b,9,0.02688933180183365,0.004065889035394975,0.0459667233002639,30
nguyen1,200,100,std_b,10,0.01475287239647765,0.004065889035394975,0.0459667233002639,30
nguyen1,200,100,std_b,11,0.01475287239647765,0.002034643163215975,0.0459667233002639,30
nguyen1,200,100,std_b,12,0.012426261474317,0.001605630963131125,0.04587913230464162,30
nguyen1,200,100,std_b,13,0.012426261474317,0.001605630963131125,0.0420212477047003,30
nguyen1,200,100,std_b,14,0.0100010707086606,0.001605630963131125,0.0420212477047003,30
nguyen1,200,100,std_b,15,0.009184847257721701,0.0001062337232402,0.029891192854689975,30
nguyen1,200,100,std_b,16,0.0090384924249445,8.65216071314592e-05,0.021551582545554452,30
nguyen1,200,100,std_b,17,0.008778133204334349,8.65216071314592e-05,0.021551582545554452,30
nguyen1,200,100,std_b,18,0.0067825865215647,2.3665371971641963e-05,0.018578413021367174,30
nguyen1,200,100,std_b,19,0.0057204285880843,3.272861043956696e-06,0.016969979354914577,30
nguyen1,200,100,std_b,20,0.00525365749828575,3.272861043956696e-06,0.016969979354914577,30
nguyen1,200,100,std_b,21,0.00525365749828575,3.272861043956696e-06,0.016969979354914577,30
nguyen1,200,100,std_b,22,0.004989490440599,3.272861043956696e-06,0.016969979354914577,30
nguyen1,200,100,std_b,23,0.00432458883511355,1.3479881927318128e-32,0.016969979354914577,30
nguyen1,200,100,std_b,24,0.00432458883511355,1.3479881927318128e-32,0.016969979354914577,30
nguyen1,200,100,std_b,25,0.00432458883511355,1.3479881927318128e-32,0.015371313502027976,30
nguyen1,200,100,std_b,26,0.00432458883511355,1.3479881927318128e-32,0.014573049547655125,30
nguyen1,200,100,std_b,27,0.00432458883511355,1.3479881927318128e-32,0.014573049547655125,30
nguyen1,200,100,std_b,28,0.00432458883511355,1.3479881927318128e-32,0.014573049547655125,30
nguyen1,200,100,std_b,29,0.00432458883511355,1.3479881927318128e-32,0.014573049547655125,30
nguyen1,200,100,std_b,30,0.00432458883511355,1.3479881927318128e-32,0.014573049547655125,30
nguyen1,200,100,std_b,31,0.00432458883511355,1.3479881927318128e-32,0.014573049547655125,30
nguyen1,200,100,std_b,32,0.00432458883511355,1.3479881927318128e-32,0.01449071775804895,30
nguyen1,200,100,std_b,33,0.00432458883511355,1.3479881927318128e-32,0.01449071775804895,30
nguyen1,200,100,std_b,34,0.00432458883511355,1.3479881927318128e-32,0.01449071775804895,30
nguyen1,200,100,std_b,35,0.0034458986862669003,1.3479881927318128e-32,0.01449071775804895,30
nguyen1,200,100,std_b,36,0.00342174649123085,1.3479881927318128e-32,0.01449071775804895,30
nguyen1,200,100,std_b,37,0.00264538539544995,1.2877850943766776e-32,0.012126163120393725,30
nguyen1,200,100,std_b,38,0.001524139377263,1.280201745220653e-32,0.012126163120393725,30
nguyen1,200,100,std_b,39,0.001524139377263,1.280201745220653e-32,0.012126163120393725,30
nguyen1,200,100,std_b,40,0.001524139377263,1.280201745220653e-32,0.012126163120393725,30
nguyen1,200,100,std_b,41,0.001524139377263,1.280201745220653e-32,0.012126163120393725,30
nguyen1,200,100,std_b,42,0.001524139377263,1.280201745220653e-32,0.012126163120393725,30
nguyen1,200,100,std_b,43,0.001524139377263,1.280201745220653e-32,0.012126163120393725,30
nguyen1,200,100,std_b,44,0.001524139377263,1.280201745220653e-32,0.012126163120393725,30
nguyen1,200,100,std_b,45,0.001524139377263,1.280201745220653e-32,0.012126163120393725,30
nguyen1,200,100,std_b,46,0.001524139377263,1.280201745220653e-32,0.012126163120393725,30
nguyen1,200,100,std_b,47,0.001524139377263,1.280201745220653e-32,0.012126163120393725,30
nguyen1,200,100,std_b,48,0.001524139377263,1.280201745220653e-32,0.012126163120393725,30
nguyen1,200,100,std_b,49,0.001524139377263,1.280201745220653e-32,0.010399314866200951,30
nguyen1,200,100,std_b,50,0.001524139377263,1.280201745220653e-32,0.010399314866200951,30
nguyen1,200,100,std_b,51,0.00122396621563335,1.280201745220653e-32,0.009963048001104676,30
nguyen1,200,100,std_b,52,0.00057389109161195,1.280201745220653e-32,0.0069995273475069,30
nguyen1,200,100,std_b,53,0.00057389109161195,1.280201745220653e-32,0.0069995273475069,30
nguyen1,200,100,std_b,54,0.00057389109161195,1.280201745220653e-32,0.0069995273475069,30
nguyen1,200,100,std_b,55,0.00057389109161195,1.280201745220653e-32,0.0069995273475069,30
nguyen1,200,100,std_b,56,0.00057389109161195,1.280201745220653e-32,0.0069995273475069,30
nguyen1,200,100,std_b,57,0.00057389109161195,1.280201745220653e-32,0.0069995273475069,30
nguyen1,200,100,std_b,58,0.00057389109161195,1.280201745220653e-32,0.00649829333379785,30
nguyen1,200,100,std_b,59,0.00057389109161195,1.280201745220653e-32,0.006230600887371125,30
nguyen1,200,100,std_b,60,0.00057389109161195,1.280201745220653e-32,0.0046051968279390496,30
nguyen1,200,100,std_b,61,0.00057389109161195,1.280201745220653e-32,0.0046051968279390496,30
nguyen1,200,100,std_b,62,0.00057389109161195,1.280201745220653e-32,0.0046051968279390496,30
nguyen1,200,100,std_b,63,0.00057389109161195,1.280201745220653e-32,0.0046051968279390496,30
nguyen1,200,100,std_b,64,0.00057389109161195,1.280201745220653e-32,0.0046051968279390496,30
nguyen1,200,100,std_b,65,0.00057389109161195,1.280201745220653e-32,0.0046051968279390496,30
nguyen1,200,100,std_b,66,0.00057389109161195,1.280201745220653e-32,0.0046051968279390496,30
nguyen1,200,100,std_b,67,0.00057389109161195,1.280201745220653e-32,0.0046051968279390496,30
nguyen1,200,100,std_b,68,0.00057389109161195,1.280201745220653e-32,0.0046051968279390496,30
nguyen1,200,100,std_b,69,0.00057389109161195,1.280201745220653e-32,0.0046051968279390496,30
nguyen1,200,100,std_b,70,0.00057389109161195,1.280201745220653e-32,0.0046051968279390496,30
nguyen1,200,100,std_b,71,0.00057389109161195,1.280201745220653e-32,0.0046051968279390496,30
nguyen1,200,100,std_b,72,0.00057389109161195,1.280201745220653e-32,0.0046051968279390496,30
nguyen1,200,100,std_b,73,0.00057389109161195,1.280201745220653e-32,0.0046051968279390496,30
nguyen1,200,100,std_b,74,0.00057389109161195,1.280201745220653e-32,0.0046051968279390496,30
nguyen1,200,100,std_b,75,0.00057389109161195,1.280201745220653e-32,0.0046051968279390496,30
nguyen1,200,100,std_b,76,0.00057389109161195,1.280201745220653e-32,0.0046051968279390496,30
nguyen1,200,100,std_b,77,0.000328641301448,1.280201745220653e-32,0.0046051968279390496,30
nguyen1,200,100,std_b,78,0.000328641301448,1.280201745220653e-32,0.0046051968279390496,30
nguyen1,200,100,std_b,79,0.000328641301448,1.280201745220653e-32,0.0046051968279390496,30
nguyen1,200,100,std_b,80,0.000328641301448,1.280201745220653e-32,0.0046051968279390496,30
nguyen1,200,100,std_b,81,0.000328641301448,1.280201745220653e-32,0.0046051968279390496,30
nguyen1,200,100,std_b,82,0.000328641301448,1.280201745220653e-32,0.0046051968279390496,30
nguyen1,200,100,std_b,83,0.000328641301448,1.280201745220653e-32,0.0046051968279390496,30
nguyen1,200,100,std_b,84,0.000328641301448,1.280201745220653e-32,0.0046051968279390496,30
nguyen1,200,100,std_b,85,0.000328641301448,1.280201745220653e-32,0.0046051968279390496,30
nguyen1,200,100,std_b,86,0.000328641301448,1.280201745220653e-32,0.0046051968279390496,30
nguyen1,200,100,std_b,87,0.000328641301448,1.280201745220653e-32,0.0046051968279390496,30
nguyen1,200,100,std_b,88,0.000328641301448,1.280201745220653e-32,0.0046051968279390496,30
nguyen1,200,100,std_b,89,0.000328641301448,1.280201745220653e-32,0.0046051968279390496,30
nguyen1,200,100,std_b,90,0.000328641301448,1.280201745220653e-32,0.0046051968279390496,30
nguyen1,200,100,std_b,91,0.000328641301448,1.280201745220653e-32,0.0046051968279390496,30
nguyen1,200,100,std_b,92,0.000328641301448,1.280201745220653e-32,0.0046051968279390496,30
nguyen1,200,100,std_b,93,0.000328641301448,1.280201745220653e-32,0.0046051968279390496,30
nguyen1,200,100,std_b,94,0.000328641301448,1.280201745220653e-32,0.0046051968279390496,30
nguyen1,200,100,std_b,95,0.000328641301448,1.280201745220653e-32,0.0046051968279390496,30
nguyen1,200,100,std_b,96,0.000328641301448,1.280201745220653e-32,0.0046051968279390496,30
nguyen1,200,100,std_b,97,0.000328641301448,1.280201745220653e-32,0.0046051968279390496,30
nguyen1,200,100,std_b,98,0.000328641301448,1.280201745220653e-32,0.0046051968279390496,30
nguyen1,200,100,std_b,99,0.000328641301448,1.280201745220653e-32,0.0046051968279390496,30
nguyen1,200,100,std_b,100,0.000328641301448,1.280201745220653e-32,0.0046051968279390496,30
nguyen1,200,100,std_b,101,0.000328641301448,1.280201745220653e-32,0.0046051968279390496,30
nguyen1,200,100,std_b,102,0.000328641301448,1.280201745220653e-32,0.0046051968279390496,30
nguyen1,200,100,std_b,103,0.000328641301448,1.280201745220653e-32,0.0046051968279390496,30
nguyen1,200,100,std_b,104,0.000328641301448,1.280201745220653e-32,0.0046051968279390496,30
nguyen1,200,100,std_b,105,0.000328641301448,1.280201745220653e-32,0.0046051968279390496,30
nguyen1,200,100,std_b,106,0.000328641301448,1.280201745220653e-32,0.0046051968279390496,30
nguyen1,200,100,std_b,107,0.000328641301448,1.280201745220653e-32,0.0046051968279390496,30
nguyen1,200,100,std_b,108,0.000328641301448,1.280201745220653e-32,0.0046051968279390496,30
nguyen1,200,100,std_b,109,0.000328641301448,1.280201745220653e-32,0.0046051968279390496,30
nguyen1,200,100,std_b,110,0.000328641301448,1.280201745220653e-32,0.0046051968279390496,30
nguyen1,200,100,std_b,111,0.000328641301448,1.280201745220653e-32,0.0046051968279390496,30
nguyen1,200,100,std_b,112,0.000328641301448,1.280201745220653e-32,0.0046051968279390496,30
nguyen1,200,100,std_b,113,0.000328641301448,1.280201745220653e-32,0.0046051968279390496,30
nguyen1,200,100,std_b,114,0.000328641301448,1.280201745220653e-32,0.0046051968279390496,30
nguyen1,200,100,std_b,115,0.000328641301448,1.280201745220653e-32,0.0046051968279390496,30
nguyen1,200,100,std_b,116,0.000328641301448,1.280201745220653e-32,0.0046051968279390496,30
nguyen1,200,100,std_b,117,0.000328641301448,1.280201745220653e-32,0.0046051968279390496,30
nguyen1,200,100,std_b,118,0.000328641301448,1.280201745220653e-32,0.0046051968279390496,30
nguyen1,200,100,std_b,119,0.000328641301448,1.280201745220653e-32,0.0046051968279390496,30
nguyen1,200,100,std_b,120,0.000328641301448,1.280201745220653e-32,0.0046051968279390496,30
nguyen1,200,100,std_b,121,0.000328641301448,1.280201745220653e-32,0.0046051968279390496,30
nguyen1,200,100,std_b,122,0.000328641301448,1.280201745220653e-32,0.0046051968279390496,30
nguyen1,200,100,std_b,123,0.000328641301448,1.280201745220653e-32,0.0046051968279390496,30
nguyen1,200,100,std_b,124,0.000328641301448,1.280201745220653e-32,0.0046051968279390496,30
nguyen1,200,100,std_b,125,0.000328641301448,1.280201745220653e-32,0.0046051968279390496,30
nguyen1,200,100,std_b,126,0.000328641301448,1.280201745220653e-32,0.0046051968279390496,30
nguyen1,200,100,std_b,127,0.000328641301448,1.280201745220653e-32,0.0046051968279390496,30
nguyen1,200,100,std_b,128,0.000328641301448,1.280201745220653e-32,0.0046051968279390496,30
nguyen1,200,100,std_b,129,0.000328641301448,1.280201745220653e-32,0.003587945972060025,30
nguyen1,200,100,std_b,130,0.000328641301448,1.280201745220653e-32,0.003587945972060025,30
nguyen1,200,100,std_b,131,0.000328641301448,1.280201745220653e-32,0.003587945972060025,30
nguyen1,200,100,std_b,132,0.000328641301448,1.280201745220653e-32,0.003587945972060025,30
nguyen1,200,100,std_b,133,0.000328641301448,1.280201745220653e-32,0.003587945972060025,30
nguyen1,200,100,std_b,134,0.000328641301448,1.280201745220653e-32,0.003587945972060025,30
nguyen1,200,100,std_b,135,0.000328641301448,1.280201745220653e-32,0.003587945972060025,30
nguyen1,200,100,std_b,136,0.000328641301448,1.280201745220653e-32,0.003587945972060025,30
nguyen1,200,100,std_b,137,0.000328641301448,1.280201745220653e-32,0.003587945972060025,30
nguyen1,200,100,std_b,138,0.000328641301448,1.280201745220653e-32,0.003587945972060025,30
nguyen1,200,100,std_b,139,0.000328641301448,1.280201745220653e-32,0.003587945972060025,30
nguyen1,200,100,std_b,140,0.000328641301448,1.280201745220653e-32,0.003587945972060025,30
nguyen1,200,100,std_b,141,0.000328641301448,1.280201745220653e-32,0.003587945972060025,30
nguyen1,200,100,std_b,142,0.000328641301448,1.280201745220653e-32,0.003587945972060025,30
nguyen1,200,100,std_b,143,0.000328641301448,1.280201745220653e-32,0.003587945972060025,30
nguyen1,200,100,std_b,144,0.000328641301448,1.280201745220653e-32,0.003587945972060025,30
nguyen1,200,100,std_b,145,0.000328641301448,1.280201745220653e-32,0.003587945972060025,30
nguyen1,200,100,std_b,146,0.000328641301448,1.280201745220653e-32,0.003587945972060025,30
nguyen1,200,100,std_b,147,0.000328641301448,1.280201745220653e-32,0.003587945972060025,30
nguyen1,200,100,std_b,148,0.000328641301448,1.280201745220653e-32,0.003587945972060025,30
nguyen1,200,100,std_b,149,0.000328641301448,1.280201745220653e-32,0.003587945972060025,30
nguyen1,200,100,std_b,150,0.000328641301448,1.280201745220653e-32,0.003587945972060025,30
nguyen1,200,100,std_b,151,0.000328641301448,1.280201745220653e-32,0.003587945972060025,30
nguyen1,200,100,std_b,152,0.000328641301448,1.280201745220653e-32,0.003587945972060025,30
nguyen1,200,100,std_b,153,0.000328641301448,1.280201745220653e-32,0.003587945972060025,30
nguyen1,200,100,std_b,154,0.000328641301448,1.280201745220653e-32,0.003587945972060025,30
nguyen1,200,100,std_b,155,0.000328641301448,1.280201745220653e-32,0.003587945972060025,30
nguyen1,200,100,std_b,156,0.000328641301448,1.280201745220653e-32,0.003587945972060025,30
nguyen1,200,100,std_b,157,0.000328641301448,1.280201745220653e-32,0.003587945972060025,30
nguyen1,200,100,std_b,158,0.000328641301448,1.280201745220653e-32,0.003587945972060025,30
nguyen1,200,100,std_b,159,0.000328641301448,1.280201745220653e-32,0.003587945972060025,30
nguyen1,200,100,std_b,160,0.000328641301448,1.280201745220653e-32,0.003587945972060025,30
nguyen1,200,100,std_b,161,0.000328641301448,1.280201745220653e-32,0.003587945972060025,30
nguyen1,200,100,std_b,162,0.000328641301448,1.280201745220653e-32,0.003587945972060025,30
nguyen1,200,100,std_b,163,0.000328641301448,1.280201745220653e-32,0.003587945972060025,30
nguyen1,200,100,std_b,164,0.000328641301448,1.280201745220653e-32,0.003587945972060025,30
nguyen1,200,100,std_b,165,0.000328641301448,1.280201745220653e-32,0.003587945972060025,30
nguyen1,200,100,std_b,166,0.000328641301448,1.280201745220653e-32,0.003587945972060025,30
nguyen1,200,100,std_b,167,0.000328641301448,1.280201745220653e-32,0.003587945972060025,30
nguyen1,200,100,std_b,168,0.000328641301448,1.280201745220653e-32,0.003587945972060025,30
nguyen1,200,100,std_b,169,0.000328641301448,1.280201745220653e-32,0.003587945972060025,30
nguyen1,200,100,std_b,170,0.000328641301448,1.280201745220653e-32,0.003587945972060025,30
nguyen1,200,100,std_b,171,0.000328641301448,1.280201745220653e-32,0.003587945972060025,30
nguyen1,200,100,std_b,172,0.000328641301448,1.280201745220653e-32,0.003587945972060025,30
nguyen1,200,100,std_b,173,0.000328641301448,1.280201745220653e-32,0.003587945972060025,30
nguyen1,200,100,std_b,174,0.000328641301448,1.280201745220653e-32,0.003587945972060025,30
nguyen1,200,100,std_b,175,0.000328641301448,1.280201745220653e-32,0.003587945972060025,30
nguyen1,200,100,std_b,176,0.000328641301448,1.280201745220653e-32,0.003587945972060025,30
nguyen1,200,100,std_b,177,0.000328641301448,1.280201745220653e-32,0.003587945972060025,30
nguyen1,200,100,std_b,178,0.000328641301448,1.280201745220653e-32,0.003587945972060025,30
nguyen1,200,100,std_b,179,0.000328641301448,1.280201745220653e-32,0.003587945972060025,30
nguyen1,200,100,std_b,180,0.000328641301448,1.280201745220653e-32,0.003587945972060025,30
nguyen1,200,100,std_b,181,0.000328641301448,1.280201745220653e-32,0.003587945972060025,30
nguyen1,200,100,std_b,182,0.000328641301448,1.280201745220653e-32,0.003587945972060025,30
nguyen1,200,100,std_b,183,0.000328641301448,1.280201745220653e-32,0.003587945972060025,30
nguyen1,200,100,std_b,184,0.000328641301448,1.280201745220653e-32,0.003587945972060025,30
nguyen1,200,100,std_b,185,0.000328641301448,1.280201745220653e-32,0.003587945972060025,30
nguyen1,200,100,std_b,186,0.000328641301448,1.280201745220653e-32,0.003587945972060025,30
nguyen1,200,100,std_b,187,0.000328641301448,1.280201745220653e-32,0.003587945972060025,30
nguyen1,200,100,std_b,188,0.000328641301448,1.280201745220653e-32,0.003587945972060025,30
nguyen1,200,100,std_b,189,0.000328641301448,1.280201745220653e-32,0.003587945972060025,30
nguyen1,200,100,std_b,190,0.000328641301448,1.280201745220653e-32,0.003587945972060025,30
nguyen1,200,100,std_b,191,0.000328641301448,1.280201745220653e-32,0.003587945972060025,30
nguyen1,200,100,std_b,192,0.000328641301448,1.280201745220653e-32,0.003587945972060025,30
nguyen1,200,100,std_b,193,0.000328641301448,1.280201745220653e-32,0.003587945972060025,30
nguyen1,200,100,std_b,194,0.000328641301448,1.280201745220653e-32,0.003587945972060025,30
nguyen1,200,100,std_b,195,0.000328641301448,1.280201745220653e-32,0.003587945972060025,30
nguyen1,200,100,std_b,196,0.000328641301448,1.280201745220653e-32,0.003587945972060025,30
nguyen1,200,100,std_b,197,0.000328641301448,1.280201745220653e-32,0.003587945972060025,30
nguyen1,200,100,std_b,198,0.000328641301448,1.280201745220653e-32,0.003587945972060025,30
nguyen1,200,100,std_b,199,0.000328641301448,1.280201745220653e-32,0.003587945972060025,30
nguyen1,200,100,eml_b,0,0.4344629192777642,0.4344629192777642,0.4344629192777642,30
nguyen1,200,100,eml_b,1,0.4344629192777642,0.4038487017442206,0.4344629192777642,30
nguyen1,200,100,eml_b,2,0.4344629192777642,0.1833042495395158,0.4344629192777642,30
nguyen1,200,100,eml_b,3,0.38357135087660565,0.1808756713691979,0.4344629192777642,30
nguyen1,200,100,eml_b,4,0.25169604571954307,0.1576421053577918,0.4344629192777642,30
nguyen1,200,100,eml_b,5,0.1833042495395158,0.12999544445525568,0.4344629192777642,30
nguyen1,200,100,eml_b,6,0.17803804150685093,0.11359541885275902,0.4344629192777642,30
nguyen1,200,100,eml_b,7,0.1773152099525102,0.107358709839623,0.4344629192777642,30
nguyen1,200,100,eml_b,8,0.16499720035100807,0.08452858836158145,0.4208804670466042,30
nguyen1,200,100,eml_b,9,0.15317091188101079,0.08452858836158145,0.29054522302547714,30
nguyen1,200,100,eml_b,10,0.15317091188101079,0.08452858836158145,0.2584671408490221,30
nguyen1,200,100,eml_b,11,0.13711282747640596,0.08388861133361405,0.22791784785160887,30
nguyen1,200,100,eml_b,12,0.1196636271829824,0.08119926772990763,0.22791784785160887,30
nguyen1,200,100,eml_b,13,0.10696574609244115,0.07276157432781488,0.1578677474014411,30
nguyen1,200,100,eml_b,14,0.10239621035445814,0.06835384150952445,0.1552089112534664,30
nguyen1,200,100,eml_b,15,0.09056483991789635,0.0676664194156428,0.15363687442735208,30
nguyen1,200,100,eml_b,16,0.0859367424465799,0.0676664194156428,0.14851503488309137,30
nguyen1,200,100,eml_b,17,0.07990925175655725,0.06468176268605333,0.14851503488309137,30
nguyen1,200,100,eml_b,18,0.07640210139460235,0.0588567524426137,0.13719864584297262,30
nguyen1,200,100,eml_b,19,0.07640210139460235,0.04836178885192905,0.13664337201336027,30
nguyen1,200,100,eml_b,20,0.0712661398515228,0.04525004016296457,0.12938599133236195,30
nguyen1,200,100,eml_b,21,0.0712661398515228,0.04525004016296457,0.1279984151315434,30
nguyen1,200,100,eml_b,22,0.0712661398515228,0.04376690264722615,0.0976954944675046,30
nguyen1,200,100,eml_b,23,0.0676664194156428,0.04208513901450873,0.0976954944675046,30
nguyen1,200,100,eml_b,24,0.0676664194156428,0.03683801152756748,0.0976954944675046,30
nguyen1,200,100,eml_b,25,0.06336052491134014,0.034297620581795675,0.0976954944675046,30
nguyen1,200,100,eml_b,26,0.057464393164386396,0.03390537456080945,0.09429753863065778,30
nguyen1,200,100,eml_b,27,0.057464393164386396,0.0330076126459022,0.091612320475842,30
nguyen1,200,100,eml_b,28,0.057464393164386396,0.0330076126459022,0.0877587551536998,30
nguyen1,200,100,eml_b,29,0.057464393164386396,0.0330076126459022,0.0786584375138917,30
nguyen1,200,100,eml_b,30,0.0574211180156329,0.032752436901618574,0.07838548036006773,30
nguyen1,200,100,eml_b,31,0.0574211180156329,0.032752436901618574,0.07838548036006773,30
nguyen1,200,100,eml_b,32,0.0574211180156329,0.0314738949985433,0.07838548036006773,30
nguyen1,200,100,eml_b,33,0.056568896592083,0.0314738949985433,0.07614235457679265,30
nguyen1,200,100,eml_b,34,0.0555924010952802,0.031301365122927124,0.07614235457679265,30
nguyen1,200,100,eml_b,35,0.0555924010952802,0.030990446440634076,0.0722154428117916,30
nguyen1,200,100,eml_b,36,0.0555924010952802,0.030158677394368977,0.0722154428117916,30
nguyen1,200,100,eml_b,37,0.0534419612760595,0.030158677394368977,0.0722154428117916,30
nguyen1,200,100,eml_b,38,0.0534419612760595,0.029248306704258924,0.0722154428117916,30
nguyen1,200,100,eml_b,39,0.04952092606780105,0.02922586142455455,0.0676664194156428,30
nguyen1,200,100,eml_b,40,0.04952092606780105,0.02922586142455455,0.0676664194156428,30
nguyen1,200,100,eml_b,41,0.04776453945402405,0.02883125528648045,0.0676664194156428,30
nguyen1,200,100,eml_b,42,0.04776453295699455,0.02883125528648045,0.0676664194156428,30
nguyen1,200,100,eml_b,43,0.0471562700682851,0.02883125528648045,0.0676664194156428,30
nguyen1,200,100,eml_b,44,0.0471562700682851,0.028382834237615374,0.0676664194156428,30
nguyen1,200,100,eml_b,45,0.0471562700682851,0.028382834237615374,0.0676664194156428,30
nguyen1,200,100,eml_b,46,0.046780215412494955,0.02837142500835125,0.0676664194156428,30
nguyen1,200,100,eml_b,47,0.046780215412494955,0.0278550831006453,0.0676664194156428,30
nguyen1,200,100,eml_b,48,0.046780215412494955,0.0278550831006453,0.0676664194156428,30
nguyen1,200,100,eml_b,49,0.04632023167739275,0.0278550831006453,0.0676664194156428,30
nguyen1,200,100,eml_b,50,0.04632023167739275,0.02702830811307405,0.0676664194156428,30
nguyen1,200,100,eml_b,51,0.04632023167739275,0.02702830811307405,0.0676664194156428,30
nguyen1,200,100,eml_b,52,0.04632023167739275,0.02702830811307405,0.0676664194156428,30
nguyen1,200,100,eml_b,53,0.04632023167739275,0.02702830811307405,0.0676664194156428,30
nguyen1,200,100,eml_b,54,0.04632023167739275,0.02702830811307405,0.0676664194156428,30
nguyen1,200,100,eml_b,55,0.04632023167739275,0.02702830811307405,0.0676664194156428,30
nguyen1,200,100,eml_b,56,0.04022760928389865,0.01906809593572025,0.0663768222660022,30
nguyen1,200,100,eml_b,57,0.04022760928389865,0.01906809593572025,0.0663768222660022,30
nguyen1,200,100,eml_b,58,0.04022760928389865,0.0166168166852927,0.06583007168943947,30
nguyen1,200,100,eml_b,59,0.04022760928389865,0.015569700334106451,0.06216226493994112,30
nguyen1,200,100,eml_b,60,0.0398135439573954,0.015523649849293676,0.06216226493994112,30
nguyen1,200,100,eml_b,61,0.0398135439573954,0.015523649849293676,0.06216226493994112,30
nguyen1,200,100,eml_b,62,0.0398135439573954,0.015523649849293676,0.06216226493994112,30
nguyen1,200,100,eml_b,63,0.0398135439573954,0.015523649849293676,0.06216226493994112,30
nguyen1,200,100,eml_b,64,0.03763058436165135,0.015523649849293676,0.06216226493994112,30
nguyen1,200,100,eml_b,65,0.03763058436165135,0.015418905149032701,0.06094997633876937,30
nguyen1,200,100,eml_b,66,0.03763058436165135,0.015418905149032701,0.0562512375973269,30
nguyen1,200,100,eml_b,67,0.03763058436165135,0.015418905149032701,0.0562512375973269,30
nguyen1,200,100,eml_b,68,0.03763058436165135,0.015418905149032701,0.0562512375973269,30
nguyen1,200,100,eml_b,69,0.03763058436165135,0.015418905149032701,0.0562512375973269,30
nguyen1,200,100,eml_b,70,0.03763058436165135,0.015418905149032701,0.0562512375973269,30
nguyen1,200,100,eml_b,71,0.0361354493765131,0.015418905149032701,0.0562512375973269,30
nguyen1,200,100,eml_b,72,0.0361354493765131,0.015418905149032701,0.0562512375973269,30
nguyen1,200,100,eml_b,73,0.0361354493765131,0.015418905149032701,0.0562512375973269,30
nguyen1,200,100,eml_b,74,0.0353602259971467,0.015418905149032701,0.0562512375973269,30
nguyen1,200,100,eml_b,75,0.0353602259971467,0.015251111699194351,0.0562512375973269,30
nguyen1,200,100,eml_b,76,0.03495952043080435,0.015251111699194351,0.0562512375973269,30
nguyen1,200,100,eml_b,77,0.031005361895769502,0.015251111699194351,0.0562512375973269,30
nguyen1,200,100,eml_b,78,0.031005361895769502,0.015251111699194351,0.0562512375973269,30
nguyen1,200,100,eml_b,79,0.031005361895769502,0.015251111699194351,0.0562512375973269,30
nguyen1,200,100,eml_b,80,0.031005361895769502,0.015251111699194351,0.0562512375973269,30
nguyen1,200,100,eml_b,81,0.031005361895769502,0.015251111699194351,0.0562512375973269,30
nguyen1,200,100,eml_b,82,0.031005361895769502,0.0141521642351682,0.0562512375973269,30
nguyen1,200,100,eml_b,83,0.030738467449727497,0.0141521642351682,0.0562512375973269,30
nguyen1,200,100,eml_b,84,0.0282300451499821,0.0141521642351682,0.0562512375973269,30
nguyen1,200,100,eml_b,85,0.0282300451499821,0.0141521642351682,0.0562512375973269,30
nguyen1,200,100,eml_b,86,0.0282300451499821,0.0141521642351682,0.0562512375973269,30
nguyen1,200,100,eml_b,87,0.0282300451499821,0.0141521642351682,0.0562512375973269,30
nguyen1,200,100,eml_b,88,0.0282300451499821,0.0141521642351682,0.0562512375973269,30
nguyen1,200,100,eml_b,89,0.0282300451499821,0.0139584769944313,0.0562512375973269,30
nguyen1,200,100,eml_b,90,0.0282300451499821,0.0139584769944313,0.0562512375973269,30
nguyen1,200,100,eml_b,91,0.0282300451499821,0.0136098593751357,0.0562512375973269,30
nguyen1,200,100,eml_b,92,0.0282300451499821,0.0136098593751357,0.0562512375973269,30
nguyen1,200,100,eml_b,93,0.0282300451499821,0.0136098593751357,0.0562512375973269,30
nguyen1,200,100,eml_b,94,0.0282300451499821,0.013487681633941125,0.0562512375973269,30
nguyen1,200,100,eml_b,95,0.0282300451499821,0.013451488392314024,0.054808776887389776,30
nguyen1,200,100,eml_b,96,0.0282300451499821,0.013451374594539076,0.0542954826196932,30
nguyen1,200,100,eml_b,97,0.026117520237987052,0.013299192137201325,0.0542954826196932,30
nguyen1,200,100,eml_b,98,0.026117520237987052,0.013299192137201325,0.0542954826196932,30
nguyen1,200,100,eml_b,99,0.026117520237987052,0.013299192137201325,0.0542954826196932,30
nguyen1,200,100,eml_b,100,0.026117520237987052,0.013299192137201325,0.0542954826196932,30
nguyen1,200,100,eml_b,101,0.026117520237987052,0.013299192137201325,0.0542954826196932,30
nguyen1,200,100,eml_b,102,0.026117520237987052,0.013299192137201325,0.0542954826196932,30
nguyen1,200,100,eml_b,103,0.026117520237987052,0.013299192137201325,0.0542954826196932,30
nguyen1,200,100,eml_b,104,0.026117520237987052,0.013299192137201325,0.0542954826196932,30
nguyen1,200,100,eml_b,105,0.026117520237987052,0.013299192137201325,0.0542954826196932,30
nguyen1,200,100,eml_b,106,0.026117520237987052,0.0132917901062394,0.0542954826196932,30
nguyen1,200,100,eml_b,107,0.026117520237987052,0.0132917901062394,0.0542954826196932,30
nguyen1,200,100,eml_b,108,0.026117520237987052,0.0132917901062394,0.0542954826196932,30
nguyen1,200,100,eml_b,109,0.026117520237987052,0.0132917901062394,0.0542954826196932,30
nguyen1,200,100,eml_b,110,0.026117520237987052,0.0132917901062394,0.0542954826196932,30
nguyen1,200,100,eml_b,111,0.02582699636876045,0.0132917901062394,0.0542954826196932,30
nguyen1,200,100,eml_b,112,0.02582699636876045,0.0132917901062394,0.0542954826196932,30
nguyen1,200,100,eml_b,113,0.02582699636876045,0.01298845040480685,0.0542954826196932,30
nguyen1,200,100,eml_b,114,0.02582699636876045,0.01298845040480685,0.0542954826196932,30
nguyen1,200,100,eml_b,115,0.02582699636876045,0.01298845040480685,0.0542954826196932,30
nguyen1,200,100,eml_b,116,0.02582699636876045,0.01298845040480685,0.0542954826196932,30
nguyen1,200,100,eml_b,117,0.02582699636876045,0.01298845040480685,0.0542954826196932,30
nguyen1,200,100,eml_b,118,0.02582699636876045,0.01298845040480685,0.0542954826196932,30
nguyen1,200,100,eml_b,119,0.02582699636876045,0.01298845040480685,0.0542954826196932,30
nguyen1,200,100,eml_b,120,0.02580883472806945,0.01298845040480685,0.0542954826196932,30
nguyen1,200,100,eml_b,121,0.02570351038839765,0.012096768544210275,0.0542954826196932,30
nguyen1,200,100,eml_b,122,0.02570351038839765,0.012096768544210275,0.0542954826196932,30
nguyen1,200,100,eml_b,123,0.02570351038839765,0.012096768544210275,0.0542954826196932,30
nguyen1,200,100,eml_b,124,0.02570351038839765,0.012096768544210275,0.0542954826196932,30
nguyen1,200,100,eml_b,125,0.02570351038839765,0.012096768544210275,0.0542954826196932,30
nguyen1,200,100,eml_b,126,0.02570351038839765,0.012096768544210275,0.0542954826196932,30
nguyen1,200,100,eml_b,127,0.02570351038839765,0.012096768544210275,0.0542954826196932,30
nguyen1,200,100,eml_b,128,0.02570351038839765,0.012096768544210275,0.0542954826196932,30
nguyen1,200,100,eml_b,129,0.02570351038839765,0.012096768544210275,0.0542954826196932,30
nguyen1,200,100,eml_b,130,0.02570351038839765,0.0097086844748502,0.0542954826196932,30
nguyen1,200,100,eml_b,131,0.02570351038839765,0.0097086844748502,0.0542954826196932,30
nguyen1,200,100,eml_b,132,0.02570351038839765,0.0097086844748502,0.0542954826196932,30
nguyen1,200,100,eml_b,133,0.02570351038839765,0.0097086844748502,0.0542954826196932,30
nguyen1,200,100,eml_b,134,0.02570351038839765,0.0097086844748502,0.0542954826196932,30
nguyen1,200,100,eml_b,135,0.02570351038839765,0.0097086844748502,0.0542954826196932,30
nguyen1,200,100,eml_b,136,0.0246022802907921,0.0097086844748502,0.0542954826196932,30
nguyen1,200,100,eml_b,137,0.0246022802907921,0.0097086844748502,0.0542954826196932,30
nguyen1,200,100,eml_b,138,0.0246022802907921,0.0097086844748502,0.0542954826196932,30
nguyen1,200,100,eml_b,139,0.0246022802907921,0.0097086844748502,0.0542954826196932,30
nguyen1,200,100,eml_b,140,0.0246022802907921,0.0097086844748502,0.0542954826196932,30
nguyen1,200,100,eml_b,141,0.0246022802907921,0.0097086844748502,0.0542954826196932,30
nguyen1,200,100,eml_b,142,0.0246022802907921,0.0097086844748502,0.0542954826196932,30
nguyen1,200,100,eml_b,143,0.0246022802907921,0.0097086844748502,0.0542954826196932,30
nguyen1,200,100,eml_b,144,0.0246022802907921,0.009488228359302225,0.0542954826196932,30
nguyen1,200,100,eml_b,145,0.0246022802907921,0.009488228359302225,0.0542954826196932,30
nguyen1,200,100,eml_b,146,0.0246022802907921,0.009488228359302225,0.0542954826196932,30
nguyen1,200,100,eml_b,147,0.0246022802907921,0.009488228359302225,0.0542954826196932,30
nguyen1,200,100,eml_b,148,0.0246022802907921,0.009488228359302225,0.0542954826196932,30
nguyen1,200,100,eml_b,149,0.0246022802907921,0.009488228359302225,0.0542954826196932,30
nguyen1,200,100,eml_b,150,0.0246022802907921,0.009488228359302225,0.0542954826196932,30
nguyen1,200,100,eml_b,151,0.0246022802907921,0.009488228359302225,0.0542954826196932,30
nguyen1,200,100,eml_b,152,0.0246022802907921,0.009488228359302225,0.0542954826196932,30
nguyen1,200,100,eml_b,153,0.0246022802907921,0.009488228359302225,0.0542954826196932,30
nguyen1,200,100,eml_b,154,0.0246022802907921,0.009488228359302225,0.0542954826196932,30
nguyen1,200,100,eml_b,155,0.0246022802907921,0.009463206969202675,0.0542954826196932,30
nguyen1,200,100,eml_b,156,0.0246022802907921,0.009463206969202675,0.0542954826196932,30
nguyen1,200,100,eml_b,157,0.0246022802907921,0.009463206969202675,0.0542954826196932,30
nguyen1,200,100,eml_b,158,0.0246022802907921,0.009463206969202675,0.0542954826196932,30
nguyen1,200,100,eml_b,159,0.0246022802907921,0.009463206969202675,0.0542954826196932,30
nguyen1,200,100,eml_b,160,0.0246022802907921,0.009463206969202675,0.0472958477822259,30
nguyen1,200,100,eml_b,161,0.0246022802907921,0.009463206969202675,0.0472958477822259,30
nguyen1,200,100,eml_b,162,0.0246022802907921,0.009463206969202675,0.0472958477822259,30
nguyen1,200,100,eml_b,163,0.0246022802907921,0.009463206969202675,0.0472958477822259,30
nguyen1,200,100,eml_b,164,0.0246022802907921,0.009463206969202675,0.0472958477822259,30
nguyen1,200,100,eml_b,165,0.0246022802907921,0.009463206969202675,0.0472958477822259,30
nguyen1,200,100,eml_b,166,0.0246022802907921,0.009463206969202675,0.0472958477822259,30
nguyen1,200,100,eml_b,167,0.0246022802907921,0.009463206969202675,0.0472958477822259,30
nguyen1,200,100,eml_b,168,0.0246022802907921,0.009463206969202675,0.0472958477822259,30
nguyen1,200,100,eml_b,169,0.022740749878597748,0.009463206969202675,0.0472958477822259,30
nguyen1,200,100,eml_b,170,0.022740749878597748,0.009463206969202675,0.0472958477822259,30
nguyen1,200,100,eml_b,171,0.022740749878597748,0.009463206969202675,0.0472958477822259,30
nguyen1,200,100,eml_b,172,0.022740749878597748,0.009463206969202675,0.0472958477822259,30
nguyen1,200,100,eml_b,173,0.022740749878597748,0.009463206969202675,0.0472958477822259,30
nguyen1,200,100,eml_b,174,0.022740749878597748,0.009463206969202675,0.0472958477822259,30
nguyen1,200,100,eml_b,175,0.022740749878597748,0.009463206969202675,0.0472958477822259,30
nguyen1,200,100,eml_b,176,0.022740749878597748,0.009463206969202675,0.0472958477822259,30
nguyen1,200,100,eml_b,177,0.022740749878597748,0.009463206969202675,0.0472958477822259,30
nguyen1,200,100,eml_b,178,0.022740749878597748,0.009463206969202675,0.04380321219657502,30
nguyen1,200,100,eml_b,179,0.022740749878597748,0.009463206969202675,0.04380321219657502,30
nguyen1,200,100,eml_b,180,0.0186119316751639,0.00935323937282075,0.04380321219657502,30
nguyen1,200,100,eml_b,181,0.014824789547308401,0.00935323937282075,0.04174367992065525,30
nguyen1,200,100,eml_b,182,0.014824789547308401,0.00935323937282075,0.04174367992065525,30
nguyen1,200,100,eml_b,183,0.014824789547308401,0.00935323937282075,0.04174367992065525,30
nguyen1,200,100,eml_b,184,0.014824789547308401,0.0086961961979768,0.04174367992065525,30
nguyen1,200,100,eml_b,185,0.014824789547308401,0.0086961961979768,0.04174367992065525,30
nguyen1,200,100,eml_b,186,0.014824789547308401,0.0086961961979768,0.04174367992065525,30
nguyen1,200,100,eml_b,187,0.014824789547308401,0.0086961961979768,0.04174367992065525,30
nguyen1,200,100,eml_b,188,0.0146555034625785,0.0086961961979768,0.04174367992065525,30
nguyen1,200,100,eml_b,189,0.0146555034625785,0.0086961961979768,0.04174367992065525,30
nguyen1,200,100,eml_b,190,0.0146555034625785,0.00862075090980995,0.0412687275717466,30
nguyen1,200,100,eml_b,191,0.0146555034625785,0.00862075090980995,0.0412687275717466,30
nguyen1,200,100,eml_b,192,0.0146555034625785,0.00862075090980995,0.0412687275717466,30
nguyen1,200,100,eml_b,193,0.0146555034625785,0.00862075090980995,0.0412687275717466,30
nguyen1,200,100,eml_b,194,0.0146555034625785,0.00862075090980995,0.0412687275717466,30
nguyen1,200,100,eml_b,195,0.0146555034625785,0.00862075090980995,0.0412687275717466,30
nguyen1,200,100,eml_b,196,0.0146555034625785,0.00862075090980995,0.0412687275717466,30
nguyen1,200,100,eml_b,197,0.0146555034625785,0.00862075090980995,0.0412687275717466,30
nguyen1,200,100,eml_b,198,0.0146555034625785,0.00862075090980995,0.0412687275717466,30
nguyen1,200,100,eml_b,199,0.0146555034625785,0.00862075090980995,0.035227065478354205,30
nguyen7,200,100,std_a,0,0.1937218308540512,0.1160626016436404,0.1937218308540512,22
nguyen7,200,100,std_a,1,0.1688524263405442,0.09021794878116986,0.1937218308540512,22
nguyen7,200,100,std_a,2,0.0986847407913214,0.06156908298605347,0.1901516352770693,22
nguyen7,200,100,std_a,3,0.09093516972786506,0.06156908298605347,0.0986847407913215,22
nguyen7,200,100,std_a,4,0.09093516972786506,0.06156908298605347,0.0986847407913215,22
nguyen7,200,100,std_a,5,0.07229181528669634,0.040374132293357325,0.09868474079132147,22
nguyen7,200,100,std_a,6,0.058178419230577,0.01193843958120205,0.0986847407913214,22
nguyen7,200,100,std_a,7,0.054245531710057554,0.0056757456373210495,0.0986847407913214,22
nguyen7,200,100,std_a,8,0.035287943883199696,0.001980730571152375,0.0986847407913214,22
nguyen7,200,100,std_a,9,0.0167283660404664,0.00157982741341165,0.09699304975086376,22
nguyen7,200,100,std_a,10,0.010696662611738999,0.001423284982287425,0.09699304975086376,22
nguyen7,200,100,std_a,11,0.0078026805334076,0.001423284982287425,0.08908631724582075,22
nguyen7,200,100,std_a,12,0.00682470935548175,0.001423284982287425,0.08908631724582075,22
nguyen7,200,100,std_a,13,0.00654323934205735,0.001423284982287425,0.0776865257631387,22
nguyen7,200,100,std_a,14,0.00531581294565705,0.0013757344875985,0.06391970458362235,22
nguyen7,200,100,std_a,15,0.00481747782034565,0.0013757344875985,0.06387864613436152,22
nguyen7,200,100,std_a,16,0.0022638144138710002,0.0013757344875985,0.041945000114188204,22
nguyen7,200,100,std_a,17,0.0019431589113117,0.0013757344875985,0.018568129547688224,22
nguyen7,200,100,std_a,18,0.00188565945678225,0.0013757344875985,0.018568129547688224,22
nguyen7,200,100,std_a,19,0.00163477600541605,0.001149818289491125,0.018568129547688224,22
nguyen7,200,100,std_a,20,0.00163477600541605,0.001149818289491125,0.014550032608542674,22
nguyen7,200,100,std_a,21,0.0014287919023999,0.0011374207562329752,0.014550032608542674,22
nguyen7,200,100,std_a,22,0.0014287919023999,0.0009069560134533001,0.011526556864796174,22
nguyen7,200,100,std_a,23,0.0014287919023999,0.000883027656258675,0.011526556864796174,22
nguyen7,200,100,std_a,24,0.0014287919023999,0.000771652660464825,0.011526556864796174,22
nguyen7,200,100,std_a,25,0.0013757344875985,0.000322331023889175,0.00714753078224205,22
nguyen7,200,100,std_a,26,0.0013757344875985,0.00031833006504615,0.00714228541804635,22
nguyen7,200,100,std_a,27,0.0013757344875985,0.00028096148333295,0.007101662555604125,22
nguyen7,200,100,std_a,28,0.0013757344875985,0.0002673238629583,0.007101662555604125,22
nguyen7,200,100,std_a,29,0.0013757344875985,0.0002553878683203,0.007101662555604125,22
nguyen7,200,100,std_a,30,0.0013757344875985,0.000254869600623975,0.007101662555604125,22
nguyen7,200,100,std_a,31,0.0013757344875985,0.000236344058135525,0.007101662555604125,22
nguyen7,200,100,std_a,32,0.0013757344875985,0.000236344058135525,0.007101371820971675,22
nguyen7,200,100,std_a,33,0.0013757344875985,0.000236344058135525,0.007101371820971675,22
nguyen7,200,100,std_a,34,0.0013757344875985,0.000236344058135525,0.007097512539186225,22
nguyen7,200,100,std_a,35,0.0013757344875985,0.00023330801359935,0.007097512539186225,22
nguyen7,200,100,std_a,36,0.0013757344875985,0.00023330801359935,0.007097512539186225,22
nguyen7,200,100,std_a,37,0.0013757344875985,0.00023330801359935,0.0070620747611772495,22
nguyen7,200,100,std_a,38,0.0013757344875985,0.00023330801359935,0.0070620747611772495,22
nguyen7,200,100,std_a,39,0.0013757344875985,0.00023330801359935,0.006925552880672075,22
nguyen7,200,100,std_a,40,0.0013757344875985,0.000221120283586175,0.006925552880672075,22
nguyen7,200,100,std_a,41,0.0013757344875985,0.000221120283586175,0.006925552880672075,22
nguyen7,200,100,std_a,42,0.0013757344875985,0.000221120283586175,0.006925552880672075,22
nguyen7,200,100,std_a,43,0.0013757344875985,0.000221120283586175,0.006920676475854225,22
nguyen7,200,100,std_a,44,0.0013757344875985,0.000221120283586175,0.0068873400628662,22
nguyen7,200,100,std_a,45,0.0013757344875985,0.000221120283586175,0.0068873400628662,22
nguyen7,200,100,std_a,46,0.0013757344875985,0.000221120283586175,0.006876218056742775,22
nguyen7,200,100,std_a,47,0.0013757344875985,0.000221120283586175,0.006771318815857999,22
nguyen7,200,100,std_a,48,0.0013757344875985,0.000221120283586175,0.006771318815857999,22
nguyen7,200,100,std_a,49,0.0013757344875985,0.000221120283586175,0.006095599419167425,22
nguyen7,200,100,std_a,50,0.0013757344875985,0.000221120283586175,0.001723435555171675,22
nguyen7,200,100,std_a,51,0.00136946626198775,0.000221120283586175,0.001723435555171675,22
nguyen7,200,100,std_a,52,0.0013636912725200501,0.000221120283586175,0.001723435555171675,22
nguyen7,200,100,std_a,53,0.0013335247348280998,0.000221120283586175,0.001723435555171675,22
nguyen7,200,100,std_a,54,0.0013335247348280998,0.000221120283586175,0.001723435555171675,22
nguyen7,200,100,std_a,55,0.001320329894391,0.000221120283586175,0.0015732263925586749,22
nguyen7,200,100,std_a,56,0.0009170142082863,0.000221120283586175,0.0015732263925586749,22
nguyen7,200,100,std_a,57,0.0009170142082863,0.000221120283586175,0.0015732263925586749,22
nguyen7,200,100,std_a,58,0.0009170142082863,0.000221120283586175,0.0015732263925586749,22
nguyen7,200,100,std_a,59,0.0009170142082863,0.000221120283586175,0.0015732263925586749,22
nguyen7,200,100,std_a,60,0.0009170142082863,0.000221120283586175,0.0015732263925586749,22
nguyen7,200,100,std_a,61,0.0009170142082863,0.000221120283586175,0.0015732263925586749,22
nguyen7,200,100,std_a,62,0.0009170142082863,0.000221120283586175,0.0015732263925586749,22
nguyen7,200,100,std_a,63,0.0009170142082863,0.000221120283586175,0.0015732263925586749,22
nguyen7,200,100,std_a,64,0.0009170142082863,0.000221120283586175,0.0015732263925586749,22
nguyen7,200,100,std_a,65,0.0009170142082863,0.000221120283586175,0.0015732263925586749,22
nguyen7,200,100,std_a,66,0.0009170142082863,0.000221120283586175,0.0015732263925586749,22
nguyen7,200,100,std_a,67,0.0009170142082863,0.000221120283586175,0.0015732263925586749,22
nguyen7,200,100,std_a,68,0.0009170142082863,0.000221120283586175,0.0015732263925586749,22
nguyen7,200,100,std_a,69,0.00089655186865865,0.000221120283586175,0.0015732263925586749,22
nguyen7,200,100,std_a,70,0.00089655186865865,0.000221120283586175,0.0015732263925586749,22
nguyen7,200,100,std_a,71,0.00089655186865865,0.000221120283586175,0.0015732263925586749,22
nguyen7,200,100,std_a,72,0.00089655186865865,0.000221120283586175,0.0015732263925586749,22
nguyen7,200,100,std_a,73,0.00089655186865865,0.000221120283586175,0.0015732263925586749,22
nguyen7,200,100,std_a,74,0.00089655186865865,0.000221120283586175,0.0015732263925586749,22
nguyen7,200,100,std_a,75,0.00089655186865865,0.000221120283586175,0.0015732263925586749,22
nguyen7,200,100,std_a,76,0.00089655186865865,0.000221120283586175,0.0015732263925586749,22
nguyen7,200,100,std_a,77,0.00089655186865865,0.000221120283586175,0.0015732263925586749,22
nguyen7,200,100,std_a,78,0.00089655186865865,0.000221120283586175,0.0015732263925586749,22
nguyen7,200,100,std_a,79,0.00089655186865865,0.000221120283586175,0.0015732263925586749,22
nguyen7,200,100,std_a,80,0.00089655186865865,0.000221120283586175,0.0015732263925586749,22
nguyen7,200,100,std_a,81,0.00089655186865865,0.000221120283586175,0.0015732263925586749,22
nguyen7,200,100,std_a,82,0.00089655186865865,0.000221120283586175,0.0015732263925586749,22
nguyen7,200,100,std_a,83,0.00089655186865865,0.000221120283586175,0.0015732263925586749,22
nguyen7,200,100,std_a,84,0.00089655186865865,0.000221120283586175,0.0015732263925586749,22
nguyen7,200,100,std_a,85,0.00089655186865865,0.000221120283586175,0.0015732263925586749,22
nguyen7,200,100,std_a,86,0.00089655186865865,0.000221120283586175,0.0015732263925586749,22
nguyen7,200,100,std_a,87,0.00089655186865865,0.000221120283586175,0.0015732263925586749,22
nguyen7,200,100,std_a,88,0.00089655186865865,0.000221120283586175,0.0015732263925586749,22
nguyen7,200,100,std_a,89,0.00089655186865865,0.000221120283586175,0.0015732263925586749,22
nguyen7,200,100,std_a,90,0.00089655186865865,0.000221120283586175,0.0015732263925586749,22
nguyen7,200,100,std_a,91,0.00089655186865865,0.000221120283586175,0.0015732263925586749,22
nguyen7,200,100,std_a,92,0.00089655186865865,0.000221120283586175,0.0015732263925586749,22
nguyen7,200,100,std_a,93,0.00089655186865865,0.000221120283586175,0.0015732263925586749,22
nguyen7,200,100,std_a,94,0.00089655186865865,0.000221120283586175,0.0015732263925586749,22
nguyen7,200,100,std_a,95,0.00089655186865865,0.000221120283586175,0.0015732263925586749,22
nguyen7,200,100,std_a,96,0.00089655186865865,0.000221120283586175,0.0015732263925586749,22
nguyen7,200,100,std_a,97,0.00089655186865865,0.000221120283586175,0.0015732263925586749,22
nguyen7,200,100,std_a,98,0.00089655186865865,0.000221120283586175,0.0015732263925586749,22
nguyen7,200,100,std_a,99,0.00089655186865865,0.000221120283586175,0.0015732263925586749,22
nguyen7,200,100,std_a,100,0.00089655186865865,0.000221120283586175,0.0015732263925586749,22
nguyen7,200,100,std_a,101,0.00089655186865865,0.000221120283586175,0.0015732263925586749,22
nguyen7,200,100,std_a,102,0.00089655186865865,0.000221120283586175,0.0015732263925586749,22
nguyen7,200,100,std_a,103,0.00089655186865865,0.000221120283586175,0.0015732263925586749,22
nguyen7,200,100,std_a,104,0.00089655186865865,0.000221120283586175,0.0015732263925586749,22
nguyen7,200,100,std_a,105,0.00089655186865865,0.000221120283586175,0.0015732263925586749,22
nguyen7,200,100,std_a,106,0.00089655186865865,0.000221120283586175,0.0015732263925586749,22
nguyen7,200,100,std_a,107,0.00089655186865865,0.000221120283586175,0.0015732263925586749,22
nguyen7,200,100,std_a,108,0.00089655186865865,0.000221120283586175,0.0015732263925586749,22
nguyen7,200,100,std_a,109,0.00089655186865865,0.000221120283586175,0.0015732263925586749,22
nguyen7,200,100,std_a,110,0.00089655186865865,0.000221120283586175,0.0015732263925586749,22
nguyen7,200,100,std_a,111,0.00089655186865865,0.000221120283586175,0.0015732263925586749,22
nguyen7,200,100,std_a,112,0.00089655186865865,0.000221120283586175,0.0015732263925586749,22
nguyen7,200,100,std_a,113,0.00089655186865865,0.000221120283586175,0.0015732263925586749,22
nguyen7,200,100,std_a,114,0.00089655186865865,0.000221120283586175,0.0015732263925586749,22
nguyen7,200,100,std_a,115,0.00089655186865865,0.000221120283586175,0.0015732263925586749,22
nguyen7,200,100,std_a,116,0.00089655186865865,0.000221120283586175,0.0015732263925586749,22
nguyen7,200,100,std_a,117,0.00089655186865865,0.000221120283586175,0.0015732263925586749,22
nguyen7,200,100,std_a,118,0.00089655186865865,0.000221120283586175,0.0015732263925586749,22
nguyen7,200,100,std_a,119,0.00089655186865865,0.000221120283586175,0.0015732263925586749,22
nguyen7,200,100,eml_a,0,0.1937218308540512,0.1937218308540512,0.1937218308540512,27
nguyen7,200,100,eml_a,1,0.1937218308540512,0.1937218308540512,0.1937218308540512,27
nguyen7,200,100,eml_a,2,0.1937218308540512,0.1937218308540512,0.1937218308540512,27
nguyen7,200,100,eml_a,3,0.1937218308540512,0.1937218308540512,0.1937218308540512,27
nguyen7,200,100,eml_a,4,0.1937218308540512,0.1937218308540512,0.1937218308540512,27
nguyen7,200,100,eml_a,5,0.1937218308540512,0.1937218308540512,0.1937218308540512,27
nguyen7,200,100,eml_a,6,0.1937218308540512,0.1937218308540512,0.1937218308540512,27
nguyen7,200,100,eml_a,7,0.1937218308540512,0.1937218308540512,0.1937218308540512,27
nguyen7,200,100,eml_a,8,0.1937218308540512,0.1937218308540512,0.1937218308540512,27
nguyen7,200,100,eml_a,9,0.1937218308540512,0.1937218308540512,0.1937218308540512,27
nguyen7,200,100,eml_a,10,0.1937218308540512,0.1937218308540512,0.1937218308540512,27
nguyen7,200,100,eml_a,11,0.1937218308540512,0.1937218308540512,0.1937218308540512,27
nguyen7,200,100,eml_a,12,0.1937218308540512,0.1937218308540512,0.1937218308540512,27
nguyen7,200,100,eml_a,13,0.1937218308540512,0.1937218308540512,0.1937218308540512,27
nguyen7,200,100,eml_a,14,0.1937218308540512,0.1937218308540512,0.1937218308540512,27
nguyen7,200,100,eml_a,15,0.1937218308540512,0.1937218308540512,0.1937218308540512,27
nguyen7,200,100,eml_a,16,0.1937218308540512,0.1937218308540512,0.1937218308540512,27
nguyen7,200,100,eml_a,17,0.1937218308540512,0.1937218308540512,0.1937218308540512,27
nguyen7,200,100,eml_a,18,0.1937218308540512,0.1937218308540512,0.1937218308540512,27
nguyen7,200,100,eml_a,19,0.1937218308540512,0.1937218308540512,0.1937218308540512,27
nguyen7,200,100,eml_a,20,0.1937218308540512,0.1937218308540512,0.1937218308540512,27
nguyen7,200,100,eml_a,21,0.1937218308540512,0.1937218308540512,0.1937218308540512,27
nguyen7,200,100,eml_a,22,0.1937218308540512,0.1937218308540512,0.1937218308540512,27
nguyen7,200,100,eml_a,23,0.1937218308540512,0.1937218308540512,0.1937218308540512,27
nguyen7,200,100,eml_a,24,0.1937218308540512,0.1937218308540512,0.1937218308540512,27
nguyen7,200,100,eml_a,25,0.1937218308540512,0.1937218308540512,0.1937218308540512,27
nguyen7,200,100,eml_a,26,0.1937218308540512,0.1937218308540512,0.1937218308540512,27
nguyen7,200,100,eml_a,27,0.1937218308540512,0.1937218308540512,0.1937218308540512,27
nguyen7,200,100,eml_a,28,0.1937218308540512,0.1937218308540512,0.1937218308540512,27
nguyen7,200,100,eml_a,29,0.1937218308540512,0.1937218308540512,0.1937218308540512,27
nguyen7,200,100,eml_a,30,0.1937218308540512,0.1937218308540512,0.1937218308540512,27
nguyen7,200,100,eml_a,31,0.1937218308540512,0.1937218308540512,0.1937218308540512,27
nguyen7,200,100,eml_a,32,0.1937218308540512,0.1937218308540512,0.1937218308540512,27
nguyen7,200,100,eml_a,33,0.1937218308540512,0.1937218308540512,0.1937218308540512,27
nguyen7,200,100,eml_a,34,0.1937218308540512,0.1937218308540512,0.1937218308540512,27
nguyen7,200,100,eml_a,35,0.1937218308540512,0.1937218308540512,0.1937218308540512,27
nguyen7,200,100,eml_a,36,0.1937218308540512,0.1937218308540512,0.1937218308540512,27
nguyen7,200,100,eml_a,37,0.1937218308540512,0.1937218308540512,0.1937218308540512,27
nguyen7,200,100,eml_a,38,0.1937218308540512,0.1937218308540512,0.1937218308540512,27
nguyen7,200,100,eml_a,39,0.1937218308540512,0.1937218308540512,0.1937218308540512,27
nguyen7,200,100,eml_a,40,0.1937218308540512,0.1937218308540512,0.1937218308540512,27
nguyen7,200,100,eml_a,41,0.1937218308540512,0.1937218308540512,0.1937218308540512,27
nguyen7,200,100,eml_a,42,0.1937218308540512,0.1937218308540512,0.1937218308540512,27
nguyen7,200,100,eml_a,43,0.1937218308540512,0.1937218308540512,0.1937218308540512,27
nguyen7,200,100,eml_a,44,0.1937218308540512,0.1937218308540512,0.1937218308540512,27
nguyen7,200,100,eml_a,45,0.1937218308540512,0.1937218308540512,0.1937218308540512,27
nguyen7,200,100,eml_a,46,0.1937218308540512,0.1937218308540512,0.1937218308540512,27
nguyen7,200,100,eml_a,47,0.1937218308540512,0.1937218308540512,0.1937218308540512,27
nguyen7,200,100,eml_a,48,0.1937218308540512,0.1937218308540512,0.1937218308540512,27
nguyen7,200,100,eml_a,49,0.1937218308540512,0.1937218308540512,0.1937218308540512,27
nguyen7,200,100,eml_a,50,0.1937218308540512,0.1937218308540512,0.1937218308540512,27
nguyen7,200,100,eml_a,51,0.1937218308540512,0.1937218308540512,0.1937218308540512,27
nguyen7,200,100,eml_a,52,0.1937218308540512,0.1937218308540512,0.1937218308540512,27
nguyen7,200,100,eml_a,53,0.1937218308540512,0.1937218308540512,0.1937218308540512,27
nguyen7,200,100,eml_a,54,0.1937218308540512,0.1937218308540512,0.1937218308540512,27
nguyen7,200,100,eml_a,55,0.1937218308540512,0.1937218308540512,0.1937218308540512,27
nguyen7,200,100,eml_a,56,0.1937218308540512,0.1937218308540512,0.1937218308540512,27
nguyen7,200,100,eml_a,57,0.1937218308540512,0.1937218308540512,0.1937218308540512,27
nguyen7,200,100,eml_a,58,0.1937218308540512,0.1937218308540512,0.1937218308540512,27
nguyen7,200,100,eml_a,59,0.1937218308540512,0.1937218308540512,0.1937218308540512,27
nguyen7,200,100,eml_a,60,0.1937218308540512,0.1937218308540512,0.1937218308540512,27
nguyen7,200,100,eml_a,61,0.1937218308540512,0.1937218308540512,0.1937218308540512,27
nguyen7,200,100,eml_a,62,0.1937218308540512,0.1937218308540512,0.1937218308540512,27
nguyen7,200,100,eml_a,63,0.1937218308540512,0.1937218308540512,0.1937218308540512,27
nguyen7,200,100,eml_a,64,0.1937218308540512,0.1937218308540512,0.1937218308540512,27
nguyen7,200,100,eml_a,65,0.1937218308540512,0.1937218308540512,0.1937218308540512,27
nguyen7,200,100,eml_a,66,0.1937218308540512,0.1937218308540512,0.1937218308540512,27
nguyen7,200,100,eml_a,67,0.1937218308540512,0.1937218308540512,0.1937218308540512,27
nguyen7,200,100,eml_a,68,0.1937218308540512,0.1937218308540512,0.1937218308540512,27
nguyen7,200,100,eml_a,69,0.1937218308540512,0.1937218308540512,0.1937218308540512,27
nguyen7,200,100,eml_a,70,0.1937218308540512,0.1937218308540512,0.1937218308540512,27
nguyen7,200,100,eml_a,71,0.1937218308540512,0.1937218308540512,0.1937218308540512,27
nguyen7,200,100,eml_a,72,0.1937218308540512,0.1937218308540512,0.1937218308540512,27
nguyen7,200,100,eml_a,73,0.1937218308540512,0.1937218308540512,0.1937218308540512,27
nguyen7,200,100,eml_a,74,0.1937218308540512,0.1937218308540512,0.1937218308540512,27
nguyen7,200,100,eml_a,75,0.1937218308540512,0.1937218308540512,0.1937218308540512,27
nguyen7,200,100,eml_a,76,0.1937218308540512,0.1937218308540512,0.1937218308540512,27
nguyen7,200,100,eml_a,77,0.1937218308540512,0.1937218308540512,0.1937218308540512,27
nguyen7,200,100,eml_a,78,0.1937218308540512,0.1937218308540512,0.1937218308540512,27
nguyen7,200,100,eml_a,79,0.1937218308540512,0.1937218308540512,0.1937218308540512,27
nguyen7,200,100,eml_a,80,0.1937218308540512,0.1937218308540512,0.1937218308540512,27
nguyen7,200,100,eml_a,81,0.1937218308540512,0.1937218308540512,0.1937218308540512,27
nguyen7,200,100,eml_a,82,0.1937218308540512,0.1937218308540512,0.1937218308540512,27
nguyen7,200,100,eml_a,83,0.1937218308540512,0.1937218308540512,0.1937218308540512,27
nguyen7,200,100,eml_a,84,0.1937218308540512,0.1937218308540512,0.1937218308540512,27
nguyen7,200,100,eml_a,85,0.1937218308540512,0.1937218308540512,0.1937218308540512,27
nguyen7,200,100,eml_a,86,0.1937218308540512,0.1937218308540512,0.1937218308540512,27
nguyen7,200,100,eml_a,87,0.1937218308540512,0.1937218308540512,0.1937218308540512,27
nguyen7,200,100,eml_a,88,0.1937218308540512,0.1937218308540512,0.1937218308540512,27
nguyen7,200,100,eml_a,89,0.1937218308540512,0.1937218308540512,0.1937218308540512,27
nguyen7,200,100,eml_a,90,0.1937218308540512,0.1937218308540512,0.1937218308540512,27
nguyen7,200,100,eml_a,91,0.1937218308540512,0.1937218308540512,0.1937218308540512,27
nguyen7,200,100,eml_a,92,0.1937218308540512,0.1937218308540512,0.1937218308540512,27
nguyen7,200,100,eml_a,93,0.1937218308540512,0.1937218308540512,0.1937218308540512,27
nguyen7,200,100,eml_a,94,0.1937218308540512,0.1937218308540512,0.1937218308540512,27
nguyen7,200,100,eml_a,95,0.1937218308540512,0.1937218308540512,0.1937218308540512,27
nguyen7,200,100,eml_a,96,0.1937218308540512,0.1937218308540512,0.1937218308540512,27
nguyen7,200,100,eml_a,97,0.1937218308540512,0.1937218308540512,0.1937218308540512,27
nguyen7,200,100,eml_a,98,0.1937218308540512,0.1937218308540512,0.1937218308540512,27
nguyen7,200,100,eml_a,99,0.1937218308540512,0.1937218308540512,0.1937218308540512,27
nguyen7,200,100,eml_a,100,0.1937218308540512,0.1937218308540512,0.1937218308540512,27
nguyen7,200,100,eml_a,101,0.1937218308540512,0.1937218308540512,0.1937218308540512,27
nguyen7,200,100,eml_a,102,0.1937218308540512,0.1937218308540512,0.1937218308540512,27
nguyen7,200,100,eml_a,103,0.1937218308540512,0.1937218308540512,0.1937218308540512,27
nguyen7,200,100,eml_a,104,0.1937218308540512,0.1937218308540512,0.1937218308540512,27
nguyen7,200,100,eml_a,105,0.1937218308540512,0.1937218308540512,0.1937218308540512,27
nguyen7,200,100,eml_a,106,0.1937218308540512,0.1937218308540512,0.1937218308540512,27
nguyen7,200,100,eml_a,107,0.1937218308540512,0.1937218308540512,0.1937218308540512,27
nguyen7,200,100,eml_a,108,0.1937218308540512,0.1937218308540512,0.1937218308540512,27
nguyen7,200,100,eml_a,109,0.1937218308540512,0.1937218308540512,0.1937218308540512,27
nguyen7,200,100,eml_a,110,0.1937218308540512,0.1937218308540512,0.1937218308540512,27
nguyen7,200,100,eml_a,111,0.1937218308540512,0.1937218308540512,0.1937218308540512,27
nguyen7,200,100,eml_a,112,0.1937218308540512,0.1937218308540512,0.1937218308540512,27
nguyen7,200,100,eml_a,113,0.1937218308540512,0.1937218308540512,0.1937218308540512,27
nguyen7,200,100,eml_a,114,0.1937218308540512,0.1937218308540512,0.1937218308540512,27
nguyen7,200,100,eml_a,115,0.1937218308540512,0.1937218308540512,0.1937218308540512,27
nguyen7,200,100,eml_a,116,0.1937218308540512,0.1937218308540512,0.1937218308540512,27
nguyen7,200,100,eml_a,117,0.1937218308540512,0.1937218308540512,0.1937218308540512,27
nguyen7,200,100,eml_a,118,0.1937218308540512,0.1937218308540512,0.1937218308540512,27
nguyen7,200,100,eml_a,119,0.1937218308540512,0.1937218308540512,0.1937218308540512,27
nguyen7,200,100,eml_a,120,0.1937218308540512,0.1937218308540512,0.1937218308540512,27
nguyen7,200,100,eml_a,121,0.1937218308540512,0.1937218308540512,0.1937218308540512,27
nguyen7,200,100,eml_a,122,0.1937218308540512,0.1937218308540512,0.1937218308540512,27
nguyen7,200,100,eml_a,123,0.1937218308540512,0.1937218308540512,0.1937218308540512,27
nguyen7,200,100,eml_a,124,0.1937218308540512,0.1937218308540512,0.1937218308540512,27
nguyen7,200,100,eml_a,125,0.1937218308540512,0.1937218308540512,0.1937218308540512,27
nguyen7,200,100,eml_a,126,0.1937218308540512,0.1937218308540512,0.1937218308540512,27
nguyen7,200,100,eml_a,127,0.1937218308540512,0.1937218308540512,0.1937218308540512,27
nguyen7,200,100,eml_a,128,0.1937218308540512,0.1937218308540512,0.1937218308540512,27
nguyen7,200,100,eml_a,129,0.1937218308540512,0.1937218308540512,0.1937218308540512,27
nguyen7,200,100,eml_a,130,0.1937218308540512,0.1937218308540512,0.1937218308540512,27
nguyen7,200,100,eml_a,131,0.1937218308540512,0.1937218308540512,0.1937218308540512,27
nguyen7,200,100,eml_a,132,0.1937218308540512,0.1937218308540512,0.1937218308540512,27
nguyen7,200,100,eml_a,133,0.1937218308540512,0.1937218308540512,0.1937218308540512,27
nguyen7,200,100,eml_a,134,0.1937218308540512,0.1937218308540512,0.1937218308540512,27
nguyen7,200,100,eml_a,135,0.1937218308540512,0.1937218308540512,0.1937218308540512,27
nguyen7,200,100,eml_a,136,0.1937218308540512,0.1937218308540512,0.1937218308540512,27
nguyen7,200,100,eml_a,137,0.1937218308540512,0.1937218308540512,0.1937218308540512,27
nguyen7,200,100,eml_a,138,0.1937218308540512,0.1937218308540512,0.1937218308540512,27
nguyen7,200,100,eml_a,139,0.1937218308540512,0.1937218308540512,0.1937218308540512,27
nguyen7,200,100,eml_a,140,0.1937218308540512,0.1937218308540512,0.1937218308540512,27
nguyen7,200,100,eml_a,141,0.1937218308540512,0.1937218308540512,0.1937218308540512,27
nguyen7,200,100,eml_a,142,0.1937218308540512,0.1937218308540512,0.1937218308540512,27
nguyen7,200,100,eml_a,143,0.1937218308540512,0.1937218308540512,0.1937218308540512,27
nguyen7,200,100,eml_a,144,0.1937218308540512,0.1937218308540512,0.1937218308540512,27
nguyen7,200,100,eml_a,145,0.1937218308540512,0.1937218308540512,0.1937218308540512,27
nguyen7,200,100,eml_a,146,0.1937218308540512,0.1937218308540512,0.1937218308540512,27
nguyen7,200,100,eml_a,147,0.1937218308540512,0.1937218308540512,0.1937218308540512,27
nguyen7,200,100,eml_a,148,0.1937218308540512,0.1937218308540512,0.1937218308540512,27
nguyen7,200,100,eml_a,149,0.1937218308540512,0.1937218308540512,0.1937218308540512,27
nguyen7,200,100,eml_a,150,0.1937218308540512,0.1937218308540512,0.1937218308540512,27
nguyen7,200,100,eml_a,151,0.1937218308540512,0.1937218308540512,0.1937218308540512,27
nguyen7,200,100,eml_a,152,0.1937218308540512,0.1937218308540512,0.1937218308540512,27
nguyen7,200,100,eml_a,153,0.1937218308540512,0.1937218308540512,0.1937218308540512,27
nguyen7,200,100,eml_a,154,0.1937218308540512,0.1937218308540512,0.1937218308540512,27
nguyen7,200,100,eml_a,155,0.1937218308540512,0.1937218308540512,0.1937218308540512,27
nguyen7,200,100,eml_a,156,0.1937218308540512,0.1937218308540512,0.1937218308540512,27
nguyen7,200,100,eml_a,157,0.1937218308540512,0.1937218308540512,0.1937218308540512,27
nguyen7,200,100,eml_a,158,0.1937218308540512,0.1937218308540512,0.1937218308540512,27
nguyen7,200,100,eml_a,159,0.1937218308540512,0.1937218308540512,0.1937218308540512,27
nguyen7,200,100,eml_a,160,0.1937218308540512,0.1937218308540512,0.1937218308540512,27
nguyen7,200,100,eml_a,161,0.1937218308540512,0.1937218308540512,0.1937218308540512,27
nguyen7,200,100,eml_a,162,0.1937218308540512,0.1937218308540512,0.1937218308540512,27
nguyen7,200,100,eml_a,163,0.1937218308540512,0.1937218308540512,0.1937218308540512,27
nguyen7,200,100,eml_a,164,0.1937218308540512,0.1937218308540512,0.1937218308540512,27
nguyen7,200,100,eml_a,165,0.1937218308540512,0.1937218308540512,0.1937218308540512,27
nguyen7,200,100,eml_a,166,0.1937218308540512,0.1937218308540512,0.1937218308540512,27
nguyen7,200,100,eml_a,167,0.1937218308540512,0.1937218308540512,0.1937218308540512,27
nguyen7,200,100,eml_a,168,0.1937218308540512,0.1937218308540512,0.1937218308540512,27
nguyen7,200,100,eml_a,169,0.1937218308540512,0.1937218308540512,0.1937218308540512,27
nguyen7,200,100,eml_a,170,0.1937218308540512,0.1937218308540512,0.1937218308540512,27
nguyen7,200,100,eml_a,171,0.1937218308540512,0.1937218308540512,0.1937218308540512,27
nguyen7,200,100,eml_a,172,0.1937218308540512,0.1937218308540512,0.1937218308540512,27
nguyen7,200,100,eml_a,173,0.1937218308540512,0.1937218308540512,0.1937218308540512,27
nguyen7,200,100,eml_a,174,0.1937218308540512,0.1937218308540512,0.1937218308540512,27
nguyen7,200,100,eml_a,175,0.1937218308540512,0.1937218308540512,0.1937218308540512,27
nguyen7,200,100,eml_a,176,0.1937218308540512,0.1937218308540512,0.1937218308540512,27
nguyen7,200,100,eml_a,177,0.1937218308540512,0.1937218308540512,0.1937218308540512,27
nguyen7,200,100,eml_a,178,0.1937218308540512,0.1937218308540512,0.1937218308540512,27
nguyen7,200,100,eml_a,179,0.1937218308540512,0.1937218308540512,0.1937218308540512,27
nguyen7,200,100,eml_a,180,0.1937218308540512,0.1937218308540512,0.1937218308540512,27
nguyen7,200,100,eml_a,181,0.1937218308540512,0.1937218308540512,0.1937218308540512,27
nguyen7,200,100,eml_a,182,0.1937218308540512,0.1937218308540512,0.1937218308540512,27
nguyen7,200,100,eml_a,183,0.1937218308540512,0.1937218308540512,0.1937218308540512,27
nguyen7,200,100,eml_a,184,0.1937218308540512,0.1937218308540512,0.1937218308540512,27
nguyen7,200,100,eml_a,185,0.1937218308540512,0.1937218308540512,0.1937218308540512,27
nguyen7,200,100,eml_a,186,0.1937218308540512,0.1937218308540512,0.1937218308540512,27
nguyen7,200,100,eml_a,187,0.1937218308540512,0.1937218308540512,0.1937218308540512,27
nguyen7,200,100,eml_a,188,0.1937218308540512,0.1937218308540512,0.1937218308540512,27
nguyen7,200,100,eml_a,189,0.1937218308540512,0.1937218308540512,0.1937218308540512,27
nguyen7,200,100,eml_a,190,0.1937218308540512,0.1937218308540512,0.1937218308540512,27
nguyen7,200,100,eml_a,191,0.1937218308540512,0.1937218308540512,0.1937218308540512,27
nguyen7,200,100,eml_a,192,0.1937218308540512,0.1937218308540512,0.1937218308540512,27
nguyen7,200,100,eml_a,193,0.1937218308540512,0.1937218308540512,0.1937218308540512,27
nguyen7,200,100,eml_a,194,0.1937218308540512,0.1937218308540512,0.1937218308540512,27
nguyen7,200,100,eml_a,195,0.1937218308540512,0.1937218308540512,0.1937218308540512,27
nguyen7,200,100,eml_a,196,0.1937218308540512,0.1937218308540512,0.1937218308540512,27
nguyen7,200,100,eml_a,197,0.1937218308540512,0.1937218308540512,0.1937218308540512,27
nguyen7,200,100,eml_a,198,0.1937218308540512,0.1937218308540512,0.1937218308540512,27
nguyen7,200,100,eml_a,199,0.1937218308540512,0.1937218308540512,0.1937218308540512,27
nguyen7,200,100,std_b,0,0.1937218308540512,0.10703235378313553,0.1937218308540512,30
nguyen7,200,100,std_b,1,0.13033339962062074,0.08911428369696503,0.1937218308540512,30
nguyen7,200,100,std_b,2,0.08742583262392264,0.056255991191676145,0.0986847407913215,30
nguyen7,200,100,std_b,3,0.058178419230577,0.04008056873321815,0.09868474079132147,30
nguyen7,200,100,std_b,4,0.0576353324616537,0.03138640781141652,0.09717029539940777,30
nguyen7,200,100,std_b,5,0.03396672755653615,0.009224652119681175,0.08926045474754907,30
nguyen7,200,100,std_b,6,0.0168345128724844,0.003627736657796925,0.07633977252806065,30
nguyen7,200,100,std_b,7,0.016642226480433002,0.003627736657796925,0.06223340942850258,30
nguyen7,200,100,std_b,8,0.0148747483961226,0.0021863003546336,0.05211351467550712,30
nguyen7,200,100,std_b,9,0.010276860978025451,0.0021863003546336,0.04500676013909982,30
nguyen7,200,100,std_b,10,0.00939734659032985,0.001665797800741275,0.04500676013909982,30
nguyen7,200,100,std_b,11,0.00694357493706,0.001665797800741275,0.0347743810670268,30
nguyen7,200,100,std_b,12,0.00694357493706,0.001665797800741275,0.018900689988417374,30
nguyen7,200,100,std_b,13,0.00476112490918185,0.001665797800741275,0.014498688984024326,30
nguyen7,200,100,std_b,14,0.0025582277439556997,0.0014004679807832,0.014498688984024326,30
nguyen7,200,100,std_b,15,0.0024672310347903497,0.0013757344875985,0.0143226268676441,30
nguyen7,200,100,std_b,16,0.00218808661262565,0.0013757344875985,0.0143226268676441,30
nguyen7,200,100,std_b,17,0.00218808661262565,0.0013757344875985,0.013997866240734026,30
nguyen7,200,100,std_b,18,0.00218808661262565,0.0013757344875985,0.006487685868767801,30
nguyen7,200,100,std_b,19,0.00187852338543685,0.0013757344875985,0.0062120143924802255,30
nguyen7,200,100,std_b,20,0.00186801796891675,0.0013757344875985,0.005207482012315825,30
nguyen7,200,100,std_b,21,0.00175915862778925,0.0013757344875985,0.005207482012315825,30
nguyen7,200,100,std_b,22,0.00154463568946945,0.001040287858574025,0.002875926500082425,30
nguyen7,200,100,std_b,23,0.00154463568946945,0.0009651640889633,0.002875926500082425,30
nguyen7,200,100,std_b,24,0.00154463568946945,0.0009651640889633,0.002875926500082425,30
nguyen7,200,100,std_b,25,0.00154463568946945,0.0009651640889633,0.0028221759429171,30
nguyen7,200,100,std_b,26,0.0014252014739679,0.0009651640889633,0.002798659023409475,30
nguyen7,200,100,std_b,27,0.0013757344875985,0.000947296920700475,0.0021276456254873998,30
nguyen7,200,100,std_b,28,0.0013757344875985,0.000947296920700475,0.0021276456254873998,30
nguyen7,200,100,std_b,29,0.0013757344875985,0.000947296920700475,0.0021276456254873998,30
nguyen7,200,100,std_b,30,0.0013757344875985,0.000947296920700475,0.0021276456254873998,30
nguyen7,200,100,std_b,31,0.0013757344875985,0.000947296920700475,0.0021276456254873998,30
nguyen7,200,100,std_b,32,0.0013757344875985,0.000947296920700475,0.0021276456254873998,30
nguyen7,200,100,std_b,33,0.0013757344875985,0.000947296920700475,0.0021276456254873998,30
nguyen7,200,100,std_b,34,0.0013757344875985,0.000947296920700475,0.0021276456254873998,30
nguyen7,200,100,std_b,35,0.0013757344875985,0.000947296920700475,0.0021276456254873998,30
nguyen7,200,100,std_b,36,0.0013757344875985,0.000947296920700475,0.0021276456254873998,30
nguyen7,200,100,std_b,37,0.0013757344875985,0.000947296920700475,0.0021276456254873998,30
nguyen7,200,100,std_b,38,0.0013757344875985,0.000947296920700475,0.00190904931043335,30
nguyen7,200,100,std_b,39,0.0013757344875985,0.000947296920700475,0.00190904931043335,30
nguyen7,200,100,std_b,40,0.0013757344875985,0.00093901294329215,0.00190904931043335,30
nguyen7,200,100,std_b,41,0.0013757344875985,0.00093901294329215,0.00190904931043335,30
nguyen7,200,100,std_b,42,0.0013757344875985,0.00093901294329215,0.00190904931043335,30
nguyen7,200,100,std_b,43,0.0013757344875985,0.00093901294329215,0.0017641026763786502,30
nguyen7,200,100,std_b,44,0.0013757344875985,0.00093901294329215,0.0017641026763786502,30
nguyen7,200,100,std_b,45,0.0013757344875985,0.00093901294329215,0.0017641026763786502,30
nguyen7,200,100,std_b,46,0.0013757344875985,0.00093901294329215,0.0017641026763786502,30
nguyen7,200,100,std_b,47,0.0013757344875985,0.00093901294329215,0.0017641026763786502,30
nguyen7,200,100,std_b,48,0.0013757344875985,0.00093901294329215,0.0017641026763786502,30
nguyen7,200,100,std_b,49,0.0013757344875985,0.000838449595388675,0.0017641026763786502,30
nguyen7,200,100,std_b,50,0.0013757344875985,0.000838449595388675,0.0017641026763786502,30
nguyen7,200,100,std_b,51,0.0013757344875985,0.000838449595388675,0.0017641026763786502,30
nguyen7,200,100,std_b,52,0.0013757344875985,0.000838449595388675,0.0017641026763786502,30
nguyen7,200,100,std_b,53,0.0013757344875985,0.000838449595388675,0.0017641026763786502,30
nguyen7,200,100,std_b,54,0.0013757344875985,0.000838449595388675,0.0017641026763786502,30
nguyen7,200,100,std_b,55,0.0013757344875985,0.000838449595388675,0.0017641026763786502,30
nguyen7,200,100,std_b,56,0.0013757344875985,0.0008108175588815,0.0017641026763786502,30
nguyen7,200,100,std_b,57,0.0013757344875985,0.0008108175588815,0.0017641026763786502,30
nguyen7,200,100,std_b,58,0.0013757344875985,0.0008108175588815,0.0017641026763786502,30
nguyen7,200,100,std_b,59,0.0013757344875985,0.0008108175588815,0.0017641026763786502,30
nguyen7,200,100,std_b,60,0.0013757344875985,0.0008108175588815,0.0017641026763786502,30
nguyen7,200,100,std_b,61,0.0013757344875985,0.0008108175588815,0.0017641026763786502,30
nguyen7,200,100,std_b,62,0.0013757344875985,0.0008108175588815,0.0017641026763786502,30
nguyen7,200,100,std_b,63,0.0013757344875985,0.0008108175588815,0.0017641026763786502,30
nguyen7,200,100,std_b,64,0.0013757344875985,0.0008108175588815,0.0017641026763786502,30
nguyen7,200,100,std_b,65,0.0013757344875985,0.0008108175588815,0.0017641026763786502,30
nguyen7,200,100,std_b,66,0.0013757344875985,0.0008108175588815,0.0017641026763786502,30
nguyen7,200,100,std_b,67,0.0013757344875985,0.0008108175588815,0.0017641026763786502,30
nguyen7,200,100,std_b,68,0.0013757344875985,0.0008108175588815,0.0017641026763786502,30
nguyen7,200,100,std_b,69,0.0013757344875985,0.0008108175588815,0.0017641026763786502,30
nguyen7,200,100,std_b,70,0.0013757344875985,0.0008108175588815,0.0017641026763786502,30
nguyen7,200,100,std_b,71,0.0013757344875985,0.0008108175588815,0.0017641026763786502,30
nguyen7,200,100,std_b,72,0.0013757344875985,0.0008108175588815,0.0017641026763786502,30
nguyen7,200,100,std_b,73,0.0013757344875985,0.0008108175588815,0.0017641026763786502,30
nguyen7,200,100,std_b,74,0.0013757344875985,0.0008108175588815,0.0017641026763786502,30
nguyen7,200,100,std_b,75,0.0013757344875985,0.0007697485515253,0.0017641026763786502,30
nguyen7,200,100,std_b,76,0.0013757344875985,0.0007697485515253,0.0017641026763786502,30
nguyen7,200,100,std_b,77,0.0013757344875985,0.0007697485515253,0.0017641026763786502,30
nguyen7,200,100,std_b,78,0.0013757344875985,0.0007697485515253,0.0017641026763786502,30
nguyen7,200,100,std_b,79,0.0013757344875985,0.0007697485515253,0.0017641026763786502,30
nguyen7,200,100,std_b,80,0.0013757344875985,0.0007697485515253,0.0017641026763786502,30
nguyen7,200,100,std_b,81,0.0013757344875985,0.0007697485515253,0.0017641026763786502,30
nguyen7,200,100,std_b,82,0.0013757344875985,0.0007697485515253,0.0017641026763786502,30
nguyen7,200,100,std_b,83,0.0013757344875985,0.0007697485515253,0.0017641026763786502,30
nguyen7,200,100,std_b,84,0.0013757344875985,0.000739095729481975,0.0017641026763786502,30
nguyen7,200,100,std_b,85,0.0013757344875985,0.000739095729481975,0.0017641026763786502,30
nguyen7,200,100,std_b,86,0.0013757344875985,0.000739095729481975,0.0017641026763786502,30
nguyen7,200,100,std_b,87,0.0013757344875985,0.000575689686663625,0.0017641026763786502,30
nguyen7,200,100,std_b,88,0.0013757344875985,0.000575689686663625,0.0017641026763786502,30
nguyen7,200,100,std_b,89,0.0013757344875985,0.000575689686663625,0.0017641026763786502,30
nguyen7,200,100,std_b,90,0.0013757344875985,0.000575689686663625,0.0017641026763786502,30
nguyen7,200,100,std_b,91,0.0013757344875985,0.000575689686663625,0.0017641026763786502,30
nguyen7,200,100,std_b,92,0.0013757344875985,0.000575689686663625,0.0017641026763786502,30
nguyen7,200,100,std_b,93,0.0013757344875985,0.000575689686663625,0.0017641026763786502,30
nguyen7,200,100,std_b,94,0.0013757344875985,0.000575689686663625,0.0017641026763786502,30
nguyen7,200,100,std_b,95,0.0013757344875985,0.000575689686663625,0.0017641026763786502,30
nguyen7,200,100,std_b,96,0.0013757344875985,0.000575689686663625,0.0017641026763786502,30
nguyen7,200,100,std_b,97,0.0013757344875985,0.000575689686663625,0.0017641026763786502,30
nguyen7,200,100,std_b,98,0.0013757344875985,0.000575689686663625,0.0017641026763786502,30
nguyen7,200,100,std_b,99,0.0013757344875985,0.000575689686663625,0.0017641026763786502,30
nguyen7,200,100,std_b,100,0.0013757344875985,0.000575689686663625,0.0017641026763786502,30
nguyen7,200,100,std_b,101,0.0013757344875985,0.000575689686663625,0.0017641026763786502,30
nguyen7,200,100,std_b,102,0.0013757344875985,0.000575689686663625,0.0017641026763786502,30
nguyen7,200,100,std_b,103,0.0013757344875985,0.000575689686663625,0.0017641026763786502,30
nguyen7,200,100,std_b,104,0.0013757344875985,0.000575689686663625,0.0017641026763786502,30
nguyen7,200,100,std_b,105,0.0013757344875985,0.000575689686663625,0.0017641026763786502,30
nguyen7,200,100,std_b,106,0.0013757344875985,0.000575689686663625,0.0017641026763786502,30
nguyen7,200,100,std_b,107,0.0013757344875985,0.000575689686663625,0.0017641026763786502,30
nguyen7,200,100,std_b,108,0.0013757344875985,0.000575689686663625,0.0017641026763786502,30
nguyen7,200,100,std_b,109,0.0013757344875985,0.000575689686663625,0.0017641026763786502,30
nguyen7,200,100,std_b,110,0.0013757344875985,0.000575689686663625,0.0017641026763786502,30
nguyen7,200,100,std_b,111,0.0013757344875985,0.000575689686663625,0.0017641026763786502,30
nguyen7,200,100,std_b,112,0.0013757344875985,0.000575689686663625,0.0017641026763786502,30
nguyen7,200,100,std_b,113,0.0013757344875985,0.000575689686663625,0.0017641026763786502,30
nguyen7,200,100,std_b,114,0.0013757344875985,0.000575689686663625,0.0017641026763786502,30
nguyen7,200,100,std_b,115,0.0013757344875985,0.000575689686663625,0.0017641026763786502,30
nguyen7,200,100,std_b,116,0.0013757344875985,0.000575689686663625,0.0017641026763786502,30
nguyen7,200,100,std_b,117,0.0013757344875985,0.000575689686663625,0.0017641026763786502,30
nguyen7,200,100,std_b,118,0.0013757344875985,0.000575689686663625,0.0017641026763786502,30
nguyen7,200,100,std_b,119,0.0013757344875985,0.000575689686663625,0.0017641026763786502,30
nguyen7,200,100,std_b,120,0.0013757344875985,0.000575689686663625,0.0017641026763786502,30
nguyen7,200,100,std_b,121,0.0013757344875985,0.000575689686663625,0.0017641026763786502,30
nguyen7,200,100,std_b,122,0.0013757344875985,0.000575689686663625,0.0017641026763786502,30
nguyen7,200,100,std_b,123,0.0013757344875985,0.000575689686663625,0.0017641026763786502,30
nguyen7,200,100,std_b,124,0.0013757344875985,0.000575689686663625,0.0017641026763786502,30
nguyen7,200,100,std_b,125,0.0013757344875985,0.000575689686663625,0.0017641026763786502,30
nguyen7,200,100,std_b,126,0.0013757344875985,0.000575689686663625,0.0017641026763786502,30
nguyen7,200,100,std_b,127,0.0013757344875985,0.000575689686663625,0.0017641026763786502,30
nguyen7,200,100,std_b,128,0.0013757344875985,0.000575689686663625,0.0017641026763786502,30
nguyen7,200,100,std_b,129,0.0013757344875985,0.000575689686663625,0.0017641026763786502,30
nguyen7,200,100,std_b,130,0.0013757344875985,0.000575689686663625,0.0017641026763786502,30
nguyen7,200,100,std_b,131,0.0013757344875985,0.000575689686663625,0.0017641026763786502,30
nguyen7,200,100,std_b,132,0.0013757344875985,0.000575689686663625,0.0017641026763786502,30
nguyen7,200,100,std_b,133,0.0013757344875985,0.000575689686663625,0.0017641026763786502,30
nguyen7,200,100,std_b,134,0.0013757344875985,0.000575689686663625,0.0017641026763786502,30
nguyen7,200,100,std_b,135,0.0013757344875985,0.000575689686663625,0.0017641026763786502,30
nguyen7,200,100,std_b,136,0.0013757344875985,0.000575689686663625,0.0017641026763786502,30
nguyen7,200,100,std_b,137,0.0013757344875985,0.000575689686663625,0.0017641026763786502,30
nguyen7,200,100,std_b,138,0.0013757344875985,0.000575689686663625,0.0017641026763786502,30
nguyen7,200,100,std_b,139,0.0013757344875985,0.000575689686663625,0.0017641026763786502,30
nguyen7,200,100,std_b,140,0.0013757344875985,0.000575689686663625,0.0017641026763786502,30
nguyen7,200,100,std_b,141,0.0013757344875985,0.000575689686663625,0.0017641026763786502,30
nguyen7,200,100,std_b,142,0.0013757344875985,0.000575689686663625,0.0017641026763786502,30
nguyen7,200,100,std_b,143,0.0013757344875985,0.000575689686663625,0.0017641026763786502,30
nguyen7,200,100,std_b,144,0.0013757344875985,0.000575689686663625,0.0017641026763786502,30
nguyen7,200,100,std_b,145,0.0013757344875985,0.000575689686663625,0.0017641026763786502,30
nguyen7,200,100,std_b,146,0.0013757344875985,0.000575689686663625,0.0017641026763786502,30
nguyen7,200,100,std_b,147,0.0013757344875985,0.000575689686663625,0.0017641026763786502,30
nguyen7,200,100,std_b,148,0.0013757344875985,0.000575689686663625,0.0017641026763786502,30
nguyen7,200,100,std_b,149,0.0013757344875985,0.000575689686663625,0.0017641026763786502,30
nguyen7,200,100,std_b,150,0.0013757344875985,0.000575689686663625,0.0017641026763786502,30
nguyen7,200,100,std_b,151,0.0013757344875985,0.000575689686663625,0.0017641026763786502,30
nguyen7,200,100,std_b,152,0.0013757344875985,0.000575689686663625,0.0017641026763786502,30
nguyen7,200,100,std_b,153,0.0013757344875985,0.000575689686663625,0.0017641026763786502,30
nguyen7,200,100,std_b,154,0.0013757344875985,0.000575689686663625,0.0017641026763786502,30
nguyen7,200,100,std_b,155,0.0013757344875985,0.000575689686663625,0.0017641026763786502,30
nguyen7,200,100,std_b,156,0.0013757344875985,0.000575689686663625,0.0017641026763786502,30
nguyen7,200,100,std_b,157,0.0013757344875985,0.000575689686663625,0.0017641026763786502,30
nguyen7,200,100,std_b,158,0.0013757344875985,0.000575689686663625,0.0017641026763786502,30
nguyen7,200,100,std_b,159,0.0013757344875985,0.000575689686663625,0.0017641026763786502,30
nguyen7,200,100,std_b,160,0.0013757344875985,0.000575689686663625,0.0017641026763786502,30
nguyen7,200,100,std_b,161,0.0013757344875985,0.000575689686663625,0.0017641026763786502,30
nguyen7,200,100,std_b,162,0.0013757344875985,0.000575689686663625,0.0017641026763786502,30
nguyen7,200,100,std_b,163,0.0013757344875985,0.000575689686663625,0.0017641026763786502,30
nguyen7,200,100,std_b,164,0.0013757344875985,0.000575689686663625,0.0017641026763786502,30
nguyen7,200,100,std_b,165,0.0013757344875985,0.000575689686663625,0.0017641026763786502,30
nguyen7,200,100,std_b,166,0.0013757344875985,0.000575689686663625,0.0017641026763786502,30
nguyen7,200,100,std_b,167,0.0013757344875985,0.000575689686663625,0.0017641026763786502,30
nguyen7,200,100,std_b,168,0.0013757344875985,0.000575689686663625,0.0017641026763786502,30
nguyen7,200,100,std_b,169,0.0013757344875985,0.000575689686663625,0.0017641026763786502,30
nguyen7,200,100,std_b,170,0.0013757344875985,0.000575689686663625,0.0017641026763786502,30
nguyen7,200,100,std_b,171,0.0013757344875985,0.000575689686663625,0.0017641026763786502,30
nguyen7,200,100,std_b,172,0.0013757344875985,0.000575689686663625,0.0017641026763786502,30
nguyen7,200,100,std_b,173,0.0013757344875985,0.000575689686663625,0.0017641026763786502,30
nguyen7,200,100,std_b,174,0.0013757344875985,0.000575689686663625,0.0017641026763786502,30
nguyen7,200,100,std_b,175,0.0013757344875985,0.000575689686663625,0.0017641026763786502,30
nguyen7,200,100,std_b,176,0.0013757344875985,0.000575689686663625,0.0017641026763786502,30
nguyen7,200,100,std_b,177,0.0013757344875985,0.000575689686663625,0.0017641026763786502,30
nguyen7,200,100,std_b,178,0.0013757344875985,0.000575689686663625,0.0017641026763786502,30
nguyen7,200,100,std_b,179,0.0013757344875985,0.000575689686663625,0.0017641026763786502,30
nguyen7,200,100,std_b,180,0.0013757344875985,0.000575689686663625,0.0017641026763786502,30
nguyen7,200,100,std_b,181,0.0013757344875985,0.000575689686663625,0.0017641026763786502,30
nguyen7,200,100,std_b,182,0.0013757344875985,0.000575689686663625,0.0017641026763786502,30
nguyen7,200,100,std_b,183,0.0013757344875985,0.000575689686663625,0.0017641026763786502,30
nguyen7,200,100,std_b,184,0.0013757344875985,0.000575689686663625,0.0017641026763786502,30
nguyen7,200,100,std_b,185,0.0013757344875985,0.000575689686663625,0.0017641026763786502,30
nguyen7,200,100,std_b,186,0.0013757344875985,0.000575689686663625,0.0017641026763786502,30
nguyen7,200,100,std_b,187,0.0013757344875985,0.000575689686663625,0.0017641026763786502,30
nguyen7,200,100,std_b,188,0.0013757344875985,0.000575689686663625,0.0017641026763786502,30
nguyen7,200,100,std_b,189,0.0013757344875985,0.000575689686663625,0.0017641026763786502,30
nguyen7,200,100,std_b,190,0.0013757344875985,0.000575689686663625,0.0017641026763786502,30
nguyen7,200,100,std_b,191,0.0013757344875985,0.000575689686663625,0.0017641026763786502,30
nguyen7,200,100,std_b,192,0.0013757344875985,0.000575689686663625,0.0017641026763786502,30
nguyen7,200,100,std_b,193,0.0013757344875985,0.000575689686663625,0.0017641026763786502,30
nguyen7,200,100,std_b,194,0.0013757344875985,0.000575689686663625,0.0017641026763786502,30
nguyen7,200,100,std_b,195,0.0013757344875985,0.000575689686663625,0.0017641026763786502,30
nguyen7,200,100,std_b,196,0.0013757344875985,0.000575689686663625,0.0017641026763786502,30
nguyen7,200,100,std_b,197,0.0013757344875985,0.000575689686663625,0.0017641026763786502,30
nguyen7,200,100,std_b,198,0.0013757344875985,0.000575689686663625,0.0017641026763786502,30
nguyen7,200,100,std_b,199,0.0013757344875985,0.000575689686663625,0.0017641026763786502,30
nguyen7,200,100,eml_b,0,0.1937218308540512,0.1937218308540512,0.1937218308540512,30
nguyen7,200,100,eml_b,1,0.1937218308540512,0.1937218308540512,0.1937218308540512,30
nguyen7,200,100,eml_b,2,0.1937218308540512,0.1937218308540512,0.1937218308540512,30
nguyen7,200,100,eml_b,3,0.1937218308540512,0.1937218308540512,0.1937218308540512,30
nguyen7,200,100,eml_b,4,0.1937218308540512,0.1937218308540512,0.1937218308540512,30
nguyen7,200,100,eml_b,5,0.1937218308540512,0.1937218308540512,0.1937218308540512,30
nguyen7,200,100,eml_b,6,0.1937218308540512,0.1937218308540512,0.1937218308540512,30
nguyen7,200,100,eml_b,7,0.1937218308540512,0.1937218308540512,0.1937218308540512,30
nguyen7,200,100,eml_b,8,0.1937218308540512,0.1937218308540512,0.1937218308540512,30
nguyen7,200,100,eml_b,9,0.1937218308540512,0.1937218308540512,0.1937218308540512,30
nguyen7,200,100,eml_b,10,0.1937218308540512,0.1937218308540512,0.1937218308540512,30
nguyen7,200,100,eml_b,11,0.1937218308540512,0.1937218308540512,0.1937218308540512,30
nguyen7,200,100,eml_b,12,0.1937218308540512,0.1937218308540512,0.1937218308540512,30
nguyen7,200,100,eml_b,13,0.1937218308540512,0.1937218308540512,0.1937218308540512,30
nguyen7,200,100,eml_b,14,0.1937218308540512,0.1937218308540512,0.1937218308540512,30
nguyen7,200,100,eml_b,15,0.1937218308540512,0.1937218308540512,0.1937218308540512,30
nguyen7,200,100,eml_b,16,0.1937218308540512,0.1937218308540512,0.1937218308540512,30
nguyen7,200,100,eml_b,17,0.1937218308540512,0.1937218308540512,0.1937218308540512,30
nguyen7,200,100,eml_b,18,0.1937218308540512,0.1937218308540512,0.1937218308540512,30
nguyen7,200,100,eml_b,19,0.1937218308540512,0.193719547827083,0.1937218308540512,30
nguyen7,200,100,eml_b,20,0.1937218308540512,0.193719547827083,0.1937218308540512,30
nguyen7,200,100,eml_b,21,0.1937218308540512,0.16922668251718884,0.1937218308540512,30
nguyen7,200,100,eml_b,22,0.1937218308540512,0.1605886032922053,0.1937218308540512,30
nguyen7,200,100,eml_b,23,0.1937218308540512,0.15581851161214647,0.1937218308540512,30
nguyen7,200,100,eml_b,24,0.1937218308540512,0.15581851161214647,0.1937218308540512,30
nguyen7,200,100,eml_b,25,0.1937218308540512,0.14879579530365178,0.1937218308540512,30
nguyen7,200,100,eml_b,26,0.1937218308540512,0.1132432130152806,0.1937218308540512,30
nguyen7,200,100,eml_b,27,0.1937218308540512,0.09765319612457328,0.1937218308540512,30
nguyen7,200,100,eml_b,28,0.1937218308540512,0.09765319612457328,0.1937218308540512,30
nguyen7,200,100,eml_b,29,0.19372030883607239,0.09765319612457328,0.1937218308540512,30
nguyen7,200,100,eml_b,30,0.19372030883607239,0.09765319612457328,0.1937218308540512,30
nguyen7,200,100,eml_b,31,0.19372030883607239,0.05531750639942795,0.1937218308540512,30
nguyen7,200,100,eml_b,32,0.19372030883607239,0.04386520398105045,0.1937218308540512,30
nguyen7,200,100,eml_b,33,0.19372030883607239,0.04386520398105045,0.1937218308540512,30
nguyen7,200,100,eml_b,34,0.19372030883607239,0.04386520398105045,0.1937218308540512,30
nguyen7,200,100,eml_b,35,0.19372030883607239,0.04334439805418798,0.1937218308540512,30
nguyen7,200,100,eml_b,36,0.19372030883607239,0.04038867970164495,0.1937218308540512,30
nguyen7,200,100,eml_b,37,0.19372030883607239,0.03696466388075978,0.1937218308540512,30
nguyen7,200,100,eml_b,38,0.16684824826078465,0.029877697103094302,0.1937218308540512,30
nguyen7,200,100,eml_b,39,0.16684824826078465,0.029877697103094302,0.1937218308540512,30
nguyen7,200,100,eml_b,40,0.16684824826078465,0.029877697103094302,0.1937218308540512,30
nguyen7,200,100,eml_b,41,0.16684824826078465,0.029877697103094302,0.1937218308540512,30
nguyen7,200,100,eml_b,42,0.16684824826078465,0.029877697103094302,0.1937218308540512,30
nguyen7,200,100,eml_b,43,0.16684824826078465,0.029877697103094302,0.1937218308540512,30
nguyen7,200,100,eml_b,44,0.16684824826078465,0.029877697103094302,0.1937218308540512,30
nguyen7,200,100,eml_b,45,0.16684824826078465,0.029877697103094302,0.1937218308540512,30
nguyen7,200,100,eml_b,46,0.16684824826078465,0.029877697103094302,0.1937218308540512,30
nguyen7,200,100,eml_b,47,0.16684824826078465,0.029877697103094302,0.1937218308540512,30
nguyen7,200,100,eml_b,48,0.16684824826078465,0.029877697103094302,0.1937218308540512,30
nguyen7,200,100,eml_b,49,0.12136334508963995,0.029877697103094302,0.1937218308540512,30
nguyen7,200,100,eml_b,50,0.12136334508963995,0.029877697103094302,0.1937218308540512,30
nguyen7,200,100,eml_b,51,0.12136334508963995,0.029877697103094302,0.1937218308540512,30
nguyen7,200,100,eml_b,52,0.12136334508963995,0.029877697103094302,0.1937218308540512,30
nguyen7,200,100,eml_b,53,0.12136334508963995,0.029877697103094302,0.1937218308540512,30
nguyen7,200,100,eml_b,54,0.12136334508963995,0.029877697103094302,0.1937218308540512,30
nguyen7,200,100,eml_b,55,0.12136334508963995,0.029877697103094302,0.1937218308540512,30
nguyen7,200,100,eml_b,56,0.12136334508963995,0.029877697103094302,0.1937218308540512,30
nguyen7,200,100,eml_b,57,0.12136334508963995,0.029877697103094302,0.1937218308540512,30
nguyen7,200,100,eml_b,58,0.12136334508963995,0.029877697103094302,0.1937218308540512,30
nguyen7,200,100,eml_b,59,0.09914557829899051,0.018260546844877924,0.1937218308540512,30
nguyen7,200,100,eml_b,60,0.09914557829899051,0.018260546844877924,0.1937218308540512,30
nguyen7,200,100,eml_b,61,0.09914557829899051,0.018260546844877924,0.1937218308540512,30
nguyen7,200,100,eml_b,62,0.09914557829899051,0.018260546844877924,0.1937218308540512,30
nguyen7,200,100,eml_b,63,0.09914557829899051,0.018260546844877924,0.1937218308540512,30
nguyen7,200,100,eml_b,64,0.09914557829899051,0.017556730332917676,0.1937218308540512,30
nguyen7,200,100,eml_b,65,0.0817379814273944,0.0125313979190224,0.1937218308540512,30
nguyen7,200,100,eml_b,66,0.0817379814273944,0.0125313979190224,0.1937218308540512,30
nguyen7,200,100,eml_b,67,0.0817379814273944,0.0125313979190224,0.1937218308540512,30
nguyen7,200,100,eml_b,68,0.0817379814273944,0.01168083776677605,0.1937218308540512,30
nguyen7,200,100,eml_b,69,0.0817379814273944,0.01168083776677605,0.1937218308540512,30
nguyen7,200,100,eml_b,70,0.0817379814273944,0.01168083776677605,0.1937218308540512,30
nguyen7,200,100,eml_b,71,0.07259300399787605,0.01168083776677605,0.1937218308540512,30
nguyen7,200,100,eml_b,72,0.07259300399787605,0.01168083776677605,0.1937218308540512,30
nguyen7,200,100,eml_b,73,0.07259300399787605,0.01168083776677605,0.1937218308540512,30
nguyen7,200,100,eml_b,74,0.07259300399787605,0.01168083776677605,0.1937218308540512,30
nguyen7,200,100,eml_b,75,0.07259300399787605,0.01168083776677605,0.1937218308540512,30
nguyen7,200,100,eml_b,76,0.07259300399787605,0.01168083776677605,0.1937218308540512,30
nguyen7,200,100,eml_b,77,0.07259300399787605,0.01168083776677605,0.1937218308540512,30
nguyen7,200,100,eml_b,78,0.07259300399787605,0.01168083776677605,0.1937218308540512,30
nguyen7,200,100,eml_b,79,0.07259300399787605,0.01168083776677605,0.1937218308540512,30
nguyen7,200,100,eml_b,80,0.07259300399787605,0.01168083776677605,0.1937218308540512,30
nguyen7,200,100,eml_b,81,0.07259300399787605,0.01168083776677605,0.1937218308540512,30
nguyen7,200,100,eml_b,82,0.07259300399787605,0.01168083776677605,0.1937218308540512,30
nguyen7,200,100,eml_b,83,0.07259300399787605,0.0108455466553023,0.1937218308540512,30
nguyen7,200,100,eml_b,84,0.07259300399787605,0.0108455466553023,0.1937218308540512,30
nguyen7,200,100,eml_b,85,0.07259300399787605,0.0108455466553023,0.1937218308540512,30
nguyen7,200,100,eml_b,86,0.07156709281374235,0.0108455466553023,0.1937218308540512,30
nguyen7,200,100,eml_b,87,0.07156709281374235,0.0108455466553023,0.1937218308540512,30
nguyen7,200,100,eml_b,88,0.07156709281374235,0.0108455466553023,0.1937218308540512,30
nguyen7,200,100,eml_b,89,0.07156709281374235,0.0108455466553023,0.1937218308540512,30
nguyen7,200,100,eml_b,90,0.07156709281374235,0.0108455466553023,0.1937218308540512,30
nguyen7,200,100,eml_b,91,0.07156709281374235,0.0108455466553023,0.1937218308540512,30
nguyen7,200,100,eml_b,92,0.06126887629411745,0.0108455466553023,0.1937218308540512,30
nguyen7,200,100,eml_b,93,0.06126887629411745,0.0108455466553023,0.1937218308540512,30
nguyen7,200,100,eml_b,94,0.06126887629411745,0.0108455466553023,0.1937218308540512,30
nguyen7,200,100,eml_b,95,0.06126887629411745,0.0108455466553023,0.1937218308540512,30
nguyen7,200,100,eml_b,96,0.06126887629411745,0.0108455466553023,0.1937218308540512,30
nguyen7,200,100,eml_b,97,0.06126887629411745,0.0108455466553023,0.1937218308540512,30
nguyen7,200,100,eml_b,98,0.06126887629411745,0.0108455466553023,0.1937218308540512,30
nguyen7,200,100,eml_b,99,0.06126887629411745,0.0108455466553023,0.1937218308540512,30
nguyen7,200,100,eml_b,100,0.06126887629411745,0.0108455466553023,0.1937218308540512,30
nguyen7,200,100,eml_b,101,0.06126887629411745,0.0108455466553023,0.1937218308540512,30
nguyen7,200,100,eml_b,102,0.06126887629411745,0.0108455466553023,0.1937218308540512,30
nguyen7,200,100,eml_b,103,0.06126887629411745,0.0108455466553023,0.1937218308540512,30
nguyen7,200,100,eml_b,104,0.06126887629411745,0.0108455466553023,0.1937218308540512,30
nguyen7,200,100,eml_b,105,0.06126887629411745,0.008411012573244975,0.1937218308540512,30
nguyen7,200,100,eml_b,106,0.06126887629411745,0.008411012573244975,0.1937218308540512,30
nguyen7,200,100,eml_b,107,0.06126887629411745,0.008411012573244975,0.1937218308540512,30
nguyen7,200,100,eml_b,108,0.06126887629411745,0.008411012573244975,0.1937218308540512,30
nguyen7,200,100,eml_b,109,0.06126887629411745,0.008411012573244975,0.1937218308540512,30
nguyen7,200,100,eml_b,110,0.06126887629411745,0.008411012573244975,0.1937218308540512,30
nguyen7,200,100,eml_b,111,0.06126887629411745,0.008411012573244975,0.1937218308540512,30
nguyen7,200,100,eml_b,112,0.06126887629411745,0.008411012573244975,0.1937218308540512,30
nguyen7,200,100,eml_b,113,0.06126887629411745,0.008411012573244975,0.1937218308540512,30
nguyen7,200,100,eml_b,114,0.06126887629411745,0.008411012573244975,0.1937218308540512,30
nguyen7,200,100,eml_b,115,0.06126887629411745,0.008411012573244975,0.1937218308540512,30
nguyen7,200,100,eml_b,116,0.06126887629411745,0.008411012573244975,0.1937218308540512,30
nguyen7,200,100,eml_b,117,0.06126887629411745,0.008411012573244975,0.1937218308540512,30
nguyen7,200,100,eml_b,118,0.06126887629411745,0.008411012573244975,0.1937218308540512,30
nguyen7,200,100,eml_b,119,0.06126887629411745,0.008411012573244975,0.1937218308540512,30
nguyen7,200,100,eml_b,120,0.06126887629411745,0.008411012573244975,0.1937218308540512,30
nguyen7,200,100,eml_b,121,0.06126887629411745,0.008411012573244975,0.1937218308540512,30
nguyen7,200,100,eml_b,122,0.06126887629411745,0.008411012573244975,0.1937218308540512,30
nguyen7,200,100,eml_b,123,0.06126887629411745,0.008411012573244975,0.1937218308540512,30
nguyen7,200,100,eml_b,124,0.06126887629411745,0.008411012573244975,0.1937218308540512,30
nguyen7,200,100,eml_b,125,0.06126887629411745,0.008411012573244975,0.1937218308540512,30
nguyen7,200,100,eml_b,126,0.06126887629411745,0.008411012573244975,0.1937218308540512,30
nguyen7,200,100,eml_b,127,0.06126887629411745,0.008411012573244975,0.1937218308540512,30
nguyen7,200,100,eml_b,128,0.06126887629411745,0.008411012573244975,0.1937218308540512,30
nguyen7,200,100,eml_b,129,0.06126887629411745,0.008411012573244975,0.1937218308540512,30
nguyen7,200,100,eml_b,130,0.06126887629411745,0.008411012573244975,0.1937218308540512,30
nguyen7,200,100,eml_b,131,0.06126887629411745,0.008411012573244975,0.1937218308540512,30
nguyen7,200,100,eml_b,132,0.06126887629411745,0.008411012573244975,0.1937218308540512,30
nguyen7,200,100,eml_b,133,0.06126887629411745,0.008411012573244975,0.1937218308540512,30
nguyen7,200,100,eml_b,134,0.06126887629411745,0.008411012573244975,0.1937218308540512,30
nguyen7,200,100,eml_b,135,0.06126887629411745,0.008411012573244975,0.1937218308540512,30
nguyen7,200,100,eml_b,136,0.06126887629411745,0.008411012573244975,0.1937218308540512,30
nguyen7,200,100,eml_b,137,0.06126887629411745,0.008411012573244975,0.1937218308540512,30
nguyen7,200,100,eml_b,138,0.06126887629411745,0.008411012573244975,0.1937218308540512,30
nguyen7,200,100,eml_b,139,0.06126887629411745,0.008411012573244975,0.1937218308540512,30
nguyen7,200,100,eml_b,140,0.06126887629411745,0.008411012573244975,0.1937218308540512,30
nguyen7,200,100,eml_b,141,0.06126887629411745,0.008411012573244975,0.1937218308540512,30
nguyen7,200,100,eml_b,142,0.06126887629411745,0.008411012573244975,0.1937218308540512,30
nguyen7,200,100,eml_b,143,0.06126887629411745,0.008411012573244975,0.1937218308540512,30
nguyen7,200,100,eml_b,144,0.06126887629411745,0.008411012573244975,0.1937218308540512,30
nguyen7,200,100,eml_b,145,0.06126887629411745,0.008411012573244975,0.1937218308540512,30
nguyen7,200,100,eml_b,146,0.06126887629411745,0.008411012573244975,0.1937218308540512,30
nguyen7,200,100,eml_b,147,0.06126887629411745,0.008411012573244975,0.1937218308540512,30
nguyen7,200,100,eml_b,148,0.06126887629411745,0.008411012573244975,0.1937218308540512,30
nguyen7,200,100,eml_b,149,0.06126887629411745,0.008411012573244975,0.1937218308540512,30
nguyen7,200,100,eml_b,150,0.06126887629411745,0.008411012573244975,0.1937218308540512,30
nguyen7,200,100,eml_b,151,0.06126887629411745,0.008411012573244975,0.1937218308540512,30
nguyen7,200,100,eml_b,152,0.06126887629411745,0.008411012573244975,0.1937218308540512,30
nguyen7,200,100,eml_b,153,0.06126887629411745,0.008411012573244975,0.1937218308540512,30
nguyen7,200,100,eml_b,154,0.06126887629411745,0.008411012573244975,0.1937218308540512,30
nguyen7,200,100,eml_b,155,0.06126887629411745,0.008411012573244975,0.1937218308540512,30
nguyen7,200,100,eml_b,156,0.06126887629411745,0.008411012573244975,0.1937218308540512,30
nguyen7,200,100,eml_b,157,0.06126887629411745,0.008411012573244975,0.1937218308540512,30
nguyen7,200,100,eml_b,158,0.06126887629411745,0.008411012573244975,0.1937218308540512,30
nguyen7,200,100,eml_b,159,0.06126887629411745,0.008411012573244975,0.1937218308540512,30
nguyen7,200,100,eml_b,160,0.06126887629411745,0.008411012573244975,0.1937218308540512,30
nguyen7,200,100,eml_b,161,0.06126887629411745,0.008411012573244975,0.1937218308540512,30
nguyen7,200,100,eml_b,162,0.06126887629411745,0.008411012573244975,0.1937218308540512,30
nguyen7,200,100,eml_b,163,0.06126887629411745,0.008411012573244975,0.1937218308540512,30
nguyen7,200,100,eml_b,164,0.06126887629411745,0.008411012573244975,0.1937218308540512,30
nguyen7,200,100,eml_b,165,0.06126887629411745,0.008411012573244975,0.1937218308540512,30
nguyen7,200,100,eml_b,166,0.06126887629411745,0.008411012573244975,0.1937218308540512,30
nguyen7,200,100,eml_b,167,0.06126887629411745,0.008411012573244975,0.1937218308540512,30
nguyen7,200,100,eml_b,168,0.06126887629411745,0.008411012573244975,0.1937218308540512,30
nguyen7,200,100,eml_b,169,0.06126887629411745,0.008411012573244975,0.1937218308540512,30
nguyen7,200,100,eml_b,170,0.06126887629411745,0.008411012573244975,0.1937218308540512,30
nguyen7,200,100,eml_b,171,0.06126887629411745,0.008411012573244975,0.1937218308540512,30
nguyen7,200,100,eml_b,172,0.06126887629411745,0.008411012573244975,0.1937218308540512,30
nguyen7,200,100,eml_b,173,0.06126887629411745,0.008411012573244975,0.1937218308540512,30
nguyen7,200,100,eml_b,174,0.06126887629411745,0.006018012717961425,0.1937218308540512,30
nguyen7,200,100,eml_b,175,0.06126887629411745,0.006018012717961425,0.1937218308540512,30
nguyen7,200,100,eml_b,176,0.06126887629411745,0.006018012717961425,0.1937218308540512,30
nguyen7,200,100,eml_b,177,0.06126887629411745,0.006018012717961425,0.1937218308540512,30
nguyen7,200,100,eml_b,178,0.06126887629411745,0.006018012717961425,0.1937218308540512,30
nguyen7,200,100,eml_b,179,0.06126887629411745,0.006018012717961425,0.1937218308540512,30
nguyen7,200,100,eml_b,180,0.06126887629411745,0.006018012717961425,0.1937218308540512,30
nguyen7,200,100,eml_b,181,0.06126887629411745,0.006018012717961425,0.1937218308540512,30
nguyen7,200,100,eml_b,182,0.06126887629411745,0.006018012717961425,0.1937218308540512,30
nguyen7,200,100,eml_b,183,0.06126887629411745,0.006018012717961425,0.1937218308540512,30
nguyen7,200,100,eml_b,184,0.06126887629411745,0.006018012717961425,0.1937218308540512,30
nguyen7,200,100,eml_b,185,0.06126887629411745,0.006018012717961425,0.1937218308540512,30
nguyen7,200,100,eml_b,186,0.06126887629411745,0.006018012717961425,0.1937218308540512,30
nguyen7,200,100,eml_b,187,0.06126887629411745,0.006018012717961425,0.1937218308540512,30
nguyen7,200,100,eml_b,188,0.06126887629411745,0.006018012717961425,0.1937218308540512,30
nguyen7,200,100,eml_b,189,0.06126887629411745,0.006018012717961425,0.1937218308540512,30
nguyen7,200,100,eml_b,190,0.06126887629411745,0.006018012717961425,0.1937218308540512,30
nguyen7,200,100,eml_b,191,0.06126887629411745,0.006018012717961425,0.1937218308540512,30
nguyen7,200,100,eml_b,192,0.06126887629411745,0.006018012717961425,0.1937218308540512,30
nguyen7,200,100,eml_b,193,0.06126887629411745,0.006018012717961425,0.1937218308540512,30
nguyen7,200,100,eml_b,194,0.06126887629411745,0.006018012717961425,0.1937218308540512,30
nguyen7,200,100,eml_b,195,0.06126887629411745,0.006018012717961425,0.1937218308540512,30
nguyen7,200,100,eml_b,196,0.06126887629411745,0.006018012717961425,0.1937218308540512,30
nguyen7,200,100,eml_b,197,0.06126887629411745,0.006018012717961425,0.1937218308540512,30
nguyen7,200,100,eml_b,198,0.06000674744216805,0.006018012717961425,0.1937218308540512,30
nguyen7,200,100,eml_b,199,0.06000674744216805,0.006018012717961425,0.1937218308540512,30
keijzer6,200,100,std_a,0,0.294836068583,0.131339179069155,0.3885278748090775,24
keijzer6,200,100,std_a,1,0.0274892754515405,0.0099856215379705,0.294836068583,24
keijzer6,200,100,std_a,2,0.0116314467202369,0.0099856215379705,0.1492596626879722,24
keijzer6,200,100,std_a,3,0.0099856215379705,0.0099856215379705,0.046099037148521274,24
keijzer6,200,100,std_a,4,0.0099856215379705,0.009257300555146824,0.0099856215379705,24
keijzer6,200,100,std_a,5,0.0099856215379705,0.008151603081132676,0.0099856215379705,24
keijzer6,200,100,std_a,6,0.0088102526062355,0.0072123952285363755,0.0099856215379705,24
keijzer6,200,100,std_a,7,0.007938329669047499,0.0030251312034277,0.0099856215379705,24
keijzer6,200,100,std_a,8,0.00685669594836695,0.0030251312034277,0.008524825930462101,24
keijzer6,200,100,std_a,9,0.0067122734730021005,0.0030251312034277,0.008432124590133452,24
keijzer6,200,100,std_a,10,0.0058964771035728,0.0030251312034277,0.007924404133542475,24
keijzer6,200,100,std_a,11,0.00533963958107085,0.0030076908994010002,0.007810782007331324,24
keijzer6,200,100,std_a,12,0.0043852175259214005,0.0029096694732295,0.00688139221517765,24
keijzer6,200,100,std_a,13,0.0041696849627069,0.0029096694732295,0.006239199782485175,24
keijzer6,200,100,std_a,14,0.00340431403062965,0.00288733857613655,0.006239199782485175,24
keijzer6,200,100,std_a,15,0.0030251312034277,0.0028224641151785,0.0059046267347872255,24
keijzer6,200,100,std_a,16,0.0030251312034277,0.0026883979670829497,0.005431149590832875,24
keijzer6,200,100,std_a,17,0.0030251312034277,0.00196940883724785,0.00510942768029175,24
keijzer6,200,100,std_a,18,0.0030251312034277,0.00196940883724785,0.00510942768029175,24
keijzer6,200,100,std_a,19,0.00298284805273585,0.001837309337022525,0.004585769856747525,24
keijzer6,200,100,std_a,20,0.00298284805273585,0.001837309337022525,0.0045712470455049,24
keijzer6,200,100,std_a,21,0.00272846000580245,0.001837309337022525,0.003255307831669675,24
keijzer6,200,100,std_a,22,0.00265796160136395,0.0017095885870785752,0.003255307831669675,24
keijzer6,200,100,std_a,23,0.0025479863894898,0.001592044251124875,0.003255307831669675,24
keijzer6,200,100,std_a,24,0.0025479863894898,0.001592044251124875,0.003255307831669675,24
keijzer6,200,100,std_a,25,0.0025479863894898,0.001266911214246425,0.0030251312034277,24
keijzer6,200,100,std_a,26,0.0023712972222617998,0.001266911214246425,0.0030251312034277,24
keijzer6,200,100,std_a,27,0.002368002772917,0.001241648428216575,0.0030251312034277,24
keijzer6,200,100,std_a,28,0.002368002772917,0.0009945272056890249,0.0030251312034277,24
keijzer6,200,100,std_a,29,0.002368002772917,0.000986060190263125,0.002927830189573075,24
keijzer6,200,100,std_a,30,0.002368002772917,0.0004792862078206,0.002927830189573075,24
keijzer6,200,100,std_a,31,0.002368002772917,0.0004792862078206,0.002927830189573075,24
keijzer6,200,100,std_a,32,0.002368002772917,0.0004792862078206,0.002927830189573075,24
keijzer6,200,100,std_a,33,0.00231995714406405,0.000421228161025875,0.002927830189573075,24
keijzer6,200,100,std_a,34,0.00231995714406405,0.0003698792633402,0.002927830189573075,24
keijzer6,200,100,std_a,35,0.00231995714406405,0.0003698792633402,0.002927830189573075,24
keijzer6,200,100,std_a,36,0.0022624271744338,0.0003698792633402,0.002804021159271775,24
keijzer6,200,100,std_a,37,0.0022624271744338,0.0003698792633402,0.002804021159271775,24
keijzer6,200,100,std_a,38,0.0021365121213217,0.000354636994839275,0.002804021159271775,24
keijzer6,200,100,std_a,39,0.0021365121213217,0.000354636994839275,0.002804021159271775,24
keijzer6,200,100,std_a,40,0.0021365121213217,0.000354636994839275,0.002804021159271775,24
keijzer6,200,100,std_a,41,0.0020563887281953,0.000354636994839275,0.002804021159271775,24
keijzer6,200,100,std_a,42,0.00204762524715415,0.000354636994839275,0.002804021159271775,24
keijzer6,200,100,std_a,43,0.00204762524715415,0.000354636994839275,0.002804021159271775,24
keijzer6,200,100,std_a,44,0.0019996634478171,0.000354636994839275,0.002804021159271775,24
keijzer6,200,100,std_a,45,0.0019996634478171,0.000354636994839275,0.002804021159271775,24
keijzer6,200,100,std_a,46,0.0019509764941966,0.000354636994839275,0.002804021159271775,24
keijzer6,200,100,std_a,47,0.0019509764941966,0.000354636994839275,0.002804021159271775,24
keijzer6,200,100,std_a,48,0.0019315507187046,0.000354636994839275,0.002804021159271775,24
keijzer6,200,100,std_a,49,0.0019315507187046,0.000354636994839275,0.002804021159271775,24
keijzer6,200,100,std_a,50,0.0018867416720066,0.000354636994839275,0.002804021159271775,24
keijzer6,200,100,std_a,51,0.0018867416720066,0.000354636994839275,0.002804021159271775,24
keijzer6,200,100,std_a,52,0.00185799082315235,0.000354636994839275,0.002804021159271775,24
keijzer6,200,100,std_a,53,0.0018503143490011002,0.000354636994839275,0.002784396342001375,24
keijzer6,200,100,std_a,54,0.00183660126872215,0.000354636994839275,0.002784396342001375,24
keijzer6,200,100,std_a,55,0.00183660126872215,0.000354636994839275,0.002784396342001375,24
keijzer6,200,100,std_a,56,0.00183660126872215,0.000354636994839275,0.002784396342001375,24
keijzer6,200,100,std_a,57,0.00183660126872215,0.000354636994839275,0.002784396342001375,24
keijzer6,200,100,std_a,58,0.00183660126872215,0.000354636994839275,0.002784396342001375,24
keijzer6,200,100,std_a,59,0.00183660126872215,0.000354636994839275,0.002784396342001375,24
keijzer6,200,100,std_a,60,0.0018179533471092998,0.000354636994839275,0.002784396342001375,24
keijzer6,200,100,std_a,61,0.0018179533471092998,0.000354636994839275,0.002778406061898575,24
keijzer6,200,100,std_a,62,0.0018179533471092998,0.000354636994839275,0.002778406061898575,24
keijzer6,200,100,std_a,63,0.0018179533471092998,0.000354636994839275,0.002778406061898575,24
keijzer6,200,100,std_a,64,0.0018179521337055998,0.000354636994839275,0.002778406061898575,24
keijzer6,200,100,std_a,65,0.0018179521337055998,0.000354636994839275,0.002778406061898575,24
keijzer6,200,100,std_a,66,0.0018179521337055998,0.000354636994839275,0.002778406061898575,24
keijzer6,200,100,std_a,67,0.0018179521337055998,0.000354636994839275,0.002778406061898575,24
keijzer6,200,100,std_a,68,0.0018179521337055998,0.000354636994839275,0.002778406061898575,24
keijzer6,200,100,std_a,69,0.0018178222779132,0.000354636994839275,0.002778406061898575,24
keijzer6,200,100,std_a,70,0.0018178222779132,0.000354636994839275,0.002778406061898575,24
keijzer6,200,100,std_a,71,0.0018178222779132,0.000354636994839275,0.002778406061898575,24
keijzer6,200,100,std_a,72,0.0018041359410612,0.000354636994839275,0.002778406061898575,24
keijzer6,200,100,std_a,73,0.0018041359410612,0.000354636994839275,0.002778406061898575,24
keijzer6,200,100,std_a,74,0.0018041359410612,0.000354636994839275,0.002417071116113825,24
keijzer6,200,100,std_a,75,0.0018041359410612,0.000354636994839275,0.002417071116113825,24
keijzer6,200,100,std_a,76,0.0018041359410612,0.000354636994839275,0.002417071116113825,24
keijzer6,200,100,std_a,77,0.0018041359410612,0.000354636994839275,0.002417071116113825,24
keijzer6,200,100,std_a,78,0.0018041359410612,0.000354636994839275,0.002417071116113825,24
keijzer6,200,100,std_a,79,0.0018041359410612,0.000354636994839275,0.002417071116113825,24
keijzer6,200,100,std_a,80,0.0018041359410612,0.000354636994839275,0.002417071116113825,24
keijzer6,200,100,std_a,81,0.0018041359410612,0.000354636994839275,0.002417071116113825,24
keijzer6,200,100,std_a,82,0.0018041359410612,0.000354636994839275,0.002417071116113825,24
keijzer6,200,100,std_a,83,0.0018041359410612,0.000354636994839275,0.002417071116113825,24
keijzer6,200,100,std_a,84,0.0018041359410612,0.000354636994839275,0.002417071116113825,24
keijzer6,200,100,std_a,85,0.00174216765488845,0.000354636994839275,0.002417071116113825,24
keijzer6,200,100,std_a,86,0.00174216765488845,0.000354636994839275,0.002417071116113825,24
keijzer6,200,100,std_a,87,0.00174216765488845,0.000354636994839275,0.002417071116113825,24
keijzer6,200,100,std_a,88,0.00174216765488845,0.000354636994839275,0.002417071116113825,24
keijzer6,200,100,std_a,89,0.00174216765488845,0.000354636994839275,0.002417071116113825,24
keijzer6,200,100,std_a,90,0.00174216765488845,0.000354636994839275,0.002417071116113825,24
keijzer6,200,100,std_a,91,0.00156543942427435,0.000354636994839275,0.002417071116113825,24
keijzer6,200,100,std_a,92,0.00156543942427435,0.000354636994839275,0.002417071116113825,24
keijzer6,200,100,std_a,93,0.00156543942427435,0.000354636994839275,0.002290116996423325,24
keijzer6,200,100,std_a,94,0.00156543942427435,0.000354636994839275,0.002290116996423325,24
keijzer6,200,100,std_a,95,0.00156543942427435,0.000354636994839275,0.002290116996423325,24
keijzer6,200,100,std_a,96,0.00156543942427435,0.000354636994839275,0.002290116996423325,24
keijzer6,200,100,std_a,97,0.00156543942427435,0.000354636994839275,0.002290116996423325,24
keijzer6,200,100,std_a,98,0.00156543942427435,0.000354636994839275,0.002290116996423325,24
keijzer6,200,100,std_a,99,0.00156543942427435,0.000354636994839275,0.002290116996423325,24
keijzer6,200,100,std_a,100,0.00156543942427435,0.000354636994839275,0.002290116996423325,24
keijzer6,200,100,std_a,101,0.00156543942427435,0.000354636994839275,0.002290116996423325,24
keijzer6,200,100,std_a,102,0.00156543942427435,0.000354636994839275,0.002290116996423325,24
keijzer6,200,100,std_a,103,0.00156543942427435,0.000354636994839275,0.002290116996423325,24
keijzer6,200,100,std_a,104,0.00156543942427435,0.000354636994839275,0.002290116996423325,24
keijzer6,200,100,std_a,105,0.0015533733893273501,0.000354636994839275,0.002290116996423325,24
keijzer6,200,100,std_a,106,0.0015533733893273501,0.000354636994839275,0.002290116996423325,24
keijzer6,200,100,std_a,107,0.0015533733893273501,0.000354636994839275,0.002290116996423325,24
keijzer6,200,100,std_a,108,0.0015533733893273501,0.000354636994839275,0.00218382254041915,24
keijzer6,200,100,std_a,109,0.0015533733893273501,0.000354636994839275,0.00218382254041915,24
keijzer6,200,100,std_a,110,0.0014962664896874499,0.000354636994839275,0.00218382254041915,24
keijzer6,200,100,std_a,111,0.0014962664896874499,0.000354636994839275,0.00218382254041915,24
keijzer6,200,100,std_a,112,0.0014962664896874499,0.000354636994839275,0.00218382254041915,24
keijzer6,200,100,std_a,113,0.0014962664896874499,0.000354636994839275,0.00218382254041915,24
keijzer6,200,100,std_a,114,0.0014927580941698,0.000354636994839275,0.00218382254041915,24
keijzer6,200,100,std_a,115,0.0014876731773233,0.000354636994839275,0.00218382254041915,24
keijzer6,200,100,std_a,116,0.0014873711900018,0.000354636994839275,0.00218382254041915,24
keijzer6,200,100,std_a,117,0.0014873711900018,0.000354636994839275,0.00218382254041915,24
keijzer6,200,100,std_a,118,0.0014873711900018,0.000354636994839275,0.00218382254041915,24
keijzer6,200,100,std_a,119,0.0014873711900018,0.000354636994839275,0.00218382254041915,24
keijzer6,200,100,std_a,120,0.0014873711900018,0.000354636994839275,0.00218382254041915,24
keijzer6,200,100,std_a,121,0.0014873711900018,0.000354636994839275,0.00218382254041915,24
keijzer6,200,100,std_a,122,0.0014873711900018,0.000354636994839275,0.00218382254041915,24
keijzer6,200,100,std_a,123,0.0014873711900018,0.000354636994839275,0.00218382254041915,24
keijzer6,200,100,std_a,124,0.0014873711900018,0.000354636994839275,0.00218382254041915,24
keijzer6,200,100,std_a,125,0.0014873711900018,0.000354636994839275,0.00218382254041915,24
keijzer6,200,100,std_a,126,0.0014873711900018,0.000354636994839275,0.00218382254041915,24
keijzer6,200,100,std_a,127,0.0014873711900018,0.000212338009992525,0.00218382254041915,24
keijzer6,200,100,std_a,128,0.0014873711900018,0.000212338009992525,0.00218382254041915,24
keijzer6,200,100,std_a,129,0.0014873711900018,0.000212338009992525,0.00218382254041915,24
keijzer6,200,100,std_a,130,0.0014873711900018,0.000212338009992525,0.00218382254041915,24
keijzer6,200,100,std_a,131,0.0014873711900018,0.000212338009992525,0.00218382254041915,24
keijzer6,200,100,std_a,132,0.0014873711900018,0.000212338009992525,0.00218382254041915,24
keijzer6,200,100,std_a,133,0.0014873711900018,0.000212338009992525,0.00218382254041915,24
keijzer6,200,100,std_a,134,0.0014808750025722501,0.000212338009992525,0.00218382254041915,24
keijzer6,200,100,std_a,135,0.0014808750025722501,0.000212338009992525,0.00218382254041915,24
keijzer6,200,100,std_a,136,0.0014808750025722501,0.000212338009992525,0.00218382254041915,24
keijzer6,200,100,std_a,137,0.0014808750025722501,0.000212338009992525,0.00218382254041915,24
keijzer6,200,100,std_a,138,0.0014808750025722501,0.000212338009992525,0.00218382254041915,24
keijzer6,200,100,std_a,139,0.0014808750025722501,0.000212338009992525,0.00218382254041915,24
keijzer6,200,100,std_a,140,0.0014808750025722501,0.000212338009992525,0.00218382254041915,24
keijzer6,200,100,std_a,141,0.0014808750025722501,0.000212338009992525,0.00218382254041915,24
keijzer6,200,100,std_a,142,0.0014808750025722501,0.00018838800819492307,0.00218382254041915,24
keijzer6,200,100,std_a,143,0.0014808750025722501,0.00018838800819492307,0.00218382254041915,24
keijzer6,200,100,std_a,144,0.0014808750025722501,0.00018838800819492307,0.00218382254041915,24
keijzer6,200,100,std_a,145,0.0014808750025722501,0.00018838800819492307,0.00218382254041915,24
keijzer6,200,100,std_a,146,0.0014808750025722501,0.00018838800819492307,0.00218382254041915,24
keijzer6,200,100,std_a,147,0.0014808750025722501,0.00018838800819492307,0.00218382254041915,24
keijzer6,200,100,std_a,148,0.0014808750025722501,0.00018838800819492307,0.00218382254041915,24
keijzer6,200,100,std_a,149,0.0014321300502877499,0.00018838800819492307,0.00218382254041915,24
keijzer6,200,100,std_a,150,0.0014321300502877499,0.00018838800819492307,0.00218382254041915,24
keijzer6,200,100,std_a,151,0.0013733592968396,0.00018838800819492307,0.00218382254041915,24
keijzer6,200,100,std_a,152,0.0013733592968396,0.00018838800819492307,0.00218382254041915,24
keijzer6,200,100,std_a,153,0.0013728259929625501,0.00018838800819492307,0.00218382254041915,24
keijzer6,200,100,std_a,154,0.0013728259929625501,0.00018838800819492307,0.00218382254041915,24
keijzer6,200,100,std_a,155,0.0013728259929625501,0.00018838800819492307,0.00218382254041915,24
keijzer6,200,100,std_a,156,0.0013728259929625501,0.00018838800819492307,0.00218382254041915,24
keijzer6,200,100,std_a,157,0.0013728259929625501,0.00018838800819492307,0.00218382254041915,24
keijzer6,200,100,std_a,158,0.0013728259929625501,0.00018838800819492307,0.00218382254041915,24
keijzer6,200,100,std_a,159,0.00136039130909545,0.00018838800819492307,0.00218382254041915,24
keijzer6,200,100,std_a,160,0.00136039130909545,0.00018838800819492307,0.00218382254041915,24
keijzer6,200,100,std_a,161,0.00136039130909545,0.00018838800819492307,0.00218382254041915,24
keijzer6,200,100,std_a,162,0.00136039130909545,0.00018838800819492307,0.00218382254041915,24
keijzer6,200,100,std_a,163,0.00136039130909545,0.00018838800819492307,0.00218382254041915,24
keijzer6,200,100,std_a,164,0.00136039130909545,0.00018838800819492307,0.00218382254041915,24
keijzer6,200,100,std_a,165,0.00136039130909545,0.00018838800819492307,0.00218382254041915,24
keijzer6,200,100,std_a,166,0.0013598443826129,0.00018838800819492307,0.00218382254041915,24
keijzer6,200,100,std_a,167,0.00131946314998965,0.00018838800819492307,0.00218382254041915,24
keijzer6,200,100,std_a,168,0.00131737921187645,0.00018838800819492307,0.00218382254041915,24
keijzer6,200,100,std_a,169,0.00131737921187645,0.00018838800819492307,0.00218382254041915,24
keijzer6,200,100,std_a,170,0.00131737921187645,0.00018838800819492307,0.00218382254041915,24
keijzer6,200,100,std_a,171,0.00131737921187645,0.00018838800819492307,0.00218382254041915,24
keijzer6,200,100,std_a,172,0.00131553783593985,0.00018838800819492307,0.00218382254041915,24
keijzer6,200,100,std_a,173,0.00131495995939515,0.00018838800819492307,0.00218382254041915,24
keijzer6,200,100,std_a,174,0.00131495995939515,0.00018838800819492307,0.00218382254041915,24
keijzer6,200,100,std_a,175,0.00131495995939515,0.00018838800819492307,0.00218382254041915,24
keijzer6,200,100,std_a,176,0.00131495995939515,0.00018838800819492307,0.00218382254041915,24
keijzer6,200,100,std_a,177,0.00131495995939515,0.00018838800819492307,0.00218382254041915,24
keijzer6,200,100,std_a,178,0.00131495995939515,0.00018838800819492307,0.00218382254041915,24
keijzer6,200,100,std_a,179,0.00131495995939515,0.00018838800819492307,0.002169353999411325,24
keijzer6,200,100,std_a,180,0.00131495995939515,0.00018838800819492307,0.002168886884669625,24
keijzer6,200,100,std_a,181,0.00131495995939515,0.00018838800819492307,0.002048028533072275,24
keijzer6,200,100,std_a,182,0.00131495995939515,0.00018838800819492307,0.002048028533072275,24
keijzer6,200,100,std_a,183,0.00131495995939515,0.00018838800819492307,0.002048028533072275,24
keijzer6,200,100,std_a,184,0.00123414362927265,0.00018838800819492307,0.002024531787388075,24
keijzer6,200,100,std_a,185,0.00123414362927265,0.00018838800819492307,0.002024531787388075,24
keijzer6,200,100,std_a,186,0.00123414362927265,0.00018838800819492307,0.002024531787388075,24
keijzer6,200,100,std_a,187,0.0012007390602567,0.00018838800819492307,0.002024531787388075,24
keijzer6,200,100,std_a,188,0.0012007390602567,0.00018838800819492307,0.002024531787388075,24
keijzer6,200,100,std_a,189,0.0012007390602567,0.00018838800819492307,0.002024531787388075,24
keijzer6,200,100,std_a,190,0.0012007390602567,0.00018838800819492307,0.002024531787388075,24
keijzer6,200,100,std_a,191,0.0012007390602567,0.00018838800819492307,0.002024531787388075,24
keijzer6,200,100,std_a,192,0.0012007390602567,0.00018838800819492307,0.002024531787388075,24
keijzer6,200,100,std_a,193,0.00118353071366275,0.00018838800819492307,0.002024531787388075,24
keijzer6,200,100,std_a,194,0.00118353071366275,0.00018838800819492307,0.002024531787388075,24
keijzer6,200,100,std_a,195,0.0011023138045119,0.00018838800819492307,0.002024531787388075,24
keijzer6,200,100,std_a,196,0.0010909123299222999,0.00018838800819492307,0.002024531787388075,24
keijzer6,200,100,std_a,197,0.0010831976873794998,0.00018838800819492307,0.002024531787388075,24
keijzer6,200,100,std_a,198,0.0010831976873794998,0.00018838800819492307,0.002024531787388075,24
keijzer6,200,100,std_a,199,0.0010831976873794998,0.00018838800819492307,0.002024531787388075,24
keijzer6,200,100,eml_a,0,4.177325303757187,1.4355100704832524,10.471571555985797,18
keijzer6,200,100,eml_a,1,2.6512207136453294,1.4355100704832524,6.788988120832029,18
keijzer6,200,100,eml_a,2,1.4355100704832524,1.4355100704832524,1.4355100704832524,18
keijzer6,200,100,eml_a,3,1.4355100704832524,0.4851553641636882,1.4355100704832524,18
keijzer6,200,100,eml_a,4,1.4079837119655592,0.3885278748090775,1.4355100704832524,18
keijzer6,200,100,eml_a,5,1.0748125374093567,0.3885278748090775,1.4355100704832524,18
keijzer6,200,100,eml_a,6,1.073780700254822,0.3885278748090775,1.4355100704832524,18
keijzer6,200,100,eml_a,7,1.0737806937716041,0.3885278748090775,1.4355100704832524,18
keijzer6,200,100,eml_a,8,1.0737806937716041,0.3885278748090775,1.4355100704832524,18
keijzer6,200,100,eml_a,9,0.5588028852314569,0.3885278748090775,1.4355100704832524,18
keijzer6,200,100,eml_a,10,0.3885278748090775,0.3885278748090775,1.4355100704832524,18
keijzer6,200,100,eml_a,11,0.3885278748090775,0.3885278748090775,1.4355100704832524,18
keijzer6,200,100,eml_a,12,0.3885278748090775,0.3885278748090775,1.4355100704832524,18
keijzer6,200,100,eml_a,13,0.3885278748090775,0.3885278748090775,1.4355100704832524,18
keijzer6,200,100,eml_a,14,0.3885278748090775,0.3885278748090775,1.4355100704832524,18
keijzer6,200,100,eml_a,15,0.3885278748090775,0.3885278748090775,1.4355100704832524,18
keijzer6,200,100,eml_a,16,0.3885278748090775,0.3885278748090775,1.4355100704832524,18
keijzer6,200,100,eml_a,17,0.3885278748090775,0.3885278748090775,1.3273528498546634,18
keijzer6,200,100,eml_a,18,0.3885278748090775,0.3885278748090775,1.3273528498546634,18
keijzer6,200,100,eml_a,19,0.3885278748090775,0.3885278748090775,1.3273520122158737,18
keijzer6,200,100,eml_a,20,0.3885278748090775,0.30746394543681593,1.3273520122158737,18
keijzer6,200,100,eml_a,21,0.3885278748090775,0.2979318861873248,1.3273520122158737,18
keijzer6,200,100,eml_a,22,0.3885278748090775,0.29793115049749663,1.3273520122158737,18
keijzer6,200,100,eml_a,23,0.3885278748090775,0.28475497130022387,1.267978606899502,18
keijzer6,200,100,eml_a,24,0.3885278748090775,0.28475497130022387,1.267978606899502,18
keijzer6,200,100,eml_a,25,0.3885278748090775,0.2838987260384898,0.6709010918892604,18
keijzer6,200,100,eml_a,26,0.3885278748090775,0.24568063568662285,0.6709010918892604,18
keijzer6,200,100,eml_a,27,0.3885278748090775,0.24568063568662285,0.3885278748090775,18
keijzer6,200,100,eml_a,28,0.3885278748090775,0.24568063568662285,0.3885278748090775,18
keijzer6,200,100,eml_a,29,0.3885278748090775,0.22824575788458124,0.3885278748090775,18
keijzer6,200,100,eml_a,30,0.3885278748090775,0.22588330106131999,0.3885278748090775,18
keijzer6,200,100,eml_a,31,0.3885278748090775,0.22588330106131999,0.3885278748090775,18
keijzer6,200,100,eml_a,32,0.3885278748090775,0.22239494524440045,0.3885278748090775,18
keijzer6,200,100,eml_a,33,0.3885278748090775,0.2196918501679871,0.3885278748090775,18
keijzer6,200,100,eml_a,34,0.3885278748090775,0.21383088066180234,0.3885278748090775,18
keijzer6,200,100,eml_a,35,0.3885278748090775,0.21383088066180234,0.3885278748090775,18
keijzer6,200,100,eml_a,36,0.3885278748090775,0.21383088066180234,0.3885278748090775,18
keijzer6,200,100,eml_a,37,0.3885278748090775,0.21124138767364886,0.3885278748090775,18
keijzer6,200,100,eml_a,38,0.3885278748090775,0.21124138767364886,0.3885278748090775,18
keijzer6,200,100,eml_a,39,0.3885278748090775,0.20074801911013598,0.3885278748090775,18
keijzer6,200,100,eml_a,40,0.3885278748090775,0.20044428612700715,0.3885278748090775,18
keijzer6,200,100,eml_a,41,0.3885278748090775,0.20037628961931742,0.3885278748090775,18
keijzer6,200,100,eml_a,42,0.3885278748090775,0.20037628961931742,0.3885278748090775,18
keijzer6,200,100,eml_a,43,0.3885278748090775,0.20037628961931742,0.3885278748090775,18
keijzer6,200,100,eml_a,44,0.3885278748090775,0.19930344908050318,0.3885278748090775,18
keijzer6,200,100,eml_a,45,0.3885278748090775,0.19804200891112328,0.3885278748090775,18
keijzer6,200,100,eml_a,46,0.3885278748090775,0.19804200436988437,0.3885278748090775,18
keijzer6,200,100,eml_a,47,0.3885278748090775,0.19804200436988437,0.3885278748090775,18
keijzer6,200,100,eml_a,48,0.3885278748090775,0.19804200436988437,0.3885278748090775,18
keijzer6,200,100,eml_a,49,0.3885278748090775,0.19804200436988437,0.3885278748090775,18
keijzer6,200,100,eml_a,50,0.3885278748090775,0.19527606531663855,0.3885278748090775,18
keijzer6,200,100,eml_a,51,0.3885278748090775,0.19527606531663855,0.3885278748090775,18
keijzer6,200,100,eml_a,52,0.3885278748090775,0.19527606531663855,0.3885278748090775,18
keijzer6,200,100,eml_a,53,0.3885278748090775,0.1947129989132927,0.3885278748090775,18
keijzer6,200,100,eml_a,54,0.3885278748090775,0.1947129989132927,0.3885278748090775,18
keijzer6,200,100,eml_a,55,0.3885278748090775,0.1947129989132927,0.3885278748090775,18
keijzer6,200,100,eml_a,56,0.3885278748090775,0.19192331952920302,0.3885278748090775,18
keijzer6,200,100,eml_a,57,0.3885278748090775,0.19192331952920302,0.3885278748090775,18
keijzer6,200,100,eml_a,58,0.3885278748090775,0.19192331952920302,0.3885278748090775,18
keijzer6,200,100,eml_a,59,0.3885278748090775,0.19070210045957273,0.3885278748090775,18
keijzer6,200,100,eml_a,60,0.3885278748090775,0.19070210045957273,0.3885278748090775,18
keijzer6,200,100,eml_a,61,0.3885278748090775,0.19070210045910224,0.3885278748090775,18
keijzer6,200,100,eml_a,62,0.3885278748090775,0.19070210045910224,0.3885278748090775,18
keijzer6,200,100,eml_a,63,0.3885278748090775,0.19070156818854814,0.3885278748090775,18
keijzer6,200,100,eml_a,64,0.3885278748090775,0.1906985752809139,0.3885278748090775,18
keijzer6,200,100,eml_a,65,0.3885278748090775,0.1906985752809139,0.3885278748090775,18
keijzer6,200,100,eml_a,66,0.3885278748090775,0.13276292328543102,0.3885278748090775,18
keijzer6,200,100,eml_a,67,0.3885278748090775,0.13276292328543102,0.3885278748090775,18
keijzer6,200,100,eml_a,68,0.3885278748090775,0.13276292328543102,0.3885278748090775,18
keijzer6,200,100,eml_a,69,0.3885278748090775,0.1256083923469184,0.3885278748090775,18
keijzer6,200,100,eml_a,70,0.3885278748090775,0.12418692793323421,0.3885278748090775,18
keijzer6,200,100,eml_a,71,0.3885278748090775,0.12418692793323421,0.3885278748090775,18
keijzer6,200,100,eml_a,72,0.3885278748090775,0.12418692793323421,0.3885278748090775,18
keijzer6,200,100,eml_a,73,0.3885278748090775,0.1241816339840675,0.3885278748090775,18
keijzer6,200,100,eml_a,74,0.3885278748090775,0.12372009054351317,0.3885278748090775,18
keijzer6,200,100,eml_a,75,0.3885278748090775,0.12372009054351317,0.3885278748090775,18
keijzer6,200,100,eml_a,76,0.3885278748090775,0.12333585286604823,0.3885278748090775,18
keijzer6,200,100,eml_a,77,0.3885278748090775,0.12333564184472015,0.3885278748090775,18
keijzer6,200,100,eml_a,78,0.3885278748090775,0.12333564184472015,0.3885278748090775,18
keijzer6,200,100,eml_a,79,0.3885278748090775,0.123290900548428,0.3885278748090775,18
keijzer6,200,100,eml_a,80,0.3885278748090775,0.123290900548428,0.3885278748090775,18
keijzer6,200,100,eml_a,81,0.3885278748090775,0.123290900548428,0.3885278748090775,18
keijzer6,200,100,eml_a,82,0.3885278748090775,0.123290900548428,0.3885278748090775,18
keijzer6,200,100,eml_a,83,0.3885278748090775,0.123290900548428,0.3885278748090775,18
keijzer6,200,100,eml_a,84,0.3885278748090775,0.12320635338819083,0.3885278748090775,18
keijzer6,200,100,eml_a,85,0.3885278748090775,0.12320635338819083,0.3885278748090775,18
keijzer6,200,100,eml_a,86,0.3885278748090775,0.12320635338819083,0.3885278748090775,18
keijzer6,200,100,eml_a,87,0.3885278748090775,0.12320635338819083,0.3885278748090775,18
keijzer6,200,100,eml_a,88,0.3885278748090775,0.12320505239180546,0.3885278748090775,18
keijzer6,200,100,eml_a,89,0.3885278748090775,0.12320505239180546,0.3885278748090775,18
keijzer6,200,100,eml_a,90,0.3885278748090775,0.12320505239180546,0.3885278748090775,18
keijzer6,200,100,eml_a,91,0.3885278748090775,0.12320505239180546,0.3885278748090775,18
keijzer6,200,100,eml_a,92,0.3885278748090775,0.12144170945165192,0.3885278748090775,18
keijzer6,200,100,eml_a,93,0.3885278748090775,0.12144170945165192,0.3885278748090775,18
keijzer6,200,100,eml_a,94,0.3885278748090775,0.12144170945165192,0.3885278748090775,18
keijzer6,200,100,eml_a,95,0.3885278748090775,0.11117118030047653,0.3885278748090775,18
keijzer6,200,100,eml_a,96,0.3885278748090775,0.11117103053533661,0.3885278748090775,18
keijzer6,200,100,eml_a,97,0.3885278748090775,0.11117103053533661,0.3885278748090775,18
keijzer6,200,100,eml_a,98,0.3483871194210984,0.1111513351904255,0.3885278748090775,18
keijzer6,200,100,eml_a,99,0.3483871194210984,0.1037993716216145,0.3885278748090775,18
keijzer6,200,100,eml_a,100,0.3483871194210984,0.1037993716216145,0.3885278748090775,18
keijzer6,200,100,eml_a,101,0.2449591191453753,0.10297178401700775,0.3885278748090775,18
keijzer6,200,100,eml_a,102,0.2449591191453753,0.10296926438379937,0.3885278748090775,18
keijzer6,200,100,eml_a,103,0.19400116205517934,0.1015965238973019,0.3885278748090775,18
keijzer6,200,100,eml_a,104,0.19400116205517934,0.08438680322541002,0.3885278748090775,18
keijzer6,200,100,eml_a,105,0.19400116205517934,0.07331423833127725,0.3885278748090775,18
keijzer6,200,100,eml_a,106,0.1666780148969954,0.07260298724522192,0.3885278748090775,18
keijzer6,200,100,eml_a,107,0.16661851196463764,0.07260298724522192,0.3885278748090775,18
keijzer6,200,100,eml_a,108,0.15745917671926105,0.0692977796688818,0.3885278748090775,18
keijzer6,200,100,eml_a,109,0.15745917671926105,0.0692977796688818,0.3885278748090775,18
keijzer6,200,100,eml_a,110,0.15745917671926105,0.05526115380973355,0.3885278748090775,18
keijzer6,200,100,eml_a,111,0.1401003274425954,0.0551689085766713,0.3807342080945255,18
keijzer6,200,100,eml_a,112,0.1401003274425954,0.0551689085766713,0.3807342080945255,18
keijzer6,200,100,eml_a,113,0.1376882278966749,0.05516890253898478,0.3807342080945255,18
keijzer6,200,100,eml_a,114,0.1127159129740323,0.03471720481070123,0.3807342080945255,18
keijzer6,200,100,eml_a,115,0.1127159129740323,0.03468721789933995,0.37926964702993465,18
keijzer6,200,100,eml_a,116,0.11238294402895796,0.033190943919149826,0.37926964702993465,18
keijzer6,200,100,eml_a,117,0.09576476466445916,0.033190943919149826,0.37926964702993465,18
keijzer6,200,100,eml_a,118,0.09494735015437294,0.0331472114417803,0.37741854771246847,18
keijzer6,200,100,eml_a,119,0.0945324705704905,0.0331472114417803,0.37741854771246847,18
keijzer6,200,100,eml_a,120,0.0940323716730675,0.0331472114417803,0.37741854771246847,18
keijzer6,200,100,eml_a,121,0.0940323716730675,0.0331472114417803,0.37741854771246847,18
keijzer6,200,100,eml_a,122,0.09400024713858285,0.0331472114417803,0.37741854771246847,18
keijzer6,200,100,eml_a,123,0.09400024713858285,0.03300721612365905,0.37741854771246847,18
keijzer6,200,100,eml_a,124,0.0939554863558899,0.03300721612365905,0.36822368479214407,18
keijzer6,200,100,eml_a,125,0.09394583162964121,0.03300721612365905,0.36822368479214407,18
keijzer6,200,100,eml_a,126,0.09394583162964121,0.03300721612365905,0.36813473312943007,18
keijzer6,200,100,eml_a,127,0.09394583162964121,0.03300721612365905,0.36813473312943007,18
keijzer6,200,100,eml_a,128,0.09394583162964121,0.033007216048812654,0.36813473312943007,18
keijzer6,200,100,eml_a,129,0.0939255875650106,0.033007216048812654,0.36813473312943007,18
keijzer6,200,100,eml_a,130,0.0939255875650106,0.033007216048812654,0.36813473312943007,18
keijzer6,200,100,eml_a,131,0.09392140960221809,0.033007216048812654,0.36813473312943007,18
keijzer6,200,100,eml_a,132,0.09381382637702504,0.01393917274419305,0.36813473312943007,18
keijzer6,200,100,eml_a,133,0.0919946500274221,0.01393917274419305,0.36813473312943007,18
keijzer6,200,100,eml_a,134,0.0919946500274221,0.01393917274419305,0.36813473312943007,18
keijzer6,200,100,eml_a,135,0.0919946500274221,0.01393917274419305,0.36813473312943007,18
keijzer6,200,100,eml_a,136,0.09199460299837114,0.013938793954868502,0.36813473312943007,18
keijzer6,200,100,eml_a,137,0.09199460299837114,0.013830459870715326,0.36813473312943007,18
keijzer6,200,100,eml_a,138,0.09199460299837114,0.013830459870715326,0.36813473312943007,18
keijzer6,200,100,eml_a,139,0.09199460299837114,0.01364881770498885,0.36813473312943007,18
keijzer6,200,100,eml_a,140,0.09199460299837114,0.013602918072504199,0.36813473312943007,18
keijzer6,200,100,eml_a,141,0.09199052026267425,0.013602918072504199,0.36813473312943007,18
keijzer6,200,100,eml_a,142,0.09194368061288524,0.013586497898377774,0.36813473312943007,18
keijzer6,200,100,eml_a,143,0.09194368061288524,0.013586497898377774,0.36813473312943007,18
keijzer6,200,100,eml_a,144,0.0919391786432735,0.013562110716965677,0.36813473312943007,18
keijzer6,200,100,eml_a,145,0.0919391786432735,0.013562110716965677,0.36813473312943007,18
keijzer6,200,100,eml_a,146,0.0919391786432735,0.013562110716965677,0.36813473312943007,18
keijzer6,200,100,eml_a,147,0.0919391786432735,0.013528083045957227,0.36813473312943007,18
keijzer6,200,100,eml_a,148,0.091936449316788,0.012945567071270276,0.36813473312943007,18
keijzer6,200,100,eml_a,149,0.091936449316788,0.012945567071270276,0.36813473312943007,18
keijzer6,200,100,eml_a,150,0.091936449316788,0.012945567071270276,0.36813473312943007,18
keijzer6,200,100,eml_a,151,0.09193597337167181,0.012944610695042724,0.36813473312943007,18
keijzer6,200,100,eml_a,152,0.09193597337167181,0.012934470134991475,0.36813473312943007,18
keijzer6,200,100,eml_a,153,0.09193592746426495,0.012934470134991475,0.36813473312943007,18
keijzer6,200,100,eml_a,154,0.09193592746426495,0.012934470134991475,0.36813473312943007,18
keijzer6,200,100,eml_a,155,0.0919307679174918,0.012934470134991475,0.36813473312943007,18
keijzer6,200,100,eml_a,156,0.09193076782499321,0.012934470134991475,0.360151563882822,18
keijzer6,200,100,eml_a,157,0.09193074566631665,0.01279692388290535,0.360151563882822,18
keijzer6,200,100,eml_a,158,0.09193074566631665,0.01279692388290535,0.28191148794635823,18
keijzer6,200,100,eml_a,159,0.09193074566631665,0.01279692388290535,0.27883554264841465,18
keijzer6,200,100,eml_a,160,0.0919263873564164,0.01279692388290535,0.27883554264841465,18
keijzer6,200,100,eml_a,161,0.0919263873564164,0.01279692388290535,0.27883554264841465,18
keijzer6,200,100,eml_a,162,0.0918431120109914,0.01279692388290535,0.2772126615580215,18
keijzer6,200,100,eml_a,163,0.0918431120109914,0.01279692388290535,0.276029169533443,18
keijzer6,200,100,eml_a,164,0.0918431120109914,0.01279692388290535,0.276029169533443,18
keijzer6,200,100,eml_a,165,0.0918431120109914,0.01279692388290535,0.276029169533443,18
keijzer6,200,100,eml_a,166,0.0918430909299576,0.012754949747829999,0.276029169533443,18
keijzer6,200,100,eml_a,167,0.0918430909299576,0.012754949747829999,0.276029169533443,18
keijzer6,200,100,eml_a,168,0.0918430909299576,0.012754949747829999,0.276029169533443,18
keijzer6,200,100,eml_a,169,0.0918430909299576,0.012754949747829999,0.276029169533443,18
keijzer6,200,100,eml_a,170,0.09184210355661865,0.012754949747829999,0.276029169533443,18
keijzer6,200,100,eml_a,171,0.09184210355661865,0.012754949747829999,0.276029169533443,18
keijzer6,200,100,eml_a,172,0.09184131660426251,0.012754949747829999,0.276029169533443,18
keijzer6,200,100,eml_a,173,0.09184131652222391,0.012754949747829999,0.27602916953343803,18
keijzer6,200,100,eml_a,174,0.0918413119655268,0.012754949747829999,0.27602916953343803,18
keijzer6,200,100,eml_a,175,0.0918412959862291,0.012754949747829999,0.27602916953343803,18
keijzer6,200,100,eml_a,176,0.0918365458835288,0.012754949747829999,0.27602916953343803,18
keijzer6,200,100,eml_a,177,0.0918365458835288,0.012754949747829999,0.27602916953343803,18
keijzer6,200,100,eml_a,178,0.0918365458835288,0.012754949747829999,0.27602916953343803,18
keijzer6,200,100,eml_a,179,0.0918365458835288,0.012754949747829999,0.27602916953343803,18
keijzer6,200,100,eml_a,180,0.0918365458835288,0.012754949747829999,0.27602916953343803,18
keijzer6,200,100,eml_a,181,0.0918365458835288,0.012754949747829999,0.27602916953343803,18
keijzer6,200,100,eml_a,182,0.0918365458835288,0.012754949747829999,0.27602916953343803,18
keijzer6,200,100,eml_a,183,0.0918365458835288,0.01269137045668195,0.2759691231397023,18
keijzer6,200,100,eml_a,184,0.0918365458835288,0.01269137045668195,0.2759691231397023,18
keijzer6,200,100,eml_a,185,0.0918285303531731,0.01269137045668195,0.2759691231397023,18
keijzer6,200,100,eml_a,186,0.08399234390601246,0.01269137045668195,0.2759691231397023,18
keijzer6,200,100,eml_a,187,0.08399234390601246,0.01269137045668195,0.2759691231397023,18
keijzer6,200,100,eml_a,188,0.0839905289254721,0.01269137045668195,0.2759691231397023,18
keijzer6,200,100,eml_a,189,0.0795690353120366,0.01269137045668195,0.2759691231397023,18
keijzer6,200,100,eml_a,190,0.0795690353120366,0.01269137045668195,0.2759691231397023,18
keijzer6,200,100,eml_a,191,0.0795690353120366,0.01269137045668195,0.2759691231397023,18
keijzer6,200,100,eml_a,192,0.0795690353120366,0.01269137045668195,0.2759691231397023,18
keijzer6,200,100,eml_a,193,0.07826464498005936,0.01269137045668195,0.2759691231397023,18
keijzer6,200,100,eml_a,194,0.07826349848671466,0.01269137045668195,0.2759691231397023,18
keijzer6,200,100,eml_a,195,0.07791577418346521,0.01269137045668195,0.2759691231397023,18
keijzer6,200,100,eml_a,196,0.07791577418346521,0.01269137045668195,0.2759691231397023,18
keijzer6,200,100,eml_a,197,0.07791577418346521,0.01269137045668195,0.2759691231397023,18
keijzer6,200,100,eml_a,198,0.07791577418346521,0.01269137045668195,0.2759691231397023,18
keijzer6,200,100,eml_a,199,0.07791577418346521,0.01269137045668195,0.2759691231397023,18
keijzer6,200,100,std_b,0,0.294836068583,0.1247896099367308,0.3885278748090775,30
keijzer6,200,100,std_b,1,0.1072539321557879,0.0099856215379705,0.198887586700223,30
keijzer6,200,100,std_b,2,0.0099856215379705,0.0099856215379705,0.07207985079257741,30
keijzer6,200,100,std_b,3,0.0099856215379705,0.009387725284906376,0.023668306677100823,30
keijzer6,200,100,std_b,4,0.0099856215379705,0.0081926661279199,0.023668306677100823,30
keijzer6,200,100,std_b,5,0.0099856215379705,0.008073797274553499,0.013322989329871526,30
keijzer6,200,100,std_b,6,0.00994410769226365,0.0061078914678081245,0.0102934936927861,30
keijzer6,200,100,std_b,7,0.00833062086556405,0.0045916729651200245,0.0099856215379705,30
keijzer6,200,100,std_b,8,0.0078631906388145,0.0038149980697793247,0.0099856215379705,30
keijzer6,200,100,std_b,9,0.00737505192545675,0.003603462796583,0.009798490926902475,30
keijzer6,200,100,std_b,10,0.00644951281413245,0.003042721910341125,0.00906989165727165,30
keijzer6,200,100,std_b,11,0.00507704844431255,0.0029851596809181997,0.008485858312954925,30
keijzer6,200,100,std_b,12,0.00376756261793665,0.002900882840711275,0.008163667853252626,30
keijzer6,200,100,std_b,13,0.00357804252201815,0.002819396464500025,0.00783138793083675,30
keijzer6,200,100,std_b,14,0.00306031261725455,0.00259449612275935,0.00783138793083675,30
keijzer6,200,100,std_b,15,0.00299091538332895,0.002393502946540075,0.004849034450367325,30
keijzer6,200,100,std_b,16,0.00299091538332895,0.002393502946540075,0.004849034450367325,30
keijzer6,200,100,std_b,17,0.00292786548548715,0.002393502946540075,0.0044727023206289004,30
keijzer6,200,100,std_b,18,0.0028640909876057,0.0018299645441052,0.0033725579366873752,30
keijzer6,200,100,std_b,19,0.00286030968841945,0.0018299645441052,0.003070941502270075,30
keijzer6,200,100,std_b,20,0.00286030968841945,0.0018299645441052,0.003070941502270075,30
keijzer6,200,100,std_b,21,0.0027632661169316,0.001827220066672425,0.003070941502270075,30
keijzer6,200,100,std_b,22,0.0026173106867263003,0.001579962962505375,0.003070941502270075,30
keijzer6,200,100,std_b,23,0.0026173106867263003,0.001579962962505375,0.003006579206313775,30
keijzer6,200,100,std_b,24,0.0024835161046406,0.001555281611601775,0.00298276596965755,30
keijzer6,200,100,std_b,25,0.0024247697303043996,0.0010654475031424,0.002977236318755425,30
keijzer6,200,100,std_b,26,0.0021527923082582502,0.0008262653372822001,0.002888252866574925,30
keijzer6,200,100,std_b,27,0.0021473033533927002,0.0008262653372822001,0.00285375473977425,30
keijzer6,200,100,std_b,28,0.0021473033533927002,0.0008262653372822001,0.00285375473977425,30
keijzer6,200,100,std_b,29,0.00190565098398765,0.0008262653372822001,0.002743174480442,30
keijzer6,200,100,std_b,30,0.00190565098398765,0.0008160000334275,0.002743174480442,30
keijzer6,200,100,std_b,31,0.00190565098398765,0.000729526761824775,0.002743174480442,30
keijzer6,200,100,std_b,32,0.00176371095538275,0.000729526761824775,0.002743174480442,30
keijzer6,200,100,std_b,33,0.00161664402527465,0.000729526761824775,0.002713908282983275,30
keijzer6,200,100,std_b,34,0.00161664402527465,0.00050035461852345,0.002713908282983275,30
keijzer6,200,100,std_b,35,0.00161664402527465,0.00050035461852345,0.002713908282983275,30
keijzer6,200,100,std_b,36,0.0015109136410508999,0.00050035461852345,0.002713908282983275,30
keijzer6,200,100,std_b,37,0.00150215301359165,0.00050035461852345,0.002675234137130125,30
keijzer6,200,100,std_b,38,0.0014441647628848499,0.00050035461852345,0.00258414619396975,30
keijzer6,200,100,std_b,39,0.0014441647628848499,0.00050035461852345,0.00258414619396975,30
keijzer6,200,100,std_b,40,0.00128766835725135,0.00050035461852345,0.00258414619396975,30
keijzer6,200,100,std_b,41,0.00128766835725135,0.000498117005893225,0.0025108444807721,30
keijzer6,200,100,std_b,42,0.00128766835725135,0.000408597328673525,0.0025108444807721,30
keijzer6,200,100,std_b,43,0.00128766835725135,0.000382145278087775,0.002489991819490325,30
keijzer6,200,100,std_b,44,0.00128766835725135,0.000382145278087775,0.002489991819490325,30
keijzer6,200,100,std_b,45,0.0012747767619760001,0.000382145278087775,0.002489991819490325,30
keijzer6,200,100,std_b,46,0.00121588024011495,0.000382145278087775,0.002489991819490325,30
keijzer6,200,100,std_b,47,0.00121588024011495,0.000382145278087775,0.002489991819490325,30
keijzer6,200,100,std_b,48,0.00117645646931585,0.000382145278087775,0.002489991819490325,30
keijzer6,200,100,std_b,49,0.00117645646931585,0.000345780876191825,0.002489991819490325,30
keijzer6,200,100,std_b,50,0.00117645646931585,0.000345780876191825,0.002489991819490325,30
keijzer6,200,100,std_b,51,0.00117645646931585,0.000345780876191825,0.002489991819490325,30
keijzer6,200,100,std_b,52,0.00117645646931585,0.000345780876191825,0.002489991819490325,30
keijzer6,200,100,std_b,53,0.00117645646931585,0.000337755789075475,0.002489991819490325,30
keijzer6,200,100,std_b,54,0.00117645646931585,0.00033755896064895,0.002489991819490325,30
keijzer6,200,100,std_b,55,0.00117645646931585,0.00033755896064895,0.0024042459805677,30
keijzer6,200,100,std_b,56,0.00117645646931585,0.00033755896064895,0.0024042459805677,30
keijzer6,200,100,std_b,57,0.00117645646931585,0.00033755896064895,0.0023956098435843,30
keijzer6,200,100,std_b,58,0.00117645646931585,0.00033755896064895,0.0023956098435843,30
keijzer6,200,100,std_b,59,0.00117645646931585,0.00033755896064895,0.002335533938733075,30
keijzer6,200,100,std_b,60,0.00117645646931585,0.00033755896064895,0.002334352787515525,30
keijzer6,200,100,std_b,61,0.0011339218877104,0.00033755896064895,0.00201738512202125,30
keijzer6,200,100,std_b,62,0.0011339218877104,0.00033755896064895,0.00201738512202125,30
keijzer6,200,100,std_b,63,0.0011339218877104,0.00025349664222955,0.00201738512202125,30
keijzer6,200,100,std_b,64,0.0011339218877104,0.00025349664222955,0.00201738512202125,30
keijzer6,200,100,std_b,65,0.0011339218877104,0.00025349664222955,0.002003895096049325,30
keijzer6,200,100,std_b,66,0.0011339218877104,0.00025349664222955,0.0019852808780027,30
keijzer6,200,100,std_b,67,0.0011339218877104,0.00025349664222955,0.0019852808780027,30
keijzer6,200,100,std_b,68,0.0011339218877104,0.00025349664222955,0.0019852808780027,30
keijzer6,200,100,std_b,69,0.0011339218877104,0.00025349664222955,0.0019852808780027,30
keijzer6,200,100,std_b,70,0.0011339218877104,0.00025349664222955,0.0019852808780027,30
keijzer6,200,100,std_b,71,0.0011339218877104,0.00025349664222955,0.0019852808780027,30
keijzer6,200,100,std_b,72,0.0011339218877104,0.00025349664222955,0.0019852808780027,30
keijzer6,200,100,std_b,73,0.0011339218877104,0.00025349664222955,0.0019852808780027,30
keijzer6,200,100,std_b,74,0.0011339218877104,0.00025349664222955,0.001953608714680175,30
keijzer6,200,100,std_b,75,0.0011339218877104,0.00025349664222955,0.001953608714680175,30
keijzer6,200,100,std_b,76,0.0011339218877104,0.00024494191067882503,0.00183546189222935,30
keijzer6,200,100,std_b,77,0.00108451876676465,0.00024494191067882503,0.0017862575577393,30
keijzer6,200,100,std_b,78,0.00108451876676465,0.00024494191067882503,0.0017862575577393,30
keijzer6,200,100,std_b,79,0.00108451876676465,0.00024494191067882503,0.001687247509310975,30
keijzer6,200,100,std_b,80,0.00108451876676465,0.00024494191067882503,0.0016866934086453749,30
keijzer6,200,100,std_b,81,0.00108451876676465,0.00024494191067882503,0.0016866934086453749,30
keijzer6,200,100,std_b,82,0.00104431612388175,0.00024494191067882503,0.0016866934086453749,30
keijzer6,200,100,std_b,83,0.00104431612388175,0.0002202836027362,0.0016866934086453749,30
keijzer6,200,100,std_b,84,0.00104431612388175,0.0002202836027362,0.0016866934086453749,30
keijzer6,200,100,std_b,85,0.00104431612388175,0.0002202836027362,0.0016866934086453749,30
keijzer6,200,100,std_b,86,0.00104431612388175,0.0002202836027362,0.0016866934086453749,30
keijzer6,200,100,std_b,87,0.00104431612388175,0.000216313230395725,0.0016866934086453749,30
keijzer6,200,100,std_b,88,0.00104431612388175,0.000216313230395725,0.0016866934086453749,30
keijzer6,200,100,std_b,89,0.00104431612388175,0.000216313230395725,0.0016866934086453749,30
keijzer6,200,100,std_b,90,0.00104431612388175,0.000216313230395725,0.0016866934086453749,30
keijzer6,200,100,std_b,91,0.00104431612388175,0.00020529281141985,0.0016866934086453749,30
keijzer6,200,100,std_b,92,0.00104431612388175,0.00020529281141985,0.0016866934086453749,30
keijzer6,200,100,std_b,93,0.00104431612388175,0.00020529281141985,0.0016866934086453749,30
keijzer6,200,100,std_b,94,0.00104431612388175,0.000189355928884125,0.0016866934086453749,30
keijzer6,200,100,std_b,95,0.00104431612388175,0.000189355928884125,0.0016866934086453749,30
keijzer6,200,100,std_b,96,0.00104431612388175,0.000189355928884125,0.0016866934086453749,30
keijzer6,200,100,std_b,97,0.00104431612388175,0.000189355928884125,0.0016866934086453749,30
keijzer6,200,100,std_b,98,0.00104431612388175,0.000189355928884125,0.0016866934086453749,30
keijzer6,200,100,std_b,99,0.00104431612388175,0.000189355928884125,0.0016866934086453749,30
keijzer6,200,100,std_b,100,0.00104431612388175,0.000189355928884125,0.0016866934086453749,30
keijzer6,200,100,std_b,101,0.00104431612388175,0.000189355928884125,0.0016866934086453749,30
keijzer6,200,100,std_b,102,0.00104431612388175,0.000189355928884125,0.0016866934086453749,30
keijzer6,200,100,std_b,103,0.00104431612388175,0.000189355928884125,0.0016866934086453749,30
keijzer6,200,100,std_b,104,0.00104431612388175,0.000189355928884125,0.0016866934086453749,30
keijzer6,200,100,std_b,105,0.00104431612388175,0.000189355928884125,0.0016860726966103998,30
keijzer6,200,100,std_b,106,0.00104431612388175,0.000189355928884125,0.0016860726966103998,30
keijzer6,200,100,std_b,107,0.00104431612388175,0.000189355928884125,0.0016860726966103998,30
keijzer6,200,100,std_b,108,0.00104431612388175,0.000189355928884125,0.0016860726966103998,30
keijzer6,200,100,std_b,109,0.00104431612388175,0.000189355928884125,0.0016860726966103998,30
keijzer6,200,100,std_b,110,0.00104431612388175,0.000189355928884125,0.0016860726966103998,30
keijzer6,200,100,std_b,111,0.00104431612388175,0.000189355928884125,0.0016860726966103998,30
keijzer6,200,100,std_b,112,0.00104431612388175,0.000189355928884125,0.0016860726966103998,30
keijzer6,200,100,std_b,113,0.00104431612388175,0.000189355928884125,0.0016860726966103998,30
keijzer6,200,100,std_b,114,0.00104431612388175,0.000189355928884125,0.0016860726966103998,30
keijzer6,200,100,std_b,115,0.00104431612388175,0.000189355928884125,0.0016860726966103998,30
keijzer6,200,100,std_b,116,0.00104431612388175,0.000189355928884125,0.0016860726966103998,30
keijzer6,200,100,std_b,117,0.00104431612388175,0.000189355928884125,0.0016860726966103998,30
keijzer6,200,100,std_b,118,0.00104431612388175,0.000189355928884125,0.0016860726966103998,30
keijzer6,200,100,std_b,119,0.00104431612388175,0.000189355928884125,0.0016860726966103998,30
keijzer6,200,100,std_b,120,0.00104431612388175,0.000189355928884125,0.0016860726966103998,30
keijzer6,200,100,std_b,121,0.00104431612388175,0.000189355928884125,0.0016860726966103998,30
keijzer6,200,100,std_b,122,0.00104431612388175,0.000189355928884125,0.0016860726966103998,30
keijzer6,200,100,std_b,123,0.00104431612388175,0.000189355928884125,0.0016860726966103998,30
keijzer6,200,100,std_b,124,0.00104431612388175,0.000189355928884125,0.0016860726966103998,30
keijzer6,200,100,std_b,125,0.00104431612388175,0.000189355928884125,0.0016860726966103998,30
keijzer6,200,100,std_b,126,0.00104431612388175,0.000189355928884125,0.0016860726966103998,30
keijzer6,200,100,std_b,127,0.00104431612388175,0.000189355928884125,0.0016860726966103998,30
keijzer6,200,100,std_b,128,0.00104431612388175,0.000189355928884125,0.0016860726966103998,30
keijzer6,200,100,std_b,129,0.00104431612388175,0.000189355928884125,0.0016860726966103998,30
keijzer6,200,100,std_b,130,0.00104431612388175,0.000189355928884125,0.0016860726966103998,30
keijzer6,200,100,std_b,131,0.00104431612388175,0.000189355928884125,0.0016860726966103998,30
keijzer6,200,100,std_b,132,0.00104431612388175,0.000189355928884125,0.0016860726966103998,30
keijzer6,200,100,std_b,133,0.00104431612388175,0.000189355928884125,0.0016860726966103998,30
keijzer6,200,100,std_b,134,0.00104431612388175,0.000189355928884125,0.0016860726966103998,30
keijzer6,200,100,std_b,135,0.00104431612388175,0.000189355928884125,0.0016860726966103998,30
keijzer6,200,100,std_b,136,0.00104431612388175,0.000189355928884125,0.001652365517089875,30
keijzer6,200,100,std_b,137,0.00104431612388175,0.000189355928884125,0.001652365517089875,30
keijzer6,200,100,std_b,138,0.00104431612388175,0.000189355928884125,0.001652365517089875,30
keijzer6,200,100,std_b,139,0.00104431612388175,0.000189355928884125,0.001652365517089875,30
keijzer6,200,100,std_b,140,0.00104431612388175,0.000189355928884125,0.001652365517089875,30
keijzer6,200,100,std_b,141,0.00104431612388175,0.000189355928884125,0.001652365517089875,30
keijzer6,200,100,std_b,142,0.00104431612388175,0.000189355928884125,0.001652365517089875,30
keijzer6,200,100,std_b,143,0.00104431612388175,0.000189355928884125,0.0016305676102119,30
keijzer6,200,100,std_b,144,0.00104431612388175,0.000189355928884125,0.0016305676102119,30
keijzer6,200,100,std_b,145,0.00104431612388175,0.000189355928884125,0.0016305676102119,30
keijzer6,200,100,std_b,146,0.00104431612388175,0.000189355928884125,0.0016305676102119,30
keijzer6,200,100,std_b,147,0.00104431612388175,0.000189355928884125,0.0016305676102119,30
keijzer6,200,100,std_b,148,0.00104431612388175,0.000189355928884125,0.0016305676102119,30
keijzer6,200,100,std_b,149,0.00104431612388175,0.000189355928884125,0.0016305676102119,30
keijzer6,200,100,std_b,150,0.00104431612388175,0.000189355928884125,0.0016305676102119,30
keijzer6,200,100,std_b,151,0.00104431612388175,0.000189355928884125,0.0016305676102119,30
keijzer6,200,100,std_b,152,0.00104431612388175,0.000189355928884125,0.0016305676102119,30
keijzer6,200,100,std_b,153,0.00104431612388175,0.000189355928884125,0.0016305676102119,30
keijzer6,200,100,std_b,154,0.00104431612388175,0.000189355928884125,0.0016305676102119,30
keijzer6,200,100,std_b,155,0.00104431612388175,0.000189355928884125,0.0016305676102119,30
keijzer6,200,100,std_b,156,0.00104431612388175,0.000189355928884125,0.0016305676102119,30
keijzer6,200,100,std_b,157,0.00104431612388175,0.000189355928884125,0.0016305676102119,30
keijzer6,200,100,std_b,158,0.00104431612388175,0.000189355928884125,0.0016305676102119,30
keijzer6,200,100,std_b,159,0.00104431612388175,0.000189355928884125,0.0016305676102119,30
keijzer6,200,100,std_b,160,0.00104431612388175,0.000189355928884125,0.0016305676102119,30
keijzer6,200,100,std_b,161,0.00104431612388175,0.000189355928884125,0.0016305676102119,30
keijzer6,200,100,std_b,162,0.00104431612388175,0.000189355928884125,0.0016305676102119,30
keijzer6,200,100,std_b,163,0.00104431612388175,0.000189355928884125,0.0016305676102119,30
keijzer6,200,100,std_b,164,0.00104431612388175,0.000189355928884125,0.0016305676102119,30
keijzer6,200,100,std_b,165,0.00104431612388175,0.000189355928884125,0.0016305676102119,30
keijzer6,200,100,std_b,166,0.00104431612388175,0.000189355928884125,0.0016305676102119,30
keijzer6,200,100,std_b,167,0.00104431612388175,0.000189355928884125,0.0016305676102119,30
keijzer6,200,100,std_b,168,0.00104431612388175,0.000189355928884125,0.0016305676102119,30
keijzer6,200,100,std_b,169,0.00104431612388175,0.000189355928884125,0.0016293115206432,30
keijzer6,200,100,std_b,170,0.00104431612388175,0.000189355928884125,0.0016293115206432,30
keijzer6,200,100,std_b,171,0.00104431612388175,0.000189355928884125,0.0016293115206432,30
keijzer6,200,100,std_b,172,0.00104431612388175,0.000189355928884125,0.0016293115206432,30
keijzer6,200,100,std_b,173,0.00104431612388175,0.000189355928884125,0.0016293115206432,30
keijzer6,200,100,std_b,174,0.00104431612388175,0.000189355928884125,0.0016293115206432,30
keijzer6,200,100,std_b,175,0.00104431612388175,0.000189355928884125,0.0016293115206432,30
keijzer6,200,100,std_b,176,0.00104431612388175,0.000189355928884125,0.0016293115206432,30
keijzer6,200,100,std_b,177,0.00104431612388175,0.000189355928884125,0.0016293115206432,30
keijzer6,200,100,std_b,178,0.00104431612388175,0.000189355928884125,0.0016293115206432,30
keijzer6,200,100,std_b,179,0.00104431612388175,0.000189355928884125,0.0016293115206432,30
keijzer6,200,100,std_b,180,0.00104431612388175,0.000189355928884125,0.0016293115206432,30
keijzer6,200,100,std_b,181,0.00104431612388175,0.000189355928884125,0.001582638779424975,30
keijzer6,200,100,std_b,182,0.00104431612388175,0.000189355928884125,0.001582638779424975,30
keijzer6,200,100,std_b,183,0.00104431612388175,0.000189355928884125,0.001582638779424975,30
keijzer6,200,100,std_b,184,0.00104431612388175,0.000189355928884125,0.001582638779424975,30
keijzer6,200,100,std_b,185,0.00104431612388175,0.000189355928884125,0.001582638779424975,30
keijzer6,200,100,std_b,186,0.00104431612388175,0.000189355928884125,0.001582638779424975,30
keijzer6,200,100,std_b,187,0.00104431612388175,0.000189355928884125,0.001582638779424975,30
keijzer6,200,100,std_b,188,0.00104431612388175,0.000189355928884125,0.001582638779424975,30
keijzer6,200,100,std_b,189,0.00104431612388175,0.000189355928884125,0.001582638779424975,30
keijzer6,200,100,std_b,190,0.00104431612388175,0.000189355928884125,0.001582638779424975,30
keijzer6,200,100,std_b,191,0.00104431612388175,0.000189355928884125,0.001582638779424975,30
keijzer6,200,100,std_b,192,0.00104431612388175,0.000189355928884125,0.001582638779424975,30
keijzer6,200,100,std_b,193,0.00104431612388175,0.000189355928884125,0.0015725324875945001,30
keijzer6,200,100,std_b,194,0.00104431612388175,0.000189355928884125,0.0015725324875945001,30
keijzer6,200,100,std_b,195,0.00104431612388175,0.000189355928884125,0.0015725324875945001,30
keijzer6,200,100,std_b,196,0.00104431612388175,0.000189355928884125,0.0015725324875945001,30
keijzer6,200,100,std_b,197,0.00104431612388175,0.000189355928884125,0.0015725324875945001,30
keijzer6,200,100,std_b,198,0.00104431612388175,0.000189355928884125,0.0015725324875945001,30
keijzer6,200,100,std_b,199,0.00104431612388175,0.000189355928884125,0.0015725324875945001,30
keijzer6,200,100,eml_b,0,5.954865237260242,1.4355100704832524,12.941133740764116,30
keijzer6,200,100,eml_b,1,5.739239917956532,1.4355100704832524,8.472296713541155,30
keijzer6,200,100,eml_b,2,3.4574223607721324,1.4355100704832524,7.960289906819304,30
keijzer6,200,100,eml_b,3,1.8759621127787793,1.4355100704832524,5.863709412881654,30
keijzer6,200,100,eml_b,4,1.4355100704832524,1.4355095137695395,5.655824503618457,30
keijzer6,200,100,eml_b,5,1.4355100704832524,1.2690998875973851,5.563246956479028,30
keijzer6,200,100,eml_b,6,1.4355100704832524,1.2637543624385383,4.64201907043813,30
keijzer6,200,100,eml_b,7,1.4355100704832524,1.174653976986119,4.393345646012781,30
keijzer6,200,100,eml_b,8,1.4355100704832524,0.9924880595357608,4.382894006795018,30
keijzer6,200,100,eml_b,9,1.4355100704832524,0.977644892536689,4.382894006795018,30
keijzer6,200,100,eml_b,10,1.4355100704832524,0.9445878938853536,4.382894006795018,30
keijzer6,200,100,eml_b,11,1.4355100704832524,0.9434029714197952,4.308812684271682,30
keijzer6,200,100,eml_b,12,1.4355100704832524,0.820544445772149,3.9484021133576848,30
keijzer6,200,100,eml_b,13,1.4355100704832524,0.7556443991887012,1.9975198442511903,30
keijzer6,200,100,eml_b,14,1.4355100704832524,0.6724463063843777,1.4355100704832524,30
keijzer6,200,100,eml_b,15,1.338119132841437,0.5882020286343493,1.4355100704832524,30
keijzer6,200,100,eml_b,16,1.1291061098542619,0.5704925128292968,1.4355100704832524,30
keijzer6,200,100,eml_b,17,1.1291061098542619,0.5704925128292968,1.4355100704832524,30
keijzer6,200,100,eml_b,18,0.8396615925843358,0.5704925128292968,1.4355100704832524,30
keijzer6,200,100,eml_b,19,0.8387485532360027,0.4962662951882243,1.4355100704832524,30
keijzer6,200,100,eml_b,20,0.8057658776640191,0.429999459087886,1.4355100704832524,30
keijzer6,200,100,eml_b,21,0.7745942966525446,0.395835016965737,1.4355100704832524,30
keijzer6,200,100,eml_b,22,0.7293924898621308,0.3885278748090775,1.4355100704832524,30
keijzer6,200,100,eml_b,23,0.7293924276519272,0.3885278748090775,1.4355100704832524,30
keijzer6,200,100,eml_b,24,0.6504507478138908,0.3885278748090775,1.4355100704832524,30
keijzer6,200,100,eml_b,25,0.5835861238686306,0.3885278748090775,1.4355100704832524,30
keijzer6,200,100,eml_b,26,0.5256780048744703,0.3672955604053624,1.4355100704832524,30
keijzer6,200,100,eml_b,27,0.4573141261107035,0.3587549334090092,1.4355100704832524,30
keijzer6,200,100,eml_b,28,0.44873900530396793,0.3587549334090092,1.4355100704832524,30
keijzer6,200,100,eml_b,29,0.41984870094578836,0.3396524985928129,1.4355100704832524,30
keijzer6,200,100,eml_b,30,0.3919272428497017,0.3396524985928129,1.3504347875366216,30
keijzer6,200,100,eml_b,31,0.3885278748090775,0.31337767395271526,1.3504347875366216,30
keijzer6,200,100,eml_b,32,0.3885278748090775,0.31337767395271526,1.3053589482557326,30
keijzer6,200,100,eml_b,33,0.3885278748090775,0.31337767395271526,1.301011266372376,30
keijzer6,200,100,eml_b,34,0.3885278748090775,0.31337767395271526,0.9948768674075896,30
keijzer6,200,100,eml_b,35,0.3885278748090775,0.3129209662265761,0.9563407218461791,30
keijzer6,200,100,eml_b,36,0.3885278748090775,0.29734578540446893,0.5769790133399525,30
keijzer6,200,100,eml_b,37,0.3774310683635214,0.2748530935148752,0.5215545971992418,30
keijzer6,200,100,eml_b,38,0.3774310683635214,0.2748530935148752,0.5215545971992418,30
keijzer6,200,100,eml_b,39,0.36189118947265586,0.2665193558421061,0.5215545971992418,30
keijzer6,200,100,eml_b,40,0.3531392916423426,0.2665193558421061,0.49627543745880975,30
keijzer6,200,100,eml_b,41,0.35067859745178964,0.26342611293263907,0.49627543745880975,30
keijzer6,200,100,eml_b,42,0.35067859745178964,0.2594627770033275,0.4307325660960237,30
keijzer6,200,100,eml_b,43,0.35067859745178964,0.2594627770033275,0.4307325660960237,30
keijzer6,200,100,eml_b,44,0.35067859745178964,0.2592830169846143,0.4307325660960237,30
keijzer6,200,100,eml_b,45,0.35067859745178964,0.2592830169846143,0.4307325660960237,30
keijzer6,200,100,eml_b,46,0.35067859745178964,0.2592830169846143,0.4307325660960237,30
keijzer6,200,100,eml_b,47,0.35067859745178964,0.2592830169846143,0.4307325660960237,30
keijzer6,200,100,eml_b,48,0.34270737700804543,0.24180786191383546,0.3885278748090775,30
keijzer6,200,100,eml_b,49,0.34270737700804543,0.22714810075034525,0.3885278748090775,30
keijzer6,200,100,eml_b,50,0.34270737700804543,0.22420745451991872,0.3885278748090775,30
keijzer6,200,100,eml_b,51,0.34270737700804543,0.22420745451991872,0.3885278748090775,30
keijzer6,200,100,eml_b,52,0.34270737700804543,0.22420745451991872,0.3885278748090775,30
keijzer6,200,100,eml_b,53,0.34270737700804543,0.22420745451991872,0.3885278748090775,30
keijzer6,200,100,eml_b,54,0.34270737700804543,0.22420745451991872,0.3885278748090775,30
keijzer6,200,100,eml_b,55,0.34270735079705056,0.22420745451991872,0.3885278748090775,30
keijzer6,200,100,eml_b,56,0.3423139546788292,0.22420745451991872,0.3885278748090775,30
keijzer6,200,100,eml_b,57,0.3423139546788292,0.2242051899659204,0.3885278748090775,30
keijzer6,200,100,eml_b,58,0.34217394003468266,0.2242051899659204,0.3885278748090775,30
keijzer6,200,100,eml_b,59,0.3207934353841338,0.2138668017418236,0.3885278748090775,30
keijzer6,200,100,eml_b,60,0.3207934353841338,0.2138668017418236,0.3885278748090775,30
keijzer6,200,100,eml_b,61,0.29037623963737624,0.20693994950826944,0.3885278748090775,30
keijzer6,200,100,eml_b,62,0.2903762384962099,0.20692014917249635,0.3885278748090775,30
keijzer6,200,100,eml_b,63,0.2903762384962099,0.20692014917249635,0.3885278748090775,30
keijzer6,200,100,eml_b,64,0.2830852608164956,0.20692014917249635,0.3885278748090775,30
keijzer6,200,100,eml_b,65,0.2830852608164956,0.20692014917249635,0.3885278748090775,30
keijzer6,200,100,eml_b,66,0.2717816776144031,0.20692014917249635,0.3885278748090775,30
keijzer6,200,100,eml_b,67,0.2717816776144031,0.20692014917249635,0.3885278748090775,30
keijzer6,200,100,eml_b,68,0.2694833942078969,0.20692014917249635,0.3885278748090775,30
keijzer6,200,100,eml_b,69,0.2694833942078969,0.20692014917249635,0.3885278748090775,30
keijzer6,200,100,eml_b,70,0.26227667702161306,0.19038594478633278,0.3885278748090775,30
keijzer6,200,100,eml_b,71,0.26223778943033094,0.17599217884050744,0.3885278748090775,30
keijzer6,200,100,eml_b,72,0.26223778943033094,0.17599217884050744,0.3885278748090775,30
keijzer6,200,100,eml_b,73,0.26223778943033094,0.17599217884050744,0.3885278748090775,30
keijzer6,200,100,eml_b,74,0.25880669309112087,0.17599217884050744,0.3885278748090775,30
keijzer6,200,100,eml_b,75,0.2585330098906211,0.17599217884050744,0.3885278748090775,30
keijzer6,200,100,eml_b,76,0.2585330098906211,0.17599217884050744,0.3885278748090775,30
keijzer6,200,100,eml_b,77,0.25287539434698003,0.17599217884050744,0.3885278748090775,30
keijzer6,200,100,eml_b,78,0.241464496110365,0.17599217884050744,0.3885278748090775,30
keijzer6,200,100,eml_b,79,0.241464496110365,0.17590260653635226,0.3885278748090775,30
keijzer6,200,100,eml_b,80,0.241464496110365,0.17590260573873506,0.37853351534906954,30
keijzer6,200,100,eml_b,81,0.241464496110365,0.17590260573873506,0.37853351534906954,30
keijzer6,200,100,eml_b,82,0.2390429099525942,0.17435166595340826,0.37853351534906954,30
keijzer6,200,100,eml_b,83,0.2390429099525942,0.17435166595340826,0.37853351534906954,30
keijzer6,200,100,eml_b,84,0.23862812039960052,0.17220517369908755,0.37853351534906954,30
keijzer6,200,100,eml_b,85,0.23862812039960052,0.17220517369908755,0.37853351534906954,30
keijzer6,200,100,eml_b,86,0.23862812039960052,0.17220517369908755,0.3563304324516783,30
keijzer6,200,100,eml_b,87,0.22915593976284881,0.17027221630053818,0.3563304324516783,30
keijzer6,200,100,eml_b,88,0.22915593976284881,0.17027221630053818,0.3563304324516783,30
keijzer6,200,100,eml_b,89,0.22915593976284881,0.15237792997386085,0.3563304324516783,30
keijzer6,200,100,eml_b,90,0.22915593976284881,0.15237791080536614,0.34720073316416217,30
keijzer6,200,100,eml_b,91,0.22915593969599102,0.1513480410089934,0.34720073316416217,30
keijzer6,200,100,eml_b,92,0.22915593624104685,0.1513480410089934,0.34526969422335274,30
keijzer6,200,100,eml_b,93,0.2291556865904279,0.15098637675265028,0.34526969422335274,30
keijzer6,200,100,eml_b,94,0.2291534957817946,0.15098637675265028,0.33495874593044206,30
keijzer6,200,100,eml_b,95,0.2291534957817946,0.15098637675265028,0.33495874593044206,30
keijzer6,200,100,eml_b,96,0.22915199249301946,0.15098637675265028,0.33495874593044206,30
keijzer6,200,100,eml_b,97,0.22915199249301946,0.1438019352244681,0.334955760545545,30
keijzer6,200,100,eml_b,98,0.21669382819045874,0.14378337850517958,0.334955760545545,30
keijzer6,200,100,eml_b,99,0.2147786692108864,0.14378337850517958,0.334955760545545,30
keijzer6,200,100,eml_b,100,0.2147786692108864,0.14378337850517958,0.334955760545545,30
keijzer6,200,100,eml_b,101,0.2147786692108864,0.14378337850517958,0.334955760545545,30
keijzer6,200,100,eml_b,102,0.2147786692108864,0.14378337850517958,0.334955760545545,30
keijzer6,200,100,eml_b,103,0.2131660808316898,0.14378337850517958,0.334955760545545,30
keijzer6,200,100,eml_b,104,0.2131660808316898,0.14378337850517958,0.33495575878492306,30
keijzer6,200,100,eml_b,105,0.2131660808316898,0.14378337850517958,0.33495575878492306,30
keijzer6,200,100,eml_b,106,0.2131660808316898,0.14161185820830832,0.33495575878492306,30
keijzer6,200,100,eml_b,107,0.21316597787599215,0.14161185820830832,0.3318235678677752,30
keijzer6,200,100,eml_b,108,0.21316597787599215,0.14161185820830832,0.3269884481431186,30
keijzer6,200,100,eml_b,109,0.208521299847928,0.14161185820830832,0.31045096292703256,30
keijzer6,200,100,eml_b,110,0.208521299847928,0.14161185820830832,0.30828370847432013,30
keijzer6,200,100,eml_b,111,0.208521299847928,0.14161185820830832,0.30828370847432013,30
keijzer6,200,100,eml_b,112,0.20267514262771025,0.14161185820830832,0.3075546436083093,30
keijzer6,200,100,eml_b,113,0.20140744368261695,0.14161185820830832,0.3075546436083093,30
keijzer6,200,100,eml_b,114,0.20140744368261695,0.14161185820830832,0.3075546436083093,30
keijzer6,200,100,eml_b,115,0.20140744368261695,0.14161185820830832,0.30755464360830836,30
keijzer6,200,100,eml_b,116,0.20140744368261695,0.14161185820830832,0.24905169567752214,30
keijzer6,200,100,eml_b,117,0.19938403113389636,0.13515710247788695,0.2374516906887391,30
keijzer6,200,100,eml_b,118,0.19938403113389636,0.13515710247788695,0.2374516906887391,30
keijzer6,200,100,eml_b,119,0.19938403113389636,0.1264740494934584,0.2374516906887391,30
keijzer6,200,100,eml_b,120,0.19938403113389636,0.12352346037778698,0.2374516906887391,30
keijzer6,200,100,eml_b,121,0.19425017431187308,0.1192176839461445,0.2374516906887391,30
keijzer6,200,100,eml_b,122,0.19425017431187308,0.11252344883825838,0.2374516906887391,30
keijzer6,200,100,eml_b,123,0.1934945441028885,0.10881978192208416,0.2374516906887391,30
keijzer6,200,100,eml_b,124,0.1934945441028885,0.10881978192208416,0.2374516906887391,30
keijzer6,200,100,eml_b,125,0.1934945441028885,0.10856902894863323,0.2374516906887391,30
keijzer6,200,100,eml_b,126,0.1934945441028885,0.10856902894863323,0.2374516906887391,30
keijzer6,200,100,eml_b,127,0.1934945441028885,0.10856902894863323,0.2374516906887391,30
keijzer6,200,100,eml_b,128,0.1934945441028885,0.10856902894863323,0.2374516906887391,30
keijzer6,200,100,eml_b,129,0.1934945441028885,0.10856902894863323,0.2374516906887391,30
keijzer6,200,100,eml_b,130,0.1934945441028885,0.10853597028323687,0.2374516906887391,30
keijzer6,200,100,eml_b,131,0.1882404067752686,0.10853597028323687,0.2374516906887391,30
keijzer6,200,100,eml_b,132,0.18164835754511166,0.10853597028323687,0.2374516906887391,30
keijzer6,200,100,eml_b,133,0.18164835754511166,0.10853597028323687,0.2374516906887391,30
keijzer6,200,100,eml_b,134,0.18164835754511166,0.10853597028323687,0.2374516906887391,30
keijzer6,200,100,eml_b,135,0.18164835754511166,0.10853597028323687,0.2374516906887391,30
keijzer6,200,100,eml_b,136,0.18164835754511166,0.10571023223496237,0.23744834589526173,30
keijzer6,200,100,eml_b,137,0.18164835754511166,0.10571023223496237,0.23744834589526173,30
keijzer6,200,100,eml_b,138,0.18164835754511055,0.10571023223496237,0.23744834589526173,30
keijzer6,200,100,eml_b,139,0.18164835754511055,0.10571023223496237,0.23744834589526173,30
keijzer6,200,100,eml_b,140,0.18164835754511055,0.10571016303785533,0.23744834589526173,30
keijzer6,200,100,eml_b,141,0.18164835754511055,0.10571016303785533,0.23744834589526173,30
keijzer6,200,100,eml_b,142,0.18164835754511055,0.10571016303785533,0.23744834589526173,30
keijzer6,200,100,eml_b,143,0.18164835754511055,0.10571016303785533,0.23744834589526173,30
keijzer6,200,100,eml_b,144,0.18164835754511055,0.1057101626232017,0.23744834589526173,30
keijzer6,200,100,eml_b,145,0.18164835754511055,0.1057101626232017,0.23744834589526173,30
keijzer6,200,100,eml_b,146,0.18164835754511055,0.10547777325221472,0.23744834589526173,30
keijzer6,200,100,eml_b,147,0.18164835754511055,0.10547777325221472,0.23744834589526173,30
keijzer6,200,100,eml_b,148,0.18104602614399073,0.10547777325221472,0.23744834589526173,30
keijzer6,200,100,eml_b,149,0.18104602614399073,0.10547777325221472,0.23744834589526173,30
keijzer6,200,100,eml_b,150,0.18104602614399073,0.10547777325061958,0.23744834589526173,30
keijzer6,200,100,eml_b,151,0.18104602614399073,0.10547777324988315,0.23744834589526173,30
keijzer6,200,100,eml_b,152,0.18104602614399073,0.10547777324988315,0.23744834589526173,30
keijzer6,200,100,eml_b,153,0.18104602614399073,0.10547775108838688,0.23744834589526173,30
keijzer6,200,100,eml_b,154,0.18036668942867806,0.10547111116508558,0.23744834589526173,30
keijzer6,200,100,eml_b,155,0.18036668942867806,0.10547111116508558,0.23744834589526173,30
keijzer6,200,100,eml_b,156,0.18036668942867806,0.10545683730460148,0.23744834589526173,30
keijzer6,200,100,eml_b,157,0.18036668942867806,0.10545683730460148,0.23744834589526173,30
keijzer6,200,100,eml_b,158,0.18036668942867806,0.10545683689286123,0.23744834589526173,30
keijzer6,200,100,eml_b,159,0.18036668942867806,0.1054538158023417,0.23744834589526173,30
keijzer6,200,100,eml_b,160,0.1795259114418748,0.1054538158023417,0.23744834589526173,30
keijzer6,200,100,eml_b,161,0.1795259114418748,0.1054538158023417,0.23744834589526173,30
keijzer6,200,100,eml_b,162,0.1795259114418748,0.105253266391266,0.2290287635444098,30
keijzer6,200,100,eml_b,163,0.1795259114418748,0.105253266391266,0.2290287635444098,30
keijzer6,200,100,eml_b,164,0.1795259114418748,0.105253266391266,0.2290287635444098,30
keijzer6,200,100,eml_b,165,0.1795259114418748,0.10521827639183527,0.2290287635444098,30
keijzer6,200,100,eml_b,166,0.1795259114418748,0.10521477643963642,0.2290287635444098,30
keijzer6,200,100,eml_b,167,0.1795259114418748,0.10521477643963642,0.2290287635444098,30
keijzer6,200,100,eml_b,168,0.1795259114418748,0.10514185128288855,0.2290287635444098,30
keijzer6,200,100,eml_b,169,0.1795259114418748,0.10514185128288855,0.2290287635444098,30
keijzer6,200,100,eml_b,170,0.1795259114418748,0.10514185128288855,0.2290287635444098,30
keijzer6,200,100,eml_b,171,0.17244044886484575,0.10514185128288855,0.2290287635444098,30
keijzer6,200,100,eml_b,172,0.17244044886484575,0.10503619318254082,0.2290287635444098,30
keijzer6,200,100,eml_b,173,0.17244044886484575,0.10503619318254082,0.2290287635444098,30
keijzer6,200,100,eml_b,174,0.17244044886484575,0.10503619318254082,0.2290287635444098,30
keijzer6,200,100,eml_b,175,0.17244044886484575,0.10503619318254082,0.2290287635444098,30
keijzer6,200,100,eml_b,176,0.17244044886484575,0.104377860696522,0.21849436798562688,30
keijzer6,200,100,eml_b,177,0.17244044886484575,0.104377860696522,0.21849436798562688,30
keijzer6,200,100,eml_b,178,0.17244044886484575,0.104377860696522,0.2184943664476962,30
keijzer6,200,100,eml_b,179,0.16614729847831744,0.104377860696522,0.2184943664476962,30
keijzer6,200,100,eml_b,180,0.16614729847831744,0.104377860696522,0.2184943664476962,30
keijzer6,200,100,eml_b,181,0.1653538989187066,0.104377860696522,0.2184943664476962,30
keijzer6,200,100,eml_b,182,0.1402178258073677,0.104377860696522,0.2184943664476962,30
keijzer6,200,100,eml_b,183,0.1402178258073677,0.10437784656733845,0.2184943664476962,30
keijzer6,200,100,eml_b,184,0.1402178258073677,0.10437784656733845,0.2184943664476962,30
keijzer6,200,100,eml_b,185,0.1402178258073677,0.10437784656733845,0.2184943664476962,30
keijzer6,200,100,eml_b,186,0.1402178258073677,0.103033580331162,0.2184943664476962,30
keijzer6,200,100,eml_b,187,0.1402178258073677,0.103033580331162,0.2184943664476962,30
keijzer6,200,100,eml_b,188,0.1402178258073677,0.103033580331162,0.2184943664476962,30
keijzer6,200,100,eml_b,189,0.1402178258073677,0.103033580331162,0.2184943664476962,30
keijzer6,200,100,eml_b,190,0.1402178258073677,0.103033580331162,0.2184943664476962,30
keijzer6,200,100,eml_b,191,0.1402178258073677,0.103033580331162,0.2184943664476962,30
keijzer6,200,100,eml_b,192,0.1402178258073677,0.103033580331162,0.2184943664476962,30
keijzer6,200,100,eml_b,193,0.1402178258073677,0.103033580331162,0.2184943664476962,30
keijzer6,200,100,eml_b,194,0.1402178258073677,0.103033580331162,0.2184943664476962,30
keijzer6,200,100,eml_b,195,0.1402178258073677,0.103033580331162,0.2184943664476962,30
keijzer6,200,100,eml_b,196,0.1402178258073677,0.103033580331162,0.2184943664476962,30
keijzer6,200,100,eml_b,197,0.1402178258073677,0.103033580331162,0.2184943664476962,30
keijzer6,200,100,eml_b,198,0.1402178258073677,0.09893647920520958,0.2184943664476962,30
keijzer6,200,100,eml_b,199,0.1402178258073677,0.09893647920520958,0.2184943664476962,30
vladislavleva4,200,100,std_a,0,0.2345084669140727,0.23083002687719006,0.27765931419933326,14
vladislavleva4,200,100,std_a,1,0.2228145148170784,0.16474722537361505,0.2345084669140727,14
vladislavleva4,200,100,std_a,2,0.16858148357334762,0.10186006260032072,0.21088980501365176,14
vladislavleva4,200,100,std_a,3,0.1603570732068992,0.08167583336451704,0.21088980501365176,14
vladislavleva4,200,100,std_a,4,0.07846128732553435,0.04929142801792943,0.18746515204088304,14
vladislavleva4,200,100,std_a,5,0.0736152149416296,0.0444568726679143,0.10818985612788187,14
vladislavleva4,200,100,std_a,6,0.07006385454798095,0.0444568726679143,0.0736152149416296,14
vladislavleva4,200,100,std_a,7,0.07006385454798095,0.0411834990433627,0.0736152149416296,14
vladislavleva4,200,100,std_a,8,0.04683595173919855,0.0411834990433627,0.0736152149416296,14
vladislavleva4,200,100,std_a,9,0.04313595322255265,0.0411834990433627,0.05416230181657493,14
vladislavleva4,200,100,std_a,10,0.0411834990433627,0.04106210317774675,0.047234639314608425,14
vladislavleva4,200,100,std_a,11,0.0411834990433627,0.04106210317774675,0.047234639314608425,14
vladislavleva4,200,100,std_a,12,0.0411834990433627,0.04106210317774675,0.047234639314608425,14
vladislavleva4,200,100,std_a,13,0.0411834990433627,0.0391285792192383,0.047234639314608425,14
vladislavleva4,200,100,std_a,14,0.0411834990433627,0.0391285792192383,0.047234639314608425,14
vladislavleva4,200,100,std_a,15,0.0411834990433627,0.0389727447803202,0.047234639314608425,14
vladislavleva4,200,100,std_a,16,0.0411834990433627,0.0389727447803202,0.047234639314608425,14
vladislavleva4,200,100,std_a,17,0.0411834990433627,0.0389727447803202,0.047234639314608425,14
vladislavleva4,200,100,std_a,18,0.0411834990433627,0.0388320727930464,0.047234639314608425,14
vladislavleva4,200,100,std_a,19,0.0411834990433627,0.0388320727930464,0.047234639314608425,14
vladislavleva4,200,100,std_a,20,0.0411834990433627,0.0388320727930464,0.04518980649298975,14
vladislavleva4,200,100,std_a,21,0.0411834990433627,0.0388320727930464,0.0430933926154564,14
vladislavleva4,200,100,std_a,22,0.0411834990433627,0.03856970124510897,0.04272839332459143,14
vladislavleva4,200,100,std_a,23,0.0411834990433627,0.03856569812156677,0.04272839332459143,14
vladislavleva4,200,100,std_a,24,0.0411834990433627,0.03856569812156677,0.04272839332459143,14
vladislavleva4,200,100,std_a,25,0.0411834990433627,0.03779936425920312,0.04226732888230075,14
vladislavleva4,200,100,std_a,26,0.0411834990433627,0.03779936425920312,0.04226732888230075,14
vladislavleva4,200,100,std_a,27,0.0411834990433627,0.03779936425920312,0.0419656642834639,14
vladislavleva4,200,100,std_a,28,0.0411834990433627,0.03779936425920312,0.0419656642834639,14
vladislavleva4,200,100,std_a,29,0.0411834990433627,0.037046631180598255,0.041729718721891004,14
vladislavleva4,200,100,std_a,30,0.0411834990433627,0.037046631180598255,0.041729718721891004,14
vladislavleva4,200,100,std_a,31,0.0411834990433627,0.037046631180598255,0.041729718721891004,14
vladislavleva4,200,100,std_a,32,0.0411834990433627,0.037046631180598255,0.041729718721891004,14
vladislavleva4,200,100,std_a,33,0.0411834990433627,0.037046631180598255,0.041729718721891004,14
vladislavleva4,200,100,std_a,34,0.0410484658165052,0.0366587614312094,0.0411834990433627,14
vladislavleva4,200,100,std_a,35,0.0410484658165052,0.03609512851282635,0.0411834990433627,14
vladislavleva4,200,100,std_a,36,0.0410474258622239,0.03609512851282635,0.0411834990433627,14
vladislavleva4,200,100,std_a,37,0.04103910922587865,0.03584580364062285,0.0411834990433627,14
vladislavleva4,200,100,std_a,38,0.04103910922587865,0.03577712880224737,0.0411834990433627,14
vladislavleva4,200,100,std_a,39,0.04103910922587865,0.03577712880224737,0.0411834990433627,14
vladislavleva4,200,100,std_a,40,0.04103910922587865,0.03577712880224737,0.0411834990433627,14
vladislavleva4,200,100,std_a,41,0.04103910922587865,0.03577712880224737,0.0411834990433627,14
vladislavleva4,200,100,std_a,42,0.04103910922587865,0.03577712880224737,0.0411834990433627,14
vladislavleva4,200,100,std_a,43,0.04103910922587865,0.03577712880224737,0.0411834990433627,14
vladislavleva4,200,100,std_a,44,0.04103910922587865,0.03577712880224737,0.0411834990433627,14
vladislavleva4,200,100,std_a,45,0.04103910922587865,0.03577712880224737,0.0411834990433627,14
vladislavleva4,200,100,std_a,46,0.04103910922587865,0.03577712880224737,0.0411834990433627,14
vladislavleva4,200,100,std_a,47,0.04093748083957685,0.03550775845213705,0.0411834990433627,14
vladislavleva4,200,100,std_a,48,0.04093748083957685,0.03550775845213705,0.0411834990433627,14
vladislavleva4,200,100,std_a,49,0.04093748083957685,0.03550775845213705,0.0411834990433627,14
vladislavleva4,200,100,std_a,50,0.04093748083957685,0.03550775845213705,0.0411834990433627,14
vladislavleva4,200,100,std_a,51,0.04093748083957685,0.03550775845213705,0.0411834990433627,14
vladislavleva4,200,100,std_a,52,0.04093748083957685,0.03550775845213705,0.0411834990433627,14
vladislavleva4,200,100,std_a,53,0.0409088783561802,0.03550775845213705,0.0411834990433627,14
vladislavleva4,200,100,std_a,54,0.0409088783561802,0.035449820924849273,0.0411834990433627,14
vladislavleva4,200,100,std_a,55,0.0409088783561802,0.03536400640037823,0.0411834990433627,14
vladislavleva4,200,100,std_a,56,0.0409088783561802,0.03536400640037823,0.0411834990433627,14
vladislavleva4,200,100,std_a,57,0.03991291939460605,0.0347537849527636,0.0411834990433627,14
vladislavleva4,200,100,std_a,58,0.03991291939460605,0.0347537849527636,0.0411834990433627,14
vladislavleva4,200,100,std_a,59,0.03989838310853505,0.0347537849527636,0.0411834990433627,14
vladislavleva4,200,100,std_a,60,0.03989838310853505,0.0347537849527636,0.0411834990433627,14
vladislavleva4,200,100,std_a,61,0.03989838310853505,0.0347537849527636,0.0411834990433627,14
vladislavleva4,200,100,std_a,62,0.039892176614924,0.0347537849527636,0.0411834990433627,14
vladislavleva4,200,100,std_a,63,0.039892176614924,0.0347537849527636,0.0411834990433627,14
vladislavleva4,200,100,std_a,64,0.039892176614924,0.0347537849527636,0.0411834990433627,14
vladislavleva4,200,100,std_a,65,0.039892176614924,0.0347537849527636,0.0411834990433627,14
vladislavleva4,200,100,std_a,66,0.039892176614924,0.0347537849527636,0.0411834990433627,14
vladislavleva4,200,100,std_a,67,0.039892176614924,0.0347537849527636,0.0411834990433627,14
vladislavleva4,200,100,std_a,68,0.039892176614924,0.0347537849527636,0.0411834990433627,14
vladislavleva4,200,100,std_a,69,0.039892176614924,0.0347537849527636,0.0411834990433627,14
vladislavleva4,200,100,std_a,70,0.0398897058426069,0.0347537849527636,0.0411834990433627,14
vladislavleva4,200,100,std_a,71,0.0398897058426069,0.0347537849527636,0.0411834990433627,14
vladislavleva4,200,100,std_a,72,0.0398897058426069,0.0347537849527636,0.0411834990433627,14
vladislavleva4,200,100,std_a,73,0.0398897058426069,0.0347537849527636,0.0411834990433627,14
vladislavleva4,200,100,std_a,74,0.039423544154673654,0.0347537849527636,0.0411834990433627,14
vladislavleva4,200,100,std_a,75,0.039423544154673654,0.0347537849527636,0.0411834990433627,14
vladislavleva4,200,100,std_a,76,0.039423544154673654,0.0347537849527636,0.0411834990433627,14
vladislavleva4,200,100,std_a,77,0.039423544154673654,0.0347537849527636,0.0411834990433627,14
vladislavleva4,200,100,std_a,78,0.039423544154673654,0.0347537849527636,0.0411834990433627,14
vladislavleva4,200,100,std_a,79,0.0393533779905852,0.0347537849527636,0.0411834990433627,14
vladislavleva4,200,100,std_a,80,0.0393533779905852,0.0347537849527636,0.0411834990433627,14
vladislavleva4,200,100,std_a,81,0.0393533779905852,0.0347537849527636,0.0411834990433627,14
vladislavleva4,200,100,std_a,82,0.0393533779905852,0.0347537849527636,0.0411834990433627,14
vladislavleva4,200,100,std_a,83,0.0393533779905852,0.0347537849527636,0.0411834990433627,14
vladislavleva4,200,100,std_a,84,0.0393533779905852,0.0347537849527636,0.0411834990433627,14
vladislavleva4,200,100,std_a,85,0.0393533779905852,0.0347537849527636,0.0411834990433627,14
vladislavleva4,200,100,std_a,86,0.0393533779905852,0.0347537849527636,0.0411834990433627,14
vladislavleva4,200,100,std_a,87,0.0393533779905852,0.0347537849527636,0.0411834990433627,14
vladislavleva4,200,100,std_a,88,0.0393533779905852,0.0347537849527636,0.0411834990433627,14
vladislavleva4,200,100,std_a,89,0.0393533779905852,0.0347537849527636,0.0411834990433627,14
vladislavleva4,200,100,std_a,90,0.0393533779905852,0.0347537849527636,0.0411834990433627,14
vladislavleva4,200,100,std_a,91,0.0393533779905852,0.0347537849527636,0.0411834990433627,14
vladislavleva4,200,100,std_a,92,0.0393533779905852,0.0347537849527636,0.0411834990433627,14
vladislavleva4,200,100,std_a,93,0.0393533779905852,0.0347537849527636,0.0411834990433627,14
vladislavleva4,200,100,std_a,94,0.0393533779905852,0.0347537849527636,0.0411834990433627,14
vladislavleva4,200,100,std_a,95,0.0393533779905852,0.0347537849527636,0.0411834990433627,14
vladislavleva4,200,100,std_a,96,0.0393533779905852,0.0347537849527636,0.0411834990433627,14
vladislavleva4,200,100,std_a,97,0.0393533779905852,0.0347537849527636,0.0411834990433627,14
vladislavleva4,200,100,std_a,98,0.0393533779905852,0.0347537849527636,0.0411834990433627,14
vladislavleva4,200,100,std_a,99,0.0393533779905852,0.0347537849527636,0.0411834990433627,14
vladislavleva4,200,100,std_a,100,0.0393533779905852,0.0347537849527636,0.0411834990433627,14
vladislavleva4,200,100,std_a,101,0.0393533779905852,0.0347537849527636,0.0411834990433627,14
vladislavleva4,200,100,std_a,102,0.0393533779905852,0.0347537849527636,0.0411834990433627,14
vladislavleva4,200,100,std_a,103,0.0393533779905852,0.0347537849527636,0.0411834990433627,14
vladislavleva4,200,100,std_a,104,0.0393533779905852,0.0347537849527636,0.0411834990433627,14
vladislavleva4,200,100,std_a,105,0.0393533779905852,0.0347537849527636,0.0411834990433627,14
vladislavleva4,200,100,std_a,106,0.0393533779905852,0.0347537849527636,0.0411834990433627,14
vladislavleva4,200,100,std_a,107,0.0393533779905852,0.0347537849527636,0.0411834990433627,14
vladislavleva4,200,100,std_a,108,0.0393533779905852,0.0347537849527636,0.0411834990433627,14
vladislavleva4,200,100,std_a,109,0.0393533779905852,0.0347537849527636,0.0411834990433627,14
vladislavleva4,200,100,std_a,110,0.0393533779905852,0.0347537849527636,0.0411834990433627,14
vladislavleva4,200,100,std_a,111,0.0393533779905852,0.0347537849527636,0.0411834990433627,14
vladislavleva4,200,100,std_a,112,0.0393533779905852,0.0347537849527636,0.0411834990433627,14
vladislavleva4,200,100,std_a,113,0.0393533779905852,0.0347537849527636,0.0411834990433627,14
vladislavleva4,200,100,std_a,114,0.0393533779905852,0.0347537849527636,0.0411834990433627,14
vladislavleva4,200,100,std_a,115,0.0393533779905852,0.0347537849527636,0.0411834990433627,14
vladislavleva4,200,100,std_a,116,0.0393533779905852,0.0347537849527636,0.0411834990433627,14
vladislavleva4,200,100,std_a,117,0.0393533779905852,0.0347537849527636,0.0411834990433627,14
vladislavleva4,200,100,std_a,118,0.0393533779905852,0.0347537849527636,0.0411834990433627,14
vladislavleva4,200,100,std_a,119,0.0393533779905852,0.0347537849527636,0.0411834990433627,14
vladislavleva4,200,100,std_a,120,0.03935203515518845,0.0347537849527636,0.0411834990433627,14
vladislavleva4,200,100,std_a,121,0.03935203515518845,0.0347537849527636,0.0411834990433627,14
vladislavleva4,200,100,std_a,122,0.03935203515518845,0.0347537849527636,0.0411834990433627,14
vladislavleva4,200,100,std_a,123,0.03935203515518845,0.0347537849527636,0.0411834990433627,14
vladislavleva4,200,100,std_a,124,0.03935203515518845,0.0347537849527636,0.0411834990433627,14
vladislavleva4,200,100,std_a,125,0.03935203515518845,0.0347537849527636,0.0411834990433627,14
vladislavleva4,200,100,std_a,126,0.03935203515518845,0.0347537849527636,0.0411834990433627,14
vladislavleva4,200,100,std_a,127,0.03935203515518845,0.0347537849527636,0.0411834990433627,14
vladislavleva4,200,100,std_a,128,0.03935203515518845,0.0347537849527636,0.0411834990433627,14
vladislavleva4,200,100,std_a,129,0.03935203515518845,0.0347537849527636,0.0411834990433627,14
vladislavleva4,200,100,std_a,130,0.03935203515518845,0.0347537849527636,0.0411834990433627,14
vladislavleva4,200,100,std_a,131,0.03935203515518845,0.0347537849527636,0.0411834990433627,14
vladislavleva4,200,100,std_a,132,0.03935203515518845,0.0347537849527636,0.0411834990433627,14
vladislavleva4,200,100,std_a,133,0.03935203515518845,0.0347537849527636,0.0411834990433627,14
vladislavleva4,200,100,std_a,134,0.03935203515518845,0.0347537849527636,0.0411834990433627,14
vladislavleva4,200,100,std_a,135,0.03935203515518845,0.0347537849527636,0.0411834990433627,14
vladislavleva4,200,100,std_a,136,0.03935203515518845,0.0347537849527636,0.0411834990433627,14
vladislavleva4,200,100,std_a,137,0.03935203515518845,0.0347537849527636,0.0411834990433627,14
vladislavleva4,200,100,std_a,138,0.03935203515518845,0.0347537849527636,0.0411834990433627,14
vladislavleva4,200,100,std_a,139,0.03935203515518845,0.0347537849527636,0.0411834990433627,14
vladislavleva4,200,100,std_a,140,0.03935203515518845,0.0347537849527636,0.0411834990433627,14
vladislavleva4,200,100,std_a,141,0.03935203515518845,0.0347537849527636,0.0411834990433627,14
vladislavleva4,200,100,std_a,142,0.03935203515518845,0.0347537849527636,0.0411834990433627,14
vladislavleva4,200,100,std_a,143,0.03935203515518845,0.0347537849527636,0.0411834990433627,14
vladislavleva4,200,100,std_a,144,0.03935203515518845,0.0347537849527636,0.0411834990433627,14
vladislavleva4,200,100,std_a,145,0.03935203515518845,0.0347537849527636,0.0411834990433627,14
vladislavleva4,200,100,std_a,146,0.03935203515518845,0.0347537849527636,0.0411834990433627,14
vladislavleva4,200,100,std_a,147,0.03935203515518845,0.0347537849527636,0.0411834990433627,14
vladislavleva4,200,100,std_a,148,0.03935203515518845,0.0347537849527636,0.0411834990433627,14
vladislavleva4,200,100,std_a,149,0.03935203515518845,0.0347537849527636,0.0411834990433627,14
vladislavleva4,200,100,std_a,150,0.03935203515518845,0.0347537849527636,0.0411834990433627,14
vladislavleva4,200,100,std_a,151,0.039351159608501454,0.0347537849527636,0.0411834990433627,14
vladislavleva4,200,100,std_a,152,0.039351159608501454,0.0347537849527636,0.0411834990433627,14
vladislavleva4,200,100,std_a,153,0.039351159608501454,0.0347537849527636,0.0411834990433627,14
vladislavleva4,200,100,std_a,154,0.0393161268317166,0.0347537849527636,0.0411834990433627,14
vladislavleva4,200,100,std_a,155,0.0393161268317166,0.0347537849527636,0.0411834990433627,14
vladislavleva4,200,100,std_a,156,0.0393161268317166,0.0347537849527636,0.0411834990433627,14
vladislavleva4,200,100,std_a,157,0.0393161268317166,0.0347537849527636,0.0411834990433627,14
vladislavleva4,200,100,std_a,158,0.0393161268317166,0.0347537849527636,0.0411834990433627,14
vladislavleva4,200,100,std_a,159,0.0393161268317166,0.0347537849527636,0.0411834990433627,14
vladislavleva4,200,100,std_a,160,0.0393161268317166,0.0347537849527636,0.0411834990433627,14
vladislavleva4,200,100,std_a,161,0.0393161268317166,0.0347537849527636,0.0411834990433627,14
vladislavleva4,200,100,std_a,162,0.0393161268317166,0.0347537849527636,0.0411834990433627,14
vladislavleva4,200,100,std_a,163,0.0393161268317166,0.0347537849527636,0.0411834990433627,14
vladislavleva4,200,100,std_a,164,0.0393161268317166,0.0347537849527636,0.0411834990433627,14
vladislavleva4,200,100,std_a,165,0.0393161268317166,0.0347537849527636,0.0411834990433627,14
vladislavleva4,200,100,std_a,166,0.0393161268317166,0.0347537849527636,0.0411834990433627,14
vladislavleva4,200,100,std_a,167,0.0393030635361975,0.0347537849527636,0.0411834990433627,14
vladislavleva4,200,100,std_a,168,0.0393030635361975,0.0347537849527636,0.0411834990433627,14
vladislavleva4,200,100,std_a,169,0.0393030635361975,0.0347537849527636,0.0411834990433627,14
vladislavleva4,200,100,std_a,170,0.0393030635361975,0.0347537849527636,0.0411834990433627,14
vladislavleva4,200,100,std_a,171,0.0393030635361975,0.0347537849527636,0.0411834990433627,14
vladislavleva4,200,100,std_a,172,0.0393030635361975,0.0347537849527636,0.0411834990433627,14
vladislavleva4,200,100,std_a,173,0.0393030635361975,0.0347537849527636,0.0411834990433627,14
vladislavleva4,200,100,std_a,174,0.0393030635361975,0.0347537849527636,0.0411834990433627,14
vladislavleva4,200,100,std_a,175,0.039301642024783146,0.0347537849527636,0.0411834990433627,14
vladislavleva4,200,100,std_a,176,0.039301642024783146,0.0347537849527636,0.0411834990433627,14
vladislavleva4,200,100,std_a,177,0.039301642024783146,0.0347537849527636,0.0411834990433627,14
vladislavleva4,200,100,std_a,178,0.039301642024783146,0.0347537849527636,0.0411834990433627,14
vladislavleva4,200,100,std_a,179,0.039301642024783146,0.0347537849527636,0.0411834990433627,14
vladislavleva4,200,100,std_a,180,0.039301642024783146,0.0347537849527636,0.0411834990433627,14
vladislavleva4,200,100,std_a,181,0.039301642024783146,0.0347537849527636,0.0411834990433627,14
vladislavleva4,200,100,std_a,182,0.039301642024783146,0.0347537849527636,0.0411834990433627,14
vladislavleva4,200,100,std_a,183,0.039301642024783146,0.0347537849527636,0.0411834990433627,14
vladislavleva4,200,100,std_a,184,0.039301642024783146,0.0347537849527636,0.0411834990433627,14
vladislavleva4,200,100,std_a,185,0.039301642024783146,0.0347537849527636,0.0411834990433627,14
vladislavleva4,200,100,std_a,186,0.039301642024783146,0.0347537849527636,0.0411834990433627,14
vladislavleva4,200,100,std_a,187,0.039301642024783146,0.0347537849527636,0.0411834990433627,14
vladislavleva4,200,100,std_a,188,0.039301642024783146,0.0347537849527636,0.0411834990433627,14
vladislavleva4,200,100,std_a,189,0.039301642024783146,0.0347537849527636,0.0411834990433627,14
vladislavleva4,200,100,std_a,190,0.039301642024783146,0.0347537849527636,0.0411834990433627,14
vladislavleva4,200,100,std_a,191,0.039301642024783146,0.0347537849527636,0.0411834990433627,14
vladislavleva4,200,100,std_a,192,0.039301642024783146,0.0347537849527636,0.0411834990433627,14
vladislavleva4,200,100,std_a,193,0.039301642024783146,0.0347537849527636,0.0411834990433627,14
vladislavleva4,200,100,std_a,194,0.039301642024783146,0.0347537849527636,0.0411834990433627,14
vladislavleva4,200,100,std_a,195,0.039301642024783146,0.0347537849527636,0.0411834990433627,14
vladislavleva4,200,100,std_a,196,0.039301642024783146,0.0347537849527636,0.0411834990433627,14
vladislavleva4,200,100,std_a,197,0.039301642024783146,0.0347537849527636,0.0411834990433627,14
vladislavleva4,200,100,std_a,198,0.039301642024783146,0.0347537849527636,0.0411834990433627,14
vladislavleva4,200,100,std_a,199,0.039301642024783146,0.0347537849527636,0.0411834990433627,14
vladislavleva4,200,100,eml_a,0,3.6992815099210055,2.1510369656051407,9.511923510153045,27
vladislavleva4,200,100,eml_a,1,0.2345084669140727,0.2345084669140727,0.8109051279850278,27
vladislavleva4,200,100,eml_a,2,0.2345084669140727,0.2345084669140727,0.2345084669140727,27
vladislavleva4,200,100,eml_a,3,0.2345084669140727,0.2345084669140727,0.2345084669140727,27
vladislavleva4,200,100,eml_a,4,0.2345084669140727,0.2345084669140727,0.2345084669140727,27
vladislavleva4,200,100,eml_a,5,0.2345084669140727,0.2345084669140727,0.2345084669140727,27
vladislavleva4,200,100,eml_a,6,0.2345084669140727,0.2345084669140727,0.2345084669140727,27
vladislavleva4,200,100,eml_a,7,0.2345084669140727,0.2345084669140727,0.2345084669140727,27
vladislavleva4,200,100,eml_a,8,0.2345084669140727,0.2345084669140727,0.2345084669140727,27
vladislavleva4,200,100,eml_a,9,0.2345084669140727,0.2345084669140727,0.2345084669140727,27
vladislavleva4,200,100,eml_a,10,0.2345084669140727,0.2345084669140727,0.2345084669140727,27
vladislavleva4,200,100,eml_a,11,0.2345084669140727,0.2345084669140727,0.2345084669140727,27
vladislavleva4,200,100,eml_a,12,0.2345084669140727,0.2345084669140727,0.2345084669140727,27
vladislavleva4,200,100,eml_a,13,0.2345084669140727,0.2345084669140727,0.2345084669140727,27
vladislavleva4,200,100,eml_a,14,0.2345084669140727,0.2345084669140727,0.2345084669140727,27
vladislavleva4,200,100,eml_a,15,0.2345084669140727,0.2345084669140727,0.2345084669140727,27
vladislavleva4,200,100,eml_a,16,0.2345084669140727,0.2345084669140727,0.2345084669140727,27
vladislavleva4,200,100,eml_a,17,0.2345084669140727,0.2345084669140727,0.2345084669140727,27
vladislavleva4,200,100,eml_a,18,0.2345084669140727,0.2345084669140727,0.2345084669140727,27
vladislavleva4,200,100,eml_a,19,0.2345084669140727,0.2345084669140727,0.2345084669140727,27
vladislavleva4,200,100,eml_a,20,0.2345084669140727,0.2345084669140727,0.2345084669140727,27
vladislavleva4,200,100,eml_a,21,0.2345084669140727,0.2345084669140727,0.2345084669140727,27
vladislavleva4,200,100,eml_a,22,0.2345084669140727,0.2345084669140727,0.2345084669140727,27
vladislavleva4,200,100,eml_a,23,0.2345084669140727,0.2345084669140727,0.2345084669140727,27
vladislavleva4,200,100,eml_a,24,0.2345084669140727,0.2345084669140727,0.2345084669140727,27
vladislavleva4,200,100,eml_a,25,0.2345084669140727,0.2345084669140727,0.2345084669140727,27
vladislavleva4,200,100,eml_a,26,0.2345084669140727,0.2345084669140727,0.2345084669140727,27
vladislavleva4,200,100,eml_a,27,0.2345084669140727,0.2345084669140727,0.2345084669140727,27
vladislavleva4,200,100,eml_a,28,0.2345084669140727,0.2345084669140727,0.2345084669140727,27
vladislavleva4,200,100,eml_a,29,0.2345084669140727,0.2345084669140727,0.2345084669140727,27
vladislavleva4,200,100,eml_a,30,0.2345084669140727,0.2345084669140727,0.2345084669140727,27
vladislavleva4,200,100,eml_a,31,0.2345084669140727,0.2345084669140727,0.2345084669140727,27
vladislavleva4,200,100,eml_a,32,0.2345084669140727,0.2345084669140727,0.2345084669140727,27
vladislavleva4,200,100,eml_a,33,0.2345084669140727,0.2345084669140727,0.2345084669140727,27
vladislavleva4,200,100,eml_a,34,0.2345084669140727,0.2345084669140727,0.2345084669140727,27
vladislavleva4,200,100,eml_a,35,0.2345084669140727,0.2345084669140727,0.2345084669140727,27
vladislavleva4,200,100,eml_a,36,0.2345084669140727,0.2345084669140727,0.2345084669140727,27
vladislavleva4,200,100,eml_a,37,0.2345084669140727,0.2345084669140727,0.2345084669140727,27
vladislavleva4,200,100,eml_a,38,0.2345084669140727,0.2345084669140727,0.2345084669140727,27
vladislavleva4,200,100,eml_a,39,0.2345084669140727,0.2345084669140727,0.2345084669140727,27
vladislavleva4,200,100,eml_a,40,0.2345084669140727,0.2345084669140727,0.2345084669140727,27
vladislavleva4,200,100,eml_a,41,0.2345084669140727,0.2345084669140727,0.2345084669140727,27
vladislavleva4,200,100,eml_a,42,0.2345084669140727,0.2345084669140727,0.2345084669140727,27
vladislavleva4,200,100,eml_a,43,0.2345084669140727,0.2345084669140727,0.2345084669140727,27
vladislavleva4,200,100,eml_a,44,0.2345084669140727,0.2345084669140727,0.2345084669140727,27
vladislavleva4,200,100,eml_a,45,0.2345084669140727,0.2345084669140727,0.2345084669140727,27
vladislavleva4,200,100,eml_a,46,0.2345084669140727,0.2345084669140727,0.2345084669140727,27
vladislavleva4,200,100,eml_a,47,0.2345084669140727,0.2345084669140727,0.2345084669140727,27
vladislavleva4,200,100,eml_a,48,0.2345084669140727,0.2345084669140727,0.2345084669140727,27
vladislavleva4,200,100,eml_a,49,0.2345084669140727,0.2345084669140727,0.2345084669140727,27
vladislavleva4,200,100,eml_a,50,0.2345084669140727,0.2345084669140727,0.2345084669140727,27
vladislavleva4,200,100,eml_a,51,0.2345084669140727,0.2345084669140727,0.2345084669140727,27
vladislavleva4,200,100,eml_a,52,0.2345084669140727,0.2345084669140727,0.2345084669140727,27
vladislavleva4,200,100,eml_a,53,0.2345084669140727,0.2345084669140727,0.2345084669140727,27
vladislavleva4,200,100,eml_a,54,0.2345084669140727,0.2345084669140727,0.2345084669140727,27
vladislavleva4,200,100,eml_a,55,0.2345084669140727,0.21252829400907575,0.2345084669140727,27
vladislavleva4,200,100,eml_a,56,0.2345084669140727,0.21252829400907575,0.2345084669140727,27
vladislavleva4,200,100,eml_a,57,0.2345084669140727,0.20335496155778335,0.2345084669140727,27
vladislavleva4,200,100,eml_a,58,0.2345084669140727,0.20335496155778335,0.2345084669140727,27
vladislavleva4,200,100,eml_a,59,0.2345084669140727,0.20335496155778335,0.2345084669140727,27
vladislavleva4,200,100,eml_a,60,0.2345084669140727,0.20335496155778335,0.2345084669140727,27
vladislavleva4,200,100,eml_a,61,0.2345084669140727,0.2006758298108683,0.2345084669140727,27
vladislavleva4,200,100,eml_a,62,0.2345084669140727,0.2006758298108683,0.2345084669140727,27
vladislavleva4,200,100,eml_a,63,0.2345084669140727,0.17716058977034826,0.2345084669140727,27
vladislavleva4,200,100,eml_a,64,0.2345084669140727,0.14779548820140964,0.2345084669140727,27
vladislavleva4,200,100,eml_a,65,0.2345084669140727,0.14737883526630635,0.2345084669140727,27
vladislavleva4,200,100,eml_a,66,0.2345084669140727,0.14737883526630635,0.2345084669140727,27
vladislavleva4,200,100,eml_a,67,0.2345084669140727,0.1117922258340076,0.2345084669140727,27
vladislavleva4,200,100,eml_a,68,0.2345084669140727,0.11022607586493785,0.2345084669140727,27
vladislavleva4,200,100,eml_a,69,0.2345084669140727,0.10577297485740735,0.2345084669140727,27
vladislavleva4,200,100,eml_a,70,0.2345084669140727,0.10577297485740735,0.2345084669140727,27
vladislavleva4,200,100,eml_a,71,0.2345084669140727,0.10536023823438136,0.2345084669140727,27
vladislavleva4,200,100,eml_a,72,0.2345084669140727,0.10054589400435154,0.2345084669140727,27
vladislavleva4,200,100,eml_a,73,0.2345084669140727,0.10049860356667105,0.2345084669140727,27
vladislavleva4,200,100,eml_a,74,0.2345084669140727,0.0999372062150977,0.2345084669140727,27
vladislavleva4,200,100,eml_a,75,0.2345084669140727,0.09977171957831904,0.2345084669140727,27
vladislavleva4,200,100,eml_a,76,0.2345084669140727,0.09977171957831904,0.2345084669140727,27
vladislavleva4,200,100,eml_a,77,0.2345084669140727,0.09977171957831904,0.2345084669140727,27
vladislavleva4,200,100,eml_a,78,0.2345084669140727,0.0670954966879192,0.2345084669140727,27
vladislavleva4,200,100,eml_a,79,0.2345084669140727,0.06680329204183891,0.2345084669140727,27
vladislavleva4,200,100,eml_a,80,0.2345084669140727,0.06630482782340374,0.2345084669140727,27
vladislavleva4,200,100,eml_a,81,0.2345084669140727,0.0662015600571299,0.2345084669140727,27
vladislavleva4,200,100,eml_a,82,0.2345084669140727,0.050513555199221946,0.2345084669140727,27
vladislavleva4,200,100,eml_a,83,0.2345084669140727,0.05046996019763575,0.2345084669140727,27
vladislavleva4,200,100,eml_a,84,0.2345084669140727,0.047560092952431895,0.2345084669140727,27
vladislavleva4,200,100,eml_a,85,0.2345084669140727,0.04432894206334835,0.2345084669140727,27
vladislavleva4,200,100,eml_a,86,0.2345084669140727,0.04432894206334835,0.2345084669140727,27
vladislavleva4,200,100,eml_a,87,0.2345084669140727,0.0443260416373142,0.2345084669140727,27
vladislavleva4,200,100,eml_a,88,0.2345084669140727,0.0443043752560233,0.2345084669140727,27
vladislavleva4,200,100,eml_a,89,0.2345084669140727,0.044266883418482894,0.2345084669140727,27
vladislavleva4,200,100,eml_a,90,0.2345084669140727,0.0441501591647733,0.2345084669140727,27
vladislavleva4,200,100,eml_a,91,0.2345084669140727,0.0441501591647733,0.2345084669140727,27
vladislavleva4,200,100,eml_a,92,0.2345084669140727,0.0441501591647733,0.2345084669140727,27
vladislavleva4,200,100,eml_a,93,0.2345084669140727,0.0441501591647733,0.2345084669140727,27
vladislavleva4,200,100,eml_a,94,0.2345084669140727,0.0441501591647733,0.2345084669140727,27
vladislavleva4,200,100,eml_a,95,0.2345084669140727,0.04415015916169125,0.2345084669140727,27
vladislavleva4,200,100,eml_a,96,0.2345084669140727,0.044150159107835096,0.2345084669140727,27
vladislavleva4,200,100,eml_a,97,0.2345084669140727,0.04311473174795095,0.2345084669140727,27
vladislavleva4,200,100,eml_a,98,0.2345084669140727,0.04311473174795095,0.2345084669140727,27
vladislavleva4,200,100,eml_a,99,0.2345084669140727,0.04311473174795095,0.2345084669140727,27
vladislavleva4,200,100,eml_a,100,0.2345084669140727,0.04311420790996535,0.2345084669140727,27
vladislavleva4,200,100,eml_a,101,0.2345084669140727,0.04311420790996535,0.2345084669140727,27
vladislavleva4,200,100,eml_a,102,0.2345084669140727,0.0431073617331691,0.2345084669140727,27
vladislavleva4,200,100,eml_a,103,0.2345084669140727,0.0431073617331691,0.2345084669140727,27
vladislavleva4,200,100,eml_a,104,0.2345084669140727,0.0431073617331691,0.2345084669140727,27
vladislavleva4,200,100,eml_a,105,0.2345084669140727,0.04310479922189245,0.2345084669140727,27
vladislavleva4,200,100,eml_a,106,0.2345084669140727,0.04310479922189245,0.2345084669140727,27
vladislavleva4,200,100,eml_a,107,0.2345084669140727,0.0430579846279818,0.2345084669140727,27
vladislavleva4,200,100,eml_a,108,0.2345084669140727,0.04076432444399255,0.2345084669140727,27
vladislavleva4,200,100,eml_a,109,0.2345084669140727,0.04076432444399255,0.2345084669140727,27
vladislavleva4,200,100,eml_a,110,0.2345084669140727,0.04057676137532325,0.2345084669140727,27
vladislavleva4,200,100,eml_a,111,0.2345084669140727,0.0380004188791801,0.2345084669140727,27
vladislavleva4,200,100,eml_a,112,0.2345084669140727,0.0380004188791801,0.2345084669140727,27
vladislavleva4,200,100,eml_a,113,0.2345084669140727,0.038000399385053105,0.2345084669140727,27
vladislavleva4,200,100,eml_a,114,0.2345084669140727,0.037973042801193346,0.2345084669140727,27
vladislavleva4,200,100,eml_a,115,0.2345084669140727,0.037973042801193346,0.2345084669140727,27
vladislavleva4,200,100,eml_a,116,0.2345084669140727,0.037973042801193346,0.2345084669140727,27
vladislavleva4,200,100,eml_a,117,0.2345084669140727,0.037973042801193346,0.2345084669140727,27
vladislavleva4,200,100,eml_a,118,0.2345084669140727,0.037973042801193346,0.2345084669140727,27
vladislavleva4,200,100,eml_a,119,0.2345084669140727,0.037973042801193346,0.2345084669140727,27
vladislavleva4,200,100,eml_a,120,0.2345084669140727,0.03797268550722675,0.2345084669140727,27
vladislavleva4,200,100,eml_a,121,0.2345084669140727,0.0379716106434034,0.2345084669140727,27
vladislavleva4,200,100,eml_a,122,0.2345084669140727,0.0379716106434034,0.2345084669140727,27
vladislavleva4,200,100,eml_a,123,0.2345084669140727,0.0379716106434034,0.2345084669140727,27
vladislavleva4,200,100,eml_a,124,0.2345084669140727,0.0379716106434034,0.2345084669140727,27
vladislavleva4,200,100,eml_a,125,0.2345084669140727,0.0379716106434034,0.2345084669140727,27
vladislavleva4,200,100,eml_a,126,0.2345084669140727,0.0379716106434034,0.2345084669140727,27
vladislavleva4,200,100,eml_a,127,0.2345084669140727,0.0379716106434034,0.2345084669140727,27
vladislavleva4,200,100,eml_a,128,0.2345084669140727,0.0379716106434034,0.2345084669140727,27
vladislavleva4,200,100,eml_a,129,0.2345084669140727,0.0379716106434034,0.2345084669140727,27
vladislavleva4,200,100,eml_a,130,0.2345084669140727,0.0379716106434034,0.2345084669140727,27
vladislavleva4,200,100,eml_a,131,0.1623592239921835,0.0379716106434034,0.2345084669140727,27
vladislavleva4,200,100,eml_a,132,0.1623592239921835,0.0379716106434034,0.2345084669140727,27
vladislavleva4,200,100,eml_a,133,0.1623592239921835,0.0379716106434034,0.2345084669140727,27
vladislavleva4,200,100,eml_a,134,0.1466149925105867,0.0379716106434034,0.2345084669140727,27
vladislavleva4,200,100,eml_a,135,0.1466149925105867,0.0379716106434034,0.2345084669140727,27
vladislavleva4,200,100,eml_a,136,0.145287791103017,0.0379716106434034,0.2345084669140727,27
vladislavleva4,200,100,eml_a,137,0.1418109133171248,0.0379716106434034,0.2345084669140727,27
vladislavleva4,200,100,eml_a,138,0.1418109133171248,0.0379716106434034,0.2345084669140727,27
vladislavleva4,200,100,eml_a,139,0.1418109133171248,0.0379716106434034,0.2345084669140727,27
vladislavleva4,200,100,eml_a,140,0.1418109133171248,0.0379716106434034,0.2345084669140727,27
vladislavleva4,200,100,eml_a,141,0.1418109133171248,0.03797150740153435,0.2345084669140727,27
vladislavleva4,200,100,eml_a,142,0.1418109133171248,0.03797150740153435,0.2345084669140727,27
vladislavleva4,200,100,eml_a,143,0.1418109133171248,0.03797147619077865,0.2345084669140727,27
vladislavleva4,200,100,eml_a,144,0.1418109133171248,0.03797147619077865,0.2345084669140727,27
vladislavleva4,200,100,eml_a,145,0.1418109133171248,0.03797147619077865,0.2345084669140727,27
vladislavleva4,200,100,eml_a,146,0.1418109133171248,0.03797147619077865,0.2345084669140727,27
vladislavleva4,200,100,eml_a,147,0.1418109133171248,0.03797147619077865,0.2345084669140727,27
vladislavleva4,200,100,eml_a,148,0.1418109133171248,0.03797147619077865,0.2345084669140727,27
vladislavleva4,200,100,eml_a,149,0.1418109133171248,0.03797147619077865,0.2345084669140727,27
vladislavleva4,200,100,eml_a,150,0.1368798974237806,0.03797147619077865,0.2345084669140727,27
vladislavleva4,200,100,eml_a,151,0.1368798974237806,0.03797147619077865,0.2345084669140727,27
vladislavleva4,200,100,eml_a,152,0.1333891258803899,0.03797147619077865,0.2345084669140727,27
vladislavleva4,200,100,eml_a,153,0.1333891258803899,0.03797147619077865,0.2345084669140727,27
vladislavleva4,200,100,eml_a,154,0.1333891258803899,0.03797147619077865,0.2345084669140727,27
vladislavleva4,200,100,eml_a,155,0.1218868121373165,0.03797147619077865,0.2345084669140727,27
vladislavleva4,200,100,eml_a,156,0.1218868121373165,0.03797147619077865,0.2345084669140727,27
vladislavleva4,200,100,eml_a,157,0.1212855131648989,0.03797147619077865,0.2345084669140727,27
vladislavleva4,200,100,eml_a,158,0.1212855131648989,0.03797147619077865,0.2345084669140727,27
vladislavleva4,200,100,eml_a,159,0.1211332575887425,0.03797147619077865,0.2345084669140727,27
vladislavleva4,200,100,eml_a,160,0.1211332575887425,0.03797147619077865,0.2345084669140727,27
vladislavleva4,200,100,eml_a,161,0.1211155104466044,0.03797147619077865,0.2345084669140727,27
vladislavleva4,200,100,eml_a,162,0.1211155104466044,0.03797147619077865,0.2345084669140727,27
vladislavleva4,200,100,eml_a,163,0.120923232265475,0.03797147619077865,0.2345084669140727,27
vladislavleva4,200,100,eml_a,164,0.120923232265475,0.03797147619077865,0.2345084669140727,27
vladislavleva4,200,100,eml_a,165,0.120923232265475,0.03797147619077865,0.2345084669140727,27
vladislavleva4,200,100,eml_a,166,0.120923232265475,0.03797147619077865,0.2345084669140727,27
vladislavleva4,200,100,eml_a,167,0.1093372302239466,0.03797147619077865,0.2345084669140727,27
vladislavleva4,200,100,eml_a,168,0.1092853183539191,0.03797147619077865,0.2345084669140727,27
vladislavleva4,200,100,eml_a,169,0.1092853183539191,0.03797147619077865,0.2345084669140727,27
vladislavleva4,200,100,eml_a,170,0.1092853183539191,0.03797147619077865,0.2345084669140727,27
vladislavleva4,200,100,eml_a,171,0.1091229167286747,0.0379714570005108,0.2345084669140727,27
vladislavleva4,200,100,eml_a,172,0.1090789152173315,0.0379714570005108,0.2345084669140727,27
vladislavleva4,200,100,eml_a,173,0.1077317797260019,0.0379714570005108,0.2345084669140727,27
vladislavleva4,200,100,eml_a,174,0.1077317797260019,0.0379714570005108,0.2345084669140727,27
vladislavleva4,200,100,eml_a,175,0.1020065298633524,0.0379714570005108,0.2345084669140727,27
vladislavleva4,200,100,eml_a,176,0.1020065298633524,0.03797143982342625,0.2345084669140727,27
vladislavleva4,200,100,eml_a,177,0.1020065298633524,0.03797143982342625,0.2345084669140727,27
vladislavleva4,200,100,eml_a,178,0.1015079874615821,0.03797143982342625,0.2345084669140727,27
vladislavleva4,200,100,eml_a,179,0.1015079874615821,0.03797143982342625,0.2345084669140727,27
vladislavleva4,200,100,eml_a,180,0.1015079874615821,0.03797143982342625,0.2345084669140727,27
vladislavleva4,200,100,eml_a,181,0.1015079874615821,0.03797143982342625,0.2345084669140727,27
vladislavleva4,200,100,eml_a,182,0.1014524126987396,0.03797143982342625,0.2345084669140727,27
vladislavleva4,200,100,eml_a,183,0.0938376736398845,0.03797143982342625,0.2345084669140727,27
vladislavleva4,200,100,eml_a,184,0.0938376736398845,0.03797143982342625,0.2345084669140727,27
vladislavleva4,200,100,eml_a,185,0.0938376736398845,0.03797143982342625,0.2345084669140727,27
vladislavleva4,200,100,eml_a,186,0.0917221050462179,0.03797143982342625,0.2345084669140727,27
vladislavleva4,200,100,eml_a,187,0.0897538888147464,0.03797143982342625,0.2345084669140727,27
vladislavleva4,200,100,eml_a,188,0.0897538888147464,0.03797143982342625,0.2345084669140727,27
vladislavleva4,200,100,eml_a,189,0.0897538888147464,0.03797143982342625,0.2345084669140727,27
vladislavleva4,200,100,eml_a,190,0.0897538888147464,0.03797143982342625,0.2345084669140727,27
vladislavleva4,200,100,eml_a,191,0.089709114182102,0.03797143982342625,0.2345084669140727,27
vladislavleva4,200,100,eml_a,192,0.089709114182102,0.03797143982342625,0.2345084669140727,27
vladislavleva4,200,100,eml_a,193,0.0866061492377334,0.03797143982342625,0.2345084669140727,27
vladislavleva4,200,100,eml_a,194,0.0860724290321992,0.03797143982342625,0.2345084669140727,27
vladislavleva4,200,100,eml_a,195,0.0860724290321992,0.03797143982342625,0.2345084669140727,27
vladislavleva4,200,100,eml_a,196,0.0705339378214058,0.03797143982342625,0.2345084669140727,27
vladislavleva4,200,100,eml_a,197,0.0688753753001187,0.03797143982342625,0.2345084669140727,27
vladislavleva4,200,100,eml_a,198,0.0688753753001187,0.03797143982342625,0.2345084669140727,27
vladislavleva4,200,100,eml_a,199,0.0688753753001187,0.03797143982342625,0.2345084669140727,27
vladislavleva4,200,100,std_b,0,0.2345084669140727,0.2296038801982292,0.3146983492429758,29
vladislavleva4,200,100,std_b,1,0.2345084669140727,0.1530015680891478,0.2345084669140727,29
vladislavleva4,200,100,std_b,2,0.2094674537586149,0.1092282517136295,0.2345084669140727,29
vladislavleva4,200,100,std_b,3,0.1652194653240928,0.1068189587197276,0.2345084669140727,29
vladislavleva4,200,100,std_b,4,0.1466911720418801,0.0878529541975706,0.2345015151862071,29
vladislavleva4,200,100,std_b,5,0.1312660025204335,0.0878529541975706,0.1999192852970516,29
vladislavleva4,200,100,std_b,6,0.1240737086538038,0.0799150934149772,0.1949890634676891,29
vladislavleva4,200,100,std_b,7,0.1031094908003261,0.0736152149416296,0.1652194653240928,29
vladislavleva4,200,100,std_b,8,0.0898715794346928,0.0654972651226211,0.1599788418806699,29
vladislavleva4,200,100,std_b,9,0.0795676944795742,0.0565960870737855,0.1372677016019995,29
vladislavleva4,200,100,std_b,10,0.0769220418809402,0.0565960870737855,0.1372677016019995,29
vladislavleva4,200,100,std_b,11,0.0736152149416296,0.0565960870737855,0.1344217432126024,29
vladislavleva4,200,100,std_b,12,0.0651182017655692,0.0565960870737855,0.1344217432126024,29
vladislavleva4,200,100,std_b,13,0.0628906707271259,0.0429110109412655,0.1001992307417316,29
vladislavleva4,200,100,std_b,14,0.0586316781950467,0.0429110109412655,0.0902642893397008,29
vladislavleva4,200,100,std_b,15,0.0565960870737855,0.0429110109412655,0.0855728714798015,29
vladislavleva4,200,100,std_b,16,0.0565960870737855,0.0429110109412655,0.0852476068331565,29
vladislavleva4,200,100,std_b,17,0.0565960870737855,0.0411834990433627,0.0852476068331565,29
vladislavleva4,200,100,std_b,18,0.0565960870737855,0.0411834990433627,0.0852476068331565,29
vladislavleva4,200,100,std_b,19,0.0565960870737855,0.0411834990433627,0.0786535849875336,29
vladislavleva4,200,100,std_b,20,0.0557411465794974,0.0411834990433627,0.0784236909800983,29
vladislavleva4,200,100,std_b,21,0.0508401652401471,0.0411834990433627,0.0784236909800983,29
vladislavleva4,200,100,std_b,22,0.0508401652401471,0.0411834990433627,0.0784236909800983,29
vladislavleva4,200,100,std_b,23,0.0460637263000795,0.0411834990433627,0.062299107723088,29
vladislavleva4,200,100,std_b,24,0.0460637263000795,0.0411834990433627,0.0596585475696274,29
vladislavleva4,200,100,std_b,25,0.0460637263000795,0.0411834990433627,0.0572304347866088,29
vladislavleva4,200,100,std_b,26,0.0460352493781924,0.0411834990433627,0.0556450742111689,29
vladislavleva4,200,100,std_b,27,0.0460352493781924,0.0411834990433627,0.0556450742111689,29
vladislavleva4,200,100,std_b,28,0.0447775580004393,0.0411834990433627,0.0555538656130969,29
vladislavleva4,200,100,std_b,29,0.0446737515641213,0.0411834990433627,0.0555538656130969,29
vladislavleva4,200,100,std_b,30,0.0424773834067595,0.0408451109738001,0.0555538656130969,29
vladislavleva4,200,100,std_b,31,0.0424773834067595,0.03848316286506,0.0511448998832543,29
vladislavleva4,200,100,std_b,32,0.0424773834067595,0.0378910384126116,0.0511448998832543,29
vladislavleva4,200,100,std_b,33,0.0413950946180963,0.0378854487036998,0.0511448998832543,29
vladislavleva4,200,100,std_b,34,0.0413950946180963,0.0378854487036998,0.0511448998832543,29
vladislavleva4,200,100,std_b,35,0.0413950946180963,0.0378854487036998,0.0506435680265424,29
vladislavleva4,200,100,std_b,36,0.0411834990433627,0.0378854487036998,0.0506435680265424,29
vladislavleva4,200,100,std_b,37,0.0411834990433627,0.0378854487036998,0.0464915284180329,29
vladislavleva4,200,100,std_b,38,0.0411834990433627,0.0378854487036998,0.0464915284180329,29
vladislavleva4,200,100,std_b,39,0.0411834990433627,0.0378854487036998,0.0464915284180329,29
vladislavleva4,200,100,std_b,40,0.0411834990433627,0.0377682298062743,0.0454291925156198,29
vladislavleva4,200,100,std_b,41,0.0411834990433627,0.0377682298062743,0.0454291925156198,29
vladislavleva4,200,100,std_b,42,0.0408984459953467,0.0377682298062743,0.0434898762762677,29
vladislavleva4,200,100,std_b,43,0.0408984459953467,0.0377682298062743,0.0434898762762677,29
vladislavleva4,200,100,std_b,44,0.0408984459953467,0.0377682298062743,0.0434898762762677,29
vladislavleva4,200,100,std_b,45,0.0408984459953467,0.0375421412076103,0.0434898762762677,29
vladislavleva4,200,100,std_b,46,0.0399307282498126,0.0375421412076103,0.0434898762762677,29
vladislavleva4,200,100,std_b,47,0.0399307282498126,0.0374886061385643,0.0434898762762677,29
vladislavleva4,200,100,std_b,48,0.0388212625405242,0.0374886061385643,0.0434898762762677,29
vladislavleva4,200,100,std_b,49,0.0388212625405242,0.0372663511201638,0.0434898762762677,29
vladislavleva4,200,100,std_b,50,0.0388212625405242,0.0372663511201638,0.0434898762762677,29
vladislavleva4,200,100,std_b,51,0.0388212625405242,0.0372411905343397,0.0434898762762677,29
vladislavleva4,200,100,std_b,52,0.0387358343238493,0.0367205560969357,0.0434898762762677,29
vladislavleva4,200,100,std_b,53,0.0387358343238493,0.0367205560969357,0.0434898762762677,29
vladislavleva4,200,100,std_b,54,0.0385705245657603,0.0367110970287822,0.0434898762762677,29
vladislavleva4,200,100,std_b,55,0.0382070677262908,0.0367110970287822,0.0434898762762677,29
vladislavleva4,200,100,std_b,56,0.0382070677262908,0.0367110970287822,0.0434898762762677,29
vladislavleva4,200,100,std_b,57,0.0381478298114747,0.0367110970287822,0.0434898762762677,29
vladislavleva4,200,100,std_b,58,0.0381478298114747,0.0346105211362423,0.0434898762762677,29
vladislavleva4,200,100,std_b,59,0.0380229252594095,0.0346105211362423,0.0434898762762677,29
vladislavleva4,200,100,std_b,60,0.0380229252594095,0.0346105211362423,0.0434898762762677,29
vladislavleva4,200,100,std_b,61,0.0380229252594095,0.0346105211362423,0.0434898762762677,29
vladislavleva4,200,100,std_b,62,0.0380229252594095,0.034357925087064,0.0416879896215692,29
vladislavleva4,200,100,std_b,63,0.0380229252594095,0.034357925087064,0.0416879896215692,29
vladislavleva4,200,100,std_b,64,0.0380229252594095,0.034357925087064,0.0416879896215692,29
vladislavleva4,200,100,std_b,65,0.0378394702813656,0.034357925087064,0.0416879896215692,29
vladislavleva4,200,100,std_b,66,0.0378394702813656,0.034357925087064,0.0416879896215692,29
vladislavleva4,200,100,std_b,67,0.0378394702813656,0.034357925087064,0.0416879896215692,29
vladislavleva4,200,100,std_b,68,0.0378394702813656,0.034357925087064,0.0416879896215692,29
vladislavleva4,200,100,std_b,69,0.0378394702813656,0.034357925087064,0.0416879896215692,29
vladislavleva4,200,100,std_b,70,0.0378394702813656,0.0336296849499206,0.0416879896215692,29
vladislavleva4,200,100,std_b,71,0.0378394702813656,0.0336296849499206,0.0416879896215692,29
vladislavleva4,200,100,std_b,72,0.0376795155366375,0.0336296849499206,0.0416879896215692,29
vladislavleva4,200,100,std_b,73,0.0376795155366375,0.0336296849499206,0.0416879896215692,29
vladislavleva4,200,100,std_b,74,0.0375421412076103,0.0336296849499206,0.0414298683963792,29
vladislavleva4,200,100,std_b,75,0.0373497749531313,0.0336296849499206,0.0414298683963792,29
vladislavleva4,200,100,std_b,76,0.0373497749531313,0.0336296849499206,0.0414298683963792,29
vladislavleva4,200,100,std_b,77,0.0373497749531313,0.0336296849499206,0.0414298683963792,29
vladislavleva4,200,100,std_b,78,0.0372447010925966,0.0336296849499206,0.0411013226828658,29
vladislavleva4,200,100,std_b,79,0.0372447010925966,0.0336193003057272,0.0411013226828658,29
vladislavleva4,200,100,std_b,80,0.0372447010925966,0.0336193003057272,0.0411013226828658,29
vladislavleva4,200,100,std_b,81,0.0367110970287822,0.0336193003057272,0.0411013226828658,29
vladislavleva4,200,100,std_b,82,0.0367110970287822,0.0336193003057272,0.0409039342023715,29
vladislavleva4,200,100,std_b,83,0.0367110970287822,0.0336193003057272,0.0408979319683286,29
vladislavleva4,200,100,std_b,84,0.0367110970287822,0.0333256105597283,0.0407776801627313,29
vladislavleva4,200,100,std_b,85,0.0367110970287822,0.0333256105597283,0.0407776801627313,29
vladislavleva4,200,100,std_b,86,0.0367110970287822,0.0333256105597283,0.0407776801627313,29
vladislavleva4,200,100,std_b,87,0.0364738867165682,0.0333256105597283,0.0407776801627313,29
vladislavleva4,200,100,std_b,88,0.0364738867165682,0.0333256105597283,0.0407776801627313,29
vladislavleva4,200,100,std_b,89,0.0364738867165682,0.0333256105597283,0.0407776801627313,29
vladislavleva4,200,100,std_b,90,0.0364738867165682,0.0333256105597283,0.0398311105032523,29
vladislavleva4,200,100,std_b,91,0.0364738867165682,0.0333256105597283,0.0398311105032523,29
vladislavleva4,200,100,std_b,92,0.0364738867165682,0.0333256105597283,0.0398311105032523,29
vladislavleva4,200,100,std_b,93,0.0364738867165682,0.0333256105597283,0.0398311105032523,29
vladislavleva4,200,100,std_b,94,0.0364738867165682,0.0332637147077181,0.0398311105032523,29
vladislavleva4,200,100,std_b,95,0.0364738867165682,0.0332637147077181,0.0388661745767126,29
vladislavleva4,200,100,std_b,96,0.0364738867165682,0.0332637147077181,0.0388661745767126,29
vladislavleva4,200,100,std_b,97,0.0364738867165682,0.0332637147077181,0.0382070677262908,29
vladislavleva4,200,100,std_b,98,0.0364738867165682,0.0332637147077181,0.0382070677262908,29
vladislavleva4,200,100,std_b,99,0.0364738867165682,0.0332637147077181,0.0382070677262908,29
vladislavleva4,200,100,std_b,100,0.0364738867165682,0.0332637147077181,0.0382070677262908,29
vladislavleva4,200,100,std_b,101,0.0364738867165682,0.0332637147077181,0.0382070677262908,29
vladislavleva4,200,100,std_b,102,0.0364738867165682,0.0332637147077181,0.0382070677262908,29
vladislavleva4,200,100,std_b,103,0.0364738867165682,0.0332637147077181,0.0382070677262908,29
vladislavleva4,200,100,std_b,104,0.0364738867165682,0.0332637147077181,0.0382070677262908,29
vladislavleva4,200,100,std_b,105,0.0354948049114554,0.0332637147077181,0.0382070677262908,29
vladislavleva4,200,100,std_b,106,0.0354948049114554,0.0332637147077181,0.0382070677262908,29
vladislavleva4,200,100,std_b,107,0.0354948049114554,0.033130991690616,0.0382070677262908,29
vladislavleva4,200,100,std_b,108,0.0354948049114554,0.033130991690616,0.0382070677262908,29
vladislavleva4,200,100,std_b,109,0.0354948049114554,0.033130991690616,0.0382070677262908,29
vladislavleva4,200,100,std_b,110,0.0354948049114554,0.033130991690616,0.0382070677262908,29
vladislavleva4,200,100,std_b,111,0.0354948049114554,0.033130991690616,0.0382070677262908,29
vladislavleva4,200,100,std_b,112,0.0354948049114554,0.033130991690616,0.0382070677262908,29
vladislavleva4,200,100,std_b,113,0.035311927416125,0.033130991690616,0.0382070677262908,29
vladislavleva4,200,100,std_b,114,0.035311927416125,0.033130991690616,0.0382070677262908,29
vladislavleva4,200,100,std_b,115,0.035311927416125,0.0328107985687839,0.0382070677262908,29
vladislavleva4,200,100,std_b,116,0.035311927416125,0.0328107985687839,0.0382070677262908,29
vladislavleva4,200,100,std_b,117,0.0349708531552462,0.0328107985687839,0.0382070677262908,29
vladislavleva4,200,100,std_b,118,0.0349708531552462,0.0328107985687839,0.0382070677262908,29
vladislavleva4,200,100,std_b,119,0.0349708531552462,0.0328107985687839,0.0382070677262908,29
vladislavleva4,200,100,std_b,120,0.0349708531552462,0.0328107985687839,0.0382070677262908,29
vladislavleva4,200,100,std_b,121,0.0349708531552462,0.0328107985687839,0.0382070677262908,29
vladislavleva4,200,100,std_b,122,0.0345970950293657,0.0323888490088611,0.0382070677262908,29
vladislavleva4,200,100,std_b,123,0.0345970950293657,0.0323888490088611,0.0382070677262908,29
vladislavleva4,200,100,std_b,124,0.0345970950293657,0.0323888490088611,0.0382070677262908,29
vladislavleva4,200,100,std_b,125,0.0345970950293657,0.0323888490088611,0.0382070677262908,29
vladislavleva4,200,100,std_b,126,0.0345970950293657,0.0323888490088611,0.0382070677262908,29
vladislavleva4,200,100,std_b,127,0.0345970950293657,0.0323888490088611,0.0382070677262908,29
vladislavleva4,200,100,std_b,128,0.0345970950293657,0.0323888490088611,0.0382070677262908,29
vladislavleva4,200,100,std_b,129,0.0345970950293657,0.0323888490088611,0.0382070677262908,29
vladislavleva4,200,100,std_b,130,0.0345970950293657,0.0323888490088611,0.0382070677262908,29
vladislavleva4,200,100,std_b,131,0.0345970950293657,0.0323888490088611,0.0382070677262908,29
vladislavleva4,200,100,std_b,132,0.0345970950293657,0.0323888490088611,0.0382070677262908,29
vladislavleva4,200,100,std_b,133,0.0345970950293657,0.0323888490088611,0.0382070677262908,29
vladislavleva4,200,100,std_b,134,0.0345970950293657,0.0323888490088611,0.0382070677262908,29
vladislavleva4,200,100,std_b,135,0.0345970950293657,0.0323888490088611,0.0382070677262908,29
vladislavleva4,200,100,std_b,136,0.0345970950293657,0.0323888490088611,0.0382070677262908,29
vladislavleva4,200,100,std_b,137,0.0345970950293657,0.0323888490088611,0.0382070677262908,29
vladislavleva4,200,100,std_b,138,0.0345970950293657,0.0323888490088611,0.0382070677262908,29
vladislavleva4,200,100,std_b,139,0.0345970950293657,0.0323888490088611,0.0382070677262908,29
vladislavleva4,200,100,std_b,140,0.0345970950293657,0.0323888490088611,0.0382070677262908,29
vladislavleva4,200,100,std_b,141,0.0345970950293657,0.0323888490088611,0.0382070677262908,29
vladislavleva4,200,100,std_b,142,0.0345970950293657,0.031954220129421,0.0382070677262908,29
vladislavleva4,200,100,std_b,143,0.0345970950293657,0.031954220129421,0.0382070677262908,29
vladislavleva4,200,100,std_b,144,0.0345970950293657,0.031954220129421,0.0382070677262908,29
vladislavleva4,200,100,std_b,145,0.0345970950293657,0.0317259199972738,0.0382070677262908,29
vladislavleva4,200,100,std_b,146,0.0345970950293657,0.0317259199972738,0.0382070677262908,29
vladislavleva4,200,100,std_b,147,0.0345970950293657,0.0315682954402929,0.0382070677262908,29
vladislavleva4,200,100,std_b,148,0.0345970950293657,0.0315682954402929,0.0382070677262908,29
vladislavleva4,200,100,std_b,149,0.0342660520903862,0.0315682954402929,0.0382070677262908,29
vladislavleva4,200,100,std_b,150,0.0342660520903862,0.0315682954402929,0.0382070677262908,29
vladislavleva4,200,100,std_b,151,0.0342660520903862,0.0315682954402929,0.0382070677262908,29
vladislavleva4,200,100,std_b,152,0.0342660520903862,0.0315682954402929,0.0382070677262908,29
vladislavleva4,200,100,std_b,153,0.0342660520903862,0.0315682954402929,0.0382070677262908,29
vladislavleva4,200,100,std_b,154,0.0342660520903862,0.0315682954402929,0.0378058662357397,29
vladislavleva4,200,100,std_b,155,0.0342660520903862,0.0315682954402929,0.0378058662357397,29
vladislavleva4,200,100,std_b,156,0.0342660520903862,0.0315682954402929,0.0378058662357397,29
vladislavleva4,200,100,std_b,157,0.0342660520903862,0.0315682954402929,0.0378058662357397,29
vladislavleva4,200,100,std_b,158,0.0342660520903862,0.0315621640192399,0.0378058662357397,29
vladislavleva4,200,100,std_b,159,0.0342660520903862,0.0315621640192399,0.0378058662357397,29
vladislavleva4,200,100,std_b,160,0.0342660520903862,0.0315621640192399,0.0378058662357397,29
vladislavleva4,200,100,std_b,161,0.0342660520903862,0.0315621640192399,0.0378058662357397,29
vladislavleva4,200,100,std_b,162,0.0342660520903862,0.0315621640192399,0.0378058662357397,29
vladislavleva4,200,100,std_b,163,0.0342660520903862,0.0315621640192399,0.0378058662357397,29
vladislavleva4,200,100,std_b,164,0.0342660520903862,0.0315621640192399,0.0378058662357397,29
vladislavleva4,200,100,std_b,165,0.0342660520903862,0.0315621640192399,0.0378058662357397,29
vladislavleva4,200,100,std_b,166,0.0342660520903862,0.0315621640192399,0.0378058662357397,29
vladislavleva4,200,100,std_b,167,0.0342660520903862,0.0315621640192399,0.0378058662357397,29
vladislavleva4,200,100,std_b,168,0.0338941757903197,0.0315621640192399,0.0378058662357397,29
vladislavleva4,200,100,std_b,169,0.0338941757903197,0.0315621640192399,0.0378058662357397,29
vladislavleva4,200,100,std_b,170,0.0338941757903197,0.0315621640192399,0.0378058662357397,29
vladislavleva4,200,100,std_b,171,0.0338941757903197,0.0315621640192399,0.0378058662357397,29
vladislavleva4,200,100,std_b,172,0.0338941757903197,0.0315621640192399,0.0378058662357397,29
vladislavleva4,200,100,std_b,173,0.0338941757903197,0.0315621640192399,0.0378058662357397,29
vladislavleva4,200,100,std_b,174,0.0338941757903197,0.0315621640192399,0.0378058662357397,29
vladislavleva4,200,100,std_b,175,0.0338669712334901,0.0315621640192399,0.0375421412076103,29
vladislavleva4,200,100,std_b,176,0.0338669712334901,0.0315621640192399,0.0375421412076103,29
vladislavleva4,200,100,std_b,177,0.0338669712334901,0.0315621640192399,0.0375421412076103,29
vladislavleva4,200,100,std_b,178,0.0338669712334901,0.0315492022740668,0.0375421412076103,29
vladislavleva4,200,100,std_b,179,0.0338669712334901,0.0315492022740668,0.0375421412076103,29
vladislavleva4,200,100,std_b,180,0.0338669712334901,0.0315492022740668,0.0375421412076103,29
vladislavleva4,200,100,std_b,181,0.0338669712334901,0.0315492022740668,0.0373497749531313,29
vladislavleva4,200,100,std_b,182,0.0338669712334901,0.0315492022740668,0.0373497749531313,29
vladislavleva4,200,100,std_b,183,0.0338669712334901,0.0312862267313937,0.0373497749531313,29
vladislavleva4,200,100,std_b,184,0.0338669712334901,0.0312862267313937,0.0373497749531313,29
vladislavleva4,200,100,std_b,185,0.0338669712334901,0.0312862267313937,0.0373497749531313,29
vladislavleva4,200,100,std_b,186,0.0338669712334901,0.0312862267313937,0.0373497749531313,29
vladislavleva4,200,100,std_b,187,0.0336741326810873,0.0312862267313937,0.0373497749531313,29
vladislavleva4,200,100,std_b,188,0.0336741326810873,0.0309037786253473,0.0373497749531313,29
vladislavleva4,200,100,std_b,189,0.0336719444120077,0.0309037786253473,0.0373497749531313,29
vladislavleva4,200,100,std_b,190,0.0336719444120077,0.0309037786253473,0.0373497749531313,29
vladislavleva4,200,100,std_b,191,0.0336719444120077,0.0309037786253473,0.0373497749531313,29
vladislavleva4,200,100,std_b,192,0.0336719444120077,0.0309037786253473,0.0373497749531313,29
vladislavleva4,200,100,std_b,193,0.0336719444120077,0.0309037786253473,0.0373497749531313,29
vladislavleva4,200,100,std_b,194,0.0336719444120077,0.0309037786253473,0.0373497749531313,29
vladislavleva4,200,100,std_b,195,0.0336719444120077,0.0309037786253473,0.0373497749531313,29
vladislavleva4,200,100,std_b,196,0.0336719444120077,0.0309037786253473,0.0373497749531313,29
vladislavleva4,200,100,std_b,197,0.0336719444120077,0.0309037786253473,0.0373497749531313,29
vladislavleva4,200,100,std_b,198,0.0336719444120077,0.0309037786253473,0.0373497749531313,29
vladislavleva4,200,100,std_b,199,0.0336719444120077,0.0309037786253473,0.0373497749531313,29
vladislavleva4,200,100,eml_b,0,3.300976976034466,2.4157625306322696,9.511923510153045,30
vladislavleva4,200,100,eml_b,1,2.074152681283293,0.8709884814551664,4.7269327542414965,30
vladislavleva4,200,100,eml_b,2,1.3117098301681827,0.8226869906631404,2.6361585334578,30
vladislavleva4,200,100,eml_b,3,0.9038896563532106,0.7839324339290659,1.6823819318673725,30
vladislavleva4,200,100,eml_b,4,0.8261970726701211,0.3478585311726528,1.6668338852342963,30
vladislavleva4,200,100,eml_b,5,0.7849696371523927,0.3478585311726528,1.3825057908951919,30
vladislavleva4,200,100,eml_b,6,0.7836176364485739,0.3478585311726528,1.1940120079470182,30
vladislavleva4,200,100,eml_b,7,0.7578766601435103,0.34775519226558277,0.9066169142308328,30
vladislavleva4,200,100,eml_b,8,0.7578766601435103,0.34775519226558277,0.9066169142308328,30
vladislavleva4,200,100,eml_b,9,0.7451021161636351,0.3458624385313865,0.9066169142308328,30
vladislavleva4,200,100,eml_b,10,0.6236307472483124,0.3458624385313865,0.9066169142308328,30
vladislavleva4,200,100,eml_b,11,0.4348580435991417,0.33716324748567644,0.9066169142308328,30
vladislavleva4,200,100,eml_b,12,0.3936829309789886,0.32609905795215843,0.9066169142308328,30
vladislavleva4,200,100,eml_b,13,0.3478585311726528,0.32386157646611546,0.9066169142308328,30
vladislavleva4,200,100,eml_b,14,0.3478585311726528,0.3214446670555792,0.8893438837482575,30
vladislavleva4,200,100,eml_b,15,0.3478585311726528,0.3213836771351294,0.8893438837482575,30
vladislavleva4,200,100,eml_b,16,0.34778963856793943,0.3213836771351294,0.8893317577985154,30
vladislavleva4,200,100,eml_b,17,0.34778963856793943,0.3213836771351294,0.8860539653139979,30
vladislavleva4,200,100,eml_b,18,0.34778963856793943,0.3213836771351294,0.8858916634326368,30
vladislavleva4,200,100,eml_b,19,0.34778173930553047,0.3213836771351294,0.8858916634326368,30
vladislavleva4,200,100,eml_b,20,0.34771743026296964,0.3213836771351294,0.8858916634326368,30
vladislavleva4,200,100,eml_b,21,0.34771743026296964,0.3211223643396841,0.8418981481521709,30
vladislavleva4,200,100,eml_b,22,0.34771743026296964,0.3211223643396841,0.8418259206042102,30
vladislavleva4,200,100,eml_b,23,0.34771743026296964,0.3211223643396841,0.8418259206042102,30
vladislavleva4,200,100,eml_b,24,0.34771743026296964,0.3211223643396841,0.8418259206042102,30
vladislavleva4,200,100,eml_b,25,0.34771743026296964,0.31969885527753616,0.8418259206042102,30
vladislavleva4,200,100,eml_b,26,0.34771743026296964,0.31969885527753616,0.8418259206042102,30
vladislavleva4,200,100,eml_b,27,0.34771743026296964,0.31969885527753616,0.8418259206042102,30
vladislavleva4,200,100,eml_b,28,0.34771743026296964,0.31475648793394423,0.8351282423904793,30
vladislavleva4,200,100,eml_b,29,0.34771743026296964,0.31475648793394423,0.8351282423904793,30
vladislavleva4,200,100,eml_b,30,0.33853489634903144,0.3138015075097492,0.8351282423904793,30
vladislavleva4,200,100,eml_b,31,0.33853489634903144,0.3138015075097492,0.8351282423904793,30
vladislavleva4,200,100,eml_b,32,0.3283763740499289,0.2589889653331971,0.7814653155583984,30
vladislavleva4,200,100,eml_b,33,0.3283763740499289,0.2465872740140005,0.7721991505267213,30
vladislavleva4,200,100,eml_b,34,0.3283763740499289,0.2465872740140005,0.7721991505267213,30
vladislavleva4,200,100,eml_b,35,0.3283763740499289,0.2465872740140005,0.7721991505267213,30
vladislavleva4,200,100,eml_b,36,0.3283763740499289,0.24653247981099527,0.7721991505267213,30
vladislavleva4,200,100,eml_b,37,0.3283763740499289,0.24653247981099527,0.7721991505267213,30
vladislavleva4,200,100,eml_b,38,0.3283763740499289,0.2091789040917605,0.7721991505267213,30
vladislavleva4,200,100,eml_b,39,0.3283763740499289,0.20909913634465183,0.7721991505267213,30
vladislavleva4,200,100,eml_b,40,0.3283763740499289,0.20909913634465183,0.7721991505267213,30
vladislavleva4,200,100,eml_b,41,0.3283763740499289,0.20909913634465183,0.7719412778144301,30
vladislavleva4,200,100,eml_b,42,0.3283763740499289,0.18974758266309102,0.7718882335363866,30
vladislavleva4,200,100,eml_b,43,0.3243656320624362,0.15991489662339012,0.7430372101241677,30
vladislavleva4,200,100,eml_b,44,0.3243196823745384,0.15987553103759447,0.7430372101241677,30
vladislavleva4,200,100,eml_b,45,0.3242484334631607,0.15987553103759447,0.7300757806030491,30
vladislavleva4,200,100,eml_b,46,0.3242484334631607,0.15987553103759447,0.730072278991152,30
vladislavleva4,200,100,eml_b,47,0.3242484334631607,0.15987553103759447,0.7276834234041174,30
vladislavleva4,200,100,eml_b,48,0.3242484334631607,0.15987553103759447,0.6178816955668144,30
vladislavleva4,200,100,eml_b,49,0.3203157825185363,0.15987553103759447,0.4630448532246214,30
vladislavleva4,200,100,eml_b,50,0.3203157825185363,0.15643249991340574,0.41109633081985,30
vladislavleva4,200,100,eml_b,51,0.3201267682666107,0.15643249991340574,0.4104390553977099,30
vladislavleva4,200,100,eml_b,52,0.3201267682666107,0.15643182265555128,0.4104390553977099,30
vladislavleva4,200,100,eml_b,53,0.31993180639143215,0.15641172362149408,0.40458935654645667,30
vladislavleva4,200,100,eml_b,54,0.31993180639143215,0.15641172362149408,0.4036910113835762,30
vladislavleva4,200,100,eml_b,55,0.31993180639143215,0.15641172362149408,0.4036910113835762,30
vladislavleva4,200,100,eml_b,56,0.31993180639143215,0.1564117014302897,0.4036910113835762,30
vladislavleva4,200,100,eml_b,57,0.31946303996793035,0.1564117014302897,0.4036910113835762,30
vladislavleva4,200,100,eml_b,58,0.31946303996793035,0.1564117014302897,0.4036910113835762,30
vladislavleva4,200,100,eml_b,59,0.3191573867273739,0.1564117014302897,0.4036910113835762,30
vladislavleva4,200,100,eml_b,60,0.3191573867273739,0.1564117014302897,0.4036910113835762,30
vladislavleva4,200,100,eml_b,61,0.3191573867273739,0.1564117014302897,0.4036910113835762,30
vladislavleva4,200,100,eml_b,62,0.31913326818759935,0.15259120128089596,0.4036910113835762,30
vladislavleva4,200,100,eml_b,63,0.31913326818759935,0.15242640456450773,0.4036910113835762,30
vladislavleva4,200,100,eml_b,64,0.3169239640350268,0.15242640456450773,0.4036910113835762,30
vladislavleva4,200,100,eml_b,65,0.3169239640350268,0.15242640456450773,0.4036910113835762,30
vladislavleva4,200,100,eml_b,66,0.3163863699661227,0.15242640456450773,0.4036910113835762,30
vladislavleva4,200,100,eml_b,67,0.3163863699661227,0.15242640456450773,0.3972182638503997,30
vladislavleva4,200,100,eml_b,68,0.31533058844482653,0.15242640456450773,0.3972182638503997,30
vladislavleva4,200,100,eml_b,69,0.31533058844482653,0.15242640456450773,0.397203173979993,30
vladislavleva4,200,100,eml_b,70,0.31523104315505174,0.15242640456450773,0.397203173979993,30
vladislavleva4,200,100,eml_b,71,0.31523104315505174,0.15242640456450773,0.39717087826089614,30
vladislavleva4,200,100,eml_b,72,0.31523104315505174,0.15242640456450773,0.37803015810168106,30
vladislavleva4,200,100,eml_b,73,0.31523104315505174,0.15242640456450773,0.37803015810168106,30
vladislavleva4,200,100,eml_b,74,0.31511983018397494,0.15242640456450773,0.37803015810168106,30
vladislavleva4,200,100,eml_b,75,0.31511983018397494,0.15242640456450773,0.37803015810168106,30
vladislavleva4,200,100,eml_b,76,0.3135241347455229,0.15242640456450773,0.3778131756601387,30
vladislavleva4,200,100,eml_b,77,0.3107795491277997,0.15242640456450773,0.3361156828155718,30
vladislavleva4,200,100,eml_b,78,0.3107795491277997,0.15242640456450773,0.334130043064127,30
vladislavleva4,200,100,eml_b,79,0.3107795491277997,0.15242640456450773,0.334130043064127,30
vladislavleva4,200,100,eml_b,80,0.3107795491277997,0.15242640456450773,0.334130043064127,30
vladislavleva4,200,100,eml_b,81,0.3107795491277997,0.15242640456450773,0.334130043064127,30
vladislavleva4,200,100,eml_b,82,0.3107795491277997,0.15242640456450773,0.334130043064127,30
vladislavleva4,200,100,eml_b,83,0.3107795491277997,0.14990496390287333,0.334130043064127,30
vladislavleva4,200,100,eml_b,84,0.3107795491277997,0.14990496390287333,0.334130043064127,30
vladislavleva4,200,100,eml_b,85,0.3107795491277997,0.14990496390287333,0.334130043064127,30
vladislavleva4,200,100,eml_b,86,0.3107795491277997,0.14990496390287333,0.3305996960191806,30
vladislavleva4,200,100,eml_b,87,0.3107795491277997,0.14990496390287333,0.33059581770693536,30
vladislavleva4,200,100,eml_b,88,0.3107795491277997,0.14990496390287333,0.33059581770693536,30
vladislavleva4,200,100,eml_b,89,0.3107795491277997,0.14990496390287333,0.33059581770693536,30
vladislavleva4,200,100,eml_b,90,0.3107795491277997,0.14990496390287333,0.33059581770693536,30
vladislavleva4,200,100,eml_b,91,0.3107795491277997,0.14990496390287333,0.33054011760206836,30
vladislavleva4,200,100,eml_b,92,0.310767823293184,0.14990496390287333,0.33054011760206836,30
vladislavleva4,200,100,eml_b,93,0.310767823293184,0.14987138489560226,0.33054011760206836,30
vladislavleva4,200,100,eml_b,94,0.310767823293184,0.14987138489560226,0.33054011760206836,30
vladislavleva4,200,100,eml_b,95,0.3087258022670414,0.14987138489560226,0.33054011760206836,30
vladislavleva4,200,100,eml_b,96,0.3087258022670414,0.14984910277077643,0.33054011760206836,30
vladislavleva4,200,100,eml_b,97,0.3069766171281392,0.14984910277077643,0.33054011760206836,30
vladislavleva4,200,100,eml_b,98,0.3069766171281392,0.14984910277077643,0.33054011760206836,30
vladislavleva4,200,100,eml_b,99,0.3069766171281392,0.14984910277077643,0.33054011760206836,30
vladislavleva4,200,100,eml_b,100,0.3069766171281392,0.14984910277077643,0.33054011760206836,30
vladislavleva4,200,100,eml_b,101,0.3069766171281392,0.14984910277077643,0.330513665373645,30
vladislavleva4,200,100,eml_b,102,0.3069753013446353,0.14984910277077643,0.330513665373645,30
vladislavleva4,200,100,eml_b,103,0.30697525155024935,0.14984910277077643,0.3304873579503799,30
vladislavleva4,200,100,eml_b,104,0.30697525155008265,0.14984910277077643,0.3304873579503799,30
vladislavleva4,200,100,eml_b,105,0.30489952218734595,0.14984910277077643,0.3304873579503799,30
vladislavleva4,200,100,eml_b,106,0.30489952218734595,0.14984910277077643,0.3304873537580262,30
vladislavleva4,200,100,eml_b,107,0.30489952218734595,0.14984910277077643,0.32745989672387943,30
vladislavleva4,200,100,eml_b,108,0.30489952218734595,0.14984910277077643,0.32745989672387943,30
vladislavleva4,200,100,eml_b,109,0.30489952218734595,0.1489118863298715,0.32745989672387943,30
vladislavleva4,200,100,eml_b,110,0.30489952218734595,0.1489118863298715,0.32745989672387943,30
vladislavleva4,200,100,eml_b,111,0.30489952218734595,0.1489118863298715,0.32745989672387943,30
vladislavleva4,200,100,eml_b,112,0.30489952218734595,0.1489118863298715,0.3254041711371922,30
vladislavleva4,200,100,eml_b,113,0.30489952218734595,0.1489118863298715,0.325331935260744,30
vladislavleva4,200,100,eml_b,114,0.30489952218734595,0.1489118863298715,0.325331935260744,30
vladislavleva4,200,100,eml_b,115,0.30489952218734595,0.14879075717894885,0.325331935260744,30
vladislavleva4,200,100,eml_b,116,0.30489952218734595,0.14879075717894885,0.325331935260744,30
vladislavleva4,200,100,eml_b,117,0.30489952218734595,0.14879075717894885,0.325331935260744,30
vladislavleva4,200,100,eml_b,118,0.30489952218734595,0.14879075717894885,0.325331935260744,30
vladislavleva4,200,100,eml_b,119,0.30489952218734595,0.14879075717894885,0.325331935260744,30
vladislavleva4,200,100,eml_b,120,0.30489952218734595,0.1487580545734132,0.325331935260744,30
vladislavleva4,200,100,eml_b,121,0.30489952218734595,0.1487580545734132,0.325331935260744,30
vladislavleva4,200,100,eml_b,122,0.30489952218734595,0.1487580545734132,0.32532391118962356,30
vladislavleva4,200,100,eml_b,123,0.30489952218734595,0.1487580545734132,0.3251210919815293,30
vladislavleva4,200,100,eml_b,124,0.30489952218734595,0.1487580545734132,0.3251210919815293,30
vladislavleva4,200,100,eml_b,125,0.30489952218734595,0.1487580545734132,0.32444025861165227,30
vladislavleva4,200,100,eml_b,126,0.30489952218734595,0.1487580545734132,0.32444025861165227,30
vladislavleva4,200,100,eml_b,127,0.2855532537077279,0.1487580545734132,0.32150044324418176,30
vladislavleva4,200,100,eml_b,128,0.2790609483748179,0.1487580545734132,0.32150044324418176,30
vladislavleva4,200,100,eml_b,129,0.2790609483748179,0.1487580545734132,0.32150044324418176,30
vladislavleva4,200,100,eml_b,130,0.2790609483748179,0.1487580545734132,0.3205997549933196,30
vladislavleva4,200,100,eml_b,131,0.2765897199106653,0.1487580545734132,0.3205997549933196,30
vladislavleva4,200,100,eml_b,132,0.2765897199106653,0.1487580545734132,0.3205997549933196,30
vladislavleva4,200,100,eml_b,133,0.2765897199106653,0.14866174459726647,0.3205997549933196,30
vladislavleva4,200,100,eml_b,134,0.2765897199106653,0.14864122993391216,0.3204083646507956,30
vladislavleva4,200,100,eml_b,135,0.2765897199106653,0.14864122993391216,0.3204083646507956,30
vladislavleva4,200,100,eml_b,136,0.2765897199106653,0.14864122993391216,0.3204083646507956,30
vladislavleva4,200,100,eml_b,137,0.2765897199106653,0.14860740324214589,0.3204083646507956,30
vladislavleva4,200,100,eml_b,138,0.2765897199106653,0.14860740324214589,0.3204083646507956,30
vladislavleva4,200,100,eml_b,139,0.2765897199106653,0.14860740324214589,0.3204083646507956,30
vladislavleva4,200,100,eml_b,140,0.2722088642623244,0.14860740324214589,0.3204083646507956,30
vladislavleva4,200,100,eml_b,141,0.2722088642623244,0.14860740324214589,0.32026989645942744,30
vladislavleva4,200,100,eml_b,142,0.24645806112706015,0.14860650689505528,0.32026989645942744,30
vladislavleva4,200,100,eml_b,143,0.24626135898680995,0.14858761219155184,0.32026989645942744,30
vladislavleva4,200,100,eml_b,144,0.24626135898680995,0.14858707346270628,0.32026989645942744,30
vladislavleva4,200,100,eml_b,145,0.24626135898680995,0.14858707346270628,0.32026989645942744,30
vladislavleva4,200,100,eml_b,146,0.24626135898680995,0.14858467403922015,0.32019516380084445,30
vladislavleva4,200,100,eml_b,147,0.24626135898680995,0.14858467403922015,0.32013563087031105,30
vladislavleva4,200,100,eml_b,148,0.24626135898680995,0.14287246407051116,0.32013563087031105,30
vladislavleva4,200,100,eml_b,149,0.24626135898680995,0.14143316967632447,0.3196405398106247,30
vladislavleva4,200,100,eml_b,150,0.24626135898680995,0.14143316967632447,0.3196405398106247,30
vladislavleva4,200,100,eml_b,151,0.24626135898680995,0.14142799842005044,0.3196405398106247,30
vladislavleva4,200,100,eml_b,152,0.24626135898680995,0.14142799842005044,0.3196405398106247,30
vladislavleva4,200,100,eml_b,153,0.24626135898680995,0.14142799842005044,0.3196405398106247,30
vladislavleva4,200,100,eml_b,154,0.24626135898680995,0.14142799842005044,0.3196405398106247,30
vladislavleva4,200,100,eml_b,155,0.2446897591934487,0.14142799842005044,0.3196405398106247,30
vladislavleva4,200,100,eml_b,156,0.2446897591934487,0.14142799842005044,0.3196405398106247,30
vladislavleva4,200,100,eml_b,157,0.2446897591934487,0.14142799842005044,0.3196258027999442,30
vladislavleva4,200,100,eml_b,158,0.2335033825260403,0.14142799842005044,0.3196258027999442,30
vladislavleva4,200,100,eml_b,159,0.23141601013672508,0.1382512915266476,0.3196258027999442,30
vladislavleva4,200,100,eml_b,160,0.23141601013672508,0.1382512915266476,0.3196258027999442,30
vladislavleva4,200,100,eml_b,161,0.22930554172053164,0.1382512915266476,0.3196258027999442,30
vladislavleva4,200,100,eml_b,162,0.22930554172053164,0.1382512915266476,0.3196258027999442,30
vladislavleva4,200,100,eml_b,163,0.22514679012208455,0.1382512915266476,0.31959405716683287,30
vladislavleva4,200,100,eml_b,164,0.22506065380369056,0.1205903849602301,0.31959405716683287,30
vladislavleva4,200,100,eml_b,165,0.2183984417450536,0.1198455594723233,0.31959405716683287,30
vladislavleva4,200,100,eml_b,166,0.2183984417450536,0.1198455594723233,0.31959405716683287,30
vladislavleva4,200,100,eml_b,167,0.2183984417450536,0.1198455594723233,0.31959405716683287,30
vladislavleva4,200,100,eml_b,168,0.2183984417450536,0.1198455594723233,0.31959405716683287,30
vladislavleva4,200,100,eml_b,169,0.2183984417450536,0.10411491236225535,0.31959405716683287,30
vladislavleva4,200,100,eml_b,170,0.2183984417450536,0.10411491236225535,0.31959405716683287,30
vladislavleva4,200,100,eml_b,171,0.2183893342996434,0.10411491236225535,0.31959405716683287,30
vladislavleva4,200,100,eml_b,172,0.2183893342996434,0.10411491236225535,0.31959405716683287,30
vladislavleva4,200,100,eml_b,173,0.21797277215962765,0.10411491236225535,0.31959405716683287,30
vladislavleva4,200,100,eml_b,174,0.21797277215962765,0.10411491236225535,0.31958211388748015,30
vladislavleva4,200,100,eml_b,175,0.21797277215962765,0.10411491236225535,0.3195777556676441,30
vladislavleva4,200,100,eml_b,176,0.21797277215962765,0.10411491236225535,0.3195777556676441,30
vladislavleva4,200,100,eml_b,177,0.21797277215962765,0.10411491236225535,0.3195102756933873,30
vladislavleva4,200,100,eml_b,178,0.21797277215962765,0.10411491236225535,0.3195102756933873,30
vladislavleva4,200,100,eml_b,179,0.21797277215962765,0.10408368208851661,0.3195102756933873,30
vladislavleva4,200,100,eml_b,180,0.2179423869449218,0.10403286301167013,0.3195102756933873,30
vladislavleva4,200,100,eml_b,181,0.2179423869449218,0.10403286301167013,0.31949179439546177,30
vladislavleva4,200,100,eml_b,182,0.2179423869449218,0.10403286301167013,0.31949179439546177,30
vladislavleva4,200,100,eml_b,183,0.2179423869449218,0.10383655370613268,0.31949179439546177,30
vladislavleva4,200,100,eml_b,184,0.2179423869449218,0.10383655370613268,0.31949179439546177,30
vladislavleva4,200,100,eml_b,185,0.19024061275851534,0.10383655370613268,0.31949179439546177,30
vladislavleva4,200,100,eml_b,186,0.19024061275851534,0.10383655370613268,0.31949179439546177,30
vladislavleva4,200,100,eml_b,187,0.19024061275851534,0.10383214700509835,0.31949179439546177,30
vladislavleva4,200,100,eml_b,188,0.19024061275851534,0.10383214700509835,0.31949179439546177,30
vladislavleva4,200,100,eml_b,189,0.18801837252730852,0.10382789226579672,0.31949179439546177,30
vladislavleva4,200,100,eml_b,190,0.18801837252730852,0.10382789226579672,0.31949179439546177,30
vladislavleva4,200,100,eml_b,191,0.15824205661308885,0.08960426907423455,0.31949179439546177,30
vladislavleva4,200,100,eml_b,192,0.15824205661308885,0.08960426907423455,0.31949179439546177,30
vladislavleva4,200,100,eml_b,193,0.15824205661308885,0.08960426907423455,0.3187852441553593,30
vladislavleva4,200,100,eml_b,194,0.15805828385831117,0.08960426907423455,0.3187852441553593,30
vladislavleva4,200,100,eml_b,195,0.15586165413223807,0.08960426907423455,0.3187852441553593,30
vladislavleva4,200,100,eml_b,196,0.1558377544489247,0.08960426907423455,0.3187823954080664,30
vladislavleva4,200,100,eml_b,197,0.1558377544489247,0.08960426907423455,0.3187823954080664,30
vladislavleva4,200,100,eml_b,198,0.1534077441489666,0.08960426907423455,0.3187823954080664,30
vladislavleva4,200,100,eml_b,199,0.1534077441489666,0.08960426907423455,0.3187823954080664,30
