test_id,generations_config,pop_size,algorithm,generation,median_fitness,q1_fitness,q3_fitness,n_runs
1.1,200,100,std_std,0,0.0,0.0,0.0,30
1.1,200,100,std_std,1,0.0,0.0,0.0,30
1.1,200,100,std_std,2,0.0,0.0,0.0,30
1.1,200,100,eml_std,0,0.244941,0.0,3.4001455000000003,30
1.1,200,100,eml_std,1,0.0,0.0,0.0,30
1.1,200,100,eml_std,2,0.0,0.0,0.0,30
1.1,200,100,eml_std,3,0.0,0.0,0.0,30
1.1,200,100,eml_mut,0,0.244941,0.0,3.4001455000000003,30
1.1,200,100,eml_mut,1,0.0,0.0,1.564162,30
1.1,200,100,eml_mut,2,0.0,0.0,1.06909075,30
1.1,200,100,eml_mut,3,0.0,0.0,0.9390575,30
1.1,200,100,eml_mut,4,0.0,0.0,0.8724704999999999,30
1.1,200,100,eml_mut,5,0.0,0.0,0.871331,30
1.1,200,100,eml_mut,6,0.0,0.0,0.34698225,30
1.1,200,100,eml_mut,7,0.0,0.0,0.34698225,30
1.1,200,100,eml_mut,8,0.0,0.0,0.18992874999999998,30
1.1,200,100,eml_mut,9,0.0,0.0,0.1068615,30
1.1,200,100,eml_mut,10,0.0,0.0,0.0,30
1.1,200,100,eml_mut,11,0.0,0.0,0.0,30
1.1,200,100,eml_mut,12,0.0,0.0,0.0,30
1.1,200,100,eml_mut,13,0.0,0.0,0.0,30
1.1,200,100,eml_mut,14,0.0,0.0,0.0,30
1.1,200,100,eml_mut,15,0.0,0.0,0.0,30
1.1,200,100,eml_mut,16,0.0,0.0,0.0,30
1.1,200,100,eml_mut,17,0.0,0.0,0.0,30
1.1,200,100,eml_mut,18,0.0,0.0,0.0,30
1.1,200,100,eml_mut,19,0.0,0.0,0.0,30
1.1,200,100,eml_mut,20,0.0,0.0,0.0,30
1.1,200,100,eml_mut,21,0.0,0.0,0.0,30
1.1,200,100,eml_mut,22,0.0,0.0,0.0,30
1.1,200,100,eml_mut,23,0.0,0.0,0.0,30
1.1,200,100,eml_mut,24,0.0,0.0,0.0,30
1.1,200,100,eml_mut,25,0.0,0.0,0.0,30
1.1,200,100,eml_mut,26,0.0,0.0,0.0,30
1.1,200,100,eml_mut,27,0.0,0.0,0.0,30
1.1,200,100,eml_mut,28,0.0,0.0,0.0,30
1.1,200,100,eml_mut,29,0.0,0.0,0.0,30
1.1,200,100,eml_mut,30,0.0,0.0,0.0,30
1.1,200,100,eml_mut,31,0.0,0.0,0.0,30
1.1,200,100,eml_mut,32,0.0,0.0,0.0,30
1.1,200,100,eml_mut,33,0.0,0.0,0.0,30
1.1,200,100,eml_mut,34,0.0,0.0,0.0,30
1.1,200,100,eml_mut,35,0.0,0.0,0.0,30
1.1,200,100,eml_mut,36,0.0,0.0,0.0,30
1.1,200,100,eml_mut,37,0.0,0.0,0.0,30
1.1,200,100,eml_mut,38,0.0,0.0,0.0,30
1.1,200,100,eml_mut,39,0.0,0.0,0.0,30
1.1,200,100,eml_mut,40,0.0,0.0,0.0,30
1.1,200,100,eml_mut,41,0.0,0.0,0.0,30
1.1,200,100,eml_mut,42,0.0,0.0,0.0,30
1.1,200,100,eml_mut,43,0.0,0.0,0.0,30
1.1,200,100,eml_mut,44,0.0,0.0,0.0,30
1.1,200,100,eml_mut,45,0.0,0.0,0.0,30
1.1,200,100,eml_mut,46,0.0,0.0,0.0,30
1.1,200,100,eml_mut,47,0.0,0.0,0.0,30
1.1,200,100,eml_mut,48,0.0,0.0,0.0,30
1.1,200,100,eml_mut,49,0.0,0.0,0.0,30
1.1,200,100,eml_mut,50,0.0,0.0,0.0,30
1.1,200,100,eml_mut,51,0.0,0.0,0.0,30
1.1,200,100,eml_mut,52,0.0,0.0,0.0,30
1.1,200,100,eml_mut,53,0.0,0.0,0.0,30
1.1,200,100,eml_mut,54,0.0,0.0,0.0,30
1.1,200,100,eml_mut,55,0.0,0.0,0.0,30
1.1,200,100,eml_mut,56,0.0,0.0,0.0,30
1.1,200,100,eml_mut,57,0.0,0.0,0.0,30
1.1,200,100,eml_mut,58,0.0,0.0,0.0,30
1.1,200,100,eml_mut,59,0.0,0.0,0.0,30
1.1,200,100,eml_mut,60,0.0,0.0,0.0,30
1.1,200,100,eml_mut,61,0.0,0.0,0.0,30
1.1,200,100,eml_mut,62,0.0,0.0,0.0,30
1.1,200,100,eml_mut,63,0.0,0.0,0.0,30
1.1,200,100,eml_mut,64,0.0,0.0,0.0,30
1.1,200,100,eml_mut,65,0.0,0.0,0.0,30
1.1,200,100,eml_mut,66,0.0,0.0,0.0,30
1.1,200,100,eml_mut,67,0.0,0.0,0.0,30
1.1,200,100,std_ssc,0,0.0,0.0,0.0,30
1.1,200,100,std_ssc,1,0.0,0.0,0.0,30
1.1,200,100,std_ssc,2,0.0,0.0,0.0,30
1.1,200,100,std_ssc,3,0.0,0.0,0.0,30
1.1,200,100,std_ssc,4,0.0,0.0,0.0,30
1.1,200,100,std_ssc,5,0.0,0.0,0.0,30
1.1,200,100,std_ssc,6,0.0,0.0,0.0,30
1.1,200,100,eml_ssc,0,0.244940767458803,0.0,3.4001455803516953,30
1.1,200,100,eml_ssc,1,0.0,0.0,2.459648644092944,30
1.1,200,100,eml_ssc,2,0.0,0.0,1.0,30
1.1,200,100,eml_ssc,3,0.0,0.0,0.0,30
1.1,200,100,eml_ssc,4,0.0,0.0,0.0,30
1.1,200,100,eml_ssc,5,0.0,0.0,0.0,30
1.1,200,100,eml_ssc,6,0.0,0.0,0.0,30
1.1,200,100,eml_ssc,7,0.0,0.0,0.0,30
1.1,200,100,eml_ssc,8,0.0,0.0,0.0,30
1.1,200,100,eml_ssc,9,0.0,0.0,0.0,30
1.1,200,100,eml_ssc,10,0.0,0.0,0.0,30
1.1,200,100,eml_ssc,11,0.0,0.0,0.0,30
1.1,200,100,eml_ssc,12,0.0,0.0,0.0,30
1.1,200,100,eml_ssc,13,0.0,0.0,0.0,30
1.1,200,100,eml_ssc,14,0.0,0.0,0.0,30
1.1,200,100,eml_ssc,15,0.0,0.0,0.0,30
1.1,200,100,eml_ssc,16,0.0,0.0,0.0,30
1.1,200,100,eml_ssc,17,0.0,0.0,0.0,30
1.1,200,100,eml_ssc,18,0.0,0.0,0.0,30
1.1,200,100,eml_ssc,19,0.0,0.0,0.0,30
1.1,200,100,eml_ssc,20,0.0,0.0,0.0,30
1.1,200,100,eml_ssc,21,0.0,0.0,0.0,30
1.1,200,100,eml_ssc,22,0.0,0.0,0.0,30
1.1,200,100,eml_ssc,23,0.0,0.0,0.0,30
1.1,200,100,eml_ssc,24,0.0,0.0,0.0,30
1.1,200,100,eml_ssc,25,0.0,0.0,0.0,30
1.1,200,100,eml_ssc,26,0.0,0.0,0.0,30
1.1,200,100,eml_ssc,27,0.0,0.0,0.0,30
1.1,200,100,eml_ssc,28,0.0,0.0,0.0,30
1.1,200,100,eml_ssc,29,0.0,0.0,0.0,30
1.1,200,100,eml_ssc,30,0.0,0.0,0.0,30
1.1,200,100,eml_ssc,31,0.0,0.0,0.0,30
1.1,200,100,eml_ssc,32,0.0,0.0,0.0,30
1.1,200,100,eml_ssc,33,0.0,0.0,0.0,30
1.1,200,100,eml_ssc,34,0.0,0.0,0.0,30
1.1,200,100,eml_ssc,35,0.0,0.0,0.0,30
1.1,200,100,eml_ssc,36,0.0,0.0,0.0,30
1.1,200,100,eml_ssc,37,0.0,0.0,0.0,30
1.1,200,100,eml_ssc,38,0.0,0.0,0.0,30
1.1,200,100,eml_ssc,39,0.0,0.0,0.0,30
1.1,200,100,eml_ssc,40,0.0,0.0,0.0,30
1.1,200,100,eml_ssc,41,0.0,0.0,0.0,30
1.1,200,100,eml_ssc,42,0.0,0.0,0.0,30
1.1,200,100,eml_ssc,43,0.0,0.0,0.0,30
1.1,200,100,eml_ssc,44,0.0,0.0,0.0,30
1.1,200,100,eml_ssc,45,0.0,0.0,0.0,30
1.1,200,100,eml_ssc,46,0.0,0.0,0.0,30
1.1,200,100,eml_ssc,47,0.0,0.0,0.0,30
1.1,200,100,eml_ssc,48,0.0,0.0,0.0,30
1.1,200,100,eml_ssc,49,0.0,0.0,0.0,30
1.1,200,100,eml_ssc,50,0.0,0.0,0.0,30
1.1,200,100,eml_ssc,51,0.0,0.0,0.0,30
1.1,200,100,eml_ssc,52,0.0,0.0,0.0,30
1.1,200,100,eml_ssc,53,0.0,0.0,0.0,30
1.1,200,100,eml_ssc,54,0.0,0.0,0.0,30
1.1,200,100,eml_ssc,55,0.0,0.0,0.0,30
1.1,200,100,eml_ssc,56,0.0,0.0,0.0,30
1.1,200,100,eml_ssc,57,0.0,0.0,0.0,30
1.1,200,100,eml_ssc,58,0.0,0.0,0.0,30
1.1,200,100,eml_ssc,59,0.0,0.0,0.0,30
1.1,200,100,eml_ssc,60,0.0,0.0,0.0,30
1.1,200,100,eml_ssc,61,0.0,0.0,0.0,30
1.1,200,100,eml_ssc,62,0.0,0.0,0.0,30
1.1,200,100,eml_ssc,63,0.0,0.0,0.0,30
1.1,200,100,eml_ssc,64,0.0,0.0,0.0,30
1.1,200,100,eml_ssc,65,0.0,0.0,0.0,30
1.1,200,100,eml_ssc,66,0.0,0.0,0.0,30
1.1,200,100,eml_ssc,67,0.0,0.0,0.0,30
1.1,200,100,eml_ssc,68,0.0,0.0,0.0,30
1.1,200,100,eml_ssc,69,0.0,0.0,0.0,30
1.1,200,100,eml_ssc,70,0.0,0.0,0.0,30
1.1,200,100,eml_ssc,71,0.0,0.0,0.0,30
1.1,200,100,eml_ssc,72,0.0,0.0,0.0,30
1.1,200,100,eml_ssc,73,0.0,0.0,0.0,30
1.1,200,100,eml_ssc,74,0.0,0.0,0.0,30
1.1,200,100,eml_ssc,75,0.0,0.0,0.0,30
1.1,200,100,eml_ssc,76,0.0,0.0,0.0,30
1.1,200,100,eml_ssc,77,0.0,0.0,0.0,30
1.1,200,100,eml_ssc,78,0.0,0.0,0.0,30
1.1,200,100,eml_ssc,79,0.0,0.0,0.0,30
1.1,200,100,eml_ssc,80,0.0,0.0,0.0,30
1.1,200,100,eml_ssc,81,0.0,0.0,0.0,30
1.1,200,100,eml_ssc,82,0.0,0.0,0.0,30
1.1,200,100,eml_ssc,83,0.0,0.0,0.0,30
1.1,200,100,eml_ssc,84,0.0,0.0,0.0,30
1.1,200,100,eml_ssc,85,0.0,0.0,0.0,30
1.1,200,100,eml_ssc,86,0.0,0.0,0.0,30
1.1,200,100,eml_ssc,87,0.0,0.0,0.0,30
1.1,200,100,eml_ssc,88,0.0,0.0,0.0,30
1.1,200,100,eml_ssc,89,0.0,0.0,0.0,30
1.1,200,100,eml_ssc,90,0.0,0.0,0.0,30
1.1,200,100,eml_ssc,91,0.0,0.0,0.0,30
1.1,200,100,eml_ssc,92,0.0,0.0,0.0,30
1.1,200,100,eml_ssc,93,0.0,0.0,0.0,30
1.1,200,100,eml_ssc,94,0.0,0.0,0.0,30
1.1,200,100,eml_ssc,95,0.0,0.0,0.0,30
1.1,200,100,eml_ssc,96,0.0,0.0,0.0,30
1.1,200,100,eml_ssc,97,0.0,0.0,0.0,30
1.1,200,100,eml_ssc,98,0.0,0.0,0.0,30
1.1,200,100,eml_ssc,99,0.0,0.0,0.0,30
1.1,200,100,eml_ssc,100,0.0,0.0,0.0,30
1.1,200,100,eml_ssc,101,0.0,0.0,0.0,30
1.1,200,100,eml_ssc,102,0.0,0.0,0.0,30
1.1,200,100,eml_ssc,103,0.0,0.0,0.0,30
1.1,200,100,eml_ssc,104,0.0,0.0,0.0,30
1.1,200,100,eml_ssc,105,0.0,0.0,0.0,30
1.1,200,100,eml_ssc,106,0.0,0.0,0.0,30
1.1,200,100,eml_ssc,107,0.0,0.0,0.0,30
1.1,200,100,eml_ssc,108,0.0,0.0,0.0,30
1.1,200,100,eml_ssc,109,0.0,0.0,0.0,30
1.1,200,100,eml_ssc,110,0.0,0.0,0.0,30
1.1,200,100,eml_ssc,111,0.0,0.0,0.0,30
1.1,200,100,eml_ssc,112,0.0,0.0,0.0,30
1.1,200,100,eml_ssc,113,0.0,0.0,0.0,30
1.1,200,100,eml_ssc,114,0.0,0.0,0.0,30
1.1,200,100,eml_ssc,115,0.0,0.0,0.0,30
1.1,200,100,eml_ssc,116,0.0,0.0,0.0,30
1.1,200,100,eml_ssc,117,0.0,0.0,0.0,30
1.1,200,100,eml_ssc,118,0.0,0.0,0.0,30
1.1,200,100,eml_ssc,119,0.0,0.0,0.0,30
1.1,200,100,eml_ssc,120,0.0,0.0,0.0,30
1.1,200,100,eml_ssc,121,0.0,0.0,0.0,30
1.1,200,100,eml_ssc,122,0.0,0.0,0.0,30
1.1,200,100,eml_ssc,123,0.0,0.0,0.0,30
1.1,200,100,eml_ssc,124,0.0,0.0,0.0,30
1.1,200,100,eml_ssc,125,0.0,0.0,0.0,30
1.1,200,100,eml_ssc,126,0.0,0.0,0.0,30
1.1,200,100,eml_ssc,127,0.0,0.0,0.0,30
1.1,200,100,eml_ssc,128,0.0,0.0,0.0,30
1.1,200,100,eml_ssc,129,0.0,0.0,0.0,30
1.1,200,100,eml_ssc,130,0.0,0.0,0.0,30
1.1,200,100,eml_ssc,131,0.0,0.0,0.0,30
1.1,200,100,eml_ssc,132,0.0,0.0,0.0,30
1.1,200,100,eml_ssc,133,0.0,0.0,0.0,30
1.1,200,100,eml_ssc,134,0.0,0.0,0.0,30
1.1,200,100,eml_ssc,135,0.0,0.0,0.0,30
1.1,200,100,eml_ssc,136,0.0,0.0,0.0,30
1.1,200,100,eml_ssc,137,0.0,0.0,0.0,30
1.1,200,100,eml_ssc,138,0.0,0.0,0.0,30
1.1,200,100,eml_ssc,139,0.0,0.0,0.0,30
1.1,200,100,eml_ssc,140,0.0,0.0,0.0,30
1.1,200,100,eml_ssc,141,0.0,0.0,0.0,30
1.1,200,100,eml_ssc,142,0.0,0.0,0.0,30
1.1,200,100,eml_ssc,143,0.0,0.0,0.0,30
1.1,200,100,eml_ssc,144,0.0,0.0,0.0,30
1.1,200,100,eml_ssc,145,0.0,0.0,0.0,30
1.1,200,100,eml_ssc,146,0.0,0.0,0.0,30
1.1,200,100,eml_ssc,147,0.0,0.0,0.0,30
1.1,200,100,eml_ssc,148,0.0,0.0,0.0,30
1.1,200,100,eml_ssc,149,0.0,0.0,0.0,30
1.1,200,100,eml_ssc,150,0.0,0.0,0.0,30
1.1,200,100,eml_ssc,151,0.0,0.0,0.0,30
1.1,200,100,eml_ssc,152,0.0,0.0,0.0,30
1.1,200,100,eml_ssc,153,0.0,0.0,0.0,30
1.1,200,100,eml_ssc,154,0.0,0.0,0.0,30
1.1,200,100,eml_ssc,155,0.0,0.0,0.0,30
1.1,200,100,eml_ssc,156,0.0,0.0,0.0,30
1.1,200,100,eml_ssc,157,0.0,0.0,0.0,30
1.1,200,100,eml_ssc,158,0.0,0.0,0.0,30
1.1,200,100,eml_ssc,159,0.0,0.0,0.0,30
1.1,200,100,eml_ssc,160,0.0,0.0,0.0,30
1.1,200,100,eml_ssc,161,0.0,0.0,0.0,30
1.1,200,100,eml_ssc,162,0.0,0.0,0.0,30
1.1,200,100,eml_ssc,163,0.0,0.0,0.0,30
1.1,200,100,eml_ssc,164,0.0,0.0,0.0,30
1.1,200,100,eml_ssc,165,0.0,0.0,0.0,30
1.1,200,100,eml_ssc,166,0.0,0.0,0.0,30
1.1,200,100,eml_ssc,167,0.0,0.0,0.0,30
1.1,200,100,eml_ssc,168,0.0,0.0,0.0,30
1.1,200,100,eml_ssc,169,0.0,0.0,0.0,30
1.1,200,100,eml_ssc,170,0.0,0.0,0.0,30
1.1,200,100,eml_ssc,171,0.0,0.0,0.0,30
1.1,200,100,eml_ssc,172,0.0,0.0,0.0,30
1.1,200,100,eml_ssc,173,0.0,0.0,0.0,30
1.1,200,100,eml_ssc,174,0.0,0.0,0.0,30
1.1,200,100,eml_ssc,175,0.0,0.0,0.0,30
1.1,200,100,eml_ssc,176,0.0,0.0,0.0,30
1.1,200,100,eml_ssc,177,0.0,0.0,0.0,30
1.1,200,100,eml_ssc,178,0.0,0.0,0.0,30
1.1,200,100,eml_ssc,179,0.0,0.0,0.0,30
1.1,200,100,eml_ssc,180,0.0,0.0,0.0,30
1.1,200,100,eml_ssc,181,0.0,0.0,0.0,30
1.1,200,100,eml_ssc,182,0.0,0.0,0.0,30
1.1,200,100,eml_ssc,183,0.0,0.0,0.0,30
1.1,200,100,eml_ssc,184,0.0,0.0,0.0,30
1.1,200,100,eml_ssc,185,0.0,0.0,0.0,30
1.1,200,100,eml_ssc,186,0.0,0.0,0.0,30
1.1,200,100,eml_ssc,187,0.0,0.0,0.0,30
1.1,200,100,eml_ssc,188,0.0,0.0,0.0,30
1.1,200,100,eml_ssc,189,0.0,0.0,0.0,30
1.1,200,100,eml_ssc,190,0.0,0.0,0.0,30
1.1,200,100,eml_ssc,191,0.0,0.0,0.0,30
1.1,200,100,eml_ssc,192,0.0,0.0,0.0,30
1.1,200,100,eml_ssc,193,0.0,0.0,0.0,30
1.1,200,100,eml_ssc,194,0.0,0.0,0.0,30
1.1,200,100,eml_ssc,195,0.0,0.0,0.0,30
1.1,200,100,eml_ssc,196,0.0,0.0,0.0,30
1.1,200,100,eml_ssc,197,0.0,0.0,0.0,30
1.1,200,100,eml_ssc,198,0.0,0.0,0.0,30
1.1,200,100,eml_ssc,199,0.0,0.0,0.0,30
1.2,200,100,std_std,0,0.0,0.0,0.2770625,30
1.2,200,100,std_std,1,0.0,0.0,0.0,30
1.2,200,100,std_std,2,0.0,0.0,0.0,30
1.2,200,100,eml_std,0,1.188604,1.07782925,1.8480335,30
1.2,200,100,eml_std,1,0.6816789999999999,0.5875105,0.78553425,30
1.2,200,100,eml_std,2,0.629613,0.0031175,0.73368375,30
1.2,200,100,eml_std,3,0.6209555,0.0005915,0.73368375,30
1.2,200,100,eml_std,4,0.001729,0.00043149999999999997,0.63388825,30
1.2,200,100,eml_std,5,0.0006255,1.725e-05,0.07996175,30
1.2,200,100,eml_std,6,0.000144,0.0,0.005653,30
1.2,200,100,eml_std,7,0.0,0.0,0.00032725,30
1.2,200,100,eml_std,8,0.0,0.0,0.00032175,30
1.2,200,100,eml_std,9,0.0,0.0,0.000204,30
1.2,200,100,eml_std,10,0.0,0.0,0.000139,30
1.2,200,100,eml_std,11,0.0,0.0,2.7e-05,30
1.2,200,100,eml_std,12,0.0,0.0,1.2499999999999999e-05,30
1.2,200,100,eml_std,13,0.0,0.0,1.2499999999999999e-05,30
1.2,200,100,eml_std,14,0.0,0.0,1.2499999999999999e-05,30
1.2,200,100,eml_std,15,0.0,0.0,1.2499999999999999e-05,30
1.2,200,100,eml_std,16,0.0,0.0,1.2499999999999999e-05,30
1.2,200,100,eml_std,17,0.0,0.0,1.2499999999999999e-05,30
1.2,200,100,eml_std,18,0.0,0.0,1.2499999999999999e-05,30
1.2,200,100,eml_std,19,0.0,0.0,1.225e-05,30
1.2,200,100,eml_std,20,0.0,0.0,1.225e-05,30
1.2,200,100,eml_std,21,0.0,0.0,1.225e-05,30
1.2,200,100,eml_std,22,0.0,0.0,1.225e-05,30
1.2,200,100,eml_std,23,0.0,0.0,1.225e-05,30
1.2,200,100,eml_std,24,0.0,0.0,7.500000000000001e-06,30
1.2,200,100,eml_std,25,0.0,0.0,7.500000000000001e-06,30
1.2,200,100,eml_std,26,0.0,0.0,7.500000000000001e-06,30
1.2,200,100,eml_std,27,0.0,0.0,7.500000000000001e-06,30
1.2,200,100,eml_std,28,0.0,0.0,7.500000000000001e-06,30
1.2,200,100,eml_std,29,0.0,0.0,7.500000000000001e-06,30
1.2,200,100,eml_std,30,0.0,0.0,7.500000000000001e-06,30
1.2,200,100,eml_std,31,0.0,0.0,7.500000000000001e-06,30
1.2,200,100,eml_std,32,0.0,0.0,7.500000000000001e-06,30
1.2,200,100,eml_std,33,0.0,0.0,7.500000000000001e-06,30
1.2,200,100,eml_std,34,0.0,0.0,7.500000000000001e-06,30
1.2,200,100,eml_std,35,0.0,0.0,7.500000000000001e-06,30
1.2,200,100,eml_std,36,0.0,0.0,7.500000000000001e-06,30
1.2,200,100,eml_std,37,0.0,0.0,7.500000000000001e-06,30
1.2,200,100,eml_std,38,0.0,0.0,7.500000000000001e-06,30
1.2,200,100,eml_std,39,0.0,0.0,7.500000000000001e-06,30
1.2,200,100,eml_std,40,0.0,0.0,7.500000000000001e-06,30
1.2,200,100,eml_std,41,0.0,0.0,7.500000000000001e-06,30
1.2,200,100,eml_std,42,0.0,0.0,7.500000000000001e-06,30
1.2,200,100,eml_std,43,0.0,0.0,7.500000000000001e-06,30
1.2,200,100,eml_std,44,0.0,0.0,6.75e-06,30
1.2,200,100,eml_std,45,0.0,0.0,6.75e-06,30
1.2,200,100,eml_std,46,0.0,0.0,6.75e-06,30
1.2,200,100,eml_std,47,0.0,0.0,6.75e-06,30
1.2,200,100,eml_std,48,0.0,0.0,6.75e-06,30
1.2,200,100,eml_std,49,0.0,0.0,6.75e-06,30
1.2,200,100,eml_std,50,0.0,0.0,6.75e-06,30
1.2,200,100,eml_std,51,0.0,0.0,6.75e-06,30
1.2,200,100,eml_std,52,0.0,0.0,6.75e-06,30
1.2,200,100,eml_std,53,0.0,0.0,6.75e-06,30
1.2,200,100,eml_std,54,0.0,0.0,6.75e-06,30
1.2,200,100,eml_std,55,0.0,0.0,6.75e-06,30
1.2,200,100,eml_std,56,0.0,0.0,6.75e-06,30
1.2,200,100,eml_std,57,0.0,0.0,6.75e-06,30
1.2,200,100,eml_std,58,0.0,0.0,6.75e-06,30
1.2,200,100,eml_std,59,0.0,0.0,6.75e-06,30
1.2,200,100,eml_std,60,0.0,0.0,6.75e-06,30
1.2,200,100,eml_std,61,0.0,0.0,6.75e-06,30
1.2,200,100,eml_std,62,0.0,0.0,6.75e-06,30
1.2,200,100,eml_std,63,0.0,0.0,6e-06,30
1.2,200,100,eml_std,64,0.0,0.0,6e-06,30
1.2,200,100,eml_std,65,0.0,0.0,6e-06,30
1.2,200,100,eml_std,66,0.0,0.0,6e-06,30
1.2,200,100,eml_std,67,0.0,0.0,6e-06,30
1.2,200,100,eml_std,68,0.0,0.0,6e-06,30
1.2,200,100,eml_std,69,0.0,0.0,6e-06,30
1.2,200,100,eml_std,70,0.0,0.0,6e-06,30
1.2,200,100,eml_std,71,0.0,0.0,6e-06,30
1.2,200,100,eml_std,72,0.0,0.0,6e-06,30
1.2,200,100,eml_std,73,0.0,0.0,6e-06,30
1.2,200,100,eml_std,74,0.0,0.0,6e-06,30
1.2,200,100,eml_std,75,0.0,0.0,6e-06,30
1.2,200,100,eml_std,76,0.0,0.0,6e-06,30
1.2,200,100,eml_std,77,0.0,0.0,6e-06,30
1.2,200,100,eml_std,78,0.0,0.0,6e-06,30
1.2,200,100,eml_std,79,0.0,0.0,6e-06,30
1.2,200,100,eml_std,80,0.0,0.0,6e-06,30
1.2,200,100,eml_std,81,0.0,0.0,3.7500000000000005e-06,30
1.2,200,100,eml_std,82,0.0,0.0,3.7500000000000005e-06,30
1.2,200,100,eml_std,83,0.0,0.0,3.7500000000000005e-06,30
1.2,200,100,eml_std,84,0.0,0.0,3.7500000000000005e-06,30
1.2,200,100,eml_std,85,0.0,0.0,3.7500000000000005e-06,30
1.2,200,100,eml_std,86,0.0,0.0,3.7500000000000005e-06,30
1.2,200,100,eml_std,87,0.0,0.0,3.7500000000000005e-06,30
1.2,200,100,eml_std,88,0.0,0.0,3.7500000000000005e-06,30
1.2,200,100,eml_std,89,0.0,0.0,3.7500000000000005e-06,30
1.2,200,100,eml_std,90,0.0,0.0,3.7500000000000005e-06,30
1.2,200,100,eml_std,91,0.0,0.0,0.0,30
1.2,200,100,eml_std,92,0.0,0.0,0.0,30
1.2,200,100,eml_std,93,0.0,0.0,0.0,30
1.2,200,100,eml_std,94,0.0,0.0,0.0,30
1.2,200,100,eml_std,95,0.0,0.0,0.0,30
1.2,200,100,eml_std,96,0.0,0.0,0.0,30
1.2,200,100,eml_std,97,0.0,0.0,0.0,30
1.2,200,100,eml_std,98,0.0,0.0,0.0,30
1.2,200,100,eml_std,99,0.0,0.0,0.0,30
1.2,200,100,eml_std,100,0.0,0.0,0.0,30
1.2,200,100,eml_std,101,0.0,0.0,0.0,30
1.2,200,100,eml_std,102,0.0,0.0,0.0,30
1.2,200,100,eml_std,103,0.0,0.0,0.0,30
1.2,200,100,eml_std,104,0.0,0.0,0.0,30
1.2,200,100,eml_std,105,0.0,0.0,0.0,30
1.2,200,100,eml_std,106,0.0,0.0,0.0,30
1.2,200,100,eml_std,107,0.0,0.0,0.0,30
1.2,200,100,eml_std,108,0.0,0.0,0.0,30
1.2,200,100,eml_std,109,0.0,0.0,0.0,30
1.2,200,100,eml_std,110,0.0,0.0,0.0,30
1.2,200,100,eml_std,111,0.0,0.0,0.0,30
1.2,200,100,eml_std,112,0.0,0.0,0.0,30
1.2,200,100,eml_std,113,0.0,0.0,0.0,30
1.2,200,100,eml_std,114,0.0,0.0,0.0,30
1.2,200,100,eml_std,115,0.0,0.0,0.0,30
1.2,200,100,eml_std,116,0.0,0.0,0.0,30
1.2,200,100,eml_std,117,0.0,0.0,0.0,30
1.2,200,100,eml_std,118,0.0,0.0,0.0,30
1.2,200,100,eml_std,119,0.0,0.0,0.0,30
1.2,200,100,eml_std,120,0.0,0.0,0.0,30
1.2,200,100,eml_std,121,0.0,0.0,0.0,30
1.2,200,100,eml_std,122,0.0,0.0,0.0,30
1.2,200,100,eml_std,123,0.0,0.0,0.0,30
1.2,200,100,eml_std,124,0.0,0.0,0.0,30
1.2,200,100,eml_std,125,0.0,0.0,0.0,30
1.2,200,100,eml_std,126,0.0,0.0,0.0,30
1.2,200,100,eml_std,127,0.0,0.0,0.0,30
1.2,200,100,eml_std,128,0.0,0.0,0.0,30
1.2,200,100,eml_std,129,0.0,0.0,0.0,30
1.2,200,100,eml_std,130,0.0,0.0,0.0,30
1.2,200,100,eml_std,131,0.0,0.0,0.0,30
1.2,200,100,eml_std,132,0.0,0.0,0.0,30
1.2,200,100,eml_std,133,0.0,0.0,0.0,30
1.2,200,100,eml_std,134,0.0,0.0,0.0,30
1.2,200,100,eml_std,135,0.0,0.0,0.0,30
1.2,200,100,eml_std,136,0.0,0.0,0.0,30
1.2,200,100,eml_std,137,0.0,0.0,0.0,30
1.2,200,100,eml_std,138,0.0,0.0,0.0,30
1.2,200,100,eml_std,139,0.0,0.0,0.0,30
1.2,200,100,eml_std,140,0.0,0.0,0.0,30
1.2,200,100,eml_std,141,0.0,0.0,0.0,30
1.2,200,100,eml_std,142,0.0,0.0,0.0,30
1.2,200,100,eml_std,143,0.0,0.0,0.0,30
1.2,200,100,eml_std,144,0.0,0.0,0.0,30
1.2,200,100,eml_std,145,0.0,0.0,0.0,30
1.2,200,100,eml_std,146,0.0,0.0,0.0,30
1.2,200,100,eml_std,147,0.0,0.0,0.0,30
1.2,200,100,eml_std,148,0.0,0.0,0.0,30
1.2,200,100,eml_std,149,0.0,0.0,0.0,30
1.2,200,100,eml_std,150,0.0,0.0,0.0,30
1.2,200,100,eml_std,151,0.0,0.0,0.0,30
1.2,200,100,eml_std,152,0.0,0.0,0.0,30
1.2,200,100,eml_std,153,0.0,0.0,0.0,30
1.2,200,100,eml_std,154,0.0,0.0,0.0,30
1.2,200,100,eml_std,155,0.0,0.0,0.0,30
1.2,200,100,eml_std,156,0.0,0.0,0.0,30
1.2,200,100,eml_std,157,0.0,0.0,0.0,30
1.2,200,100,eml_std,158,0.0,0.0,0.0,30
1.2,200,100,eml_std,159,0.0,0.0,0.0,30
1.2,200,100,eml_std,160,0.0,0.0,0.0,30
1.2,200,100,eml_std,161,0.0,0.0,0.0,30
1.2,200,100,eml_std,162,0.0,0.0,0.0,30
1.2,200,100,eml_std,163,0.0,0.0,0.0,30
1.2,200,100,eml_std,164,0.0,0.0,0.0,30
1.2,200,100,eml_std,165,0.0,0.0,0.0,30
1.2,200,100,eml_std,166,0.0,0.0,0.0,30
1.2,200,100,eml_std,167,0.0,0.0,0.0,30
1.2,200,100,eml_std,168,0.0,0.0,0.0,30
1.2,200,100,eml_std,169,0.0,0.0,0.0,30
1.2,200,100,eml_std,170,0.0,0.0,0.0,30
1.2,200,100,eml_std,171,0.0,0.0,0.0,30
1.2,200,100,eml_std,172,0.0,0.0,0.0,30
1.2,200,100,eml_std,173,0.0,0.0,0.0,30
1.2,200,100,eml_std,174,0.0,0.0,0.0,30
1.2,200,100,eml_std,175,0.0,0.0,0.0,30
1.2,200,100,eml_std,176,0.0,0.0,0.0,30
1.2,200,100,eml_std,177,0.0,0.0,0.0,30
1.2,200,100,eml_std,178,0.0,0.0,0.0,30
1.2,200,100,eml_std,179,0.0,0.0,0.0,30
1.2,200,100,eml_std,180,0.0,0.0,0.0,30
1.2,200,100,eml_std,181,0.0,0.0,0.0,30
1.2,200,100,eml_std,182,0.0,0.0,0.0,30
1.2,200,100,eml_std,183,0.0,0.0,0.0,30
1.2,200,100,eml_std,184,0.0,0.0,0.0,30
1.2,200,100,eml_std,185,0.0,0.0,0.0,30
1.2,200,100,eml_std,186,0.0,0.0,0.0,30
1.2,200,100,eml_std,187,0.0,0.0,0.0,30
1.2,200,100,eml_std,188,0.0,0.0,0.0,30
1.2,200,100,eml_std,189,0.0,0.0,0.0,30
1.2,200,100,eml_std,190,0.0,0.0,0.0,30
1.2,200,100,eml_std,191,0.0,0.0,0.0,30
1.2,200,100,eml_std,192,0.0,0.0,0.0,30
1.2,200,100,eml_std,193,0.0,0.0,0.0,30
1.2,200,100,eml_std,194,0.0,0.0,0.0,30
1.2,200,100,eml_std,195,0.0,0.0,0.0,30
1.2,200,100,eml_std,196,0.0,0.0,0.0,30
1.2,200,100,eml_std,197,0.0,0.0,0.0,30
1.2,200,100,eml_std,198,0.0,0.0,0.0,30
1.2,200,100,eml_std,199,0.0,0.0,0.0,30
1.2,200,100,eml_mut,0,1.188604,1.07782925,1.8480335,30
1.2,200,100,eml_mut,1,0.776746,0.0036585,1.152627,30
1.2,200,100,eml_mut,2,0.47034149999999997,0.002195,1.050719,30
1.2,200,100,eml_mut,3,0.225738,0.002195,0.8577589999999999,30
1.2,200,100,eml_mut,4,0.1135105,0.0019104999999999999,0.8564025,30
1.2,200,100,eml_mut,5,0.026716999999999998,0.000709,0.76817325,30
1.2,200,100,eml_mut,6,0.0042095,0.0006035000000000001,0.53444375,30
1.2,200,100,eml_mut,7,0.0014495,0.00060125,0.38669675,30
1.2,200,100,eml_mut,8,0.001261,0.000317,0.38669675,30
1.2,200,100,eml_mut,9,0.000819,7.475e-05,0.22401374999999998,30
1.2,200,100,eml_mut,10,0.0006205,5.925e-05,0.09756775,30
1.2,200,100,eml_mut,11,0.0004795,5.925e-05,0.006566,30
1.2,200,100,eml_mut,12,0.000344,3.95e-05,0.006566,30
1.2,200,100,eml_mut,13,0.000344,3.95e-05,0.006566,30
1.2,200,100,eml_mut,14,0.000344,3.95e-05,0.00504975,30
1.2,200,100,eml_mut,15,0.000239,3.95e-05,0.00504975,30
1.2,200,100,eml_mut,16,0.0001345,1.625e-05,0.0015015,30
1.2,200,100,eml_mut,17,9.7e-05,1.625e-05,0.0015015,30
1.2,200,100,eml_mut,18,5.4999999999999995e-05,1.625e-05,0.00128075,30
1.2,200,100,eml_mut,19,5.4999999999999995e-05,1.625e-05,0.0012112499999999999,30
1.2,200,100,eml_mut,20,5.4499999999999997e-05,1.625e-05,0.00063375,30
1.2,200,100,eml_mut,21,5.4499999999999997e-05,1.625e-05,0.000531,30
1.2,200,100,eml_mut,22,5.25e-05,1.25e-05,0.0005085000000000001,30
1.2,200,100,eml_mut,23,4.55e-05,1.25e-05,0.0004535,30
1.2,200,100,eml_mut,24,4.1e-05,1.1249999999999999e-05,0.0003545,30
1.2,200,100,eml_mut,25,4.1e-05,1.1249999999999999e-05,0.0003545,30
1.2,200,100,eml_mut,26,4.1e-05,1.0500000000000001e-05,0.00031975,30
1.2,200,100,eml_mut,27,3.5e-05,1.0500000000000001e-05,0.00020425,30
1.2,200,100,eml_mut,28,3.3e-05,1.0500000000000001e-05,0.00016025000000000002,30
1.2,200,100,eml_mut,29,3.3e-05,1.0500000000000001e-05,0.0001415,30
1.2,200,100,eml_mut,30,2.7499999999999998e-05,1.0500000000000001e-05,0.00010125,30
1.2,200,100,eml_mut,31,2.7499999999999998e-05,1.0500000000000001e-05,0.00010125,30
1.2,200,100,eml_mut,32,2.3e-05,1e-05,7.099999999999999e-05,30
1.2,200,100,eml_mut,33,1.95e-05,1e-05,5.575e-05,30
1.2,200,100,eml_mut,34,1.95e-05,1e-05,5.575e-05,30
1.2,200,100,eml_mut,35,1.55e-05,1e-05,4.525e-05,30
1.2,200,100,eml_mut,36,1.55e-05,1e-05,4.45e-05,30
1.2,200,100,eml_mut,37,1.55e-05,1e-05,4.45e-05,30
1.2,200,100,eml_mut,38,1.55e-05,1e-05,4.45e-05,30
1.2,200,100,eml_mut,39,1.55e-05,9.250000000000001e-06,3.9e-05,30
1.2,200,100,eml_mut,40,1.55e-05,9.250000000000001e-06,3.9e-05,30
1.2,200,100,eml_mut,41,1.55e-05,9.250000000000001e-06,3.9e-05,30
1.2,200,100,eml_mut,42,1.4999999999999999e-05,9.250000000000001e-06,3.9e-05,30
1.2,200,100,eml_mut,43,1.4999999999999999e-05,9.250000000000001e-06,3.9e-05,30
1.2,200,100,eml_mut,44,1.4999999999999999e-05,9.250000000000001e-06,3.9e-05,30
1.2,200,100,eml_mut,45,1.4999999999999999e-05,9.250000000000001e-06,3.9e-05,30
1.2,200,100,eml_mut,46,1.45e-05,9.250000000000001e-06,3.9e-05,30
1.2,200,100,eml_mut,47,1.45e-05,9.250000000000001e-06,3.9e-05,30
1.2,200,100,eml_mut,48,1.2499999999999999e-05,9.250000000000001e-06,3.575e-05,30
1.2,200,100,eml_mut,49,1.2499999999999999e-05,9.250000000000001e-06,3.575e-05,30
1.2,200,100,eml_mut,50,1.2499999999999999e-05,9.250000000000001e-06,3.575e-05,30
1.2,200,100,eml_mut,51,1.2499999999999999e-05,9.250000000000001e-06,3.575e-05,30
1.2,200,100,eml_mut,52,1.2e-05,9.250000000000001e-06,3.2e-05,30
1.2,200,100,eml_mut,53,1.2e-05,9.250000000000001e-06,3.2e-05,30
1.2,200,100,eml_mut,54,1.2e-05,9.250000000000001e-06,2.9e-05,30
1.2,200,100,eml_mut,55,1.2e-05,9.250000000000001e-06,2.9e-05,30
1.2,200,100,eml_mut,56,1.15e-05,9.250000000000001e-06,2.175e-05,30
1.2,200,100,eml_mut,57,1.15e-05,9.250000000000001e-06,2.175e-05,30
1.2,200,100,eml_mut,58,1.15e-05,9e-06,2.175e-05,30
1.2,200,100,eml_mut,59,1.15e-05,9e-06,2.175e-05,30
1.2,200,100,eml_mut,60,1.15e-05,9e-06,2.175e-05,30
1.2,200,100,eml_mut,61,1.1e-05,7.5e-06,1.775e-05,30
1.2,200,100,eml_mut,62,1.1e-05,7.5e-06,1.775e-05,30
1.2,200,100,eml_mut,63,1.1e-05,7.5e-06,1.775e-05,30
1.2,200,100,eml_mut,64,1.1e-05,7.5e-06,1.775e-05,30
1.2,200,100,eml_mut,65,1.1e-05,7.5e-06,1.775e-05,30
1.2,200,100,eml_mut,66,1.1e-05,7.5e-06,1.775e-05,30
1.2,200,100,eml_mut,67,1.1e-05,7.5e-06,1.775e-05,30
1.2,200,100,eml_mut,68,1.1e-05,7.5e-06,1.775e-05,30
1.2,200,100,eml_mut,69,1.1e-05,7.5e-06,1.675e-05,30
1.2,200,100,eml_mut,70,1.1e-05,7.5e-06,1.675e-05,30
1.2,200,100,eml_mut,71,1.1e-05,7.5e-06,1.675e-05,30
1.2,200,100,eml_mut,72,1.1e-05,7.5e-06,1.675e-05,30
1.2,200,100,eml_mut,73,1.0500000000000001e-05,7.25e-06,1.675e-05,30
1.2,200,100,eml_mut,74,1.0500000000000001e-05,7.25e-06,1.675e-05,30
1.2,200,100,eml_mut,75,1.0500000000000001e-05,7.25e-06,1.675e-05,30
1.2,200,100,eml_mut,76,1.0500000000000001e-05,7.25e-06,1.675e-05,30
1.2,200,100,eml_mut,77,1.0500000000000001e-05,7.25e-06,1.675e-05,30
1.2,200,100,eml_mut,78,1.0500000000000001e-05,7.25e-06,1.675e-05,30
1.2,200,100,eml_mut,79,1.0500000000000001e-05,7.25e-06,1.675e-05,30
1.2,200,100,eml_mut,80,1.0500000000000001e-05,7.25e-06,1.675e-05,30
1.2,200,100,eml_mut,81,1.0500000000000001e-05,7.25e-06,1.675e-05,30
1.2,200,100,eml_mut,82,1e-05,7.25e-06,1.675e-05,30
1.2,200,100,eml_mut,83,1e-05,7.25e-06,1.675e-05,30
1.2,200,100,eml_mut,84,1e-05,7.25e-06,1.675e-05,30
1.2,200,100,eml_mut,85,1e-05,7.25e-06,1.675e-05,30
1.2,200,100,eml_mut,86,1e-05,7.25e-06,1.675e-05,30
1.2,200,100,eml_mut,87,1e-05,7.25e-06,1.675e-05,30
1.2,200,100,eml_mut,88,1e-05,7.25e-06,1.675e-05,30
1.2,200,100,eml_mut,89,1e-05,7.25e-06,1.6e-05,30
1.2,200,100,eml_mut,90,1e-05,7.25e-06,1.6e-05,30
1.2,200,100,eml_mut,91,1e-05,7.25e-06,1.6e-05,30
1.2,200,100,eml_mut,92,1e-05,7.25e-06,1.6e-05,30
1.2,200,100,eml_mut,93,1e-05,7.25e-06,1.6e-05,30
1.2,200,100,eml_mut,94,1e-05,7.25e-06,1.6e-05,30
1.2,200,100,eml_mut,95,1e-05,7.25e-06,1.6e-05,30
1.2,200,100,eml_mut,96,1e-05,7.25e-06,1.6e-05,30
1.2,200,100,eml_mut,97,1e-05,7.25e-06,1.6e-05,30
1.2,200,100,eml_mut,98,1e-05,7.25e-06,1.6e-05,30
1.2,200,100,eml_mut,99,1e-05,7.25e-06,1.55e-05,30
1.2,200,100,eml_mut,100,1e-05,7.25e-06,1.55e-05,30
1.2,200,100,eml_mut,101,1e-05,7.25e-06,1.55e-05,30
1.2,200,100,eml_mut,102,1e-05,7.25e-06,1.55e-05,30
1.2,200,100,eml_mut,103,1e-05,7.25e-06,1.55e-05,30
1.2,200,100,eml_mut,104,1e-05,7.25e-06,1.55e-05,30
1.2,200,100,eml_mut,105,1e-05,7.25e-06,1.55e-05,30
1.2,200,100,eml_mut,106,1e-05,7.25e-06,1.55e-05,30
1.2,200,100,eml_mut,107,1e-05,7.25e-06,1.55e-05,30
1.2,200,100,eml_mut,108,1e-05,7.25e-06,1.55e-05,30
1.2,200,100,eml_mut,109,9.5e-06,7.25e-06,1.3749999999999999e-05,30
1.2,200,100,eml_mut,110,9.5e-06,5.5e-06,1.3749999999999999e-05,30
1.2,200,100,eml_mut,111,9.5e-06,5.5e-06,1.3749999999999999e-05,30
1.2,200,100,eml_mut,112,9.5e-06,5.5e-06,1.275e-05,30
1.2,200,100,eml_mut,113,9.5e-06,5.5e-06,1.275e-05,30
1.2,200,100,eml_mut,114,9.5e-06,5.5e-06,1.275e-05,30
1.2,200,100,eml_mut,115,9.5e-06,5.2500000000000006e-06,1.275e-05,30
1.2,200,100,eml_mut,116,9.5e-06,5.2500000000000006e-06,1.275e-05,30
1.2,200,100,eml_mut,117,9.5e-06,5.2500000000000006e-06,1.275e-05,30
1.2,200,100,eml_mut,118,9.5e-06,5.2500000000000006e-06,1.275e-05,30
1.2,200,100,eml_mut,119,9.5e-06,5.2500000000000006e-06,1.275e-05,30
1.2,200,100,eml_mut,120,9.5e-06,5.2500000000000006e-06,1.275e-05,30
1.2,200,100,eml_mut,121,9.5e-06,5.2500000000000006e-06,1.275e-05,30
1.2,200,100,eml_mut,122,9.5e-06,5.2500000000000006e-06,1.275e-05,30
1.2,200,100,eml_mut,123,9.5e-06,5.2500000000000006e-06,1.275e-05,30
1.2,200,100,eml_mut,124,9.5e-06,5.2500000000000006e-06,1.275e-05,30
1.2,200,100,eml_mut,125,9.5e-06,5.2500000000000006e-06,1.275e-05,30
1.2,200,100,eml_mut,126,9.5e-06,5.2500000000000006e-06,1.275e-05,30
1.2,200,100,eml_mut,127,9.5e-06,5.2500000000000006e-06,1.275e-05,30
1.2,200,100,eml_mut,128,9.5e-06,5.2500000000000006e-06,1.275e-05,30
1.2,200,100,eml_mut,129,9.5e-06,5.2500000000000006e-06,1.275e-05,30
1.2,200,100,eml_mut,130,9.5e-06,5.2500000000000006e-06,1.275e-05,30
1.2,200,100,eml_mut,131,9.5e-06,5.2500000000000006e-06,1.275e-05,30
1.2,200,100,eml_mut,132,9.5e-06,5.2500000000000006e-06,1.275e-05,30
1.2,200,100,eml_mut,133,9.5e-06,5.2500000000000006e-06,1.275e-05,30
1.2,200,100,eml_mut,134,9.5e-06,5.2500000000000006e-06,1.275e-05,30
1.2,200,100,eml_mut,135,9.5e-06,5.2500000000000006e-06,1.275e-05,30
1.2,200,100,eml_mut,136,9.5e-06,5.2500000000000006e-06,1.275e-05,30
1.2,200,100,eml_mut,137,9.5e-06,5.2500000000000006e-06,1.275e-05,30
1.2,200,100,eml_mut,138,9.5e-06,5.2500000000000006e-06,1.275e-05,30
1.2,200,100,eml_mut,139,9.5e-06,5.2500000000000006e-06,1.275e-05,30
1.2,200,100,eml_mut,140,9.5e-06,5.2500000000000006e-06,1.275e-05,30
1.2,200,100,eml_mut,141,9.5e-06,5.2500000000000006e-06,1.275e-05,30
1.2,200,100,eml_mut,142,9.5e-06,5.2500000000000006e-06,1.275e-05,30
1.2,200,100,eml_mut,143,9.5e-06,5.2500000000000006e-06,1.275e-05,30
1.2,200,100,eml_mut,144,9.5e-06,5.2500000000000006e-06,1.275e-05,30
1.2,200,100,eml_mut,145,9.5e-06,5.2500000000000006e-06,1.275e-05,30
1.2,200,100,eml_mut,146,9.5e-06,5.2500000000000006e-06,1.275e-05,30
1.2,200,100,eml_mut,147,9.5e-06,5.2500000000000006e-06,1.275e-05,30
1.2,200,100,eml_mut,148,9.5e-06,5.2500000000000006e-06,1.275e-05,30
1.2,200,100,eml_mut,149,9e-06,5.2500000000000006e-06,1.275e-05,30
1.2,200,100,eml_mut,150,9e-06,5.2500000000000006e-06,1.275e-05,30
1.2,200,100,eml_mut,151,9e-06,5.2500000000000006e-06,1.275e-05,30
1.2,200,100,eml_mut,152,9e-06,5.2500000000000006e-06,1.275e-05,30
1.2,200,100,eml_mut,153,9e-06,5.2500000000000006e-06,1.275e-05,30
1.2,200,100,eml_mut,154,9e-06,5.2500000000000006e-06,1.275e-05,30
1.2,200,100,eml_mut,155,9e-06,4.25e-06,1.275e-05,30
1.2,200,100,eml_mut,156,9e-06,4.25e-06,1.275e-05,30
1.2,200,100,eml_mut,157,9e-06,4.25e-06,1.275e-05,30
1.2,200,100,eml_mut,158,9e-06,4.25e-06,1.275e-05,30
1.2,200,100,eml_mut,159,9e-06,4.25e-06,1.275e-05,30
1.2,200,100,eml_mut,160,9e-06,4.25e-06,1.275e-05,30
1.2,200,100,eml_mut,161,9e-06,4.25e-06,1.275e-05,30
1.2,200,100,eml_mut,162,9e-06,4.25e-06,1.275e-05,30
1.2,200,100,eml_mut,163,8.5e-06,4.25e-06,1.275e-05,30
1.2,200,100,eml_mut,164,8.5e-06,4.25e-06,1.275e-05,30
1.2,200,100,eml_mut,165,8.5e-06,4.25e-06,1.275e-05,30
1.2,200,100,eml_mut,166,8.5e-06,4.25e-06,1.275e-05,30
1.2,200,100,eml_mut,167,8.5e-06,4.25e-06,1.275e-05,30
1.2,200,100,eml_mut,168,8.5e-06,4.25e-06,1.275e-05,30
1.2,200,100,eml_mut,169,8.5e-06,4.25e-06,1.275e-05,30
1.2,200,100,eml_mut,170,8.5e-06,4.25e-06,1.275e-05,30
1.2,200,100,eml_mut,171,8.5e-06,4.25e-06,1.275e-05,30
1.2,200,100,eml_mut,172,8.5e-06,4.25e-06,1.275e-05,30
1.2,200,100,eml_mut,173,8.5e-06,4.25e-06,1.275e-05,30
1.2,200,100,eml_mut,174,8.5e-06,4.25e-06,1.275e-05,30
1.2,200,100,eml_mut,175,8.5e-06,4.25e-06,1.275e-05,30
1.2,200,100,eml_mut,176,8.5e-06,4.25e-06,1.275e-05,30
1.2,200,100,eml_mut,177,8.5e-06,4.25e-06,1.275e-05,30
1.2,200,100,eml_mut,178,8.5e-06,4.25e-06,1.275e-05,30
1.2,200,100,eml_mut,179,8.5e-06,4.25e-06,1.275e-05,30
1.2,200,100,eml_mut,180,8.5e-06,4.25e-06,1.275e-05,30
1.2,200,100,eml_mut,181,8.5e-06,4.25e-06,1.275e-05,30
1.2,200,100,eml_mut,182,8.5e-06,4.25e-06,1.275e-05,30
1.2,200,100,eml_mut,183,8.5e-06,4.25e-06,1.275e-05,30
1.2,200,100,eml_mut,184,8.5e-06,4.25e-06,1.275e-05,30
1.2,200,100,eml_mut,185,8.5e-06,4.25e-06,1.275e-05,30
1.2,200,100,eml_mut,186,8.5e-06,4.25e-06,1.275e-05,30
1.2,200,100,eml_mut,187,8.5e-06,4.25e-06,1.275e-05,30
1.2,200,100,eml_mut,188,8.5e-06,4.25e-06,1.275e-05,30
1.2,200,100,eml_mut,189,8.5e-06,4.25e-06,1.275e-05,30
1.2,200,100,eml_mut,190,8.5e-06,4.25e-06,1.275e-05,30
1.2,200,100,eml_mut,191,8.5e-06,4.25e-06,1.275e-05,30
1.2,200,100,eml_mut,192,8.5e-06,4.25e-06,1.275e-05,30
1.2,200,100,eml_mut,193,8.5e-06,4.25e-06,1.275e-05,30
1.2,200,100,eml_mut,194,8.5e-06,4.25e-06,1.275e-05,30
1.2,200,100,eml_mut,195,8.5e-06,4.25e-06,1.275e-05,30
1.2,200,100,eml_mut,196,8.5e-06,4.25e-06,1.275e-05,30
1.2,200,100,eml_mut,197,8.5e-06,4.25e-06,1.275e-05,30
1.2,200,100,eml_mut,198,8.5e-06,4.25e-06,1.275e-05,30
1.2,200,100,eml_mut,199,8.5e-06,4.25e-06,1.275e-05,30
1.2,200,100,std_ssc,0,0.0,0.0,0.2770626878848703,30
1.2,200,100,std_ssc,1,0.0,0.0,0.0,30
1.2,200,100,std_ssc,2,0.0,0.0,0.0,30
1.2,200,100,std_ssc,3,0.0,0.0,0.0,30
1.2,200,100,std_ssc,4,0.0,0.0,0.0,30
1.2,200,100,std_ssc,5,0.0,0.0,0.0,30
1.2,200,100,std_ssc,6,0.0,0.0,0.0,30
1.2,200,100,std_ssc,7,0.0,0.0,0.0,30
1.2,200,100,std_ssc,8,0.0,0.0,0.0,30
1.2,200,100,eml_ssc,0,1.1886039171660419,1.0778294358281113,1.8480336211238848,30
1.2,200,100,eml_ssc,1,0.8118429724071089,0.648632585982589,1.1530878060288687,30
1.2,200,100,eml_ssc,2,0.6391442803454932,0.003537624963365225,0.7975492463553935,30
1.2,200,100,eml_ssc,3,0.43538562306417755,0.00185825183578875,0.7449090657849764,30
1.2,200,100,eml_ssc,4,0.2611863913000097,0.00089556898944395,0.7255148904808704,30
1.2,200,100,eml_ssc,5,0.0514490696409878,0.00071392255968,0.6097714874966311,30
1.2,200,100,eml_ssc,6,0.0043369393443388,0.0006293303572277,0.34730361670198984,30
1.2,200,100,eml_ssc,7,0.00165796846060415,0.0001721709836061,0.21976963327085824,30
1.2,200,100,eml_ssc,8,0.0010333440922724,4.6416895104610255e-05,0.07181061948881187,30
1.2,200,100,eml_ssc,9,0.00072528633064475,1.5877009918795515e-05,0.0063111215444903,30
1.2,200,100,eml_ssc,10,0.0003463367841248,5.0240355629846586e-06,0.0061450934014814,30
1.2,200,100,eml_ssc,11,0.0003463367841248,5.0240355629846586e-06,0.00285534554243385,30
1.2,200,100,eml_ssc,12,0.0002595267480656,8.544296948409688e-07,0.00285534554243385,30
1.2,200,100,eml_ssc,13,8.08829892763665e-05,5.884035624288464e-30,0.0016789952401015,30
1.2,200,100,eml_ssc,14,8.08829892763665e-05,5.884035624288464e-30,0.001678726366807625,30
1.2,200,100,eml_ssc,15,7.973281045270053e-05,5.884035624288464e-30,0.00114560666273015,30
1.2,200,100,eml_ssc,16,7.973281045270053e-05,5.884035624288464e-30,0.00114560666273015,30
1.2,200,100,eml_ssc,17,7.612356893012555e-05,5.884035624288464e-30,0.00114560666273015,30
1.2,200,100,eml_ssc,18,7.612356893012555e-05,5.884035624288464e-30,0.00114560666273015,30
1.2,200,100,eml_ssc,19,7.612356893012555e-05,5.884035624288464e-30,0.0011152018028810751,30
1.2,200,100,eml_ssc,20,5.281561829815832e-05,5.884035624288464e-30,0.0011152018028810751,30
1.2,200,100,eml_ssc,21,5.281561829815832e-05,5.884035624288464e-30,0.000928380941750375,30
1.2,200,100,eml_ssc,22,5.281561829815832e-05,5.884035624288464e-30,0.000928380941750375,30
1.2,200,100,eml_ssc,23,5.281561829815832e-05,5.884035624288464e-30,0.000928380941750375,30
1.2,200,100,eml_ssc,24,5.281561829815832e-05,5.884035624288464e-30,0.000759860822120525,30
1.2,200,100,eml_ssc,25,2.855537184463507e-05,5.183764833309263e-30,0.000401980459680075,30
1.2,200,100,eml_ssc,26,2.5076544865072316e-05,5.021853083080956e-30,0.00023899084911052502,30
1.2,200,100,eml_ssc,27,2.04835432742003e-05,5.021853083080956e-30,0.00023899084911052502,30
1.2,200,100,eml_ssc,28,1.7819286415051242e-05,5.021853083080956e-30,0.00023899084911052502,30
1.2,200,100,eml_ssc,29,1.7819286415051242e-05,5.021853083080956e-30,0.00023899084911052502,30
1.2,200,100,eml_ssc,30,1.7819286415051242e-05,5.021853083080956e-30,0.0001347431122700682,30
1.2,200,100,eml_ssc,31,1.7819286415051242e-05,5.021853083080956e-30,0.0001347431122700682,30
1.2,200,100,eml_ssc,32,1.5096388690047687e-05,5.021853083080956e-30,0.0001347431122700682,30
1.2,200,100,eml_ssc,33,1.5096388690047687e-05,5.021853083080956e-30,0.0001347431122700682,30
1.2,200,100,eml_ssc,34,1.5096388690047687e-05,5.021853083080956e-30,0.00012095104451486819,30
1.2,200,100,eml_ssc,35,1.2777809252347872e-05,5.021853083080956e-30,0.00012095104451486819,30
1.2,200,100,eml_ssc,36,1.2777809252347872e-05,5.021853083080956e-30,9.83328369024432e-05,30
1.2,200,100,eml_ssc,37,1.2777809252347872e-05,5.021853083080956e-30,8.934425311626417e-05,30
1.2,200,100,eml_ssc,38,1.2777809252347872e-05,5.021853083080956e-30,8.934425311626417e-05,30
1.2,200,100,eml_ssc,39,1.1019998163280804e-05,4.901425125644299e-30,8.276565651109403e-05,30
1.2,200,100,eml_ssc,40,1.1019998163280804e-05,4.901425125644299e-30,8.276565651109403e-05,30
1.2,200,100,eml_ssc,41,1.1019998163280804e-05,4.901425125644299e-30,8.276565651109403e-05,30
1.2,200,100,eml_ssc,42,1.1019998163280804e-05,4.901425125644299e-30,8.276565651109403e-05,30
1.2,200,100,eml_ssc,43,1.1019998163280804e-05,4.901425125644299e-30,8.276565651109403e-05,30
1.2,200,100,eml_ssc,44,1.1019998163280804e-05,4.901425125644299e-30,8.276565651109403e-05,30
1.2,200,100,eml_ssc,45,1.1019998163280804e-05,4.901425125644299e-30,8.276565651109403e-05,30
1.2,200,100,eml_ssc,46,1.1019998163280804e-05,4.901425125644299e-30,8.276565651109403e-05,30
1.2,200,100,eml_ssc,47,1.1019998163280804e-05,4.901425125644299e-30,8.276565651109403e-05,30
1.2,200,100,eml_ssc,48,1.1019998163280804e-05,4.901425125644299e-30,8.276565651109403e-05,30
1.2,200,100,eml_ssc,49,1.1019998163280804e-05,4.901425125644299e-30,8.276565651109403e-05,30
1.2,200,100,eml_ssc,50,1.1019998163280804e-05,4.901425125644299e-30,8.276565651109403e-05,30
1.2,200,100,eml_ssc,51,1.1019998163280804e-05,4.901425125644299e-30,8.276565651109403e-05,30
1.2,200,100,eml_ssc,52,1.0829541675654927e-05,4.901425125644299e-30,8.276565651109403e-05,30
1.2,200,100,eml_ssc,53,1.0829541675654927e-05,4.901425125644299e-30,8.276565651109403e-05,30
1.2,200,100,eml_ssc,54,1.0829541675654927e-05,4.901425125644299e-30,8.276565651109403e-05,30
1.2,200,100,eml_ssc,55,1.0829541675654927e-05,4.901425125644299e-30,8.276565651109403e-05,30
1.2,200,100,eml_ssc,56,1.0829541675654927e-05,4.901425125644299e-30,8.276565651109403e-05,30
1.2,200,100,eml_ssc,57,1.0829541675654927e-05,4.901425125644299e-30,8.247761779953044e-05,30
1.2,200,100,eml_ssc,58,1.0829541675654927e-05,4.901425125644299e-30,8.247761779953044e-05,30
1.2,200,100,eml_ssc,59,1.0829541675654927e-05,4.901425125644299e-30,8.247761779953044e-05,30
1.2,200,100,eml_ssc,60,1.0829541675654927e-05,4.901425125644299e-30,8.247761779953044e-05,30
1.2,200,100,eml_ssc,61,1.0829541675654927e-05,4.901425125644299e-30,8.247761779953044e-05,30
1.2,200,100,eml_ssc,62,1.0829541675654927e-05,4.901425125644299e-30,8.247761779953044e-05,30
1.2,200,100,eml_ssc,63,1.0829541675654927e-05,4.901425125644299e-30,8.247761779953044e-05,30
1.2,200,100,eml_ssc,64,1.0829541675654927e-05,4.901425125644299e-30,8.247761779953044e-05,30
1.2,200,100,eml_ssc,65,1.0829541675654927e-05,4.901425125644299e-30,7.168917393477759e-05,30
1.2,200,100,eml_ssc,66,1.0829541675654927e-05,4.901425125644299e-30,7.168917393477759e-05,30
1.2,200,100,eml_ssc,67,1.0829541675654927e-05,4.901425125644299e-30,7.168917393477759e-05,30
1.2,200,100,eml_ssc,68,1.0829541675654927e-05,4.901425125644299e-30,7.168917393477759e-05,30
1.2,200,100,eml_ssc,69,1.0829541675654927e-05,4.901425125644299e-30,7.168917393477759e-05,30
1.2,200,100,eml_ssc,70,1.0829541675654927e-05,4.901425125644299e-30,7.168917393477759e-05,30
1.2,200,100,eml_ssc,71,1.0829541675654927e-05,4.901425125644299e-30,7.168917393477759e-05,30
1.2,200,100,eml_ssc,72,1.0829541675654927e-05,4.901425125644299e-30,7.124397044792927e-05,30
1.2,200,100,eml_ssc,73,1.0829541675654927e-05,4.901425125644299e-30,7.124397044792927e-05,30
1.2,200,100,eml_ssc,74,1.0829541675654927e-05,4.901425125644299e-30,7.124397044792927e-05,30
1.2,200,100,eml_ssc,75,1.0829541675654927e-05,4.901425125644299e-30,7.124397044792927e-05,30
1.2,200,100,eml_ssc,76,1.0829541675654927e-05,4.901425125644299e-30,7.124397044792927e-05,30
1.2,200,100,eml_ssc,77,1.0829541675654927e-05,4.901425125644299e-30,7.124397044792927e-05,30
1.2,200,100,eml_ssc,78,1.0829541675654927e-05,4.901425125644299e-30,7.124397044792927e-05,30
1.2,200,100,eml_ssc,79,1.0829541675654927e-05,4.901425125644299e-30,7.124397044792927e-05,30
1.2,200,100,eml_ssc,80,1.0829541675654927e-05,4.901425125644299e-30,7.124397044792927e-05,30
1.2,200,100,eml_ssc,81,1.0829541675654927e-05,4.901425125644299e-30,7.124397044792927e-05,30
1.2,200,100,eml_ssc,82,1.0829541675654927e-05,4.901425125644299e-30,7.124397044792927e-05,30
1.2,200,100,eml_ssc,83,1.0829541675654927e-05,4.901425125644299e-30,7.124397044792927e-05,30
1.2,200,100,eml_ssc,84,1.0829541675654927e-05,4.901425125644299e-30,7.124397044792927e-05,30
1.2,200,100,eml_ssc,85,1.0829541675654927e-05,4.901425125644299e-30,7.124397044792927e-05,30
1.2,200,100,eml_ssc,86,1.0829541675654927e-05,4.901425125644299e-30,7.124397044792927e-05,30
1.2,200,100,eml_ssc,87,1.0829541675654927e-05,4.901425125644299e-30,7.124397044792927e-05,30
1.2,200,100,eml_ssc,88,1.0829541675654927e-05,4.901425125644299e-30,7.124397044792927e-05,30
1.2,200,100,eml_ssc,89,1.0829541675654927e-05,4.901425125644299e-30,7.124397044792927e-05,30
1.2,200,100,eml_ssc,90,9.309776755832388e-06,4.901425125644299e-30,7.003673626569891e-05,30
1.2,200,100,eml_ssc,91,9.309776755832388e-06,4.901425125644299e-30,7.003673626569891e-05,30
1.2,200,100,eml_ssc,92,9.309776755832388e-06,4.901425125644299e-30,7.003673626569891e-05,30
1.2,200,100,eml_ssc,93,9.309776755832388e-06,4.901425125644299e-30,7.003673626569891e-05,30
1.2,200,100,eml_ssc,94,9.309776755832388e-06,4.901425125644299e-30,7.003673626569891e-05,30
1.2,200,100,eml_ssc,95,9.309776755832388e-06,4.901425125644299e-30,7.003673626569891e-05,30
1.2,200,100,eml_ssc,96,9.309776755832388e-06,4.901425125644299e-30,7.003673626569891e-05,30
1.2,200,100,eml_ssc,97,9.309776755832388e-06,4.901425125644299e-30,7.003673626569891e-05,30
1.2,200,100,eml_ssc,98,9.309776755832388e-06,4.901425125644299e-30,7.003673626569891e-05,30
1.2,200,100,eml_ssc,99,9.309776755832388e-06,4.901425125644299e-30,7.003673626569891e-05,30
1.2,200,100,eml_ssc,100,9.309776755832388e-06,4.901425125644299e-30,7.003673626569891e-05,30
1.2,200,100,eml_ssc,101,9.309776755832388e-06,4.901425125644299e-30,7.003673626569891e-05,30
1.2,200,100,eml_ssc,102,9.309776755832388e-06,4.901425125644299e-30,7.003673626569891e-05,30
1.2,200,100,eml_ssc,103,9.309776755832388e-06,4.901425125644299e-30,7.003673626569891e-05,30
1.2,200,100,eml_ssc,104,9.309776755832388e-06,4.901425125644299e-30,7.003673626569891e-05,30
1.2,200,100,eml_ssc,105,9.309776755832388e-06,4.901425125644299e-30,7.003673626569891e-05,30
1.2,200,100,eml_ssc,106,9.309776755832388e-06,4.901425125644299e-30,7.003673626569891e-05,30
1.2,200,100,eml_ssc,107,9.309776755832388e-06,4.901425125644299e-30,7.003673626569891e-05,30
1.2,200,100,eml_ssc,108,9.309776755832388e-06,4.901425125644299e-30,7.003673626569891e-05,30
1.2,200,100,eml_ssc,109,9.309776755832388e-06,4.901425125644299e-30,7.003673626569891e-05,30
1.2,200,100,eml_ssc,110,9.309776755832388e-06,4.901425125644299e-30,7.003673626569891e-05,30
1.2,200,100,eml_ssc,111,9.309776755832388e-06,4.901425125644299e-30,7.003673626569891e-05,30
1.2,200,100,eml_ssc,112,9.309776755832388e-06,4.901425125644299e-30,7.003673626569891e-05,30
1.2,200,100,eml_ssc,113,9.309776755832388e-06,4.901425125644299e-30,7.003673626569891e-05,30
1.2,200,100,eml_ssc,114,9.309776755832388e-06,4.901425125644299e-30,7.003673626569891e-05,30
1.2,200,100,eml_ssc,115,9.309776755832388e-06,4.901425125644299e-30,7.003673626569891e-05,30
1.2,200,100,eml_ssc,116,9.309776755832388e-06,4.901425125644299e-30,7.003673626569891e-05,30
1.2,200,100,eml_ssc,117,9.309776755832388e-06,4.901425125644299e-30,7.003673626569891e-05,30
1.2,200,100,eml_ssc,118,9.309776755832388e-06,4.901425125644299e-30,7.003673626569891e-05,30
1.2,200,100,eml_ssc,119,9.309776755832388e-06,4.901425125644299e-30,7.003673626569891e-05,30
1.2,200,100,eml_ssc,120,9.309776755832388e-06,4.901425125644299e-30,7.003673626569891e-05,30
1.2,200,100,eml_ssc,121,9.309776755832388e-06,4.901425125644299e-30,7.003673626569891e-05,30
1.2,200,100,eml_ssc,122,9.309776755832388e-06,4.901425125644299e-30,7.003673626569891e-05,30
1.2,200,100,eml_ssc,123,9.309776755832388e-06,4.901425125644299e-30,7.003673626569891e-05,30
1.2,200,100,eml_ssc,124,9.309776755832388e-06,4.901425125644299e-30,7.003673626569891e-05,30
1.2,200,100,eml_ssc,125,9.309776755832388e-06,4.901425125644299e-30,7.003673626569891e-05,30
1.2,200,100,eml_ssc,126,9.309776755832388e-06,4.901425125644299e-30,7.003673626569891e-05,30
1.2,200,100,eml_ssc,127,9.309776755832388e-06,4.901425125644299e-30,7.003673626569891e-05,30
1.2,200,100,eml_ssc,128,9.309776755832388e-06,4.901425125644299e-30,7.003673626569891e-05,30
1.2,200,100,eml_ssc,129,9.309776755832388e-06,4.901425125644299e-30,7.003673626569891e-05,30
1.2,200,100,eml_ssc,130,9.309776755832388e-06,4.901425125644299e-30,7.003673626569891e-05,30
1.2,200,100,eml_ssc,131,9.309776755832388e-06,4.901425125644299e-30,7.003673626569891e-05,30
1.2,200,100,eml_ssc,132,9.309776755832388e-06,4.901425125644299e-30,7.003673626569891e-05,30
1.2,200,100,eml_ssc,133,9.309776755832388e-06,4.901425125644299e-30,7.003673626569891e-05,30
1.2,200,100,eml_ssc,134,9.309776755832388e-06,4.901425125644299e-30,5.329315730868867e-05,30
1.2,200,100,eml_ssc,135,9.309776755832388e-06,4.901425125644299e-30,5.329315730868867e-05,30
1.2,200,100,eml_ssc,136,9.309776755832388e-06,4.901425125644299e-30,5.329315730868867e-05,30
1.2,200,100,eml_ssc,137,9.309776755832388e-06,4.901425125644299e-30,5.329315730868867e-05,30
1.2,200,100,eml_ssc,138,9.309776755832388e-06,4.901425125644299e-30,5.329315730868867e-05,30
1.2,200,100,eml_ssc,139,9.309776755832388e-06,4.901425125644299e-30,5.329315730868867e-05,30
1.2,200,100,eml_ssc,140,9.309776755832388e-06,4.901425125644299e-30,5.329315730868867e-05,30
1.2,200,100,eml_ssc,141,9.309776755832388e-06,4.901425125644299e-30,5.329315730868867e-05,30
1.2,200,100,eml_ssc,142,9.309776755832388e-06,4.901425125644299e-30,5.329315730868867e-05,30
1.2,200,100,eml_ssc,143,9.309776755832388e-06,4.901425125644299e-30,5.329315730868867e-05,30
1.2,200,100,eml_ssc,144,9.309776755832388e-06,4.901425125644299e-30,5.329315730868867e-05,30
1.2,200,100,eml_ssc,145,9.309776755832388e-06,4.901425125644299e-30,5.329315730868867e-05,30
1.2,200,100,eml_ssc,146,9.309776755832388e-06,4.901425125644299e-30,5.329315730868867e-05,30
1.2,200,100,eml_ssc,147,9.309776755832388e-06,4.901425125644299e-30,5.329315730868867e-05,30
1.2,200,100,eml_ssc,148,9.309776755832388e-06,4.901425125644299e-30,5.329315730868867e-05,30
1.2,200,100,eml_ssc,149,9.309776755832388e-06,4.901425125644299e-30,5.329315730868867e-05,30
1.2,200,100,eml_ssc,150,9.309776755832388e-06,4.901425125644299e-30,5.329315730868867e-05,30
1.2,200,100,eml_ssc,151,9.309776755832388e-06,4.901425125644299e-30,5.329315730868867e-05,30
1.2,200,100,eml_ssc,152,9.309776755832388e-06,4.901425125644299e-30,5.318099992784655e-05,30
1.2,200,100,eml_ssc,153,9.309776755832388e-06,4.901425125644299e-30,5.318099992784655e-05,30
1.2,200,100,eml_ssc,154,9.309776755832388e-06,4.901425125644299e-30,5.318099992784655e-05,30
1.2,200,100,eml_ssc,155,8.649168789242668e-06,4.901425125644299e-30,5.318099992784655e-05,30
1.2,200,100,eml_ssc,156,8.649168789242668e-06,4.901425125644299e-30,5.318099992784655e-05,30
1.2,200,100,eml_ssc,157,8.649168789242668e-06,4.901425125644299e-30,5.318099992784655e-05,30
1.2,200,100,eml_ssc,158,8.649168789242668e-06,4.901425125644299e-30,5.318099992784655e-05,30
1.2,200,100,eml_ssc,159,8.649168789242668e-06,4.901425125644299e-30,5.318099992784655e-05,30
1.2,200,100,eml_ssc,160,8.649168789242668e-06,4.901425125644299e-30,5.318099992784655e-05,30
1.2,200,100,eml_ssc,161,8.649168789242668e-06,4.901425125644299e-30,5.318099992784655e-05,30
1.2,200,100,eml_ssc,162,8.649168789242668e-06,4.901425125644299e-30,5.318099992784655e-05,30
1.2,200,100,eml_ssc,163,8.649168789242668e-06,4.901425125644299e-30,5.318099992784655e-05,30
1.2,200,100,eml_ssc,164,8.649168789242668e-06,4.901425125644299e-30,5.318099992784655e-05,30
1.2,200,100,eml_ssc,165,8.649168789242668e-06,4.901425125644299e-30,5.318099992784655e-05,30
1.2,200,100,eml_ssc,166,8.649168789242668e-06,4.901425125644299e-30,5.318099992784655e-05,30
1.2,200,100,eml_ssc,167,8.649168789242668e-06,4.901425125644299e-30,5.318099992784655e-05,30
1.2,200,100,eml_ssc,168,8.649168789242668e-06,4.901425125644299e-30,5.318099992784655e-05,30
1.2,200,100,eml_ssc,169,8.649168789242668e-06,4.901425125644299e-30,5.318099992784655e-05,30
1.2,200,100,eml_ssc,170,8.649168789242668e-06,4.901425125644299e-30,5.318099992784655e-05,30
1.2,200,100,eml_ssc,171,8.649168789242668e-06,4.901425125644299e-30,5.318099992784655e-05,30
1.2,200,100,eml_ssc,172,8.649168789242668e-06,4.901425125644299e-30,5.318099992784655e-05,30
1.2,200,100,eml_ssc,173,8.649168789242668e-06,4.901425125644299e-30,5.318099992784655e-05,30
1.2,200,100,eml_ssc,174,8.485408320115498e-06,4.901425125644299e-30,5.318099992784655e-05,30
1.2,200,100,eml_ssc,175,8.485408320115498e-06,4.901425125644299e-30,5.318099992784655e-05,30
1.2,200,100,eml_ssc,176,8.485408320115498e-06,4.901425125644299e-30,5.318099992784655e-05,30
1.2,200,100,eml_ssc,177,8.485408320115498e-06,4.901425125644299e-30,5.318099992784655e-05,30
1.2,200,100,eml_ssc,178,8.485408320115498e-06,4.901425125644299e-30,5.318099992784655e-05,30
1.2,200,100,eml_ssc,179,8.485408320115498e-06,4.901425125644299e-30,5.318099992784655e-05,30
1.2,200,100,eml_ssc,180,8.485408320115498e-06,4.901425125644299e-30,5.318099992784655e-05,30
1.2,200,100,eml_ssc,181,8.485408320115498e-06,4.901425125644299e-30,5.318099992784655e-05,30
1.2,200,100,eml_ssc,182,8.485408320115498e-06,4.901425125644299e-30,5.318099992784655e-05,30
1.2,200,100,eml_ssc,183,8.485408320115498e-06,4.901425125644299e-30,5.318099992784655e-05,30
1.2,200,100,eml_ssc,184,8.485408320115498e-06,4.901425125644299e-30,5.318099992784655e-05,30
1.2,200,100,eml_ssc,185,8.485408320115498e-06,4.901425125644299e-30,5.318099992784655e-05,30
1.2,200,100,eml_ssc,186,8.485408320115498e-06,4.901425125644299e-30,5.318099992784655e-05,30
1.2,200,100,eml_ssc,187,8.485408320115498e-06,4.901425125644299e-30,5.318099992784655e-05,30
1.2,200,100,eml_ssc,188,8.485408320115498e-06,4.901425125644299e-30,5.318099992784655e-05,30
1.2,200,100,eml_ssc,189,8.485408320115498e-06,4.901425125644299e-30,5.318099992784655e-05,30
1.2,200,100,eml_ssc,190,8.485408320115498e-06,4.901425125644299e-30,5.318099992784655e-05,30
1.2,200,100,eml_ssc,191,8.485408320115498e-06,4.901425125644299e-30,5.318099992784655e-05,30
1.2,200,100,eml_ssc,192,8.485408320115498e-06,4.901425125644299e-30,5.318099992784655e-05,30
1.2,200,100,eml_ssc,193,8.485408320115498e-06,4.901425125644299e-30,5.318099992784655e-05,30
1.2,200,100,eml_ssc,194,8.485408320115498e-06,4.901425125644299e-30,5.318099992784655e-05,30
1.2,200,100,eml_ssc,195,8.485408320115498e-06,4.901425125644299e-30,5.318099992784655e-05,30
1.2,200,100,eml_ssc,196,8.485408320115498e-06,4.901425125644299e-30,5.318099992784655e-05,30
1.2,200,100,eml_ssc,197,8.485408320115498e-06,4.901425125644299e-30,5.318099992784655e-05,30
1.2,200,100,eml_ssc,198,8.485408320115498e-06,4.901425125644299e-30,5.318099992784655e-05,30
1.2,200,100,eml_ssc,199,8.485408320115498e-06,4.901425125644299e-30,5.318099992784655e-05,30
1.3,200,100,std_std,0,1.0,0.0,8.368784,30
1.3,200,100,std_std,1,0.0,0.0,0.75,30
1.3,200,100,std_std,2,0.0,0.0,0.0,30
1.3,200,100,std_std,3,0.0,0.0,0.0,30
1.3,200,100,std_std,4,0.0,0.0,0.0,30
1.3,200,100,eml_std,0,8.531309,8.342026,8.8813995,30
1.3,200,100,eml_std,1,8.343207,8.009545249999999,8.60919025,30
1.3,200,100,eml_std,2,8.338657,7.96874325,8.505723249999999,30
1.3,200,100,eml_std,3,8.3036645,7.92365125,8.38852275,30
1.3,200,100,eml_std,4,8.3036645,7.92365125,8.38852275,30
1.3,200,100,eml_std,5,8.3036645,7.919163,8.38852275,30
1.3,200,100,eml_std,6,8.3036645,7.919163,8.38852275,30
1.3,200,100,eml_std,7,8.3036645,7.919163,8.38852275,30
1.3,200,100,eml_std,8,8.3036645,7.919163,8.38852275,30
1.3,200,100,eml_std,9,8.3036645,7.919163,8.38852275,30
1.3,200,100,eml_std,10,8.3036645,7.919163,8.38852275,30
1.3,200,100,eml_std,11,8.3036645,7.919163,8.38852275,30
1.3,200,100,eml_std,12,8.3036645,7.919163,8.38852275,30
1.3,200,100,eml_std,13,8.3036645,7.919163,8.38852275,30
1.3,200,100,eml_std,14,8.3036645,7.919163,8.38852275,30
1.3,200,100,eml_std,15,8.3036645,7.919163,8.38852275,30
1.3,200,100,eml_std,16,8.3036645,7.919163,8.38852275,30
1.3,200,100,eml_std,17,8.3036645,7.919163,8.38852275,30
1.3,200,100,eml_std,18,8.3036645,7.919163,8.38852275,30
1.3,200,100,eml_std,19,8.3036645,7.919163,8.38852275,30
1.3,200,100,eml_std,20,8.3036645,7.919163,8.38852275,30
1.3,200,100,eml_std,21,8.3036645,7.919163,8.38852275,30
1.3,200,100,eml_std,22,8.3036645,7.919163,8.38852275,30
1.3,200,100,eml_std,23,8.3036645,7.919163,8.38852275,30
1.3,200,100,eml_std,24,8.3036645,7.919163,8.38852275,30
1.3,200,100,eml_std,25,8.3036645,7.919163,8.38852275,30
1.3,200,100,eml_std,26,8.3036645,7.919163,8.38852275,30
1.3,200,100,eml_std,27,8.3036645,7.919163,8.38852275,30
1.3,200,100,eml_std,28,8.3036645,7.919163,8.38852275,30
1.3,200,100,eml_std,29,8.3036645,7.919163,8.38852275,30
1.3,200,100,eml_std,30,8.3036645,7.919163,8.38852275,30
1.3,200,100,eml_std,31,8.3036645,7.919163,8.38852275,30
1.3,200,100,eml_std,32,8.3036645,7.919163,8.38852275,30
1.3,200,100,eml_std,33,8.3036645,7.919163,8.38852275,30
1.3,200,100,eml_std,34,8.3036645,7.919163,8.38852275,30
1.3,200,100,eml_std,35,8.3036645,7.919163,8.38852275,30
1.3,200,100,eml_std,36,8.3036645,7.919163,8.38852275,30
1.3,200,100,eml_std,37,8.3036645,7.919163,8.38852275,30
1.3,200,100,eml_std,38,8.3036645,7.919163,8.38852275,30
1.3,200,100,eml_std,39,8.3036645,7.919163,8.38852275,30
1.3,200,100,eml_std,40,8.3036645,7.919163,8.38852275,30
1.3,200,100,eml_std,41,8.3036645,7.919163,8.38852275,30
1.3,200,100,eml_std,42,8.3036645,7.919163,8.38852275,30
1.3,200,100,eml_std,43,8.3036645,7.919163,8.38852275,30
1.3,200,100,eml_std,44,8.3036645,7.919163,8.38852275,30
1.3,200,100,eml_std,45,8.3036645,7.919163,8.38852275,30
1.3,200,100,eml_std,46,8.3036645,7.919163,8.38852275,30
1.3,200,100,eml_std,47,8.3036645,7.919163,8.38852275,30
1.3,200,100,eml_std,48,8.3036645,7.919163,8.38852275,30
1.3,200,100,eml_std,49,8.3036645,7.919163,8.38852275,30
1.3,200,100,eml_std,50,8.3036645,7.919163,8.38852275,30
1.3,200,100,eml_std,51,8.3036645,7.919163,8.38852275,30
1.3,200,100,eml_std,52,8.3036645,7.919163,8.38852275,30
1.3,200,100,eml_std,53,8.3036645,7.919163,8.38852275,30
1.3,200,100,eml_std,54,8.3036645,7.919163,8.38852275,30
1.3,200,100,eml_std,55,8.3036645,7.919163,8.38852275,30
1.3,200,100,eml_std,56,8.3036645,7.919163,8.38852275,30
1.3,200,100,eml_std,57,8.3036645,7.919163,8.38852275,30
1.3,200,100,eml_std,58,8.3036645,7.919163,8.38852275,30
1.3,200,100,eml_std,59,8.3036645,7.919163,8.38852275,30
1.3,200,100,eml_std,60,8.3036645,7.919163,8.38852275,30
1.3,200,100,eml_std,61,8.3036645,7.919163,8.38852275,30
1.3,200,100,eml_std,62,8.3036645,7.919163,8.38852275,30
1.3,200,100,eml_std,63,8.3036645,7.919163,8.38852275,30
1.3,200,100,eml_std,64,8.3036645,7.919163,8.38852275,30
1.3,200,100,eml_std,65,8.3036645,7.919163,8.38852275,30
1.3,200,100,eml_std,66,8.3036645,7.919163,8.38852275,30
1.3,200,100,eml_std,67,8.3036645,7.919163,8.38852275,30
1.3,200,100,eml_std,68,8.3036645,7.919163,8.38852275,30
1.3,200,100,eml_std,69,8.3036645,7.919163,8.38852275,30
1.3,200,100,eml_std,70,8.3036645,7.919163,8.38852275,30
1.3,200,100,eml_std,71,8.3036645,7.919163,8.38852275,30
1.3,200,100,eml_std,72,8.3036645,7.919163,8.38852275,30
1.3,200,100,eml_std,73,8.3036645,7.919163,8.38852275,30
1.3,200,100,eml_std,74,8.3036645,7.919163,8.38852275,30
1.3,200,100,eml_std,75,8.3036645,7.919163,8.38852275,30
1.3,200,100,eml_std,76,8.3036645,7.919163,8.38852275,30
1.3,200,100,eml_std,77,8.3036645,7.919163,8.38852275,30
1.3,200,100,eml_std,78,8.3036645,7.919163,8.38852275,30
1.3,200,100,eml_std,79,8.3036645,7.919163,8.38852275,30
1.3,200,100,eml_std,80,8.3036645,7.919163,8.38852275,30
1.3,200,100,eml_std,81,8.3036645,7.919163,8.38852275,30
1.3,200,100,eml_std,82,8.3036645,7.919163,8.38852275,30
1.3,200,100,eml_std,83,8.3036645,7.919163,8.38852275,30
1.3,200,100,eml_std,84,8.3036645,7.919163,8.38852275,30
1.3,200,100,eml_std,85,8.3036645,7.919163,8.38852275,30
1.3,200,100,eml_std,86,8.3036645,7.919163,8.38852275,30
1.3,200,100,eml_std,87,8.3036645,7.919163,8.38852275,30
1.3,200,100,eml_std,88,8.3036645,7.919163,8.38852275,30
1.3,200,100,eml_std,89,8.3036645,7.919163,8.38852275,30
1.3,200,100,eml_std,90,8.3036645,7.919163,8.38852275,30
1.3,200,100,eml_std,91,8.3036645,7.919163,8.38852275,30
1.3,200,100,eml_std,92,8.3036645,7.919163,8.38852275,30
1.3,200,100,eml_std,93,8.3036645,7.919163,8.38852275,30
1.3,200,100,eml_std,94,8.3036645,7.919163,8.38852275,30
1.3,200,100,eml_std,95,8.3036645,7.919163,8.38852275,30
1.3,200,100,eml_std,96,8.3036645,7.919163,8.38852275,30
1.3,200,100,eml_std,97,8.3036645,7.919163,8.38852275,30
1.3,200,100,eml_std,98,8.3036645,7.919163,8.38852275,30
1.3,200,100,eml_std,99,8.3036645,7.919163,8.38852275,30
1.3,200,100,eml_std,100,8.3036645,7.919163,8.38852275,30
1.3,200,100,eml_std,101,8.3036645,7.919163,8.38852275,30
1.3,200,100,eml_std,102,8.3036645,7.919163,8.38852275,30
1.3,200,100,eml_std,103,8.3036645,7.919163,8.38852275,30
1.3,200,100,eml_std,104,8.3036645,7.919163,8.38852275,30
1.3,200,100,eml_std,105,8.3036645,7.919163,8.38852275,30
1.3,200,100,eml_std,106,8.3036645,7.919163,8.38852275,30
1.3,200,100,eml_std,107,8.3036645,7.919163,8.38852275,30
1.3,200,100,eml_std,108,8.3036645,7.919163,8.38852275,30
1.3,200,100,eml_std,109,8.3036645,7.919163,8.38852275,30
1.3,200,100,eml_std,110,8.3036645,7.919163,8.38852275,30
1.3,200,100,eml_std,111,8.3036645,7.919163,8.38852275,30
1.3,200,100,eml_std,112,8.3036645,7.919163,8.38852275,30
1.3,200,100,eml_std,113,8.3036645,7.919163,8.38852275,30
1.3,200,100,eml_std,114,8.3036645,7.919163,8.38852275,30
1.3,200,100,eml_std,115,8.3036645,7.919163,8.38852275,30
1.3,200,100,eml_std,116,8.3036645,7.919163,8.38852275,30
1.3,200,100,eml_std,117,8.3036645,7.919163,8.38852275,30
1.3,200,100,eml_std,118,8.3036645,7.919163,8.38852275,30
1.3,200,100,eml_std,119,8.3036645,7.919163,8.38852275,30
1.3,200,100,eml_std,120,8.3036645,7.919163,8.38852275,30
1.3,200,100,eml_std,121,8.3036645,7.919163,8.38852275,30
1.3,200,100,eml_std,122,8.3036645,7.919163,8.38852275,30
1.3,200,100,eml_std,123,8.3036645,7.919163,8.38852275,30
1.3,200,100,eml_std,124,8.3036645,7.919163,8.38852275,30
1.3,200,100,eml_std,125,8.3036645,7.919163,8.38852275,30
1.3,200,100,eml_std,126,8.3036645,7.919163,8.38852275,30
1.3,200,100,eml_std,127,8.3036645,7.919163,8.38852275,30
1.3,200,100,eml_std,128,8.3036645,7.919163,8.38852275,30
1.3,200,100,eml_std,129,8.3036645,7.919163,8.38852275,30
1.3,200,100,eml_std,130,8.3036645,7.919163,8.38852275,30
1.3,200,100,eml_std,131,8.3036645,7.919163,8.38852275,30
1.3,200,100,eml_std,132,8.3036645,7.919163,8.38852275,30
1.3,200,100,eml_std,133,8.3036645,7.919163,8.38852275,30
1.3,200,100,eml_std,134,8.3036645,7.919163,8.38852275,30
1.3,200,100,eml_std,135,8.3036645,7.919163,8.38852275,30
1.3,200,100,eml_std,136,8.3036645,7.919163,8.38852275,30
1.3,200,100,eml_std,137,8.3036645,7.919163,8.38852275,30
1.3,200,100,eml_std,138,8.3036645,7.919163,8.38852275,30
1.3,200,100,eml_std,139,8.3036645,7.919163,8.38852275,30
1.3,200,100,eml_std,140,8.3036645,7.919163,8.38852275,30
1.3,200,100,eml_std,141,8.3036645,7.919163,8.38852275,30
1.3,200,100,eml_std,142,8.3036645,7.919163,8.38852275,30
1.3,200,100,eml_std,143,8.3036645,7.919163,8.38852275,30
1.3,200,100,eml_std,144,8.3036645,7.919163,8.38852275,30
1.3,200,100,eml_std,145,8.3036645,7.919163,8.38852275,30
1.3,200,100,eml_std,146,8.3036645,7.919163,8.38852275,30
1.3,200,100,eml_std,147,8.3036645,7.919163,8.38852275,30
1.3,200,100,eml_std,148,8.3036645,7.919163,8.38852275,30
1.3,200,100,eml_std,149,8.3036645,7.919163,8.38852275,30
1.3,200,100,eml_std,150,8.3036645,7.919163,8.38852275,30
1.3,200,100,eml_std,151,8.3036645,7.919163,8.38852275,30
1.3,200,100,eml_std,152,8.3036645,7.919163,8.38852275,30
1.3,200,100,eml_std,153,8.3036645,7.919163,8.38852275,30
1.3,200,100,eml_std,154,8.3036645,7.919163,8.38852275,30
1.3,200,100,eml_std,155,8.3036645,7.919163,8.38852275,30
1.3,200,100,eml_std,156,8.3036645,7.919163,8.38852275,30
1.3,200,100,eml_std,157,8.3036645,7.919163,8.38852275,30
1.3,200,100,eml_std,158,8.3036645,7.919163,8.38852275,30
1.3,200,100,eml_std,159,8.3036645,7.919163,8.38852275,30
1.3,200,100,eml_std,160,8.3036645,7.919163,8.38852275,30
1.3,200,100,eml_std,161,8.3036645,7.919163,8.38852275,30
1.3,200,100,eml_std,162,8.3036645,7.919163,8.38852275,30
1.3,200,100,eml_std,163,8.3036645,7.919163,8.38852275,30
1.3,200,100,eml_std,164,8.3036645,7.919163,8.38852275,30
1.3,200,100,eml_std,165,8.3036645,7.919163,8.38852275,30
1.3,200,100,eml_std,166,8.3036645,7.919163,8.38852275,30
1.3,200,100,eml_std,167,8.3036645,7.919163,8.38852275,30
1.3,200,100,eml_std,168,8.3036645,7.919163,8.38852275,30
1.3,200,100,eml_std,169,8.3036645,7.919163,8.38852275,30
1.3,200,100,eml_std,170,8.3036645,7.919163,8.38852275,30
1.3,200,100,eml_std,171,8.3036645,7.919163,8.38852275,30
1.3,200,100,eml_std,172,8.3036645,7.919163,8.38852275,30
1.3,200,100,eml_std,173,8.3036645,7.919163,8.38852275,30
1.3,200,100,eml_std,174,8.3036645,7.919163,8.38852275,30
1.3,200,100,eml_std,175,8.3036645,7.919163,8.38852275,30
1.3,200,100,eml_std,176,8.3036645,7.919163,8.38852275,30
1.3,200,100,eml_std,177,8.3036645,7.919163,8.38852275,30
1.3,200,100,eml_std,178,8.3036645,7.919163,8.38852275,30
1.3,200,100,eml_std,179,8.3036645,7.919163,8.38852275,30
1.3,200,100,eml_std,180,8.3036645,7.919163,8.38852275,30
1.3,200,100,eml_std,181,8.3036645,7.919163,8.38852275,30
1.3,200,100,eml_std,182,8.3036645,7.919163,8.38852275,30
1.3,200,100,eml_std,183,8.3036645,7.919163,8.38852275,30
1.3,200,100,eml_std,184,8.3036645,7.919163,8.38852275,30
1.3,200,100,eml_std,185,8.3036645,7.919163,8.38852275,30
1.3,200,100,eml_std,186,8.3036645,7.919163,8.38852275,30
1.3,200,100,eml_std,187,8.3036645,7.919163,8.38852275,30
1.3,200,100,eml_std,188,8.3036645,7.919163,8.38852275,30
1.3,200,100,eml_std,189,8.3036645,7.919163,8.38852275,30
1.3,200,100,eml_std,190,8.3036645,7.919163,8.38852275,30
1.3,200,100,eml_std,191,8.3036645,7.919163,8.38852275,30
1.3,200,100,eml_std,192,8.3036645,7.919163,8.38852275,30
1.3,200,100,eml_std,193,8.3036645,7.919163,8.38852275,30
1.3,200,100,eml_std,194,8.3036645,7.919163,8.38852275,30
1.3,200,100,eml_std,195,8.3036645,7.919163,8.38852275,30
1.3,200,100,eml_std,196,8.3036645,7.919163,8.38852275,30
1.3,200,100,eml_std,197,8.3036645,7.919163,8.38852275,30
1.3,200,100,eml_std,198,8.3036645,7.919163,8.38852275,30
1.3,200,100,eml_std,199,8.3036645,7.919163,8.38852275,30
1.3,200,100,eml_mut,0,8.531309,8.342026,8.8813995,30
1.3,200,100,eml_mut,1,8.531309,8.342026,8.8813995,30
1.3,200,100,eml_mut,2,8.531309,8.342026,8.8813995,30
1.3,200,100,eml_mut,3,8.531309,8.342026,8.88092675,30
1.3,200,100,eml_mut,4,8.531309,8.342026,8.88092675,30
1.3,200,100,eml_mut,5,8.531309,8.342026,8.88092675,30
1.3,200,100,eml_mut,6,8.531309,8.342026,8.88092675,30
1.3,200,100,eml_mut,7,8.531309,8.342026,8.8687915,30
1.3,200,100,eml_mut,8,8.531309,8.342026,8.8687915,30
1.3,200,100,eml_mut,9,8.531309,8.342026,8.8687915,30
1.3,200,100,eml_mut,10,8.5029055,8.3348255,8.8687915,30
1.3,200,100,eml_mut,11,8.5029055,8.26736875,8.8687915,30
1.3,200,100,eml_mut,12,8.5029055,8.26736875,8.8687915,30
1.3,200,100,eml_mut,13,8.5029055,8.217181,8.8687915,30
1.3,200,100,eml_mut,14,8.5029055,8.217181,8.8687915,30
1.3,200,100,eml_mut,15,8.5029055,8.217181,8.8687915,30
1.3,200,100,eml_mut,16,8.5029055,8.217181,8.8687915,30
1.3,200,100,eml_mut,17,8.5029055,8.217181,8.8687915,30
1.3,200,100,eml_mut,18,8.5029055,8.217181,8.8687915,30
1.3,200,100,eml_mut,19,8.435081,8.12767425,8.8687915,30
1.3,200,100,eml_mut,20,8.435081,8.12767425,8.8687915,30
1.3,200,100,eml_mut,21,8.435081,8.12767425,8.8687915,30
1.3,200,100,eml_mut,22,8.435081,8.12767425,8.8687915,30
1.3,200,100,eml_mut,23,8.435081,8.12767425,8.8687915,30
1.3,200,100,eml_mut,24,8.435081,8.12767425,8.8687915,30
1.3,200,100,eml_mut,25,8.435081,8.12767425,8.8687915,30
1.3,200,100,eml_mut,26,8.435081,8.12767425,8.8687915,30
1.3,200,100,eml_mut,27,8.435081,8.12767425,8.8687915,30
1.3,200,100,eml_mut,28,8.435081,8.12767425,8.8687915,30
1.3,200,100,eml_mut,29,8.435081,8.12767425,8.8687915,30
1.3,200,100,eml_mut,30,8.435081,8.12767425,8.8687915,30
1.3,200,100,eml_mut,31,8.435081,8.12767425,8.77729925,30
1.3,200,100,eml_mut,32,8.435081,8.12767425,8.77729925,30
1.3,200,100,eml_mut,33,8.435081,8.12767425,8.77729925,30
1.3,200,100,eml_mut,34,8.435081,8.12767425,8.753983999999999,30
1.3,200,100,eml_mut,35,8.435081,8.12767425,8.753983999999999,30
1.3,200,100,eml_mut,36,8.435081,8.12767425,8.753983999999999,30
1.3,200,100,eml_mut,37,8.435081,8.12767425,8.753983999999999,30
1.3,200,100,eml_mut,38,8.3645295,8.12767425,8.753983999999999,30
1.3,200,100,eml_mut,39,8.3645295,8.11056375,8.753983999999999,30
1.3,200,100,eml_mut,40,8.3485145,8.11056375,8.663551,30
1.3,200,100,eml_mut,41,8.3485145,8.11056375,8.663551,30
1.3,200,100,eml_mut,42,8.3485145,8.11056375,8.663551,30
1.3,200,100,eml_mut,43,8.3485145,8.0788435,8.663551,30
1.3,200,100,eml_mut,44,8.3485145,7.9931815,8.663551,30
1.3,200,100,eml_mut,45,8.3485145,7.670169,8.663551,30
1.3,200,100,eml_mut,46,8.3485145,7.65509575,8.663551,30
1.3,200,100,eml_mut,47,8.3485145,7.65473125,8.663551,30
1.3,200,100,eml_mut,48,8.343207,7.65473125,8.64034375,30
1.3,200,100,eml_mut,49,8.343207,7.612423,8.64034375,30
1.3,200,100,eml_mut,50,8.343207,7.612423,8.64034375,30
1.3,200,100,eml_mut,51,8.343207,7.612423,8.64034375,30
1.3,200,100,eml_mut,52,8.343207,7.5567475,8.64034375,30
1.3,200,100,eml_mut,53,8.343207,7.547262249999999,8.64034375,30
1.3,200,100,eml_mut,54,8.343207,7.5052505,8.64034375,30
1.3,200,100,eml_mut,55,8.3160305,7.5052505,8.62057425,30
1.3,200,100,eml_mut,56,8.3160305,7.43747825,8.62057425,30
1.3,200,100,eml_mut,57,8.3160305,7.41946025,8.62057425,30
1.3,200,100,eml_mut,58,8.3160305,7.27068725,8.62057425,30
1.3,200,100,eml_mut,59,8.3160305,7.20217775,8.62057425,30
1.3,200,100,eml_mut,60,8.2742845,7.1866645,8.62057425,30
1.3,200,100,eml_mut,61,8.2742845,7.1866645,8.62057425,30
1.3,200,100,eml_mut,62,8.2742845,7.1866645,8.62057425,30
1.3,200,100,eml_mut,63,8.2742845,7.1866645,8.62057425,30
1.3,200,100,eml_mut,64,8.257423,7.17338675,8.542693,30
1.3,200,100,eml_mut,65,8.257423,7.16878925,8.542693,30
1.3,200,100,eml_mut,66,8.253764,7.16878925,8.542693,30
1.3,200,100,eml_mut,67,8.253764,7.16878925,8.542693,30
1.3,200,100,eml_mut,68,8.253764,7.1687885,8.542693,30
1.3,200,100,eml_mut,69,8.253764,7.15779425,8.542693,30
1.3,200,100,eml_mut,70,8.253764,7.15779425,8.542693,30
1.3,200,100,eml_mut,71,8.253764,7.15779425,8.542693,30
1.3,200,100,eml_mut,72,8.253764,7.15779425,8.542693,30
1.3,200,100,eml_mut,73,8.253764,7.15779425,8.542693,30
1.3,200,100,eml_mut,74,8.1543575,7.09986825,8.53987525,30
1.3,200,100,eml_mut,75,8.1543575,7.09986825,8.53987525,30
1.3,200,100,eml_mut,76,8.1543575,7.09986825,8.53987525,30
1.3,200,100,eml_mut,77,8.1543575,7.09986825,8.53987525,30
1.3,200,100,eml_mut,78,8.126000000000001,7.09876275,8.53987525,30
1.3,200,100,eml_mut,79,8.126000000000001,7.063155,8.53987525,30
1.3,200,100,eml_mut,80,8.126000000000001,7.063155,8.53987525,30
1.3,200,100,eml_mut,81,7.9864265,7.0157205000000005,8.35480575,30
1.3,200,100,eml_mut,82,7.9864265,7.0157205000000005,8.35480575,30
1.3,200,100,eml_mut,83,7.9864265,7.0157205000000005,8.35480575,30
1.3,200,100,eml_mut,84,7.983557,6.742014999999999,8.35480575,30
1.3,200,100,eml_mut,85,7.983557,6.61814275,8.35480575,30
1.3,200,100,eml_mut,86,7.983304,6.61814275,8.35480575,30
1.3,200,100,eml_mut,87,7.983304,6.61814275,8.35480575,30
1.3,200,100,eml_mut,88,7.983304,6.61814275,8.35480575,30
1.3,200,100,eml_mut,89,7.9826500000000005,6.61814275,8.35480575,30
1.3,200,100,eml_mut,90,7.9820025,6.61814275,8.35480575,30
1.3,200,100,eml_mut,91,7.9820025,6.61307725,8.35480575,30
1.3,200,100,eml_mut,92,7.9820025,6.61307725,8.35480575,30
1.3,200,100,eml_mut,93,7.9820025,6.61245525,8.35480575,30
1.3,200,100,eml_mut,94,7.844228,6.61245525,8.34998725,30
1.3,200,100,eml_mut,95,7.844228,6.608494,8.34998725,30
1.3,200,100,eml_mut,96,7.764085,6.6056247500000005,8.348806249999999,30
1.3,200,100,eml_mut,97,7.609975,6.6056247500000005,8.348806249999999,30
1.3,200,100,eml_mut,98,7.609975,6.55828175,8.348806249999999,30
1.3,200,100,eml_mut,99,7.6047835,6.55828175,8.348806249999999,30
1.3,200,100,eml_mut,100,7.6047835,6.55828175,8.348806249999999,30
1.3,200,100,eml_mut,101,7.6047835,6.55496075,8.348806249999999,30
1.3,200,100,eml_mut,102,7.6047835,6.55496075,8.348806249999999,30
1.3,200,100,eml_mut,103,7.6047835,6.55496075,8.348806249999999,30
1.3,200,100,eml_mut,104,7.6047835,6.55496075,8.348806249999999,30
1.3,200,100,eml_mut,105,7.6047835,6.55496075,8.348806249999999,30
1.3,200,100,eml_mut,106,7.6047835,6.55496075,8.348806249999999,30
1.3,200,100,eml_mut,107,7.6047835,6.49432825,8.348806249999999,30
1.3,200,100,eml_mut,108,7.6047835,6.49432825,8.348806249999999,30
1.3,200,100,eml_mut,109,7.6047835,6.49432825,8.348806249999999,30
1.3,200,100,eml_mut,110,7.6047835,6.4936165,8.348806249999999,30
1.3,200,100,eml_mut,111,7.6047835,6.4936165,8.348806249999999,30
1.3,200,100,eml_mut,112,7.6047835,6.4936165,8.348806249999999,30
1.3,200,100,eml_mut,113,7.6047835,6.43266325,8.348806249999999,30
1.3,200,100,eml_mut,114,7.6047835,6.43266325,8.348806249999999,30
1.3,200,100,eml_mut,115,7.6047835,6.43266325,8.348806249999999,30
1.3,200,100,eml_mut,116,7.6047835,6.43266325,8.348806249999999,30
1.3,200,100,eml_mut,117,7.6047835,6.43266325,8.348806249999999,30
1.3,200,100,eml_mut,118,7.6047835,6.43114325,8.348806249999999,30
1.3,200,100,eml_mut,119,7.6047835,6.43114325,8.348806249999999,30
1.3,200,100,eml_mut,120,7.6047835,6.43114325,8.348806249999999,30
1.3,200,100,eml_mut,121,7.6047835,6.43114325,8.348806249999999,30
1.3,200,100,eml_mut,122,7.6047835,6.43114325,8.348806249999999,30
1.3,200,100,eml_mut,123,7.6047835,6.43114325,8.348806249999999,30
1.3,200,100,eml_mut,124,7.6047835,6.43114325,8.348806249999999,30
1.3,200,100,eml_mut,125,7.6047835,6.43114325,8.348806249999999,30
1.3,200,100,eml_mut,126,7.6047835,6.43114325,8.348806249999999,30
1.3,200,100,eml_mut,127,7.6047835,6.43114325,8.319312499999999,30
1.3,200,100,eml_mut,128,7.6047835,6.43114325,8.319312499999999,30
1.3,200,100,eml_mut,129,7.409345999999999,6.43114325,8.24296725,30
1.3,200,100,eml_mut,130,7.409345999999999,6.43114325,8.24296725,30
1.3,200,100,eml_mut,131,7.409345999999999,6.43114325,8.24296725,30
1.3,200,100,eml_mut,132,7.409345999999999,6.43114325,8.24296725,30
1.3,200,100,eml_mut,133,7.409345999999999,6.43114325,8.24296725,30
1.3,200,100,eml_mut,134,7.409345999999999,6.43114325,8.181040750000001,30
1.3,200,100,eml_mut,135,7.409345999999999,6.43114325,8.181040750000001,30
1.3,200,100,eml_mut,136,7.409345999999999,6.43114325,8.181040750000001,30
1.3,200,100,eml_mut,137,7.409345999999999,6.43114325,8.181040750000001,30
1.3,200,100,eml_mut,138,7.2795974999999995,6.43114325,8.181040750000001,30
1.3,200,100,eml_mut,139,7.2795974999999995,6.4245019999999995,8.181040750000001,30
1.3,200,100,eml_mut,140,7.2795974999999995,6.4245019999999995,8.181040750000001,30
1.3,200,100,eml_mut,141,7.262668,6.4245019999999995,8.181040750000001,30
1.3,200,100,eml_mut,142,7.262668,6.4245019999999995,8.181040750000001,30
1.3,200,100,eml_mut,143,7.257343499999999,6.4245019999999995,8.181040750000001,30
1.3,200,100,eml_mut,144,7.257343499999999,6.4245019999999995,8.181040750000001,30
1.3,200,100,eml_mut,145,7.257343499999999,6.4245019999999995,8.181040750000001,30
1.3,200,100,eml_mut,146,7.257343499999999,6.421223749999999,8.181040750000001,30
1.3,200,100,eml_mut,147,7.24503,6.421223749999999,8.181040750000001,30
1.3,200,100,eml_mut,148,7.24503,6.421223749999999,8.181040750000001,30
1.3,200,100,eml_mut,149,7.24503,6.421223749999999,8.181040750000001,30
1.3,200,100,eml_mut,150,7.200397,6.412176499999999,8.181040750000001,30
1.3,200,100,eml_mut,151,7.200397,6.412176499999999,8.181040750000001,30
1.3,200,100,eml_mut,152,7.200397,6.412176499999999,8.181040750000001,30
1.3,200,100,eml_mut,153,7.200397,6.412176499999999,8.181040750000001,30
1.3,200,100,eml_mut,154,7.1800575,6.412176499999999,8.181040750000001,30
1.3,200,100,eml_mut,155,7.1800575,6.412176499999999,8.181040750000001,30
1.3,200,100,eml_mut,156,7.1800575,6.412176499999999,8.181040750000001,30
1.3,200,100,eml_mut,157,7.179233,6.401290250000001,8.181040750000001,30
1.3,200,100,eml_mut,158,7.179233,6.401290250000001,8.181040750000001,30
1.3,200,100,eml_mut,159,7.179233,6.401290250000001,8.181040750000001,30
1.3,200,100,eml_mut,160,7.179233,6.401290250000001,8.181040750000001,30
1.3,200,100,eml_mut,161,7.179233,6.28337125,8.181040750000001,30
1.3,200,100,eml_mut,162,7.179233,6.28337125,8.181040750000001,30
1.3,200,100,eml_mut,163,7.179233,6.28337125,8.181040750000001,30
1.3,200,100,eml_mut,164,7.179233,6.28337125,8.181040750000001,30
1.3,200,100,eml_mut,165,7.179233,6.28337125,8.181040750000001,30
1.3,200,100,eml_mut,166,7.179233,6.28337125,8.181040750000001,30
1.3,200,100,eml_mut,167,7.179233,6.28337125,8.181040750000001,30
1.3,200,100,eml_mut,168,7.179233,6.28337125,8.17615375,30
1.3,200,100,eml_mut,169,7.179233,6.28337125,8.17615375,30
1.3,200,100,eml_mut,170,7.179233,6.28337125,8.17615375,30
1.3,200,100,eml_mut,171,7.179233,6.28337125,8.17615375,30
1.3,200,100,eml_mut,172,7.179233,6.28337125,8.17615375,30
1.3,200,100,eml_mut,173,7.179233,6.28337125,8.13864025,30
1.3,200,100,eml_mut,174,7.179233,5.95732075,8.13864025,30
1.3,200,100,eml_mut,175,7.179233,5.95732075,8.008546,30
1.3,200,100,eml_mut,176,7.179233,5.95732075,8.008546,30
1.3,200,100,eml_mut,177,7.179233,5.95732075,8.008546,30
1.3,200,100,eml_mut,178,7.179233,5.95732075,8.008546,30
1.3,200,100,eml_mut,179,7.179233,5.95732075,8.008546,30
1.3,200,100,eml_mut,180,7.179233,5.95732075,8.008546,30
1.3,200,100,eml_mut,181,7.179233,5.95732075,8.008546,30
1.3,200,100,eml_mut,182,7.123241,5.95732075,8.008546,30
1.3,200,100,eml_mut,183,7.0473785,5.823422,8.008546,30
1.3,200,100,eml_mut,184,7.0473785,5.823422,8.008546,30
1.3,200,100,eml_mut,185,7.0473785,5.823422,8.008546,30
1.3,200,100,eml_mut,186,7.0473785,5.823422,8.008546,30
1.3,200,100,eml_mut,187,7.0473785,5.823422,8.008546,30
1.3,200,100,eml_mut,188,7.0473785,5.72177,8.008546,30
1.3,200,100,eml_mut,189,7.0473785,5.72177,8.008546,30
1.3,200,100,eml_mut,190,7.0473785,5.72177,8.008546,30
1.3,200,100,eml_mut,191,7.0473785,5.72177,8.008546,30
1.3,200,100,eml_mut,192,7.0473785,5.72177,8.008546,30
1.3,200,100,eml_mut,193,7.0473785,5.72177,8.008546,30
1.3,200,100,eml_mut,194,7.0473785,5.72177,8.008546,30
1.3,200,100,eml_mut,195,7.0473785,5.72177,8.008546,30
1.3,200,100,eml_mut,196,7.0473785,5.72177,8.008546,30
1.3,200,100,eml_mut,197,7.0473785,5.72177,8.008546,30
1.3,200,100,eml_mut,198,7.0473785,5.72177,8.008546,30
1.3,200,100,eml_mut,199,7.0473785,5.72177,8.008546,30
1.3,200,100,std_ssc,0,1.0,4.715639468832147e-33,8.368784340811729,30
1.3,200,100,std_ssc,1,6.705703644438805e-32,0.0,1.0,30
1.3,200,100,std_ssc,2,0.0,0.0,1.0,30
1.3,200,100,std_ssc,3,0.0,0.0,2.583057241412161e-32,30
1.3,200,100,std_ssc,4,0.0,0.0,2.583057241412161e-32,30
1.3,200,100,std_ssc,5,0.0,0.0,1.6858627768193668e-32,30
1.3,200,100,std_ssc,6,0.0,0.0,1.67632942359465e-32,30
1.3,200,100,std_ssc,7,0.0,0.0,3.2047474274603606e-33,30
1.3,200,100,std_ssc,8,0.0,0.0,3.2047474274603606e-33,30
1.3,200,100,std_ssc,9,0.0,0.0,3.2047474274603606e-33,30
1.3,200,100,std_ssc,10,0.0,0.0,7.395570986446985e-34,30
1.3,200,100,eml_ssc,0,8.531308678300949,8.34202614462544,8.881399608878192,30
1.3,200,100,eml_ssc,1,8.353960015004565,8.13597541968982,8.680552963856062,30
1.3,200,100,eml_ssc,2,8.33865727200446,7.937544890676401,8.505722815777167,30
1.3,200,100,eml_ssc,3,8.303664836991723,7.923651452878462,8.388522895524128,30
1.3,200,100,eml_ssc,4,8.303664836991723,7.923651452878462,8.388522895524128,30
1.3,200,100,eml_ssc,5,8.303664836991723,7.923651452878462,8.388522895524128,30
1.3,200,100,eml_ssc,6,8.303664836991723,7.923651452878462,8.388522895524128,30
1.3,200,100,eml_ssc,7,8.303664836991723,7.923651452878462,8.388522895524128,30
1.3,200,100,eml_ssc,8,8.303664836991723,7.923651452878462,8.388522895524128,30
1.3,200,100,eml_ssc,9,8.303664836991723,7.923651452878462,8.388522895524128,30
1.3,200,100,eml_ssc,10,8.303664836991723,7.923651452878462,8.388522895524128,30
1.3,200,100,eml_ssc,11,8.303664836991723,7.923651452878462,8.388522895524128,30
1.3,200,100,eml_ssc,12,8.303664836991723,7.923651452878462,8.388522895524128,30
1.3,200,100,eml_ssc,13,8.303664836991723,7.923651452878462,8.388522895524128,30
1.3,200,100,eml_ssc,14,8.303664836991723,7.923651452878462,8.388522895524128,30
1.3,200,100,eml_ssc,15,8.303664836991723,7.923651452878462,8.388522895524128,30
1.3,200,100,eml_ssc,16,8.303664836991723,7.923651452878462,8.388522895524128,30
1.3,200,100,eml_ssc,17,8.303664836991723,7.923651452878462,8.388522895524128,30
1.3,200,100,eml_ssc,18,8.303664836991723,7.923651452878462,8.388522895524128,30
1.3,200,100,eml_ssc,19,8.303664836991723,7.923651452878462,8.388522895524128,30
1.3,200,100,eml_ssc,20,8.303664836991723,7.923651452878462,8.388522895524128,30
1.3,200,100,eml_ssc,21,8.303664836991723,7.923651452878462,8.388522895524128,30
1.3,200,100,eml_ssc,22,8.303664836991723,7.923651452878462,8.388522895524128,30
1.3,200,100,eml_ssc,23,8.303664836991723,7.923651452878462,8.388522895524128,30
1.3,200,100,eml_ssc,24,8.303664836991723,7.923651452878462,8.388522895524128,30
1.3,200,100,eml_ssc,25,8.303664836991723,7.923651452878462,8.388522895524128,30
1.3,200,100,eml_ssc,26,8.303664836991723,7.923651452878462,8.388522895524128,30
1.3,200,100,eml_ssc,27,8.303664836991723,7.923651452878462,8.388522895524128,30
1.3,200,100,eml_ssc,28,8.303664836991723,7.923651452878462,8.388522895524128,30
1.3,200,100,eml_ssc,29,8.303664836991723,7.923651452878462,8.388522895524128,30
1.3,200,100,eml_ssc,30,8.303664836991723,7.923651452878462,8.388522895524128,30
1.3,200,100,eml_ssc,31,8.303664836991723,7.923651452878462,8.388522895524128,30
1.3,200,100,eml_ssc,32,8.303664836991723,7.923651452878462,8.388522895524128,30
1.3,200,100,eml_ssc,33,8.303664836991723,7.923651452878462,8.388522895524128,30
1.3,200,100,eml_ssc,34,8.303664836991723,7.923651452878462,8.388522895524128,30
1.3,200,100,eml_ssc,35,8.303664836991723,7.923651452878462,8.388522895524128,30
1.3,200,100,eml_ssc,36,8.303664836991723,7.923651452878462,8.388522895524128,30
1.3,200,100,eml_ssc,37,8.303664836991723,7.923651452878462,8.388522895524128,30
1.3,200,100,eml_ssc,38,8.303664836991723,7.923651452878462,8.388522895524128,30
1.3,200,100,eml_ssc,39,8.303664836991723,7.923651452878462,8.388522895524128,30
1.3,200,100,eml_ssc,40,8.303664836991723,7.923651452878462,8.388522895524128,30
1.3,200,100,eml_ssc,41,8.303664836991723,7.923651452878462,8.388522895524128,30
1.3,200,100,eml_ssc,42,8.303664836991723,7.923651452878462,8.388522895524128,30
1.3,200,100,eml_ssc,43,8.303664836991723,7.923651452878462,8.388522895524128,30
1.3,200,100,eml_ssc,44,8.303664836991723,7.923651452878462,8.388522895524128,30
1.3,200,100,eml_ssc,45,8.303664836991723,7.923651452878462,8.388522895524128,30
1.3,200,100,eml_ssc,46,8.303664836991723,7.923651452878462,8.388522895524128,30
1.3,200,100,eml_ssc,47,8.303664836991723,7.923651452878462,8.388522895524128,30
1.3,200,100,eml_ssc,48,8.303664836991723,7.923651452878462,8.388522895524128,30
1.3,200,100,eml_ssc,49,8.303664836991723,7.923651452878462,8.388522895524128,30
1.3,200,100,eml_ssc,50,8.303664836991723,7.923651452878462,8.388522895524128,30
1.3,200,100,eml_ssc,51,8.303664836991723,7.923651452878462,8.388522895524128,30
1.3,200,100,eml_ssc,52,8.303664836991723,7.923651452878462,8.388522895524128,30
1.3,200,100,eml_ssc,53,8.303664836991723,7.923651452878462,8.388522895524128,30
1.3,200,100,eml_ssc,54,8.303664836991723,7.923651452878462,8.388522895524128,30
1.3,200,100,eml_ssc,55,8.303664836991723,7.923651452878462,8.388522895524128,30
1.3,200,100,eml_ssc,56,8.303664836991723,7.923651452878462,8.388522895524128,30
1.3,200,100,eml_ssc,57,8.303664836991723,7.923651452878462,8.388522895524128,30
1.3,200,100,eml_ssc,58,8.303664836991723,7.923651452878462,8.388522895524128,30
1.3,200,100,eml_ssc,59,8.303664836991723,7.923651452878462,8.388522895524128,30
1.3,200,100,eml_ssc,60,8.303664836991723,7.923651452878462,8.388522895524128,30
1.3,200,100,eml_ssc,61,8.303664836991723,7.923651452878462,8.388522895524128,30
1.3,200,100,eml_ssc,62,8.303664836991723,7.923651452878462,8.388522895524128,30
1.3,200,100,eml_ssc,63,8.303664836991723,7.923651452878462,8.388522895524128,30
1.3,200,100,eml_ssc,64,8.303664836991723,7.923651452878462,8.388522895524128,30
1.3,200,100,eml_ssc,65,8.303664836991723,7.923651452878462,8.388522895524128,30
1.3,200,100,eml_ssc,66,8.303664836991723,7.923651452878462,8.388522895524128,30
1.3,200,100,eml_ssc,67,8.303664836991723,7.923651452878462,8.388522895524128,30
1.3,200,100,eml_ssc,68,8.303664836991723,7.923651452878462,8.388522895524128,30
1.3,200,100,eml_ssc,69,8.303664836991723,7.923651452878462,8.388522895524128,30
1.3,200,100,eml_ssc,70,8.303664836991723,7.923651452878462,8.388522895524128,30
1.3,200,100,eml_ssc,71,8.303664836991723,7.923651452878462,8.388522895524128,30
1.3,200,100,eml_ssc,72,8.303664836991723,7.923651452878462,8.388522895524128,30
1.3,200,100,eml_ssc,73,8.303664836991723,7.923651452878462,8.388522895524128,30
1.3,200,100,eml_ssc,74,8.303664836991723,7.923651452878462,8.388522895524128,30
1.3,200,100,eml_ssc,75,8.303664836991723,7.923651452878462,8.388522895524128,30
1.3,200,100,eml_ssc,76,8.303664836991723,7.923651452878462,8.388522895524128,30
1.3,200,100,eml_ssc,77,8.303664836991723,7.923651452878462,8.388522895524128,30
1.3,200,100,eml_ssc,78,8.303664836991723,7.923651452878462,8.388522895524128,30
1.3,200,100,eml_ssc,79,8.303664836991723,7.923651452878462,8.388522895524128,30
1.3,200,100,eml_ssc,80,8.303664836991723,7.923651452878462,8.388522895524128,30
1.3,200,100,eml_ssc,81,8.303664836991723,7.923651452878462,8.388522895524128,30
1.3,200,100,eml_ssc,82,8.303664836991723,7.923651452878462,8.388522895524128,30
1.3,200,100,eml_ssc,83,8.303664836991723,7.923651452878462,8.388522895524128,30
1.3,200,100,eml_ssc,84,8.303664836991723,7.923651452878462,8.388522895524128,30
1.3,200,100,eml_ssc,85,8.303664836991723,7.923651452878462,8.388522895524128,30
1.3,200,100,eml_ssc,86,8.303664836991723,7.923651452878462,8.388522895524128,30
1.3,200,100,eml_ssc,87,8.303664836991723,7.923651452878462,8.388522895524128,30
1.3,200,100,eml_ssc,88,8.303664836991723,7.923651452878462,8.388522895524128,30
1.3,200,100,eml_ssc,89,8.303664836991723,7.923651452878462,8.388522895524128,30
1.3,200,100,eml_ssc,90,8.303664836991723,7.923651452878462,8.388522895524128,30
1.3,200,100,eml_ssc,91,8.303664836991723,7.923651452878462,8.388522895524128,30
1.3,200,100,eml_ssc,92,8.303664836991723,7.923651452878462,8.388522895524128,30
1.3,200,100,eml_ssc,93,8.303664836991723,7.923651452878462,8.388522895524128,30
1.3,200,100,eml_ssc,94,8.303664836991723,7.923651452878462,8.388522895524128,30
1.3,200,100,eml_ssc,95,8.303664836991723,7.923651452878462,8.388522895524128,30
1.3,200,100,eml_ssc,96,8.303664836991723,7.923651452878462,8.388522895524128,30
1.3,200,100,eml_ssc,97,8.303664836991723,7.923651452878462,8.388522895524128,30
1.3,200,100,eml_ssc,98,8.303664836991723,7.923651452878462,8.388522895524128,30
1.3,200,100,eml_ssc,99,8.303664836991723,7.923651452878462,8.388522895524128,30
1.3,200,100,eml_ssc,100,8.303664836991723,7.923651452878462,8.388522895524128,30
1.3,200,100,eml_ssc,101,8.303664836991723,7.923651452878462,8.388522895524128,30
1.3,200,100,eml_ssc,102,8.303664836991723,7.923651452878462,8.388522895524128,30
1.3,200,100,eml_ssc,103,8.303664836991723,7.923651452878462,8.388522895524128,30
1.3,200,100,eml_ssc,104,8.303664836991723,7.923651452878462,8.388522895524128,30
1.3,200,100,eml_ssc,105,8.303664836991723,7.923651452878462,8.388522895524128,30
1.3,200,100,eml_ssc,106,8.303664836991723,7.923651452878462,8.388522895524128,30
1.3,200,100,eml_ssc,107,8.303664836991723,7.923651452878462,8.388522895524128,30
1.3,200,100,eml_ssc,108,8.303664836991723,7.923651452878462,8.388522895524128,30
1.3,200,100,eml_ssc,109,8.303664836991723,7.923651452878462,8.388522895524128,30
1.3,200,100,eml_ssc,110,8.303664836991723,7.923651452878462,8.388522895524128,30
1.3,200,100,eml_ssc,111,8.303664836991723,7.923651452878462,8.388522895524128,30
1.3,200,100,eml_ssc,112,8.303664836991723,7.923651452878462,8.388522895524128,30
1.3,200,100,eml_ssc,113,8.303664836991723,7.923651452878462,8.388522895524128,30
1.3,200,100,eml_ssc,114,8.303664836991723,7.923651452878462,8.388522895524128,30
1.3,200,100,eml_ssc,115,8.303664836991723,7.923651452878462,8.388522895524128,30
1.3,200,100,eml_ssc,116,8.303664836991723,7.923651452878462,8.388522895524128,30
1.3,200,100,eml_ssc,117,8.303664836991723,7.923651452878462,8.388522895524128,30
1.3,200,100,eml_ssc,118,8.303664836991723,7.923651452878462,8.388522895524128,30
1.3,200,100,eml_ssc,119,8.303664836991723,7.923651452878462,8.388522895524128,30
1.3,200,100,eml_ssc,120,8.303664836991723,7.923651452878462,8.388522895524128,30
1.3,200,100,eml_ssc,121,8.303664836991723,7.923651452878462,8.388522895524128,30
1.3,200,100,eml_ssc,122,8.303664836991723,7.923651452878462,8.388522895524128,30
1.3,200,100,eml_ssc,123,8.303664836991723,7.923651452878462,8.388522895524128,30
1.3,200,100,eml_ssc,124,8.303664836991723,7.923651452878462,8.388522895524128,30
1.3,200,100,eml_ssc,125,8.303664836991723,7.923651452878462,8.388522895524128,30
1.3,200,100,eml_ssc,126,8.303664836991723,7.923651452878462,8.388522895524128,30
1.3,200,100,eml_ssc,127,8.303664836991723,7.923651452878462,8.388522895524128,30
1.3,200,100,eml_ssc,128,8.303664836991723,7.923651452878462,8.388522895524128,30
1.3,200,100,eml_ssc,129,8.303664836991723,7.923651452878462,8.388522895524128,30
1.3,200,100,eml_ssc,130,8.303664836991723,7.923651452878462,8.388522895524128,30
1.3,200,100,eml_ssc,131,8.303664836991723,7.923651452878462,8.388522895524128,30
1.3,200,100,eml_ssc,132,8.303664836991723,7.923651452878462,8.388522895524128,30
1.3,200,100,eml_ssc,133,8.303664836991723,7.923651452878462,8.388522895524128,30
1.3,200,100,eml_ssc,134,8.303664836991723,7.923651452878462,8.388522895524128,30
1.3,200,100,eml_ssc,135,8.303664836991723,7.923651452878462,8.388522895524128,30
1.3,200,100,eml_ssc,136,8.303664836991723,7.923651452878462,8.388522895524128,30
1.3,200,100,eml_ssc,137,8.303664836991723,7.923651452878462,8.388522895524128,30
1.3,200,100,eml_ssc,138,8.303664836991723,7.923651452878462,8.388522895524128,30
1.3,200,100,eml_ssc,139,8.303664836991723,7.923651452878462,8.388522895524128,30
1.3,200,100,eml_ssc,140,8.303664836991723,7.923651452878462,8.388522895524128,30
1.3,200,100,eml_ssc,141,8.303664836991723,7.923651452878462,8.388522895524128,30
1.3,200,100,eml_ssc,142,8.303664836991723,7.923651452878462,8.388522895524128,30
1.3,200,100,eml_ssc,143,8.303664836991723,7.923651452878462,8.388522895524128,30
1.3,200,100,eml_ssc,144,8.303664836991723,7.923651452878462,8.388522895524128,30
1.3,200,100,eml_ssc,145,8.303664836991723,7.923651452878462,8.388522895524128,30
1.3,200,100,eml_ssc,146,8.303664836991723,7.923651452878462,8.388522895524128,30
1.3,200,100,eml_ssc,147,8.303664836991723,7.923651452878462,8.388522895524128,30
1.3,200,100,eml_ssc,148,8.303664836991723,7.923651452878462,8.388522895524128,30
1.3,200,100,eml_ssc,149,8.303664836991723,7.923651452878462,8.388522895524128,30
1.3,200,100,eml_ssc,150,8.303664836991723,7.923651452878462,8.388522895524128,30
1.3,200,100,eml_ssc,151,8.303664836991723,7.923651452878462,8.388522895524128,30
1.3,200,100,eml_ssc,152,8.303664836991723,7.923651452878462,8.388522895524128,30
1.3,200,100,eml_ssc,153,8.303664836991723,7.923651452878462,8.388522895524128,30
1.3,200,100,eml_ssc,154,8.303664836991723,7.923651452878462,8.388522895524128,30
1.3,200,100,eml_ssc,155,8.303664836991723,7.923651452878462,8.388522895524128,30
1.3,200,100,eml_ssc,156,8.303664836991723,7.923651452878462,8.388522895524128,30
1.3,200,100,eml_ssc,157,8.303664836991723,7.923651452878462,8.388522895524128,30
1.3,200,100,eml_ssc,158,8.303664836991723,7.923651452878462,8.388522895524128,30
1.3,200,100,eml_ssc,159,8.303664836991723,7.923651452878462,8.388522895524128,30
1.3,200,100,eml_ssc,160,8.303664836991723,7.923651452878462,8.388522895524128,30
1.3,200,100,eml_ssc,161,8.303664836991723,7.923651452878462,8.388522895524128,30
1.3,200,100,eml_ssc,162,8.303664836991723,7.923651452878462,8.388522895524128,30
1.3,200,100,eml_ssc,163,8.303664836991723,7.923651452878462,8.388522895524128,30
1.3,200,100,eml_ssc,164,8.303664836991723,7.923651452878462,8.388522895524128,30
1.3,200,100,eml_ssc,165,8.303664836991723,7.923651452878462,8.388522895524128,30
1.3,200,100,eml_ssc,166,8.303664836991723,7.923651452878462,8.388522895524128,30
1.3,200,100,eml_ssc,167,8.303664836991723,7.923651452878462,8.388522895524128,30
1.3,200,100,eml_ssc,168,8.303664836991723,7.923651452878462,8.388522895524128,30
1.3,200,100,eml_ssc,169,8.303664836991723,7.923651452878462,8.388522895524128,30
1.3,200,100,eml_ssc,170,8.303664836991723,7.923651452878462,8.388522895524128,30
1.3,200,100,eml_ssc,171,8.303664836991723,7.923651452878462,8.388522895524128,30
1.3,200,100,eml_ssc,172,8.303664836991723,7.923651452878462,8.388522895524128,30
1.3,200,100,eml_ssc,173,8.303664836991723,7.923651452878462,8.388522895524128,30
1.3,200,100,eml_ssc,174,8.303664836991723,7.923651452878462,8.388522895524128,30
1.3,200,100,eml_ssc,175,8.303664836991723,7.923651452878462,8.388522895524128,30
1.3,200,100,eml_ssc,176,8.303664836991723,7.923651452878462,8.388522895524128,30
1.3,200,100,eml_ssc,177,8.303664836991723,7.923651452878462,8.388522895524128,30
1.3,200,100,eml_ssc,178,8.303664836991723,7.923651452878462,8.388522895524128,30
1.3,200,100,eml_ssc,179,8.303664836991723,7.923651452878462,8.388522895524128,30
1.3,200,100,eml_ssc,180,8.303664836991723,7.923651452878462,8.388522895524128,30
1.3,200,100,eml_ssc,181,8.303664836991723,7.923651452878462,8.388522895524128,30
1.3,200,100,eml_ssc,182,8.303664836991723,7.923651452878462,8.388522895524128,30
1.3,200,100,eml_ssc,183,8.303664836991723,7.923651452878462,8.388522895524128,30
1.3,200,100,eml_ssc,184,8.303664836991723,7.923651452878462,8.388522895524128,30
1.3,200,100,eml_ssc,185,8.303664836991723,7.923651452878462,8.388522895524128,30
1.3,200,100,eml_ssc,186,8.303664836991723,7.923651452878462,8.388522895524128,30
1.3,200,100,eml_ssc,187,8.303664836991723,7.923651452878462,8.388522895524128,30
1.3,200,100,eml_ssc,188,8.303664836991723,7.923651452878462,8.388522895524128,30
1.3,200,100,eml_ssc,189,8.303664836991723,7.923651452878462,8.388522895524128,30
1.3,200,100,eml_ssc,190,8.303664836991723,7.923651452878462,8.388522895524128,30
1.3,200,100,eml_ssc,191,8.303664836991723,7.923651452878462,8.388522895524128,30
1.3,200,100,eml_ssc,192,8.303664836991723,7.923651452878462,8.388522895524128,30
1.3,200,100,eml_ssc,193,8.303664836991723,7.923651452878462,8.388522895524128,30
1.3,200,100,eml_ssc,194,8.303664836991723,7.923651452878462,8.388522895524128,30
1.3,200,100,eml_ssc,195,8.303664836991723,7.923651452878462,8.388522895524128,30
1.3,200,100,eml_ssc,196,8.303664836991723,7.923651452878462,8.388522895524128,30
1.3,200,100,eml_ssc,197,8.303664836991723,7.923651452878462,8.388522895524128,30
1.3,200,100,eml_ssc,198,8.303664836991723,7.923651452878462,8.388522895524128,30
1.3,200,100,eml_ssc,199,8.303664836991723,7.923651452878462,8.388522895524128,30
2.1,200,100,std_std,0,0.39980550000000004,0.12839899999999999,0.485026,30
2.1,200,100,std_std,1,0.1257235,0.1149425,0.35216025,30
2.1,200,100,std_std,2,0.111229,0.064097,0.121169,30
2.1,200,100,std_std,3,0.0861095,0.05118375,0.1092475,30
2.1,200,100,std_std,4,0.057172,0.04924,0.08749024999999999,30
2.1,200,100,std_std,5,0.0559485,0.0471385,0.07749575,30
2.1,200,100,std_std,6,0.052898,0.01704675,0.065761,30
2.1,200,100,std_std,7,0.0497735,0.01167975,0.0631495,30
2.1,200,100,std_std,8,0.0497735,0.0053715,0.0615025,30
2.1,200,100,std_std,9,0.020076,0.00398875,0.057557250000000004,30
2.1,200,100,std_std,10,0.019596500000000003,0.0030145,0.054141499999999995,30
2.1,200,100,std_std,11,0.015282500000000001,0.0030145,0.05332625,30
2.1,200,100,std_std,12,0.014059,0.0030145,0.051733,30
2.1,200,100,std_std,13,0.0128985,0.00097225,0.05061775,30
2.1,200,100,std_std,14,0.0128985,0.00097225,0.0503,30
2.1,200,100,std_std,15,0.0081265,0.00097225,0.04994325,30
2.1,200,100,std_std,16,0.0073690000000000005,0.0009717500000000001,0.048694749999999995,30
2.1,200,100,std_std,17,0.0073690000000000005,0.0007715,0.048694749999999995,30
2.1,200,100,std_std,18,0.007027,0.0007715,0.048694749999999995,30
2.1,200,100,std_std,19,0.00675,0.000387,0.048607,30
2.1,200,100,std_std,20,0.006234,0.00017475000000000002,0.048607,30
2.1,200,100,std_std,21,0.006234,0.00017475000000000002,0.048607,30
2.1,200,100,std_std,22,0.006234,0.00016300000000000003,0.048607,30
2.1,200,100,std_std,23,0.006234,0.00016075,0.048607,30
2.1,200,100,std_std,24,0.0060605,0.00016,0.048607,30
2.1,200,100,std_std,25,0.005673,0.00012225,0.048607,30
2.1,200,100,std_std,26,0.005561,0.000117,0.048607,30
2.1,200,100,std_std,27,0.0054655,4.7749999999999995e-05,0.048607,30
2.1,200,100,std_std,28,0.0054655,4.7749999999999995e-05,0.048607,30
2.1,200,100,std_std,29,0.0054655,4.699999999999999e-05,0.048607,30
2.1,200,100,std_std,30,0.0054625,3.8e-05,0.048607,30
2.1,200,100,std_std,31,0.0054595,3.8e-05,0.048479999999999995,30
2.1,200,100,std_std,32,0.0054465,3.7500000000000003e-05,0.048479999999999995,30
2.1,200,100,std_std,33,0.005327,3.7500000000000003e-05,0.048479999999999995,30
2.1,200,100,std_std,34,0.005327,3.7500000000000003e-05,0.048479999999999995,30
2.1,200,100,std_std,35,0.005327,3.525e-05,0.048479999999999995,30
2.1,200,100,std_std,36,0.005327,3.525e-05,0.04842575,30
2.1,200,100,std_std,37,0.005327,3.375e-05,0.04829875,30
2.1,200,100,std_std,38,0.0052645,3.375e-05,0.0472055,30
2.1,200,100,std_std,39,0.0052645,3.375e-05,0.0472055,30
2.1,200,100,std_std,40,0.0052645,3.0500000000000003e-05,0.0472055,30
2.1,200,100,std_std,41,0.0052645,3.0500000000000003e-05,0.0472055,30
2.1,200,100,std_std,42,0.005075,3.0500000000000003e-05,0.0472055,30
2.1,200,100,std_std,43,0.0050145,2.9749999999999998e-05,0.0472055,30
2.1,200,100,std_std,44,0.0050145,2.9e-05,0.046871750000000004,30
2.1,200,100,std_std,45,0.0050145,2.675e-05,0.04675175,30
2.1,200,100,std_std,46,0.0050145,2.675e-05,0.04675175,30
2.1,200,100,std_std,47,0.0050145,2.6000000000000002e-05,0.046723,30
2.1,200,100,std_std,48,0.0050145,2.6000000000000002e-05,0.04212025,30
2.1,200,100,std_std,49,0.0050145,2.6000000000000002e-05,0.04212025,30
2.1,200,100,std_std,50,0.004996499999999999,2.5499999999999996e-05,0.0421135,30
2.1,200,100,std_std,51,0.0049960000000000004,2.5499999999999996e-05,0.0421135,30
2.1,200,100,std_std,52,0.0049960000000000004,2.5499999999999996e-05,0.0421135,30
2.1,200,100,std_std,53,0.004986,2.5499999999999996e-05,0.0421135,30
2.1,200,100,std_std,54,0.004986,2.475e-05,0.04211125,30
2.1,200,100,std_std,55,0.0049815,2.475e-05,0.04210825,30
2.1,200,100,std_std,56,0.0049815,2.475e-05,0.04210825,30
2.1,200,100,std_std,57,0.0049815,2.475e-05,0.04210675,30
2.1,200,100,std_std,58,0.00498,2.475e-05,0.04210675,30
2.1,200,100,std_std,59,0.00498,2.475e-05,0.042106000000000005,30
2.1,200,100,std_std,60,0.00498,2.475e-05,0.042106000000000005,30
2.1,200,100,std_std,61,0.0049755,2.475e-05,0.042106000000000005,30
2.1,200,100,std_std,62,0.0049755,2.475e-05,0.042106000000000005,30
2.1,200,100,std_std,63,0.0049755,2.475e-05,0.042106000000000005,30
2.1,200,100,std_std,64,0.004970499999999999,2.45e-05,0.042106000000000005,30
2.1,200,100,std_std,65,0.004970499999999999,2.45e-05,0.0421,30
2.1,200,100,std_std,66,0.0049689999999999995,2.45e-05,0.04209475,30
2.1,200,100,std_std,67,0.0049689999999999995,2.425e-05,0.04208725,30
2.1,200,100,std_std,68,0.0049689999999999995,2.4e-05,0.04208725,30
2.1,200,100,std_std,69,0.0049689999999999995,2.4e-05,0.04208725,30
2.1,200,100,std_std,70,0.0049685,2.4e-05,0.038674,30
2.1,200,100,std_std,71,0.0049685,2.4e-05,0.038674,30
2.1,200,100,std_std,72,0.0049685,2.4e-05,0.03866575,30
2.1,200,100,std_std,73,0.0049685,2.3500000000000002e-05,0.038521,30
2.1,200,100,std_std,74,0.004966999999999999,2.3500000000000002e-05,0.038274749999999996,30
2.1,200,100,std_std,75,0.004885499999999999,2.3500000000000002e-05,0.03786675,30
2.1,200,100,std_std,76,0.004873499999999999,2.3500000000000002e-05,0.03728425,30
2.1,200,100,std_std,77,0.004866,2.2749999999999997e-05,0.0372175,30
2.1,200,100,std_std,78,0.0048655,2.2749999999999997e-05,0.0372175,30
2.1,200,100,std_std,79,0.004831,2.2749999999999997e-05,0.03712525,30
2.1,200,100,std_std,80,0.004831,2.2749999999999997e-05,0.03712525,30
2.1,200,100,std_std,81,0.004831,2.2749999999999997e-05,0.0371065,30
2.1,200,100,std_std,82,0.0048295,2.2749999999999997e-05,0.03705475,30
2.1,200,100,std_std,83,0.004828,2.2749999999999997e-05,0.03705475,30
2.1,200,100,std_std,84,0.004828,2.225e-05,0.037048750000000005,30
2.1,200,100,std_std,85,0.004828,2.225e-05,0.037048750000000005,30
2.1,200,100,std_std,86,0.004828,2.225e-05,0.037048750000000005,30
2.1,200,100,std_std,87,0.004826,2.225e-05,0.0370255,30
2.1,200,100,std_std,88,0.004819,2.175e-05,0.037024,30
2.1,200,100,std_std,89,0.004819,1.975e-05,0.037024,30
2.1,200,100,std_std,90,0.004819,1.975e-05,0.0370225,30
2.1,200,100,std_std,91,0.004819,1.975e-05,0.0370225,30
2.1,200,100,std_std,92,0.004819,1.975e-05,0.037012750000000004,30
2.1,200,100,std_std,93,0.0048105,1.975e-05,0.037009,30
2.1,200,100,std_std,94,0.0048105,1.975e-05,0.03700825,30
2.1,200,100,std_std,95,0.0048105,1.975e-05,0.037002999999999994,30
2.1,200,100,std_std,96,0.00481,1.975e-05,0.037002999999999994,30
2.1,200,100,std_std,97,0.0044624999999999995,1.975e-05,0.037,30
2.1,200,100,std_std,98,0.004455499999999999,1.95e-05,0.037,30
2.1,200,100,std_std,99,0.004455499999999999,1.95e-05,0.036976749999999996,30
2.1,200,100,std_std,100,0.004455499999999999,1.95e-05,0.036976749999999996,30
2.1,200,100,std_std,101,0.004455499999999999,1.95e-05,0.036976749999999996,30
2.1,200,100,std_std,102,0.004455499999999999,1.95e-05,0.036976749999999996,30
2.1,200,100,std_std,103,0.004455499999999999,1.95e-05,0.036976749999999996,30
2.1,200,100,std_std,104,0.004455499999999999,1.95e-05,0.036962499999999995,30
2.1,200,100,std_std,105,0.004455499999999999,1.725e-05,0.036962499999999995,30
2.1,200,100,std_std,106,0.004455499999999999,1.725e-05,0.03696025,30
2.1,200,100,std_std,107,0.004455499999999999,1.725e-05,0.03695725,30
2.1,200,100,std_std,108,0.004455499999999999,1.725e-05,0.03695725,30
2.1,200,100,std_std,109,0.004455499999999999,1.725e-05,0.03694975,30
2.1,200,100,std_std,110,0.004455499999999999,1.725e-05,0.03694825,30
2.1,200,100,std_std,111,0.004455499999999999,1.725e-05,0.03694525,30
2.1,200,100,std_std,112,0.004455499999999999,1.725e-05,0.03694375,30
2.1,200,100,std_std,113,0.004455499999999999,1.725e-05,0.03693625,30
2.1,200,100,std_std,114,0.0044545,1.725e-05,0.03693625,30
2.1,200,100,std_std,115,0.0044545,1.725e-05,0.03693625,30
2.1,200,100,std_std,116,0.0044545,1.7e-05,0.03693625,30
2.1,200,100,std_std,117,0.004451,1.7e-05,0.03693625,30
2.1,200,100,std_std,118,0.004451,1.7e-05,0.03693475,30
2.1,200,100,std_std,119,0.004451,1.7e-05,0.03693475,30
2.1,200,100,std_std,120,0.004444999999999999,1.7e-05,0.03693475,30
2.1,200,100,std_std,121,0.004444999999999999,1.7e-05,0.03693475,30
2.1,200,100,std_std,122,0.004444999999999999,1.7e-05,0.03693475,30
2.1,200,100,std_std,123,0.0044445,1.7e-05,0.03693475,30
2.1,200,100,std_std,124,0.0044445,1.7e-05,0.03693475,30
2.1,200,100,std_std,125,0.0044445,1.7e-05,0.03693475,30
2.1,200,100,std_std,126,0.0044445,1.7e-05,0.03693475,30
2.1,200,100,std_std,127,0.0044445,1.7e-05,0.03693475,30
2.1,200,100,std_std,128,0.0044445,1.7e-05,0.03693475,30
2.1,200,100,std_std,129,0.0044445,1.7e-05,0.03693475,30
2.1,200,100,std_std,130,0.0044174999999999996,1.7e-05,0.03693475,30
2.1,200,100,std_std,131,0.0044174999999999996,1.7e-05,0.03693475,30
2.1,200,100,std_std,132,0.0044165,1.7e-05,0.03693325,30
2.1,200,100,std_std,133,0.0043890000000000005,1.7e-05,0.03693325,30
2.1,200,100,std_std,134,0.0043890000000000005,1.675e-05,0.03693325,30
2.1,200,100,std_std,135,0.0043879999999999995,1.675e-05,0.03693325,30
2.1,200,100,std_std,136,0.0043879999999999995,1.675e-05,0.03693325,30
2.1,200,100,std_std,137,0.0043879999999999995,1.675e-05,0.03693325,30
2.1,200,100,std_std,138,0.0043879999999999995,1.675e-05,0.03693325,30
2.1,200,100,std_std,139,0.0043865,1.675e-05,0.03693325,30
2.1,200,100,std_std,140,0.0043865,1.675e-05,0.03693325,30
2.1,200,100,std_std,141,0.004385999999999999,1.675e-05,0.0369325,30
2.1,200,100,std_std,142,0.004385999999999999,1.675e-05,0.0369325,30
2.1,200,100,std_std,143,0.004385999999999999,1.675e-05,0.0369325,30
2.1,200,100,std_std,144,0.0043855,1.675e-05,0.0369325,30
2.1,200,100,std_std,145,0.0043855,1.675e-05,0.0369325,30
2.1,200,100,std_std,146,0.0043855,1.675e-05,0.0369325,30
2.1,200,100,std_std,147,0.0043715,1.65e-05,0.0369325,30
2.1,200,100,std_std,148,0.0043705,1.65e-05,0.0369325,30
2.1,200,100,std_std,149,0.0043705,1.65e-05,0.0369325,30
2.1,200,100,std_std,150,0.0043705,1.65e-05,0.0369325,30
2.1,200,100,std_std,151,0.0043705,1.65e-05,0.0369325,30
2.1,200,100,std_std,152,0.0043695,1.65e-05,0.0369325,30
2.1,200,100,std_std,153,0.0043695,1.65e-05,0.0369325,30
2.1,200,100,std_std,154,0.0043695,1.65e-05,0.0369325,30
2.1,200,100,std_std,155,0.0043695,1.6250000000000002e-05,0.0369325,30
2.1,200,100,std_std,156,0.0043695,1.6250000000000002e-05,0.0369325,30
2.1,200,100,std_std,157,0.0043695,1.6250000000000002e-05,0.0369325,30
2.1,200,100,std_std,158,0.0043695,1.6250000000000002e-05,0.0369325,30
2.1,200,100,std_std,159,0.0043695,1.6250000000000002e-05,0.0369325,30
2.1,200,100,std_std,160,0.0043695,1.6250000000000002e-05,0.0369325,30
2.1,200,100,std_std,161,0.0043695,1.6250000000000002e-05,0.0369325,30
2.1,200,100,std_std,162,0.0043695,1.6250000000000002e-05,0.0369325,30
2.1,200,100,std_std,163,0.004368500000000001,1.6250000000000002e-05,0.0369325,30
2.1,200,100,std_std,164,0.004368500000000001,1.6250000000000002e-05,0.0369325,30
2.1,200,100,std_std,165,0.004368500000000001,1.6250000000000002e-05,0.0369325,30
2.1,200,100,std_std,166,0.004368500000000001,1.6250000000000002e-05,0.0369325,30
2.1,200,100,std_std,167,0.004368500000000001,1.6250000000000002e-05,0.0369325,30
2.1,200,100,std_std,168,0.004368,1.6250000000000002e-05,0.0369325,30
2.1,200,100,std_std,169,0.004368,1.6250000000000002e-05,0.0369325,30
2.1,200,100,std_std,170,0.004368,1.6250000000000002e-05,0.0369325,30
2.1,200,100,std_std,171,0.004368,1.6250000000000002e-05,0.0369325,30
2.1,200,100,std_std,172,0.004368,1.6250000000000002e-05,0.0369325,30
2.1,200,100,std_std,173,0.004368,1.6250000000000002e-05,0.0369325,30
2.1,200,100,std_std,174,0.004368,1.6250000000000002e-05,0.0369325,30
2.1,200,100,std_std,175,0.004368,1.6250000000000002e-05,0.0369325,30
2.1,200,100,std_std,176,0.004368,1.6250000000000002e-05,0.0369325,30
2.1,200,100,std_std,177,0.004368,1.6250000000000002e-05,0.0369325,30
2.1,200,100,std_std,178,0.004368,1.6250000000000002e-05,0.0369325,30
2.1,200,100,std_std,179,0.004368,1.6250000000000002e-05,0.0369325,30
2.1,200,100,std_std,180,0.004368,1.6250000000000002e-05,0.0369325,30
2.1,200,100,std_std,181,0.004368,1.6250000000000002e-05,0.0369325,30
2.1,200,100,std_std,182,0.004368,1.6250000000000002e-05,0.0369325,30
2.1,200,100,std_std,183,0.004368,1.6250000000000002e-05,0.0369325,30
2.1,200,100,std_std,184,0.004368,1.6250000000000002e-05,0.0369325,30
2.1,200,100,std_std,185,0.004368,1.6250000000000002e-05,0.0369325,30
2.1,200,100,std_std,186,0.004368,1.6250000000000002e-05,0.0369325,30
2.1,200,100,std_std,187,0.004368,1.6250000000000002e-05,0.0369325,30
2.1,200,100,std_std,188,0.004368,1.6250000000000002e-05,0.0369325,30
2.1,200,100,std_std,189,0.004368,1.6250000000000002e-05,0.0369325,30
2.1,200,100,std_std,190,0.004368,1.6250000000000002e-05,0.0369325,30
2.1,200,100,std_std,191,0.004368,1.6250000000000002e-05,0.0369325,30
2.1,200,100,std_std,192,0.004368,1.6250000000000002e-05,0.0369325,30
2.1,200,100,std_std,193,0.004368,1.6250000000000002e-05,0.0369325,30
2.1,200,100,std_std,194,0.004368,1.6250000000000002e-05,0.0369325,30
2.1,200,100,std_std,195,0.004368,1.6250000000000002e-05,0.0369325,30
2.1,200,100,std_std,196,0.004368,1.6250000000000002e-05,0.0369325,30
2.1,200,100,std_std,197,0.004368,1.6250000000000002e-05,0.0369325,30
2.1,200,100,std_std,198,0.004368,1.6250000000000002e-05,0.0369325,30
2.1,200,100,std_std,199,0.004368,1.6250000000000002e-05,0.0369325,30
2.1,200,100,eml_std,0,2.178724,1.0534207500000001,2.467745,30
2.1,200,100,eml_std,1,1.0317785000000002,0.95161325,1.963333,30
2.1,200,100,eml_std,2,0.9617899999999999,0.8524615,1.065266,30
2.1,200,100,eml_std,3,0.906347,0.7781065,0.9787715,30
2.1,200,100,eml_std,4,0.8581785,0.621401,0.96604275,30
2.1,200,100,eml_std,5,0.779344,0.6033172499999999,0.920086,30
2.1,200,100,eml_std,6,0.7610615000000001,0.585833,0.87604925,30
2.1,200,100,eml_std,7,0.7276130000000001,0.58222175,0.86811175,30
2.1,200,100,eml_std,8,0.6842895,0.5749342500000001,0.85122975,30
2.1,200,100,eml_std,9,0.6091690000000001,0.549175,0.82106275,30
2.1,200,100,eml_std,10,0.5959765,0.5278305,0.7333035,30
2.1,200,100,eml_std,11,0.5725235,0.51545925,0.732579,30
2.1,200,100,eml_std,12,0.5725235,0.51545925,0.72292225,30
2.1,200,100,eml_std,13,0.5641315,0.49177225,0.71950375,30
2.1,200,100,eml_std,14,0.5514235000000001,0.48472824999999997,0.71950375,30
2.1,200,100,eml_std,15,0.544909,0.4629835,0.67717575,30
2.1,200,100,eml_std,16,0.5437114999999999,0.44009075000000003,0.6765255,30
2.1,200,100,eml_std,17,0.5196350000000001,0.401179,0.67048675,30
2.1,200,100,eml_std,18,0.5196350000000001,0.39886075,0.67048675,30
2.1,200,100,eml_std,19,0.5058585,0.39886075,0.661333,30
2.1,200,100,eml_std,20,0.492683,0.36157249999999996,0.659955,30
2.1,200,100,eml_std,21,0.4806025,0.353562,0.625353,30
2.1,200,100,eml_std,22,0.4679035,0.34037675,0.625353,30
2.1,200,100,eml_std,23,0.4679035,0.34037675,0.6230655,30
2.1,200,100,eml_std,24,0.4596085,0.33449650000000003,0.5854435,30
2.1,200,100,eml_std,25,0.458318,0.30965025,0.58479225,30
2.1,200,100,eml_std,26,0.45726900000000004,0.29127575,0.58479225,30
2.1,200,100,eml_std,27,0.434057,0.29127575,0.58479225,30
2.1,200,100,eml_std,28,0.42510950000000003,0.29127575,0.58479225,30
2.1,200,100,eml_std,29,0.42510950000000003,0.281222,0.58045675,30
2.1,200,100,eml_std,30,0.4251085,0.281222,0.5587635,30
2.1,200,100,eml_std,31,0.417767,0.274326,0.5396775,30
2.1,200,100,eml_std,32,0.417767,0.274326,0.53926525,30
2.1,200,100,eml_std,33,0.40473800000000004,0.27342374999999997,0.53797075,30
2.1,200,100,eml_std,34,0.40473800000000004,0.27342374999999997,0.524419,30
2.1,200,100,eml_std,35,0.375568,0.27342374999999997,0.524419,30
2.1,200,100,eml_std,36,0.375568,0.27342374999999997,0.524311,30
2.1,200,100,eml_std,37,0.375568,0.27342374999999997,0.49641275,30
2.1,200,100,eml_std,38,0.375568,0.27342374999999997,0.49558624999999995,30
2.1,200,100,eml_std,39,0.375568,0.2728575,0.49186274999999996,30
2.1,200,100,eml_std,40,0.3545405,0.2728575,0.4503355,30
2.1,200,100,eml_std,41,0.346929,0.2728575,0.44538575,30
2.1,200,100,eml_std,42,0.3438945,0.27090274999999997,0.44538575,30
2.1,200,100,eml_std,43,0.3361805,0.26918149999999996,0.44538575,30
2.1,200,100,eml_std,44,0.32956300000000005,0.26673725,0.43799425000000003,30
2.1,200,100,eml_std,45,0.3159745,0.26673725,0.43799425000000003,30
2.1,200,100,eml_std,46,0.309821,0.25544900000000004,0.43799425000000003,30
2.1,200,100,eml_std,47,0.309821,0.24706325,0.43799425000000003,30
2.1,200,100,eml_std,48,0.2956265,0.24706024999999998,0.43799425000000003,30
2.1,200,100,eml_std,49,0.294281,0.23985574999999998,0.4374595,30
2.1,200,100,eml_std,50,0.294281,0.23308,0.43745924999999997,30
2.1,200,100,eml_std,51,0.292887,0.22829425,0.43745924999999997,30
2.1,200,100,eml_std,52,0.292887,0.22829425,0.431628,30
2.1,200,100,eml_std,53,0.28918900000000003,0.22829425,0.431628,30
2.1,200,100,eml_std,54,0.286021,0.22734925,0.42878499999999997,30
2.1,200,100,eml_std,55,0.286021,0.22734925,0.42518775,30
2.1,200,100,eml_std,56,0.286021,0.22002525,0.42518775,30
2.1,200,100,eml_std,57,0.285709,0.2179455,0.42348375,30
2.1,200,100,eml_std,58,0.2836895,0.2179455,0.42348375,30
2.1,200,100,eml_std,59,0.2832035,0.2179455,0.42134575,30
2.1,200,100,eml_std,60,0.26954,0.20929225,0.42134575,30
2.1,200,100,eml_std,61,0.26751400000000003,0.20929225,0.42134575,30
2.1,200,100,eml_std,62,0.2668735,0.20929225,0.421342,30
2.1,200,100,eml_std,63,0.26651899999999995,0.2076685,0.42014874999999996,30
2.1,200,100,eml_std,64,0.2631905,0.2076685,0.42014725,30
2.1,200,100,eml_std,65,0.2619265,0.2076685,0.4201465,30
2.1,200,100,eml_std,66,0.260097,0.2076685,0.419983,30
2.1,200,100,eml_std,67,0.258569,0.2076685,0.419983,30
2.1,200,100,eml_std,68,0.25062249999999997,0.2076685,0.419983,30
2.1,200,100,eml_std,69,0.25052450000000004,0.19027425,0.419983,30
2.1,200,100,eml_std,70,0.25052399999999997,0.19027425,0.41991475,30
2.1,200,100,eml_std,71,0.248749,0.19027425,0.41989225,30
2.1,200,100,eml_std,72,0.24723499999999998,0.19000875,0.41966950000000003,30
2.1,200,100,eml_std,73,0.246578,0.19000875,0.41966950000000003,30
2.1,200,100,eml_std,74,0.246578,0.189577,0.41966950000000003,30
2.1,200,100,eml_std,75,0.246512,0.189577,0.41955,30
2.1,200,100,eml_std,76,0.24650699999999998,0.189577,0.41953675,30
2.1,200,100,eml_std,77,0.24650699999999998,0.189577,0.41953675,30
2.1,200,100,eml_std,78,0.24650699999999998,0.189577,0.41953225,30
2.1,200,100,eml_std,79,0.24650699999999998,0.18774174999999999,0.4192215,30
2.1,200,100,eml_std,80,0.246506,0.18760025,0.4192215,30
2.1,200,100,eml_std,81,0.246506,0.186831,0.41849575,30
2.1,200,100,eml_std,82,0.24650149999999998,0.186831,0.41696725,30
2.1,200,100,eml_std,83,0.24650149999999998,0.186831,0.41696725,30
2.1,200,100,eml_std,84,0.24639,0.186831,0.416302,30
2.1,200,100,eml_std,85,0.246163,0.184422,0.416302,30
2.1,200,100,eml_std,86,0.24556699999999998,0.184422,0.416302,30
2.1,200,100,eml_std,87,0.24556699999999998,0.184422,0.41630125,30
2.1,200,100,eml_std,88,0.24553950000000002,0.17739825,0.41630125,30
2.1,200,100,eml_std,89,0.244496,0.177327,0.41630125,30
2.1,200,100,eml_std,90,0.244496,0.17732575,0.41630125,30
2.1,200,100,eml_std,91,0.244487,0.17732575,0.41630125,30
2.1,200,100,eml_std,92,0.244487,0.177226,0.41614825,30
2.1,200,100,eml_std,93,0.24403049999999998,0.17722425,0.41614825,30
2.1,200,100,eml_std,94,0.24366,0.17722425,0.41614825,30
2.1,200,100,eml_std,95,0.24358649999999998,0.1772205,0.41595175,30
2.1,200,100,eml_std,96,0.239249,0.1772205,0.41595175,30
2.1,200,100,eml_std,97,0.23875649999999998,0.1772205,0.41595175,30
2.1,200,100,eml_std,98,0.238327,0.1772205,0.41595175,30
2.1,200,100,eml_std,99,0.23801,0.1772205,0.41595175,30
2.1,200,100,eml_std,100,0.23800949999999998,0.17719725,0.41399949999999996,30
2.1,200,100,eml_std,101,0.2375905,0.17714324999999997,0.41399949999999996,30
2.1,200,100,eml_std,102,0.2375905,0.17714249999999998,0.413999,30
2.1,200,100,eml_std,103,0.2375905,0.17710125,0.41392,30
2.1,200,100,eml_std,104,0.2375905,0.17710125,0.41392,30
2.1,200,100,eml_std,105,0.2375905,0.17710125,0.4137415,30
2.1,200,100,eml_std,106,0.2375905,0.17710125,0.4137415,30
2.1,200,100,eml_std,107,0.2375905,0.17708625,0.41025924999999996,30
2.1,200,100,eml_std,108,0.2375885,0.1770495,0.41025924999999996,30
2.1,200,100,eml_std,109,0.2375385,0.1770495,0.4100675,30
2.1,200,100,eml_std,110,0.23744300000000002,0.17703975,0.40986049999999996,30
2.1,200,100,eml_std,111,0.23744300000000002,0.17703975,0.40882525000000003,30
2.1,200,100,eml_std,112,0.23744300000000002,0.17703975,0.40882525000000003,30
2.1,200,100,eml_std,113,0.23744150000000003,0.17703975,0.408559,30
2.1,200,100,eml_std,114,0.23744150000000003,0.177015,0.408559,30
2.1,200,100,eml_std,115,0.23744150000000003,0.177015,0.4081705,30
2.1,200,100,eml_std,116,0.237411,0.17701050000000002,0.4081705,30
2.1,200,100,eml_std,117,0.237411,0.17701050000000002,0.4081705,30
2.1,200,100,eml_std,118,0.237411,0.17697525,0.4081705,30
2.1,200,100,eml_std,119,0.237411,0.17697525,0.4081705,30
2.1,200,100,eml_std,120,0.237411,0.17697525,0.4081705,30
2.1,200,100,eml_std,121,0.237411,0.17697525,0.40813825,30
2.1,200,100,eml_std,122,0.237411,0.1769535,0.408103,30
2.1,200,100,eml_std,123,0.237411,0.1769535,0.40786675,30
2.1,200,100,eml_std,124,0.237388,0.1769535,0.40712824999999997,30
2.1,200,100,eml_std,125,0.23713050000000002,0.17690775,0.40712824999999997,30
2.1,200,100,eml_std,126,0.23713050000000002,0.1768815,0.40712824999999997,30
2.1,200,100,eml_std,127,0.23713050000000002,0.1768815,0.40712824999999997,30
2.1,200,100,eml_std,128,0.23713050000000002,0.1768815,0.40712824999999997,30
2.1,200,100,eml_std,129,0.237128,0.1768815,0.40712824999999997,30
2.1,200,100,eml_std,130,0.237128,0.17685299999999998,0.40712824999999997,30
2.1,200,100,eml_std,131,0.237128,0.17685299999999998,0.40712824999999997,30
2.1,200,100,eml_std,132,0.237128,0.17685299999999998,0.40712824999999997,30
2.1,200,100,eml_std,133,0.237128,0.17685299999999998,0.40712824999999997,30
2.1,200,100,eml_std,134,0.23631000000000002,0.17685299999999998,0.40712824999999997,30
2.1,200,100,eml_std,135,0.23628700000000002,0.17685299999999998,0.40712824999999997,30
2.1,200,100,eml_std,136,0.23628700000000002,0.17685299999999998,0.40712824999999997,30
2.1,200,100,eml_std,137,0.230493,0.17685299999999998,0.40712824999999997,30
2.1,200,100,eml_std,138,0.2277295,0.17685299999999998,0.40712824999999997,30
2.1,200,100,eml_std,139,0.2277295,0.17685299999999998,0.40712824999999997,30
2.1,200,100,eml_std,140,0.22767500000000002,0.1768425,0.40712824999999997,30
2.1,200,100,eml_std,141,0.227333,0.1768425,0.40712824999999997,30
2.1,200,100,eml_std,142,0.22710950000000002,0.1768425,0.40712824999999997,30
2.1,200,100,eml_std,143,0.22710950000000002,0.176838,0.40712824999999997,30
2.1,200,100,eml_std,144,0.22623500000000002,0.176838,0.40712824999999997,30
2.1,200,100,eml_std,145,0.22623500000000002,0.176838,0.40712824999999997,30
2.1,200,100,eml_std,146,0.22285100000000002,0.176838,0.40712824999999997,30
2.1,200,100,eml_std,147,0.22285100000000002,0.17681775,0.40712824999999997,30
2.1,200,100,eml_std,148,0.22285100000000002,0.17681775,0.40712824999999997,30
2.1,200,100,eml_std,149,0.22285100000000002,0.17681625,0.40712824999999997,30
2.1,200,100,eml_std,150,0.22285100000000002,0.17681324999999998,0.40712824999999997,30
2.1,200,100,eml_std,151,0.22285100000000002,0.17681324999999998,0.40712824999999997,30
2.1,200,100,eml_std,152,0.22285100000000002,0.17681324999999998,0.40712824999999997,30
2.1,200,100,eml_std,153,0.22236050000000002,0.17681324999999998,0.40712824999999997,30
2.1,200,100,eml_std,154,0.22236050000000002,0.17681324999999998,0.40712824999999997,30
2.1,200,100,eml_std,155,0.22236050000000002,0.17680725,0.40712824999999997,30
2.1,200,100,eml_std,156,0.222058,0.17680725,0.40712824999999997,30
2.1,200,100,eml_std,157,0.222058,0.17680725,0.40712824999999997,30
2.1,200,100,eml_std,158,0.222058,0.17680725,0.40712824999999997,30
2.1,200,100,eml_std,159,0.222058,0.17680725,0.40712824999999997,30
2.1,200,100,eml_std,160,0.222058,0.17680725,0.40712824999999997,30
2.1,200,100,eml_std,161,0.222058,0.1768065,0.40712824999999997,30
2.1,200,100,eml_std,162,0.222058,0.1768065,0.40712824999999997,30
2.1,200,100,eml_std,163,0.222058,0.1768065,0.40712824999999997,30
2.1,200,100,eml_std,164,0.222058,0.1768065,0.40712824999999997,30
2.1,200,100,eml_std,165,0.222058,0.1768065,0.3803485,30
2.1,200,100,eml_std,166,0.222058,0.1768065,0.380347,30
2.1,200,100,eml_std,167,0.222058,0.1768065,0.38014275,30
2.1,200,100,eml_std,168,0.222058,0.1768065,0.38014275,30
2.1,200,100,eml_std,169,0.222058,0.1768065,0.38014275,30
2.1,200,100,eml_std,170,0.222058,0.1768065,0.37852025,30
2.1,200,100,eml_std,171,0.222058,0.1768065,0.37852025,30
2.1,200,100,eml_std,172,0.222058,0.1768065,0.37852025,30
2.1,200,100,eml_std,173,0.222058,0.1768065,0.37852025,30
2.1,200,100,eml_std,174,0.222058,0.1768065,0.37852025,30
2.1,200,100,eml_std,175,0.222058,0.1768065,0.37852025,30
2.1,200,100,eml_std,176,0.222058,0.1768065,0.37852025,30
2.1,200,100,eml_std,177,0.222058,0.1768065,0.37852025,30
2.1,200,100,eml_std,178,0.222058,0.1768065,0.37852025,30
2.1,200,100,eml_std,179,0.222058,0.1768065,0.37852025,30
2.1,200,100,eml_std,180,0.222058,0.1768065,0.37852025,30
2.1,200,100,eml_std,181,0.222058,0.1768065,0.37852025,30
2.1,200,100,eml_std,182,0.222058,0.1768065,0.37852025,30
2.1,200,100,eml_std,183,0.222058,0.1768065,0.37852025,30
2.1,200,100,eml_std,184,0.222058,0.1768065,0.37852025,30
2.1,200,100,eml_std,185,0.222058,0.1768065,0.37852025,30
2.1,200,100,eml_std,186,0.222058,0.1768065,0.37852025,30
2.1,200,100,eml_std,187,0.222058,0.1768065,0.37852025,30
2.1,200,100,eml_std,188,0.222058,0.1768065,0.37852025,30
2.1,200,100,eml_std,189,0.222058,0.1768065,0.37852025,30
2.1,200,100,eml_std,190,0.222058,0.1768065,0.37852025,30
2.1,200,100,eml_std,191,0.222058,0.1768065,0.37852025,30
2.1,200,100,eml_std,192,0.222058,0.1768065,0.37852025,30
2.1,200,100,eml_std,193,0.222058,0.1768065,0.37852025,30
2.1,200,100,eml_std,194,0.222058,0.1768065,0.37852025,30
2.1,200,100,eml_std,195,0.222058,0.1768065,0.37852025,30
2.1,200,100,eml_std,196,0.222058,0.1768065,0.37852025,30
2.1,200,100,eml_std,197,0.222058,0.1768065,0.37852025,30
2.1,200,100,eml_std,198,0.222058,0.1768065,0.37852025,30
2.1,200,100,eml_std,199,0.222058,0.1768065,0.37852025,30
2.1,200,100,eml_mut,0,2.178724,1.0534207500000001,2.467745,30
2.1,200,100,eml_mut,1,1.1407180000000001,0.977249,2.2085524999999997,30
2.1,200,100,eml_mut,2,0.9911289999999999,0.8914387500000001,1.23223175,30
2.1,200,100,eml_mut,3,0.9716195000000001,0.849893,1.03608975,30
2.1,200,100,eml_mut,4,0.9196735,0.78138225,0.9967462500000001,30
2.1,200,100,eml_mut,5,0.9060595,0.73954075,0.986509,30
2.1,200,100,eml_mut,6,0.8723605000000001,0.6593225,0.9772325000000001,30
2.1,200,100,eml_mut,7,0.775128,0.58552675,0.92731575,30
2.1,200,100,eml_mut,8,0.7651095,0.580969,0.91314525,30
2.1,200,100,eml_mut,9,0.751285,0.57731625,0.8864725,30
2.1,200,100,eml_mut,10,0.683617,0.56152275,0.8126355,30
2.1,200,100,eml_mut,11,0.6233715,0.561327,0.8057242499999999,30
2.1,200,100,eml_mut,12,0.6233715,0.558072,0.79930375,30
2.1,200,100,eml_mut,13,0.622718,0.55043325,0.79930375,30
2.1,200,100,eml_mut,14,0.6042745,0.55043325,0.76155675,30
2.1,200,100,eml_mut,15,0.6042745,0.5480935,0.7370332500000001,30
2.1,200,100,eml_mut,16,0.6042745,0.4857205,0.7191514999999999,30
2.1,200,100,eml_mut,17,0.565365,0.46819750000000004,0.687917,30
2.1,200,100,eml_mut,18,0.5540205,0.46380825000000003,0.6740522499999999,30
2.1,200,100,eml_mut,19,0.552827,0.46380825000000003,0.671344,30
2.1,200,100,eml_mut,20,0.533227,0.46380825000000003,0.658686,30
2.1,200,100,eml_mut,21,0.533227,0.45404925,0.65490925,30
2.1,200,100,eml_mut,22,0.533227,0.44518375,0.633684,30
2.1,200,100,eml_mut,23,0.533227,0.4448785,0.61961925,30
2.1,200,100,eml_mut,24,0.5203475,0.4344965,0.618342,30
2.1,200,100,eml_mut,25,0.505829,0.4344965,0.6180985,30
2.1,200,100,eml_mut,26,0.505829,0.39216575,0.615823,30
2.1,200,100,eml_mut,27,0.4891505,0.38529625,0.602495,30
2.1,200,100,eml_mut,28,0.4868925,0.38529625,0.589116,30
2.1,200,100,eml_mut,29,0.48539600000000005,0.38364624999999997,0.5867685,30
2.1,200,100,eml_mut,30,0.4771345,0.3719215,0.5867685,30
2.1,200,100,eml_mut,31,0.46917549999999997,0.3719215,0.5867685,30
2.1,200,100,eml_mut,32,0.46117149999999996,0.3707145,0.5867685,30
2.1,200,100,eml_mut,33,0.438677,0.369457,0.5860927499999999,30
2.1,200,100,eml_mut,34,0.43618199999999996,0.369457,0.5814630000000001,30
2.1,200,100,eml_mut,35,0.435803,0.36824975,0.5813885,30
2.1,200,100,eml_mut,36,0.41787050000000003,0.363862,0.57862475,30
2.1,200,100,eml_mut,37,0.41787050000000003,0.363862,0.57841025,30
2.1,200,100,eml_mut,38,0.41787050000000003,0.34086325,0.57838475,30
2.1,200,100,eml_mut,39,0.41787050000000003,0.34086325,0.57838475,30
2.1,200,100,eml_mut,40,0.41754250000000004,0.34086325,0.578384,30
2.1,200,100,eml_mut,41,0.4165635,0.34086325,0.57838325,30
2.1,200,100,eml_mut,42,0.41587050000000003,0.34086325,0.578369,30
2.1,200,100,eml_mut,43,0.41587050000000003,0.335901,0.573218,30
2.1,200,100,eml_mut,44,0.398594,0.333425,0.57316675,30
2.1,200,100,eml_mut,45,0.397366,0.333425,0.57316675,30
2.1,200,100,eml_mut,46,0.397366,0.333425,0.559431,30
2.1,200,100,eml_mut,47,0.3918415,0.333425,0.559431,30
2.1,200,100,eml_mut,48,0.386789,0.333425,0.559431,30
2.1,200,100,eml_mut,49,0.386789,0.33308425,0.559431,30
2.1,200,100,eml_mut,50,0.380159,0.33308425,0.559431,30
2.1,200,100,eml_mut,51,0.380159,0.3317445,0.559431,30
2.1,200,100,eml_mut,52,0.380159,0.3317445,0.55696175,30
2.1,200,100,eml_mut,53,0.3800675,0.31659325,0.55696175,30
2.1,200,100,eml_mut,54,0.3765495,0.31659325,0.55696175,30
2.1,200,100,eml_mut,55,0.3765495,0.3164705,0.5559905,30
2.1,200,100,eml_mut,56,0.3765495,0.3164705,0.5559905,30
2.1,200,100,eml_mut,57,0.3762975,0.3164705,0.55542975,30
2.1,200,100,eml_mut,58,0.37543000000000004,0.3164705,0.55542975,30
2.1,200,100,eml_mut,59,0.37543000000000004,0.3164705,0.55542975,30
2.1,200,100,eml_mut,60,0.37543000000000004,0.31080975,0.55542975,30
2.1,200,100,eml_mut,61,0.37543000000000004,0.31080975,0.55542975,30
2.1,200,100,eml_mut,62,0.37543000000000004,0.31080975,0.55542975,30
2.1,200,100,eml_mut,63,0.3753025,0.31080975,0.55542975,30
2.1,200,100,eml_mut,64,0.3753025,0.31080975,0.55542975,30
2.1,200,100,eml_mut,65,0.3665105,0.31080975,0.55542975,30
2.1,200,100,eml_mut,66,0.36612500000000003,0.31080975,0.55542975,30
2.1,200,100,eml_mut,67,0.36612500000000003,0.31080975,0.54540525,30
2.1,200,100,eml_mut,68,0.36612500000000003,0.31080975,0.5449759999999999,30
2.1,200,100,eml_mut,69,0.36612500000000003,0.31080975,0.5413910000000001,30
2.1,200,100,eml_mut,70,0.36612500000000003,0.31080975,0.5413910000000001,30
2.1,200,100,eml_mut,71,0.36612500000000003,0.31080975,0.5413405,30
2.1,200,100,eml_mut,72,0.36612500000000003,0.31080975,0.5388744999999999,30
2.1,200,100,eml_mut,73,0.36612500000000003,0.30760175,0.532183,30
2.1,200,100,eml_mut,74,0.36612500000000003,0.30571525,0.532183,30
2.1,200,100,eml_mut,75,0.36612500000000003,0.30444625000000003,0.532183,30
2.1,200,100,eml_mut,76,0.36612500000000003,0.30444625000000003,0.5308309999999999,30
2.1,200,100,eml_mut,77,0.36612500000000003,0.30444625000000003,0.5308309999999999,30
2.1,200,100,eml_mut,78,0.364807,0.30390175,0.5308309999999999,30
2.1,200,100,eml_mut,79,0.364807,0.30390175,0.5307115,30
2.1,200,100,eml_mut,80,0.364807,0.30252975,0.5307115,30
2.1,200,100,eml_mut,81,0.364807,0.30252975,0.5307115,30
2.1,200,100,eml_mut,82,0.364807,0.3006995,0.5307115,30
2.1,200,100,eml_mut,83,0.364807,0.3006995,0.5307115,30
2.1,200,100,eml_mut,84,0.3632335,0.3006995,0.530592,30
2.1,200,100,eml_mut,85,0.3632335,0.3006995,0.530462,30
2.1,200,100,eml_mut,86,0.3632335,0.3006995,0.53023325,30
2.1,200,100,eml_mut,87,0.3632335,0.2907875,0.53023325,30
2.1,200,100,eml_mut,88,0.3632335,0.2907875,0.530216,30
2.1,200,100,eml_mut,89,0.3632335,0.2843775,0.5301312499999999,30
2.1,200,100,eml_mut,90,0.3632335,0.2843775,0.5301312499999999,30
2.1,200,100,eml_mut,91,0.3632335,0.2843775,0.52435575,30
2.1,200,100,eml_mut,92,0.3632335,0.2843775,0.52435575,30
2.1,200,100,eml_mut,93,0.3632335,0.2843775,0.52423475,30
2.1,200,100,eml_mut,94,0.3632335,0.284329,0.52423475,30
2.1,200,100,eml_mut,95,0.3632335,0.284329,0.52423475,30
2.1,200,100,eml_mut,96,0.3632335,0.284329,0.52423475,30
2.1,200,100,eml_mut,97,0.3632335,0.284329,0.52423475,30
2.1,200,100,eml_mut,98,0.3632335,0.284329,0.52332125,30
2.1,200,100,eml_mut,99,0.3632335,0.284329,0.51935625,30
2.1,200,100,eml_mut,100,0.3632335,0.284329,0.50208275,30
2.1,200,100,eml_mut,101,0.3573105,0.284329,0.50208275,30
2.1,200,100,eml_mut,102,0.3573105,0.284329,0.50208275,30
2.1,200,100,eml_mut,103,0.3573105,0.284329,0.50208275,30
2.1,200,100,eml_mut,104,0.3550755,0.284329,0.5010697500000001,30
2.1,200,100,eml_mut,105,0.3550755,0.284329,0.5010697500000001,30
2.1,200,100,eml_mut,106,0.3550755,0.27653324999999995,0.5010697500000001,30
2.1,200,100,eml_mut,107,0.3550755,0.27653324999999995,0.5010685,30
2.1,200,100,eml_mut,108,0.338304,0.27614175,0.499894,30
2.1,200,100,eml_mut,109,0.338304,0.2760105,0.499894,30
2.1,200,100,eml_mut,110,0.338304,0.2760105,0.499894,30
2.1,200,100,eml_mut,111,0.338304,0.2760105,0.499894,30
2.1,200,100,eml_mut,112,0.338304,0.2760105,0.499894,30
2.1,200,100,eml_mut,113,0.338304,0.27451225,0.49988974999999997,30
2.1,200,100,eml_mut,114,0.338304,0.27451225,0.49988974999999997,30
2.1,200,100,eml_mut,115,0.338304,0.27451225,0.49988974999999997,30
2.1,200,100,eml_mut,116,0.3382765,0.27451225,0.4998815,30
2.1,200,100,eml_mut,117,0.3382765,0.27451225,0.4998815,30
2.1,200,100,eml_mut,118,0.3382765,0.27451225,0.4998815,30
2.1,200,100,eml_mut,119,0.3382765,0.27196675000000003,0.49417275000000005,30
2.1,200,100,eml_mut,120,0.3382765,0.27196675000000003,0.49227150000000003,30
2.1,200,100,eml_mut,121,0.3382765,0.2440245,0.49227150000000003,30
2.1,200,100,eml_mut,122,0.3382765,0.2440245,0.49227150000000003,30
2.1,200,100,eml_mut,123,0.3382765,0.2440245,0.49227150000000003,30
2.1,200,100,eml_mut,124,0.3382765,0.2440245,0.49216725,30
2.1,200,100,eml_mut,125,0.3382765,0.2440245,0.46939525,30
2.1,200,100,eml_mut,126,0.3382765,0.2440245,0.46939525,30
2.1,200,100,eml_mut,127,0.3382765,0.24195875,0.46939525,30
2.1,200,100,eml_mut,128,0.3382765,0.24195875,0.46939525,30
2.1,200,100,eml_mut,129,0.3379235,0.24195875,0.46939525,30
2.1,200,100,eml_mut,130,0.330237,0.24195875,0.46929725,30
2.1,200,100,eml_mut,131,0.319439,0.24195875,0.46929725,30
2.1,200,100,eml_mut,132,0.319439,0.24195875,0.46929725,30
2.1,200,100,eml_mut,133,0.319439,0.24195875,0.46929725,30
2.1,200,100,eml_mut,134,0.319439,0.23408525,0.46929725,30
2.1,200,100,eml_mut,135,0.319439,0.23408525,0.46929725,30
2.1,200,100,eml_mut,136,0.319439,0.22429925,0.46929725,30
2.1,200,100,eml_mut,137,0.319439,0.223511,0.46929725,30
2.1,200,100,eml_mut,138,0.319439,0.223511,0.46929725,30
2.1,200,100,eml_mut,139,0.319439,0.223511,0.46929725,30
2.1,200,100,eml_mut,140,0.306233,0.20910075,0.46929725,30
2.1,200,100,eml_mut,141,0.306233,0.20910075,0.46929725,30
2.1,200,100,eml_mut,142,0.306233,0.20653325,0.46929725,30
2.1,200,100,eml_mut,143,0.306233,0.20653325,0.46929725,30
2.1,200,100,eml_mut,144,0.306233,0.20653325,0.46929725,30
2.1,200,100,eml_mut,145,0.306233,0.20653325,0.46929725,30
2.1,200,100,eml_mut,146,0.306233,0.19798549999999998,0.46929725,30
2.1,200,100,eml_mut,147,0.306233,0.19798549999999998,0.3989455,30
2.1,200,100,eml_mut,148,0.3062105,0.19764875,0.3989455,30
2.1,200,100,eml_mut,149,0.3062105,0.19764875,0.3989455,30
2.1,200,100,eml_mut,150,0.3062105,0.19454325,0.3989455,30
2.1,200,100,eml_mut,151,0.3062105,0.19454325,0.3989455,30
2.1,200,100,eml_mut,152,0.305768,0.19454325,0.3989455,30
2.1,200,100,eml_mut,153,0.305768,0.19446524999999998,0.3989455,30
2.1,200,100,eml_mut,154,0.3056005,0.19446524999999998,0.3989455,30
2.1,200,100,eml_mut,155,0.3049415,0.18984425,0.3989455,30
2.1,200,100,eml_mut,156,0.30148600000000003,0.18984425,0.3989455,30
2.1,200,100,eml_mut,157,0.30147100000000004,0.18984425,0.3989455,30
2.1,200,100,eml_mut,158,0.3014135,0.18984425,0.3989455,30
2.1,200,100,eml_mut,159,0.3014135,0.18984425,0.3989455,30
2.1,200,100,eml_mut,160,0.300909,0.18984425,0.3989455,30
2.1,200,100,eml_mut,161,0.300909,0.18984425,0.3989455,30
2.1,200,100,eml_mut,162,0.30039899999999997,0.18984425,0.39868000000000003,30
2.1,200,100,eml_mut,163,0.30039899999999997,0.1893955,0.39868000000000003,30
2.1,200,100,eml_mut,164,0.30039899999999997,0.1893955,0.39868000000000003,30
2.1,200,100,eml_mut,165,0.3002635,0.1893955,0.39868000000000003,30
2.1,200,100,eml_mut,166,0.3002635,0.1893955,0.398635,30
2.1,200,100,eml_mut,167,0.2997285,0.1893955,0.398635,30
2.1,200,100,eml_mut,168,0.2997285,0.189348,0.39699425,30
2.1,200,100,eml_mut,169,0.298801,0.189348,0.39699425,30
2.1,200,100,eml_mut,170,0.2986565,0.18926025000000002,0.39699425,30
2.1,200,100,eml_mut,171,0.2986565,0.18926025000000002,0.39699425,30
2.1,200,100,eml_mut,172,0.298655,0.18926025000000002,0.39699425,30
2.1,200,100,eml_mut,173,0.2984485,0.18926025000000002,0.39699425,30
2.1,200,100,eml_mut,174,0.29832749999999997,0.17404625,0.39699425,30
2.1,200,100,eml_mut,175,0.2982535,0.17404625,0.39699425,30
2.1,200,100,eml_mut,176,0.2982535,0.1739935,0.39679325,30
2.1,200,100,eml_mut,177,0.2982535,0.1739935,0.39679325,30
2.1,200,100,eml_mut,178,0.29759250000000004,0.1739935,0.39679325,30
2.1,200,100,eml_mut,179,0.29759250000000004,0.1739935,0.39679325,30
2.1,200,100,eml_mut,180,0.29759250000000004,0.1739935,0.39679325,30
2.1,200,100,eml_mut,181,0.297572,0.170707,0.39679025,30
2.1,200,100,eml_mut,182,0.297572,0.170707,0.39679025,30
2.1,200,100,eml_mut,183,0.2975715,0.170707,0.39679025,30
2.1,200,100,eml_mut,184,0.2975715,0.16840075,0.3962375,30
2.1,200,100,eml_mut,185,0.29747049999999997,0.16840075,0.3962375,30
2.1,200,100,eml_mut,186,0.29491449999999997,0.16840075,0.39620299999999997,30
2.1,200,100,eml_mut,187,0.29491449999999997,0.16840075,0.39620299999999997,30
2.1,200,100,eml_mut,188,0.29491449999999997,0.16775925,0.39620299999999997,30
2.1,200,100,eml_mut,189,0.28776599999999997,0.16775925,0.39620299999999997,30
2.1,200,100,eml_mut,190,0.28776599999999997,0.16775925,0.39620299999999997,30
2.1,200,100,eml_mut,191,0.28776599999999997,0.16775925,0.39620299999999997,30
2.1,200,100,eml_mut,192,0.28776599999999997,0.16775925,0.39620299999999997,30
2.1,200,100,eml_mut,193,0.28776599999999997,0.16775925,0.39620299999999997,30
2.1,200,100,eml_mut,194,0.28776599999999997,0.16775925,0.39620299999999997,30
2.1,200,100,eml_mut,195,0.28776599999999997,0.16775925,0.39620299999999997,30
2.1,200,100,eml_mut,196,0.28776599999999997,0.16775925,0.39620299999999997,30
2.1,200,100,eml_mut,197,0.28776599999999997,0.16775925,0.39620299999999997,30
2.1,200,100,eml_mut,198,0.28774500000000003,0.16775925,0.35781625,30
2.1,200,100,eml_mut,199,0.28774500000000003,0.16775925,0.35781625,30
2.1,200,100,std_ssc,0,0.39980554148412095,0.12839924254224405,0.48502583594958054,30
2.1,200,100,std_ssc,1,0.1822901756305921,0.11744716919579723,0.46575750864807286,30
2.1,200,100,std_ssc,2,0.1160152387844815,0.08832941694980517,0.1667474986453674,30
2.1,200,100,std_ssc,3,0.08476571108105549,0.05950879582752872,0.12139038614572582,30
2.1,200,100,std_ssc,4,0.07919594351133635,0.058141200310669154,0.1144606879268066,30
2.1,200,100,std_ssc,5,0.0635683509654021,0.05099493906621848,0.0884735280644044,30
2.1,200,100,std_ssc,6,0.059150592716359696,0.04981330627246688,0.0884735280644044,30
2.1,200,100,std_ssc,7,0.05453230109913655,0.018209799629534,0.08288922178380935,30
2.1,200,100,std_ssc,8,0.05453230109913655,0.01635483077876485,0.07064806571850088,30
2.1,200,100,std_ssc,9,0.05453230109913655,0.014537421008044976,0.07064806571850088,30
2.1,200,100,std_ssc,10,0.050133622455408006,0.014537421008044976,0.06239563962159987,30
2.1,200,100,std_ssc,11,0.050133622455408006,0.013895350992324501,0.06189008009440725,30
2.1,200,100,std_ssc,12,0.049932384988141856,0.013145356744752324,0.05946617342247322,30
2.1,200,100,std_ssc,13,0.049932384988141856,0.013073110428376675,0.059235570948470796,30
2.1,200,100,std_ssc,14,0.049932384988141856,0.013073110428376675,0.059235570948470796,30
2.1,200,100,std_ssc,15,0.049932384988141856,0.013073110428376675,0.05923423917751337,30
2.1,200,100,std_ssc,16,0.0496807268666869,0.013073110428376675,0.0586498746932324,30
2.1,200,100,std_ssc,17,0.0494671122448027,0.01176826677996785,0.05639092073013063,30
2.1,200,100,std_ssc,18,0.04915016491343885,0.01176826677996785,0.05372299909452505,30
2.1,200,100,std_ssc,19,0.0458102438789624,0.011158662747133225,0.05337082856049843,30
2.1,200,100,std_ssc,20,0.04577641278841285,0.011158662747133225,0.05337082856049843,30
2.1,200,100,std_ssc,21,0.045108772033987554,0.0109614737952059,0.05337082856049843,30
2.1,200,100,std_ssc,22,0.043126799805257146,0.0077589128071034,0.05337082856049843,30
2.1,200,100,std_ssc,23,0.0428388131202518,0.0077589128071034,0.05337082856049843,30
2.1,200,100,std_ssc,24,0.0428388131202518,0.00745754156039875,0.05337082856049843,30
2.1,200,100,std_ssc,25,0.0428388131202518,0.00745754156039875,0.05337082856049843,30
2.1,200,100,std_ssc,26,0.0428388131202518,0.0067206291063346,0.05337082856049843,30
2.1,200,100,std_ssc,27,0.0428388131202518,0.0067206291063346,0.05337082856049843,30
2.1,200,100,std_ssc,28,0.042525554192218096,0.0067206291063346,0.05321501317153225,30
2.1,200,100,std_ssc,29,0.040591172243835,0.0067206291063346,0.05321501317153225,30
2.1,200,100,std_ssc,30,0.040591172243835,0.0067206291063346,0.05321501317153225,30
2.1,200,100,std_ssc,31,0.040591172243835,0.0067206291063346,0.053207945612356755,30
2.1,200,100,std_ssc,32,0.040591172243835,0.0065491802282024,0.053207945612356755,30
2.1,200,100,std_ssc,33,0.040591172243835,0.0065491802282024,0.053207945612356755,30
2.1,200,100,std_ssc,34,0.0394355998851882,0.0065491802282024,0.053207945612356755,30
2.1,200,100,std_ssc,35,0.0394355998851882,0.0065491802282024,0.053207945612356755,30
2.1,200,100,std_ssc,36,0.0394355998851882,0.006471335126213825,0.053207945612356755,30
2.1,200,100,std_ssc,37,0.03893479684084335,0.005988500437811675,0.053207945612356755,30
2.1,200,100,std_ssc,38,0.03893479684084335,0.005988500437811675,0.053207945612356755,30
2.1,200,100,std_ssc,39,0.03893479684084335,0.0057376415711337244,0.053207945612356755,30
2.1,200,100,std_ssc,40,0.03893479684084335,0.0057376415711337244,0.053207945612356755,30
2.1,200,100,std_ssc,41,0.03893479684084335,0.0057376415711337244,0.0519081540954865,30
2.1,200,100,std_ssc,42,0.03893479684084335,0.0057376415711337244,0.0519081540954865,30
2.1,200,100,std_ssc,43,0.03893479684084335,0.0057376415711337244,0.0519081540954865,30
2.1,200,100,std_ssc,44,0.03893479684084335,0.0057376415711337244,0.0519081540954865,30
2.1,200,100,std_ssc,45,0.03893479684084335,0.0057376415711337244,0.0519081540954865,30
2.1,200,100,std_ssc,46,0.03893479684084335,0.0057376415711337244,0.0519081540954865,30
2.1,200,100,std_ssc,47,0.03893479684084335,0.0057376415711337244,0.0519081540954865,30
2.1,200,100,std_ssc,48,0.03893479684084335,0.00569289757355535,0.0519081540954865,30
2.1,200,100,std_ssc,49,0.03893479684084335,0.00569289757355535,0.0519081540954865,30
2.1,200,100,std_ssc,50,0.03893479684084335,0.00569289757355535,0.0519081540954865,30
2.1,200,100,std_ssc,51,0.03893479684084335,0.00569289757355535,0.0519081540954865,30
2.1,200,100,std_ssc,52,0.03893479684084335,0.00569289757355535,0.0519081540954865,30
2.1,200,100,std_ssc,53,0.03893479684084335,0.00569289757355535,0.051746813874315,30
2.1,200,100,std_ssc,54,0.03893479684084335,0.00569268039092395,0.0509173931529953,30
2.1,200,100,std_ssc,55,0.03893479684084335,0.0054958364023719,0.05050792642483873,30
2.1,200,100,std_ssc,56,0.02865272401991665,0.0054958364023719,0.04987751321582708,30
2.1,200,100,std_ssc,57,0.02865272401991665,0.0054958364023719,0.04987751321582708,30
2.1,200,100,std_ssc,58,0.02865272401991665,0.0054958364023719,0.04987751321582708,30
2.1,200,100,std_ssc,59,0.02865272401991665,0.0054958364023719,0.04987751321582708,30
2.1,200,100,std_ssc,60,0.02865272401991665,0.0054958364023719,0.04987751321582708,30
2.1,200,100,std_ssc,61,0.02865272401991665,0.0054958364023719,0.04987751321582708,30
2.1,200,100,std_ssc,62,0.02865272401991665,0.0054958364023719,0.04987751321582708,30
2.1,200,100,std_ssc,63,0.02865272401991665,0.0054958364023719,0.04987751321582708,30
2.1,200,100,std_ssc,64,0.02865272401991665,0.0054958364023719,0.04987751321582708,30
2.1,200,100,std_ssc,65,0.02865272401991665,0.0054958364023719,0.04987751321582708,30
2.1,200,100,std_ssc,66,0.02865272401991665,0.0054958364023719,0.04987751321582708,30
2.1,200,100,std_ssc,67,0.02865272401991665,0.0054958364023719,0.04987751321582708,30
2.1,200,100,std_ssc,68,0.02865272401991665,0.0054958364023719,0.0495998688763563,30
2.1,200,100,std_ssc,69,0.02865272401991665,0.0054958364023719,0.0495998688763563,30
2.1,200,100,std_ssc,70,0.02865272401991665,0.0054958364023719,0.0495998688763563,30
2.1,200,100,std_ssc,71,0.02865272401991665,0.0054958364023719,0.0495998688763563,30
2.1,200,100,std_ssc,72,0.02865272401991665,0.0054958364023719,0.0495998688763563,30
2.1,200,100,std_ssc,73,0.02865272401991665,0.0054958364023719,0.0495998688763563,30
2.1,200,100,std_ssc,74,0.02865272401991665,0.0054958364023719,0.0495998688763563,30
2.1,200,100,std_ssc,75,0.02865272401991665,0.0054958364023719,0.0495998688763563,30
2.1,200,100,std_ssc,76,0.02865272401991665,0.0054958364023719,0.0495998688763563,30
2.1,200,100,std_ssc,77,0.02865272401991665,0.0054958364023719,0.0495998688763563,30
2.1,200,100,std_ssc,78,0.02865272401991665,0.0054958364023719,0.0495998688763563,30
2.1,200,100,std_ssc,79,0.02865272401991665,0.0054958364023719,0.0495998688763563,30
2.1,200,100,std_ssc,80,0.02865272401991665,0.0054958364023719,0.0495998688763563,30
2.1,200,100,std_ssc,81,0.02865272401991665,0.0054958364023719,0.0495998688763563,30
2.1,200,100,std_ssc,82,0.02865272401991665,0.0054958364023719,0.0495998688763563,30
2.1,200,100,std_ssc,83,0.02368012497573615,0.005371082185537675,0.0495998688763563,30
2.1,200,100,std_ssc,84,0.02368012497573615,0.005371082185537675,0.0495998688763563,30
2.1,200,100,std_ssc,85,0.02368012497573615,0.005371082185537675,0.0495998688763563,30
2.1,200,100,std_ssc,86,0.02368012497573615,0.005371082185537675,0.0495998688763563,30
2.1,200,100,std_ssc,87,0.02368012497573615,0.005371082185537675,0.0495998688763563,30
2.1,200,100,std_ssc,88,0.02368012497573615,0.005371082185537675,0.0495998688763563,30
2.1,200,100,std_ssc,89,0.02368012497573615,0.005371082185537675,0.0495998688763563,30
2.1,200,100,std_ssc,90,0.02368012497573615,0.005371082185537675,0.0495998688763563,30
2.1,200,100,std_ssc,91,0.02368012497573615,0.005371082185537675,0.049443829755770004,30
2.1,200,100,std_ssc,92,0.02368012497573615,0.005371082185537675,0.049443829755770004,30
2.1,200,100,std_ssc,93,0.02368012497573615,0.005371082185537675,0.049443829755770004,30
2.1,200,100,std_ssc,94,0.02368012497573615,0.005371082185537675,0.049443829755770004,30
2.1,200,100,std_ssc,95,0.02368012497573615,0.005371082185537675,0.049443829755770004,30
2.1,200,100,std_ssc,96,0.02368012497573615,0.005371082185537675,0.049443829755770004,30
2.1,200,100,std_ssc,97,0.02368012497573615,0.005371082185537675,0.049443829755770004,30
2.1,200,100,std_ssc,98,0.02368012497573615,0.005371082185537675,0.049443829755770004,30
2.1,200,100,std_ssc,99,0.02368012497573615,0.005371082185537675,0.049443829755770004,30
2.1,200,100,std_ssc,100,0.02368012497573615,0.005371082185537675,0.049443829755770004,30
2.1,200,100,std_ssc,101,0.02368012497573615,0.005371082185537675,0.049443829755770004,30
2.1,200,100,std_ssc,102,0.02368012497573615,0.005371082185537675,0.049443829755770004,30
2.1,200,100,std_ssc,103,0.02368012497573615,0.005371082185537675,0.049443829755770004,30
2.1,200,100,std_ssc,104,0.02368012497573615,0.005371082185537675,0.049443829755770004,30
2.1,200,100,std_ssc,105,0.02368012497573615,0.005371082185537675,0.049443829755770004,30
2.1,200,100,std_ssc,106,0.02368012497573615,0.005371082185537675,0.049443829755770004,30
2.1,200,100,std_ssc,107,0.02368012497573615,0.005371082185537675,0.049443829755770004,30
2.1,200,100,std_ssc,108,0.02368012497573615,0.005371082185537675,0.049443829755770004,30
2.1,200,100,std_ssc,109,0.02368012497573615,0.005371082185537675,0.049443829755770004,30
2.1,200,100,std_ssc,110,0.02368012497573615,0.005371082185537675,0.049443829755770004,30
2.1,200,100,std_ssc,111,0.02368012497573615,0.005371082185537675,0.049443829755770004,30
2.1,200,100,std_ssc,112,0.02368012497573615,0.005371082185537675,0.049443829755770004,30
2.1,200,100,std_ssc,113,0.02368012497573615,0.005371082185537675,0.049443829755770004,30
2.1,200,100,std_ssc,114,0.02368012497573615,0.005371082185537675,0.049443829755770004,30
2.1,200,100,std_ssc,115,0.02368012497573615,0.005371082185537675,0.049443829755770004,30
2.1,200,100,std_ssc,116,0.02368012497573615,0.005371082185537675,0.049443829755770004,30
2.1,200,100,std_ssc,117,0.02368012497573615,0.005371082185537675,0.049443829755770004,30
2.1,200,100,std_ssc,118,0.02368012497573615,0.005371082185537675,0.049443829755770004,30
2.1,200,100,std_ssc,119,0.02368012497573615,0.005371082185537675,0.049443829755770004,30
2.1,200,100,std_ssc,120,0.02368012497573615,0.005371082185537675,0.049443829755770004,30
2.1,200,100,std_ssc,121,0.02368012497573615,0.005371082185537675,0.049443829755770004,30
2.1,200,100,std_ssc,122,0.02368012497573615,0.005371082185537675,0.049443829755770004,30
2.1,200,100,std_ssc,123,0.02368012497573615,0.005371082185537675,0.049443829755770004,30
2.1,200,100,std_ssc,124,0.02368012497573615,0.005371082185537675,0.049443829755770004,30
2.1,200,100,std_ssc,125,0.02368012497573615,0.005371082185537675,0.049443829755770004,30
2.1,200,100,std_ssc,126,0.02368012497573615,0.005371082185537675,0.049443829755770004,30
2.1,200,100,std_ssc,127,0.02368012497573615,0.005371082185537675,0.049443829755770004,30
2.1,200,100,std_ssc,128,0.02368012497573615,0.005371082185537675,0.049443829755770004,30
2.1,200,100,std_ssc,129,0.02368012497573615,0.005371082185537675,0.049443829755770004,30
2.1,200,100,std_ssc,130,0.02368012497573615,0.005371082185537675,0.049443829755770004,30
2.1,200,100,std_ssc,131,0.02368012497573615,0.005371082185537675,0.049443829755770004,30
2.1,200,100,std_ssc,132,0.02368012497573615,0.005371082185537675,0.049443829755770004,30
2.1,200,100,std_ssc,133,0.02368012497573615,0.005371082185537675,0.049443829755770004,30
2.1,200,100,std_ssc,134,0.02368012497573615,0.005371082185537675,0.049443829755770004,30
2.1,200,100,std_ssc,135,0.02368012497573615,0.005371082185537675,0.049443829755770004,30
2.1,200,100,std_ssc,136,0.02368012497573615,0.005371082185537675,0.049443829755770004,30
2.1,200,100,std_ssc,137,0.02368012497573615,0.005371082185537675,0.049443829755770004,30
2.1,200,100,std_ssc,138,0.02368012497573615,0.005371082185537675,0.049443829755770004,30
2.1,200,100,std_ssc,139,0.02368012497573615,0.005371082185537675,0.049443829755770004,30
2.1,200,100,std_ssc,140,0.02368012497573615,0.005371082185537675,0.049443829755770004,30
2.1,200,100,std_ssc,141,0.02368012497573615,0.005371082185537675,0.049443829755770004,30
2.1,200,100,std_ssc,142,0.02368012497573615,0.005371082185537675,0.049443829755770004,30
2.1,200,100,std_ssc,143,0.02368012497573615,0.005371082185537675,0.049443829755770004,30
2.1,200,100,std_ssc,144,0.02368012497573615,0.005371082185537675,0.049443829755770004,30
2.1,200,100,std_ssc,145,0.02368012497573615,0.005371082185537675,0.049443829755770004,30
2.1,200,100,std_ssc,146,0.02368012497573615,0.005371082185537675,0.049443829755770004,30
2.1,200,100,std_ssc,147,0.02368012497573615,0.005371082185537675,0.049443829755770004,30
2.1,200,100,std_ssc,148,0.02368012497573615,0.005371082185537675,0.049443829755770004,30
2.1,200,100,std_ssc,149,0.02368012497573615,0.005371082185537675,0.049443829755770004,30
2.1,200,100,std_ssc,150,0.02368012497573615,0.005371082185537675,0.049443829755770004,30
2.1,200,100,std_ssc,151,0.02368012497573615,0.005371082185537675,0.049443829755770004,30
2.1,200,100,std_ssc,152,0.02368012497573615,0.005371082185537675,0.049443829755770004,30
2.1,200,100,std_ssc,153,0.02368012497573615,0.005371082185537675,0.049443829755770004,30
2.1,200,100,std_ssc,154,0.02368012497573615,0.005371082185537675,0.049443829755770004,30
2.1,200,100,std_ssc,155,0.02368012497573615,0.005371082185537675,0.049443829755770004,30
2.1,200,100,std_ssc,156,0.02368012497573615,0.005371082185537675,0.049443829755770004,30
2.1,200,100,std_ssc,157,0.02368012497573615,0.005371082185537675,0.049443829755770004,30
2.1,200,100,std_ssc,158,0.02368012497573615,0.005371082185537675,0.049443829755770004,30
2.1,200,100,std_ssc,159,0.02368012497573615,0.005371082185537675,0.049443829755770004,30
2.1,200,100,std_ssc,160,0.02368012497573615,0.005371082185537675,0.049443829755770004,30
2.1,200,100,std_ssc,161,0.02368012497573615,0.005371082185537675,0.049443829755770004,30
2.1,200,100,std_ssc,162,0.02368012497573615,0.005371082185537675,0.049443829755770004,30
2.1,200,100,std_ssc,163,0.02368012497573615,0.005371082185537675,0.049443829755770004,30
2.1,200,100,std_ssc,164,0.02368012497573615,0.005371082185537675,0.049443829755770004,30
2.1,200,100,std_ssc,165,0.02368012497573615,0.005371082185537675,0.049443829755770004,30
2.1,200,100,std_ssc,166,0.02368012497573615,0.005371082185537675,0.049443829755770004,30
2.1,200,100,std_ssc,167,0.02368012497573615,0.005371082185537675,0.049443829755770004,30
2.1,200,100,std_ssc,168,0.02368012497573615,0.005371082185537675,0.049443829755770004,30
2.1,200,100,std_ssc,169,0.02368012497573615,0.005371082185537675,0.049443829755770004,30
2.1,200,100,std_ssc,170,0.02368012497573615,0.005371082185537675,0.049443829755770004,30
2.1,200,100,std_ssc,171,0.02368012497573615,0.005371082185537675,0.049443829755770004,30
2.1,200,100,std_ssc,172,0.02368012497573615,0.005371082185537675,0.049443829755770004,30
2.1,200,100,std_ssc,173,0.02368012497573615,0.005371082185537675,0.049443829755770004,30
2.1,200,100,std_ssc,174,0.02368012497573615,0.005371082185537675,0.049443829755770004,30
2.1,200,100,std_ssc,175,0.02368012497573615,0.005371082185537675,0.049443829755770004,30
2.1,200,100,std_ssc,176,0.02368012497573615,0.005371082185537675,0.049443829755770004,30
2.1,200,100,std_ssc,177,0.02368012497573615,0.005371082185537675,0.049443829755770004,30
2.1,200,100,std_ssc,178,0.02368012497573615,0.005371082185537675,0.049443829755770004,30
2.1,200,100,std_ssc,179,0.02368012497573615,0.005371082185537675,0.049443829755770004,30
2.1,200,100,std_ssc,180,0.02368012497573615,0.005371082185537675,0.049443829755770004,30
2.1,200,100,std_ssc,181,0.02368012497573615,0.005371082185537675,0.049443829755770004,30
2.1,200,100,std_ssc,182,0.02368012497573615,0.005371082185537675,0.049443829755770004,30
2.1,200,100,std_ssc,183,0.02368012497573615,0.005371082185537675,0.049443829755770004,30
2.1,200,100,std_ssc,184,0.02368012497573615,0.005371082185537675,0.049443829755770004,30
2.1,200,100,std_ssc,185,0.02368012497573615,0.005371082185537675,0.049443829755770004,30
2.1,200,100,std_ssc,186,0.02368012497573615,0.005371082185537675,0.049443829755770004,30
2.1,200,100,std_ssc,187,0.02368012497573615,0.005371082185537675,0.049443829755770004,30
2.1,200,100,std_ssc,188,0.02368012497573615,0.005371082185537675,0.049443829755770004,30
2.1,200,100,std_ssc,189,0.02368012497573615,0.005371082185537675,0.049443829755770004,30
2.1,200,100,std_ssc,190,0.02368012497573615,0.005371082185537675,0.049443829755770004,30
2.1,200,100,std_ssc,191,0.02368012497573615,0.005371082185537675,0.049443829755770004,30
2.1,200,100,std_ssc,192,0.02368012497573615,0.005371082185537675,0.049443829755770004,30
2.1,200,100,std_ssc,193,0.02368012497573615,0.005371082185537675,0.049443829755770004,30
2.1,200,100,std_ssc,194,0.02368012497573615,0.005371082185537675,0.049443829755770004,30
2.1,200,100,std_ssc,195,0.02368012497573615,0.005371082185537675,0.049443829755770004,30
2.1,200,100,std_ssc,196,0.02368012497573615,0.005371082185537675,0.049443829755770004,30
2.1,200,100,std_ssc,197,0.02368012497573615,0.005371082185537675,0.049443829755770004,30
2.1,200,100,std_ssc,198,0.02368012497573615,0.005371082185537675,0.049443829755770004,30
2.1,200,100,std_ssc,199,0.02368012497573615,0.005371082185537675,0.049443829755770004,30
2.1,200,100,eml_ssc,0,2.1787237179235928,1.0534208988210132,2.4677446480511875,30
2.1,200,100,eml_ssc,1,1.3800950356823325,0.9943612579804826,2.009606622400912,30
2.1,200,100,eml_ssc,2,1.047400501813696,0.9617370689085956,1.7522086807846358,30
2.1,200,100,eml_ssc,3,0.9905320415953203,0.9374257682371883,1.4391468296250136,30
2.1,200,100,eml_ssc,4,0.9842921621426829,0.8820465427374906,1.0499651723217585,30
2.1,200,100,eml_ssc,5,0.9804438754669789,0.8513558779890857,1.042991691996106,30
2.1,200,100,eml_ssc,6,0.9752777566784474,0.8271475365219392,1.0429916912228918,30
2.1,200,100,eml_ssc,7,0.9649720369673974,0.7893597216878863,1.042596596662717,30
2.1,200,100,eml_ssc,8,0.945823020330111,0.7858400621390831,0.9974501940242255,30
2.1,200,100,eml_ssc,9,0.9445192277215246,0.7161662428039524,0.9974501940242255,30
2.1,200,100,eml_ssc,10,0.9008175287723617,0.6850166084485965,0.978832511834989,30
2.1,200,100,eml_ssc,11,0.8454913232220964,0.6708042486808473,0.9574925706565858,30
2.1,200,100,eml_ssc,12,0.8162099725833378,0.6665355003848382,0.9574925706565858,30
2.1,200,100,eml_ssc,13,0.813094597436559,0.6665355003848382,0.9520449797780995,30
2.1,200,100,eml_ssc,14,0.813094597436559,0.639539767757171,0.9449746240681279,30
2.1,200,100,eml_ssc,15,0.812714189495152,0.639539767757171,0.9449746240681279,30
2.1,200,100,eml_ssc,16,0.7944502081396949,0.5828285958634977,0.9327100366567964,30
2.1,200,100,eml_ssc,17,0.7944502081396949,0.5642227909864674,0.9327096847639238,30
2.1,200,100,eml_ssc,18,0.7005850274595458,0.5642227909864674,0.9238774323964568,30
2.1,200,100,eml_ssc,19,0.6968999759825363,0.5642227909864674,0.920579420404526,30
2.1,200,100,eml_ssc,20,0.6968999759825363,0.5642227909864674,0.920579420404526,30
2.1,200,100,eml_ssc,21,0.6968999759825363,0.5546070927752829,0.920579420404526,30
2.1,200,100,eml_ssc,22,0.6868984195074253,0.5545591655045128,0.916099826260573,30
2.1,200,100,eml_ssc,23,0.6605513939122245,0.5545591655045128,0.890413535366064,30
2.1,200,100,eml_ssc,24,0.6605513939122245,0.5545591655045128,0.890413535366064,30
2.1,200,100,eml_ssc,25,0.6605513939122245,0.5545591655045128,0.890413535366064,30
2.1,200,100,eml_ssc,26,0.6491774194794275,0.5478366400313983,0.88760079943431,30
2.1,200,100,eml_ssc,27,0.6387328799548657,0.5252745735228457,0.8868445284806762,30
2.1,200,100,eml_ssc,28,0.6387328799548657,0.5252745735228457,0.8261538530314648,30
2.1,200,100,eml_ssc,29,0.6387328799548657,0.5252745735228457,0.8191871269762355,30
2.1,200,100,eml_ssc,30,0.6336901352906941,0.5252745735228457,0.8116989934103752,30
2.1,200,100,eml_ssc,31,0.6314573660763494,0.5252745735228457,0.8116989934103752,30
2.1,200,100,eml_ssc,32,0.6218014849039202,0.5252745735228457,0.7937457442628484,30
2.1,200,100,eml_ssc,33,0.6218014849039202,0.49138537507237157,0.7937457442628484,30
2.1,200,100,eml_ssc,34,0.6218014849039202,0.49138537507237157,0.7926230114690154,30
2.1,200,100,eml_ssc,35,0.6081518011483041,0.49138537507237157,0.7926230114690154,30
2.1,200,100,eml_ssc,36,0.6081518011483041,0.47809644936354784,0.7926230114690154,30
2.1,200,100,eml_ssc,37,0.6081518011483041,0.47809644936354784,0.7926230114690154,30
2.1,200,100,eml_ssc,38,0.6081518011483041,0.39769991568771235,0.7926230114690154,30
2.1,200,100,eml_ssc,39,0.6081518011483041,0.39769991568771235,0.7926230114690154,30
2.1,200,100,eml_ssc,40,0.6081518011483041,0.3918567316968566,0.7737993062370252,30
2.1,200,100,eml_ssc,41,0.6081518011483041,0.3819215121976965,0.7737993062370252,30
2.1,200,100,eml_ssc,42,0.6081518011483041,0.3819215121976965,0.7737993062279354,30
2.1,200,100,eml_ssc,43,0.6081518011483041,0.3819215121976965,0.7737993062279354,30
2.1,200,100,eml_ssc,44,0.6081518011483041,0.35988632223509925,0.7456205880495067,30
2.1,200,100,eml_ssc,45,0.6080358008132609,0.35988632223509925,0.7456205880495067,30
2.1,200,100,eml_ssc,46,0.6080358008132609,0.35988632223509925,0.7456198525459218,30
2.1,200,100,eml_ssc,47,0.5964201053378209,0.35284598138711487,0.7456198525459218,30
2.1,200,100,eml_ssc,48,0.5905391458540246,0.34552594214601884,0.7178541181272976,30
2.1,200,100,eml_ssc,49,0.5905391458540246,0.34552594214601884,0.7105699112804065,30
2.1,200,100,eml_ssc,50,0.5905391458540246,0.34552594214601884,0.7097155965018982,30
2.1,200,100,eml_ssc,51,0.5903051374398198,0.34552594214601884,0.7031494469941173,30
2.1,200,100,eml_ssc,52,0.5903051374294545,0.34552594214601884,0.7031494469941173,30
2.1,200,100,eml_ssc,53,0.5903051374294545,0.34552594214601884,0.7005786880356719,30
2.1,200,100,eml_ssc,54,0.5757695519262961,0.34552594214601884,0.7005786880356719,30
2.1,200,100,eml_ssc,55,0.5757695519262961,0.34552594214601884,0.692430375507382,30
2.1,200,100,eml_ssc,56,0.575729175263328,0.34552594214601884,0.692430375507382,30
2.1,200,100,eml_ssc,57,0.5752016849464544,0.34552594214601884,0.6815113097336034,30
2.1,200,100,eml_ssc,58,0.5749092770219438,0.34552594214601884,0.6815113097336034,30
2.1,200,100,eml_ssc,59,0.5747270627343709,0.33904605559050904,0.6815113097336034,30
2.1,200,100,eml_ssc,60,0.5650193578102458,0.33904605559050904,0.6815113097336034,30
2.1,200,100,eml_ssc,61,0.5650193578102458,0.33904605559050904,0.6814865053957186,30
2.1,200,100,eml_ssc,62,0.5650193578102458,0.33904605559050904,0.6814865053957186,30
2.1,200,100,eml_ssc,63,0.5650193578102458,0.33904605559050904,0.6814865053957186,30
2.1,200,100,eml_ssc,64,0.5545562680630689,0.33904605559050904,0.6785379776167412,30
2.1,200,100,eml_ssc,65,0.5545562680630689,0.30548954401615436,0.6785379776167412,30
2.1,200,100,eml_ssc,66,0.5545562680630689,0.302027584105482,0.6785379776167412,30
2.1,200,100,eml_ssc,67,0.5399611460089696,0.302027584105482,0.6750609004023118,30
2.1,200,100,eml_ssc,68,0.5399608612441431,0.302027584105482,0.6750609004023118,30
2.1,200,100,eml_ssc,69,0.5399608612441431,0.302027584105482,0.6616462680569107,30
2.1,200,100,eml_ssc,70,0.5399608612441431,0.302027584105482,0.6616462680569107,30
2.1,200,100,eml_ssc,71,0.5260803505892109,0.302027584105482,0.6505078307632877,30
2.1,200,100,eml_ssc,72,0.5260803505892109,0.302027584105482,0.6505078307632877,30
2.1,200,100,eml_ssc,73,0.5260803505892109,0.2964121141760193,0.6505078307632877,30
2.1,200,100,eml_ssc,74,0.5260803505892109,0.2964121141760193,0.6505078307632877,30
2.1,200,100,eml_ssc,75,0.5260803505892109,0.2964121141760193,0.6399667170510313,30
2.1,200,100,eml_ssc,76,0.5260803505892109,0.27073050952567285,0.6396392556458852,30
2.1,200,100,eml_ssc,77,0.5260803505892109,0.27073050952567285,0.6396392556458852,30
2.1,200,100,eml_ssc,78,0.5260803505892109,0.27073050952567285,0.6396392556451305,30
2.1,200,100,eml_ssc,79,0.5260803505892109,0.27073050952567285,0.6396392556451305,30
2.1,200,100,eml_ssc,80,0.5196914973556885,0.27073050952567285,0.6396392556451305,30
2.1,200,100,eml_ssc,81,0.43889239947549974,0.27073050952567285,0.6396392556451305,30
2.1,200,100,eml_ssc,82,0.43889239947549974,0.27073050952567285,0.6396392556451305,30
2.1,200,100,eml_ssc,83,0.431465526396389,0.25188230110896925,0.6396241694853058,30
2.1,200,100,eml_ssc,84,0.431465526396389,0.25188230110896925,0.6396241694853058,30
2.1,200,100,eml_ssc,85,0.431465526396389,0.2500907999104442,0.6388127258352672,30
2.1,200,100,eml_ssc,86,0.4285336289754079,0.2500907999104442,0.6388127258352672,30
2.1,200,100,eml_ssc,87,0.4285336289754079,0.2500907999104442,0.6388125292301234,30
2.1,200,100,eml_ssc,88,0.4285336289754079,0.2500907999104442,0.6388124136009685,30
2.1,200,100,eml_ssc,89,0.4285336289754079,0.2500907999104442,0.6388105619394746,30
2.1,200,100,eml_ssc,90,0.4285336289754079,0.2500907999104442,0.6388105619394746,30
2.1,200,100,eml_ssc,91,0.4285336289754079,0.2500907999104442,0.6388105619394746,30
2.1,200,100,eml_ssc,92,0.4285336289754079,0.2500907999104442,0.638319293697162,30
2.1,200,100,eml_ssc,93,0.4285336289754079,0.2500907999104442,0.6294245664952777,30
2.1,200,100,eml_ssc,94,0.4285336289754079,0.2500907999104442,0.6294245664952777,30
2.1,200,100,eml_ssc,95,0.4285336289754079,0.2500907999104442,0.6294245664952777,30
2.1,200,100,eml_ssc,96,0.4285336289754079,0.2500907999104442,0.6294245664952777,30
2.1,200,100,eml_ssc,97,0.4122905901943563,0.2500907999104442,0.6294245664952777,30
2.1,200,100,eml_ssc,98,0.4122905901943563,0.2500907999104442,0.6294245664952777,30
2.1,200,100,eml_ssc,99,0.4122905901943563,0.2458340180825624,0.6294245664952777,30
2.1,200,100,eml_ssc,100,0.41220738062498646,0.2458340180825624,0.6294245664952777,30
2.1,200,100,eml_ssc,101,0.406455845358095,0.2379601984445543,0.6294245664952777,30
2.1,200,100,eml_ssc,102,0.406455845358095,0.23789069073795818,0.6294245664952777,30
2.1,200,100,eml_ssc,103,0.406455845358095,0.23789069073795818,0.6294245664952777,30
2.1,200,100,eml_ssc,104,0.406455845358095,0.23789069073795818,0.6294245664952777,30
2.1,200,100,eml_ssc,105,0.40645510377734456,0.22212102801305988,0.6294245664952777,30
2.1,200,100,eml_ssc,106,0.40645510377734456,0.21480901174490408,0.6294245664952777,30
2.1,200,100,eml_ssc,107,0.40645510377734456,0.21480901174490408,0.6294245664952777,30
2.1,200,100,eml_ssc,108,0.40644564467777544,0.21480901174490408,0.6294245664952777,30
2.1,200,100,eml_ssc,109,0.40644564467777544,0.21480901174490408,0.6294245664952777,30
2.1,200,100,eml_ssc,110,0.40644564467777544,0.21480901174490408,0.6294245664952777,30
2.1,200,100,eml_ssc,111,0.40470537402173157,0.21480901174490408,0.6294245664952777,30
2.1,200,100,eml_ssc,112,0.40470537402173157,0.21480901174490408,0.6294245664952777,30
2.1,200,100,eml_ssc,113,0.40470537402173157,0.21480901174490408,0.6294245664952777,30
2.1,200,100,eml_ssc,114,0.40470537402173157,0.21480901174490408,0.6294245664952777,30
2.1,200,100,eml_ssc,115,0.40466076062478656,0.21480901174490408,0.6294245664952777,30
2.1,200,100,eml_ssc,116,0.40466076062478656,0.21480901174490408,0.6294245664952777,30
2.1,200,100,eml_ssc,117,0.40466076062478656,0.21480901174490408,0.6294245664952777,30
2.1,200,100,eml_ssc,118,0.40466076062478656,0.21480901174490408,0.6294245664952777,30
2.1,200,100,eml_ssc,119,0.4044108205424804,0.21480901174490408,0.6294245664952777,30
2.1,200,100,eml_ssc,120,0.4044108205424804,0.21480901174490408,0.6294245664952777,30
2.1,200,100,eml_ssc,121,0.402905096321059,0.21480901174490408,0.6294245664952777,30
2.1,200,100,eml_ssc,122,0.402905096321059,0.21480901174490408,0.6294245664952777,30
2.1,200,100,eml_ssc,123,0.402905096321059,0.21480901174490408,0.6294245664952777,30
2.1,200,100,eml_ssc,124,0.402905096321059,0.21480901174490408,0.6294245664952777,30
2.1,200,100,eml_ssc,125,0.402905096321059,0.21480901174490408,0.6294245664952777,30
2.1,200,100,eml_ssc,126,0.402905096321059,0.21480901174490408,0.629245182986029,30
2.1,200,100,eml_ssc,127,0.402905096321059,0.21480901174490408,0.629245182986029,30
2.1,200,100,eml_ssc,128,0.402905096321059,0.21480901174490408,0.629245182986029,30
2.1,200,100,eml_ssc,129,0.402905096321059,0.21480901174490408,0.629245182986029,30
2.1,200,100,eml_ssc,130,0.402905096321059,0.21480901174490408,0.6277340682348493,30
2.1,200,100,eml_ssc,131,0.402905096321059,0.21480901174490408,0.6277340682348493,30
2.1,200,100,eml_ssc,132,0.402905096321059,0.21480901174490408,0.6277340682348493,30
2.1,200,100,eml_ssc,133,0.402905096321059,0.20497423590979766,0.6277340682348493,30
2.1,200,100,eml_ssc,134,0.402905096321059,0.20497423590979766,0.6277340682348493,30
2.1,200,100,eml_ssc,135,0.402905096321059,0.20497423590979766,0.6277340682348493,30
2.1,200,100,eml_ssc,136,0.402905096321059,0.20497423590979766,0.6277340682348493,30
2.1,200,100,eml_ssc,137,0.402905096321059,0.20497423590979766,0.6277340682348493,30
2.1,200,100,eml_ssc,138,0.402905096321059,0.20497423590979766,0.6275777003658717,30
2.1,200,100,eml_ssc,139,0.402905096321059,0.20497423590979766,0.6275777003658717,30
2.1,200,100,eml_ssc,140,0.402905096321059,0.20497423590979766,0.6146562409143419,30
2.1,200,100,eml_ssc,141,0.4029050963195141,0.20497423590979766,0.6146562409143419,30
2.1,200,100,eml_ssc,142,0.3894074591330824,0.20497423590979766,0.6146562409143419,30
2.1,200,100,eml_ssc,143,0.38927065554550033,0.20497423590979766,0.6146562409143419,30
2.1,200,100,eml_ssc,144,0.3884333509714961,0.20497423590979766,0.6146562409143419,30
2.1,200,100,eml_ssc,145,0.3884333509714961,0.20497423590979766,0.6146562373040217,30
2.1,200,100,eml_ssc,146,0.3884333509714961,0.20497423590979766,0.6137999328974353,30
2.1,200,100,eml_ssc,147,0.3884333509714961,0.20497423590979766,0.6137999328974353,30
2.1,200,100,eml_ssc,148,0.3884333509714961,0.20497423590979766,0.6137999328974353,30
2.1,200,100,eml_ssc,149,0.3884333509714961,0.20497423590979766,0.6125158002190348,30
2.1,200,100,eml_ssc,150,0.3884333509714961,0.20497423590979766,0.6125158002190348,30
2.1,200,100,eml_ssc,151,0.3884333509714961,0.20497423590979766,0.6125158002190348,30
2.1,200,100,eml_ssc,152,0.388433266162465,0.20497423590979766,0.6125158002190348,30
2.1,200,100,eml_ssc,153,0.388433266162465,0.20497423590979766,0.6125157805346553,30
2.1,200,100,eml_ssc,154,0.3836923512870074,0.20497423590979766,0.612515750503066,30
2.1,200,100,eml_ssc,155,0.3836923512870074,0.20497423590979766,0.612515750503066,30
2.1,200,100,eml_ssc,156,0.3836923512870074,0.20497423590979766,0.612515750503066,30
2.1,200,100,eml_ssc,157,0.3836923512870074,0.20497423590979766,0.6124772790154029,30
2.1,200,100,eml_ssc,158,0.3836923512870074,0.20497423590979766,0.6124772790154029,30
2.1,200,100,eml_ssc,159,0.3836923512870074,0.20497423590979766,0.6124772790154029,30
2.1,200,100,eml_ssc,160,0.3836923512870074,0.20497423590979766,0.6124772790154029,30
2.1,200,100,eml_ssc,161,0.38369235128639606,0.20497423590979766,0.6087071502685153,30
2.1,200,100,eml_ssc,162,0.38369235128639606,0.20497423590979766,0.6087071502685153,30
2.1,200,100,eml_ssc,163,0.38369235128639606,0.20497423590979766,0.6087068846008571,30
2.1,200,100,eml_ssc,164,0.38369235128639606,0.20497423590979766,0.6087068846008571,30
2.1,200,100,eml_ssc,165,0.38369235128639606,0.20497423590979766,0.6087068846008571,30
2.1,200,100,eml_ssc,166,0.38369235128639606,0.20497423590979766,0.6087068846008571,30
2.1,200,100,eml_ssc,167,0.38369235128639606,0.20497423590979766,0.6087068846008571,30
2.1,200,100,eml_ssc,168,0.38369235128639606,0.20497423590979766,0.6087068846008571,30
2.1,200,100,eml_ssc,169,0.38369235128639606,0.20497423590979766,0.6087068846008571,30
2.1,200,100,eml_ssc,170,0.36686216763746354,0.20497423590979766,0.6087068846008571,30
2.1,200,100,eml_ssc,171,0.36686216763746354,0.20497423590979766,0.6087068846008571,30
2.1,200,100,eml_ssc,172,0.36686216763746354,0.20497423590979766,0.6087068846008571,30
2.1,200,100,eml_ssc,173,0.36686216763746354,0.20497423590979766,0.6073141519103594,30
2.1,200,100,eml_ssc,174,0.36686216763746354,0.20497423590979766,0.6073141519103594,30
2.1,200,100,eml_ssc,175,0.36686216763746354,0.20497423590979766,0.6073141519103594,30
2.1,200,100,eml_ssc,176,0.35427311626370145,0.20497423590979766,0.6073141519103594,30
2.1,200,100,eml_ssc,177,0.35427311626370145,0.20497423590979766,0.6073141519103594,30
2.1,200,100,eml_ssc,178,0.35427311626370145,0.20497423590979766,0.6073141519103594,30
2.1,200,100,eml_ssc,179,0.35427311626370145,0.20497423590979766,0.6073141519103594,30
2.1,200,100,eml_ssc,180,0.35427311626370145,0.20497423590979766,0.5765097895512067,30
2.1,200,100,eml_ssc,181,0.35427311626370145,0.20497423590979766,0.5765097895512067,30
2.1,200,100,eml_ssc,182,0.35427311626370145,0.20497423590979766,0.5765097895512067,30
2.1,200,100,eml_ssc,183,0.35427311626370145,0.20497423590979766,0.5765097895512067,30
2.1,200,100,eml_ssc,184,0.35427311626370145,0.20497423590979766,0.5765097895512067,30
2.1,200,100,eml_ssc,185,0.35427311626370145,0.20497423590979766,0.5765097895512067,30
2.1,200,100,eml_ssc,186,0.35427311626370145,0.20497423590979766,0.5765097895512067,30
2.1,200,100,eml_ssc,187,0.35427311626370145,0.20497423590979766,0.5765097895512067,30
2.1,200,100,eml_ssc,188,0.35427311626370145,0.20497423590979766,0.5765097895512067,30
2.1,200,100,eml_ssc,189,0.35427311626370145,0.20497423590979766,0.5765093304694011,30
2.1,200,100,eml_ssc,190,0.35427311626370145,0.20497423590979766,0.5765093304694011,30
2.1,200,100,eml_ssc,191,0.35427311626370145,0.20497423590979766,0.5765093304694011,30
2.1,200,100,eml_ssc,192,0.35427311626370145,0.20497423590979766,0.5765093304694011,30
2.1,200,100,eml_ssc,193,0.35427311626370145,0.20497423590979766,0.5765093304694011,30
2.1,200,100,eml_ssc,194,0.35427311626370145,0.20497423590979766,0.5765093304694011,30
2.1,200,100,eml_ssc,195,0.34351479216391995,0.20497423590979766,0.5765093304694011,30
2.1,200,100,eml_ssc,196,0.3358716583682201,0.20497423590979766,0.5765093304694011,30
2.1,200,100,eml_ssc,197,0.3358716583682201,0.20497423590979766,0.5765093304694011,30
2.1,200,100,eml_ssc,198,0.3343897749938398,0.20497423590979766,0.5765093304694011,30
2.1,200,100,eml_ssc,199,0.3343897749938398,0.20497423590979766,0.5765093304694011,30
3.2,200,100,std_std,0,0.0,0.0,0.13135775,30
3.2,200,100,std_std,1,0.0,0.0,0.0007567499999999999,30
3.2,200,100,std_std,2,0.0,0.0,0.0,30
3.2,200,100,std_std,3,0.0,0.0,0.0,30
3.2,200,100,std_std,4,0.0,0.0,0.0,30
3.2,200,100,std_std,5,0.0,0.0,0.0,30
3.2,200,100,std_std,6,0.0,0.0,0.0,30
3.2,200,100,std_std,7,0.0,0.0,0.0,30
3.2,200,100,std_std,8,0.0,0.0,0.0,30
3.2,200,100,std_std,9,0.0,0.0,0.0,30
3.2,200,100,std_std,10,0.0,0.0,0.0,30
3.2,200,100,std_std,11,0.0,0.0,0.0,30
3.2,200,100,eml_std,0,5.5078665,1.6814455,8.495917250000002,30
3.2,200,100,eml_std,1,1.673482,1.57904325,2.4897435000000003,30
3.2,200,100,eml_std,2,1.5966405,1.313847,1.8518785,30
3.2,200,100,eml_std,3,1.564136,1.24531275,1.6810037500000001,30
3.2,200,100,eml_std,4,1.36918,1.06430325,1.62207,30
3.2,200,100,eml_std,5,1.2823945,0.91241425,1.572643,30
3.2,200,100,eml_std,6,1.0657185,0.8441609999999999,1.4541645,30
3.2,200,100,eml_std,7,1.0313845,0.8175635,1.3785802500000002,30
3.2,200,100,eml_std,8,0.9276275,0.809148,1.3338365,30
3.2,200,100,eml_std,9,0.885178,0.8020412499999999,1.2431625,30
3.2,200,100,eml_std,10,0.8573015,0.8020412499999999,1.2431625,30
3.2,200,100,eml_std,11,0.8529245000000001,0.8020412499999999,1.2087715,30
3.2,200,100,eml_std,12,0.8354485,0.797939,1.20227875,30
3.2,200,100,eml_std,13,0.8211105,0.796326,1.0787322499999998,30
3.2,200,100,eml_std,14,0.81975,0.796326,0.90715325,30
3.2,200,100,eml_std,15,0.8184335,0.7940524999999999,0.906104,30
3.2,200,100,eml_std,16,0.8145935,0.7872545,0.873521,30
3.2,200,100,eml_std,17,0.8145935,0.78718925,0.8651077500000001,30
3.2,200,100,eml_std,18,0.8133925,0.78718925,0.8419742499999999,30
3.2,200,100,eml_std,19,0.8058609999999999,0.76454075,0.83563375,30
3.2,200,100,eml_std,20,0.8044804999999999,0.75126275,0.8283787499999999,30
3.2,200,100,eml_std,21,0.8025415,0.7512065,0.82113075,30
3.2,200,100,eml_std,22,0.8025415,0.751025,0.82113075,30
3.2,200,100,eml_std,23,0.8025415,0.75098975,0.82113075,30
3.2,200,100,eml_std,24,0.79916,0.71497575,0.82113075,30
3.2,200,100,eml_std,25,0.796477,0.71497575,0.82113075,30
3.2,200,100,eml_std,26,0.796477,0.714771,0.82113075,30
3.2,200,100,eml_std,27,0.7910975,0.714771,0.82113075,30
3.2,200,100,eml_std,28,0.785663,0.6987575,0.82113075,30
3.2,200,100,eml_std,29,0.784508,0.697441,0.82041,30
3.2,200,100,eml_std,30,0.784508,0.6974405,0.82041,30
3.2,200,100,eml_std,31,0.778984,0.5999272499999999,0.82041,30
3.2,200,100,eml_std,32,0.7683035,0.5981565,0.82041,30
3.2,200,100,eml_std,33,0.765917,0.5981565,0.82041,30
3.2,200,100,eml_std,34,0.7629105,0.59799125,0.81420775,30
3.2,200,100,eml_std,35,0.762342,0.59799125,0.81420775,30
3.2,200,100,eml_std,36,0.758294,0.594149,0.81420775,30
3.2,200,100,eml_std,37,0.7494730000000001,0.54541075,0.81420775,30
3.2,200,100,eml_std,38,0.747078,0.54430025,0.81420775,30
3.2,200,100,eml_std,39,0.7470775000000001,0.5046364999999999,0.81420775,30
3.2,200,100,eml_std,40,0.7470775000000001,0.490692,0.81420775,30
3.2,200,100,eml_std,41,0.7470775000000001,0.4849365,0.81420775,30
3.2,200,100,eml_std,42,0.742731,0.46366175,0.8003505,30
3.2,200,100,eml_std,43,0.742731,0.46366175,0.8003505,30
3.2,200,100,eml_std,44,0.7371605,0.46366175,0.8003505,30
3.2,200,100,eml_std,45,0.7371605,0.461684,0.8003505,30
3.2,200,100,eml_std,46,0.7298640000000001,0.461684,0.8003505,30
3.2,200,100,eml_std,47,0.7298640000000001,0.456685,0.8003505,30
3.2,200,100,eml_std,48,0.69467,0.456685,0.8003505,30
3.2,200,100,eml_std,49,0.69467,0.45629525000000004,0.8003505,30
3.2,200,100,eml_std,50,0.6926380000000001,0.45266925,0.8003505,30
3.2,200,100,eml_std,51,0.6926380000000001,0.45120675,0.8003505,30
3.2,200,100,eml_std,52,0.6913895,0.45120675,0.8003505,30
3.2,200,100,eml_std,53,0.6913895,0.45120675,0.8003505,30
3.2,200,100,eml_std,54,0.6910365,0.450507,0.8003505,30
3.2,200,100,eml_std,55,0.69042,0.446973,0.8003505,30
3.2,200,100,eml_std,56,0.6903895,0.44612375000000004,0.8003505,30
3.2,200,100,eml_std,57,0.689561,0.43961475,0.8003505,30
3.2,200,100,eml_std,58,0.689561,0.425879,0.8001995,30
3.2,200,100,eml_std,59,0.689561,0.34428349999999996,0.8001995,30
3.2,200,100,eml_std,60,0.689561,0.34428349999999996,0.8001995,30
3.2,200,100,eml_std,61,0.689561,0.34428349999999996,0.79295025,30
3.2,200,100,eml_std,62,0.6339325,0.34428349999999996,0.79295025,30
3.2,200,100,eml_std,63,0.6339325,0.34428349999999996,0.79295025,30
3.2,200,100,eml_std,64,0.6339325,0.31517275,0.79295025,30
3.2,200,100,eml_std,65,0.6339325,0.30605675,0.79295025,30
3.2,200,100,eml_std,66,0.6339325,0.3060535,0.79295025,30
3.2,200,100,eml_std,67,0.6339325,0.304475,0.79295025,30
3.2,200,100,eml_std,68,0.6339325,0.3010395,0.79295025,30
3.2,200,100,eml_std,69,0.6339325,0.2903185,0.79295025,30
3.2,200,100,eml_std,70,0.5451865,0.26218975,0.79295025,30
3.2,200,100,eml_std,71,0.5451865,0.26218975,0.79295025,30
3.2,200,100,eml_std,72,0.5451865,0.26218975,0.79295025,30
3.2,200,100,eml_std,73,0.5451865,0.26218975,0.79295025,30
3.2,200,100,eml_std,74,0.48268350000000004,0.238017,0.7929087499999999,30
3.2,200,100,eml_std,75,0.48268350000000004,0.23801675,0.7929087499999999,30
3.2,200,100,eml_std,76,0.4795775,0.23801675,0.7929087499999999,30
3.2,200,100,eml_std,77,0.4795775,0.231561,0.7928759999999999,30
3.2,200,100,eml_std,78,0.4446955,0.231561,0.7928602499999999,30
3.2,200,100,eml_std,79,0.4446955,0.22621724999999998,0.7928602499999999,30
3.2,200,100,eml_std,80,0.4443235,0.224412,0.7928602499999999,30
3.2,200,100,eml_std,81,0.4443235,0.19200425,0.7928385,30
3.2,200,100,eml_std,82,0.4443235,0.19127,0.7928385,30
3.2,200,100,eml_std,83,0.4443165,0.19127,0.7928385,30
3.2,200,100,eml_std,84,0.4443165,0.18322475,0.7928385,30
3.2,200,100,eml_std,85,0.44428,0.183218,0.7928385,30
3.2,200,100,eml_std,86,0.436646,0.183218,0.79283825,30
3.2,200,100,eml_std,87,0.436646,0.183218,0.79283825,30
3.2,200,100,eml_std,88,0.4366455,0.18321749999999998,0.7928364999999999,30
3.2,200,100,eml_std,89,0.4366445,0.18321749999999998,0.7928332499999999,30
3.2,200,100,eml_std,90,0.4366445,0.18077325,0.7928305,30
3.2,200,100,eml_std,91,0.4366445,0.170065,0.7928305,30
3.2,200,100,eml_std,92,0.4366445,0.16986775,0.7928305,30
3.2,200,100,eml_std,93,0.43664349999999996,0.16986775,0.7928305,30
3.2,200,100,eml_std,94,0.43664349999999996,0.16986775,0.7928305,30
3.2,200,100,eml_std,95,0.43664349999999996,0.16986775,0.7820765,30
3.2,200,100,eml_std,96,0.43664349999999996,0.16986775,0.7820765,30
3.2,200,100,eml_std,97,0.43664349999999996,0.16982725,0.7820765,30
3.2,200,100,eml_std,98,0.43664349999999996,0.16982725,0.778494,30
3.2,200,100,eml_std,99,0.4366405,0.16977475,0.778494,30
3.2,200,100,eml_std,100,0.4366405,0.16977475,0.77848625,30
3.2,200,100,eml_std,101,0.4366405,0.16977475,0.77848625,30
3.2,200,100,eml_std,102,0.4366325,0.16977475,0.77848625,30
3.2,200,100,eml_std,103,0.4366325,0.16972900000000002,0.77848625,30
3.2,200,100,eml_std,104,0.4366325,0.16969975,0.77848625,30
3.2,200,100,eml_std,105,0.4366325,0.16954975,0.7679422499999999,30
3.2,200,100,eml_std,106,0.43585549999999995,0.1693855,0.767934,30
3.2,200,100,eml_std,107,0.43585549999999995,0.15897725,0.7676765,30
3.2,200,100,eml_std,108,0.435488,0.15897725,0.7676755,30
3.2,200,100,eml_std,109,0.435488,0.15878075,0.76767175,30
3.2,200,100,eml_std,110,0.435488,0.15878075,0.76767175,30
3.2,200,100,eml_std,111,0.435487,0.1587765,0.76767175,30
3.2,200,100,eml_std,112,0.4354865,0.1587765,0.76767175,30
3.2,200,100,eml_std,113,0.4354825,0.158456,0.76767175,30
3.2,200,100,eml_std,114,0.43522799999999995,0.1584555,0.76767175,30
3.2,200,100,eml_std,115,0.43522799999999995,0.15673775,0.76767175,30
3.2,200,100,eml_std,116,0.43522799999999995,0.15673775,0.76767175,30
3.2,200,100,eml_std,117,0.43522799999999995,0.15673775,0.7676455,30
3.2,200,100,eml_std,118,0.435225,0.1567375,0.7676455,30
3.2,200,100,eml_std,119,0.4349965,0.1567375,0.7676455,30
3.2,200,100,eml_std,120,0.4349955,0.15673725,0.7676455,30
3.2,200,100,eml_std,121,0.4349955,0.156737,0.7676455,30
3.2,200,100,eml_std,122,0.43499350000000003,0.15673674999999998,0.7676455,30
3.2,200,100,eml_std,123,0.434989,0.15673674999999998,0.7676455,30
3.2,200,100,eml_std,124,0.43459000000000003,0.15673674999999998,0.7676455,30
3.2,200,100,eml_std,125,0.43459000000000003,0.15673674999999998,0.7676455,30
3.2,200,100,eml_std,126,0.43459000000000003,0.156702,0.7676455,30
3.2,200,100,eml_std,127,0.43459000000000003,0.15670125000000001,0.7676455,30
3.2,200,100,eml_std,128,0.43458949999999996,0.15670125000000001,0.7676455,30
3.2,200,100,eml_std,129,0.42397300000000004,0.15670125000000001,0.7676455,30
3.2,200,100,eml_std,130,0.42397,0.15670125000000001,0.7676455,30
3.2,200,100,eml_std,131,0.42397,0.15670125000000001,0.7676455,30
3.2,200,100,eml_std,132,0.42397,0.15670125000000001,0.7676455,30
3.2,200,100,eml_std,133,0.409821,0.15670125000000001,0.7676455,30
3.2,200,100,eml_std,134,0.409821,0.15670125000000001,0.7676455,30
3.2,200,100,eml_std,135,0.409821,0.1566045,0.7676455,30
3.2,200,100,eml_std,136,0.40587300000000004,0.1566045,0.7676455,30
3.2,200,100,eml_std,137,0.40587300000000004,0.1566045,0.7676455,30
3.2,200,100,eml_std,138,0.40587300000000004,0.1566045,0.7676455,30
3.2,200,100,eml_std,139,0.40587300000000004,0.15660375,0.7676455,30
3.2,200,100,eml_std,140,0.40587300000000004,0.15660375,0.7676455,30
3.2,200,100,eml_std,141,0.40587300000000004,0.15660375,0.7676455,30
3.2,200,100,eml_std,142,0.40587300000000004,0.15660375,0.745323,30
3.2,200,100,eml_std,143,0.40587300000000004,0.15647,0.745323,30
3.2,200,100,eml_std,144,0.40587300000000004,0.15647,0.745323,30
3.2,200,100,eml_std,145,0.40587300000000004,0.1564675,0.7429155000000001,30
3.2,200,100,eml_std,146,0.40587300000000004,0.15646274999999998,0.7429155000000001,30
3.2,200,100,eml_std,147,0.40587300000000004,0.15646,0.7429107500000001,30
3.2,200,100,eml_std,148,0.40587300000000004,0.15646,0.7429107500000001,30
3.2,200,100,eml_std,149,0.40587300000000004,0.15646,0.7428605,30
3.2,200,100,eml_std,150,0.40587300000000004,0.15646,0.7428605,30
3.2,200,100,eml_std,151,0.40587300000000004,0.15646,0.7428605,30
3.2,200,100,eml_std,152,0.40587300000000004,0.15646,0.7428605,30
3.2,200,100,eml_std,153,0.40587300000000004,0.15646,0.7428605,30
3.2,200,100,eml_std,154,0.40587300000000004,0.15646,0.739967,30
3.2,200,100,eml_std,155,0.40587300000000004,0.15646,0.7340025,30
3.2,200,100,eml_std,156,0.40587300000000004,0.15646,0.7340025,30
3.2,200,100,eml_std,157,0.40587300000000004,0.15646,0.7340025,30
3.2,200,100,eml_std,158,0.40587300000000004,0.15646,0.7340025,30
3.2,200,100,eml_std,159,0.40587300000000004,0.15646,0.73364925,30
3.2,200,100,eml_std,160,0.40587300000000004,0.15646,0.73364925,30
3.2,200,100,eml_std,161,0.40587300000000004,0.15467625000000002,0.73364925,30
3.2,200,100,eml_std,162,0.40587300000000004,0.15467625000000002,0.73364925,30
3.2,200,100,eml_std,163,0.40587300000000004,0.15423599999999998,0.73364925,30
3.2,200,100,eml_std,164,0.40587300000000004,0.15423599999999998,0.73364925,30
3.2,200,100,eml_std,165,0.40587300000000004,0.1485785,0.73364925,30
3.2,200,100,eml_std,166,0.40587300000000004,0.1485785,0.73364925,30
3.2,200,100,eml_std,167,0.40587300000000004,0.1485785,0.7336485,30
3.2,200,100,eml_std,168,0.40587300000000004,0.13747700000000002,0.7336422499999999,30
3.2,200,100,eml_std,169,0.40587300000000004,0.13704275,0.7336422499999999,30
3.2,200,100,eml_std,170,0.40587300000000004,0.13704275,0.73364175,30
3.2,200,100,eml_std,171,0.40587300000000004,0.13611025,0.73364075,30
3.2,200,100,eml_std,172,0.40587300000000004,0.13611025,0.73364075,30
3.2,200,100,eml_std,173,0.40587300000000004,0.13609074999999998,0.73364075,30
3.2,200,100,eml_std,174,0.40587300000000004,0.1360275,0.73364075,30
3.2,200,100,eml_std,175,0.40587300000000004,0.1360275,0.73363925,30
3.2,200,100,eml_std,176,0.40587300000000004,0.1360275,0.73363925,30
3.2,200,100,eml_std,177,0.40587300000000004,0.1360275,0.73363925,30
3.2,200,100,eml_std,178,0.40587300000000004,0.13595675,0.73363925,30
3.2,200,100,eml_std,179,0.40587300000000004,0.13595675,0.73363925,30
3.2,200,100,eml_std,180,0.40587300000000004,0.13586974999999998,0.73363925,30
3.2,200,100,eml_std,181,0.40587300000000004,0.13586974999999998,0.73363925,30
3.2,200,100,eml_std,182,0.40587300000000004,0.13586974999999998,0.73363925,30
3.2,200,100,eml_std,183,0.40587300000000004,0.13586974999999998,0.73363925,30
3.2,200,100,eml_std,184,0.40587300000000004,0.13586974999999998,0.73363925,30
3.2,200,100,eml_std,185,0.40587300000000004,0.13586974999999998,0.73363825,30
3.2,200,100,eml_std,186,0.40587300000000004,0.13586974999999998,0.73363825,30
3.2,200,100,eml_std,187,0.40587300000000004,0.1358585,0.73363575,30
3.2,200,100,eml_std,188,0.40587300000000004,0.1358585,0.73363575,30
3.2,200,100,eml_std,189,0.40587300000000004,0.135857,0.73363575,30
3.2,200,100,eml_std,190,0.40587300000000004,0.135857,0.73363575,30
3.2,200,100,eml_std,191,0.40587300000000004,0.13569799999999999,0.73363575,30
3.2,200,100,eml_std,192,0.40587300000000004,0.13569799999999999,0.73363575,30
3.2,200,100,eml_std,193,0.40587300000000004,0.13569799999999999,0.73363575,30
3.2,200,100,eml_std,194,0.40587300000000004,0.13569799999999999,0.73363575,30
3.2,200,100,eml_std,195,0.40587300000000004,0.13569799999999999,0.73363575,30
3.2,200,100,eml_std,196,0.40587300000000004,0.13569799999999999,0.73363575,30
3.2,200,100,eml_std,197,0.40587300000000004,0.13562025,0.73363575,30
3.2,200,100,eml_std,198,0.40587300000000004,0.13562025,0.73363575,30
3.2,200,100,eml_std,199,0.40587300000000004,0.13562025,0.73363575,30
3.2,200,100,eml_mut,0,5.5078665,1.6814455,8.495917250000002,30
3.2,200,100,eml_mut,1,1.6973425,1.48051925,3.695117,30
3.2,200,100,eml_mut,2,1.6171894999999998,1.4226610000000002,1.7314895,30
3.2,200,100,eml_mut,3,1.5355525,1.2280164999999998,1.66827475,30
3.2,200,100,eml_mut,4,1.4780565,1.1632384999999998,1.6568935,30
3.2,200,100,eml_mut,5,1.2626655,1.051763,1.61438825,30
3.2,200,100,eml_mut,6,1.18628,0.92005225,1.49945375,30
3.2,200,100,eml_mut,7,1.1555689999999998,0.8792755,1.49945375,30
3.2,200,100,eml_mut,8,1.1456935000000001,0.8792755,1.41733375,30
3.2,200,100,eml_mut,9,1.0842315,0.86927175,1.21609425,30
3.2,200,100,eml_mut,10,1.0601205,0.85388025,1.1608195,30
3.2,200,100,eml_mut,11,0.989312,0.8357825000000001,1.15468075,30
3.2,200,100,eml_mut,12,0.9241455000000001,0.80865575,1.1410882500000001,30
3.2,200,100,eml_mut,13,0.9226525000000001,0.80471075,1.1410882500000001,30
3.2,200,100,eml_mut,14,0.9226525000000001,0.80471075,1.1410882500000001,30
3.2,200,100,eml_mut,15,0.882618,0.80159475,1.083732,30
3.2,200,100,eml_mut,16,0.8719275,0.79882,1.00469875,30
3.2,200,100,eml_mut,17,0.8719275,0.79882,0.959298,30
3.2,200,100,eml_mut,18,0.8719275,0.7979695,0.959298,30
3.2,200,100,eml_mut,19,0.8699385,0.7979695,0.9450455,30
3.2,200,100,eml_mut,20,0.8458835,0.7843640000000001,0.932586,30
3.2,200,100,eml_mut,21,0.8458835,0.7843640000000001,0.9324485,30
3.2,200,100,eml_mut,22,0.838004,0.78312125,0.9192815,30
3.2,200,100,eml_mut,23,0.838004,0.78312125,0.9192815,30
3.2,200,100,eml_mut,24,0.838004,0.78312125,0.91897775,30
3.2,200,100,eml_mut,25,0.8375895,0.78312125,0.91897775,30
3.2,200,100,eml_mut,26,0.8227365,0.78312125,0.91263425,30
3.2,200,100,eml_mut,27,0.8160465,0.702081,0.8819907499999999,30
3.2,200,100,eml_mut,28,0.813673,0.702081,0.88161225,30
3.2,200,100,eml_mut,29,0.8087424999999999,0.69071475,0.8757435,30
3.2,200,100,eml_mut,30,0.8061849999999999,0.69071475,0.8757435,30
3.2,200,100,eml_mut,31,0.8061849999999999,0.68849475,0.8757435,30
3.2,200,100,eml_mut,32,0.8046845,0.68849475,0.8757435,30
3.2,200,100,eml_mut,33,0.8025415,0.68849475,0.8757435,30
3.2,200,100,eml_mut,34,0.8025415,0.68543925,0.8757435,30
3.2,200,100,eml_mut,35,0.8025415,0.68451225,0.873408,30
3.2,200,100,eml_mut,36,0.8025415,0.5995365,0.873408,30
3.2,200,100,eml_mut,37,0.8025415,0.5995365,0.873408,30
3.2,200,100,eml_mut,38,0.8025415,0.5989565,0.873408,30
3.2,200,100,eml_mut,39,0.8025415,0.5989565,0.873408,30
3.2,200,100,eml_mut,40,0.8025415,0.5989565,0.873408,30
3.2,200,100,eml_mut,41,0.8025415,0.5906870000000001,0.873408,30
3.2,200,100,eml_mut,42,0.79916,0.5867455,0.87159975,30
3.2,200,100,eml_mut,43,0.79916,0.55956625,0.87159975,30
3.2,200,100,eml_mut,44,0.79916,0.55822875,0.8635430000000001,30
3.2,200,100,eml_mut,45,0.79916,0.5522135,0.8635430000000001,30
3.2,200,100,eml_mut,46,0.79916,0.5317015,0.86354275,30
3.2,200,100,eml_mut,47,0.79916,0.531324,0.86354175,30
3.2,200,100,eml_mut,48,0.79916,0.52278225,0.86354175,30
3.2,200,100,eml_mut,49,0.7946095,0.516093,0.8635120000000001,30
3.2,200,100,eml_mut,50,0.7946095,0.4373745,0.8635120000000001,30
3.2,200,100,eml_mut,51,0.7946095,0.43544550000000004,0.8635120000000001,30
3.2,200,100,eml_mut,52,0.7946095,0.43544550000000004,0.8635120000000001,30
3.2,200,100,eml_mut,53,0.7946095,0.43544550000000004,0.8635120000000001,30
3.2,200,100,eml_mut,54,0.7946095,0.4338435,0.8463355,30
3.2,200,100,eml_mut,55,0.7946095,0.42222,0.84519175,30
3.2,200,100,eml_mut,56,0.7946095,0.412795,0.84519175,30
3.2,200,100,eml_mut,57,0.7946095,0.4098445,0.84519175,30
3.2,200,100,eml_mut,58,0.7946095,0.38722675,0.84519175,30
3.2,200,100,eml_mut,59,0.7946095,0.38722675,0.84519175,30
3.2,200,100,eml_mut,60,0.7946095,0.38722675,0.84519175,30
3.2,200,100,eml_mut,61,0.7946095,0.38000500000000004,0.84519175,30
3.2,200,100,eml_mut,62,0.7946095,0.38000500000000004,0.845191,30
3.2,200,100,eml_mut,63,0.7946095,0.36977425,0.8451295,30
3.2,200,100,eml_mut,64,0.7946095,0.36977425,0.8451295,30
3.2,200,100,eml_mut,65,0.7946095,0.36903025,0.8451295,30
3.2,200,100,eml_mut,66,0.7946095,0.3659215,0.8451295,30
3.2,200,100,eml_mut,67,0.7946095,0.3659215,0.84445525,30
3.2,200,100,eml_mut,68,0.7946095,0.35176450000000004,0.84445525,30
3.2,200,100,eml_mut,69,0.7946095,0.35176450000000004,0.84445525,30
3.2,200,100,eml_mut,70,0.7946095,0.35176450000000004,0.84445525,30
3.2,200,100,eml_mut,71,0.7946095,0.35176450000000004,0.84445525,30
3.2,200,100,eml_mut,72,0.7946095,0.35176450000000004,0.84445525,30
3.2,200,100,eml_mut,73,0.7946095,0.35138874999999997,0.84445525,30
3.2,200,100,eml_mut,74,0.7946095,0.34205949999999996,0.8442115,30
3.2,200,100,eml_mut,75,0.7946095,0.3171095,0.8442115,30
3.2,200,100,eml_mut,76,0.7946095,0.3171095,0.84421,30
3.2,200,100,eml_mut,77,0.7946095,0.3171095,0.84421,30
3.2,200,100,eml_mut,78,0.7946095,0.3145585,0.84421,30
3.2,200,100,eml_mut,79,0.7946095,0.3106605,0.84421,30
3.2,200,100,eml_mut,80,0.7946095,0.31050625,0.84421,30
3.2,200,100,eml_mut,81,0.7946095,0.2405945,0.84408875,30
3.2,200,100,eml_mut,82,0.7946095,0.22735175000000002,0.84408875,30
3.2,200,100,eml_mut,83,0.7946095,0.22698325,0.8440857500000001,30
3.2,200,100,eml_mut,84,0.7946095,0.22285675,0.8440857500000001,30
3.2,200,100,eml_mut,85,0.7946095,0.22285675,0.8440857500000001,30
3.2,200,100,eml_mut,86,0.7946095,0.22285675,0.8440857500000001,30
3.2,200,100,eml_mut,87,0.7946095,0.22285675,0.842018,30
3.2,200,100,eml_mut,88,0.7946095,0.22285675,0.84191975,30
3.2,200,100,eml_mut,89,0.7946095,0.22137625,0.84191975,30
3.2,200,100,eml_mut,90,0.781129,0.22049649999999998,0.84191975,30
3.2,200,100,eml_mut,91,0.781129,0.22049649999999998,0.84191975,30
3.2,200,100,eml_mut,92,0.781129,0.22049649999999998,0.84191975,30
3.2,200,100,eml_mut,93,0.7788435,0.220496,0.84191975,30
3.2,200,100,eml_mut,94,0.7788435,0.220496,0.84191975,30
3.2,200,100,eml_mut,95,0.7788435,0.21744125,0.8419175,30
3.2,200,100,eml_mut,96,0.7788435,0.21744125,0.8419175,30
3.2,200,100,eml_mut,97,0.7788435,0.21744125,0.8419175,30
3.2,200,100,eml_mut,98,0.7788435,0.21744125,0.82182675,30
3.2,200,100,eml_mut,99,0.7788435,0.21744125,0.82182675,30
3.2,200,100,eml_mut,100,0.7788435,0.21744125,0.82182675,30
3.2,200,100,eml_mut,101,0.7775084999999999,0.216914,0.8217614999999999,30
3.2,200,100,eml_mut,102,0.7775084999999999,0.216914,0.8217614999999999,30
3.2,200,100,eml_mut,103,0.7775084999999999,0.216914,0.8217614999999999,30
3.2,200,100,eml_mut,104,0.7775084999999999,0.216914,0.8217614999999999,30
3.2,200,100,eml_mut,105,0.7774305,0.216914,0.8217614999999999,30
3.2,200,100,eml_mut,106,0.7774305,0.216914,0.8217614999999999,30
3.2,200,100,eml_mut,107,0.776883,0.2138755,0.8217614999999999,30
3.2,200,100,eml_mut,108,0.776883,0.206954,0.8217614999999999,30
3.2,200,100,eml_mut,109,0.776883,0.20556975,0.8217345,30
3.2,200,100,eml_mut,110,0.776883,0.20556975,0.8217345,30
3.2,200,100,eml_mut,111,0.7768105000000001,0.19793325,0.8217345,30
3.2,200,100,eml_mut,112,0.7768105000000001,0.19793325,0.8217345,30
3.2,200,100,eml_mut,113,0.7768105000000001,0.18661875,0.8217345,30
3.2,200,100,eml_mut,114,0.7768105000000001,0.18661875,0.82172925,30
3.2,200,100,eml_mut,115,0.776804,0.17879250000000002,0.82172925,30
3.2,200,100,eml_mut,116,0.776804,0.17879250000000002,0.82172925,30
3.2,200,100,eml_mut,117,0.7742020000000001,0.17879250000000002,0.82172925,30
3.2,200,100,eml_mut,118,0.7742020000000001,0.17877525,0.82172925,30
3.2,200,100,eml_mut,119,0.7719389999999999,0.1767015,0.82172925,30
3.2,200,100,eml_mut,120,0.7719389999999999,0.17657775,0.82172925,30
3.2,200,100,eml_mut,121,0.7719389999999999,0.16973625,0.82172925,30
3.2,200,100,eml_mut,122,0.7716175000000001,0.16963275,0.82172925,30
3.2,200,100,eml_mut,123,0.7716175000000001,0.16963275,0.82172925,30
3.2,200,100,eml_mut,124,0.7716175000000001,0.16963275,0.82172925,30
3.2,200,100,eml_mut,125,0.6983565,0.16963275,0.82172925,30
3.2,200,100,eml_mut,126,0.6983565,0.16891499999999998,0.82172925,30
3.2,200,100,eml_mut,127,0.6983565,0.16735575,0.82172925,30
3.2,200,100,eml_mut,128,0.698313,0.16735575,0.82172925,30
3.2,200,100,eml_mut,129,0.698313,0.16735575,0.82172925,30
3.2,200,100,eml_mut,130,0.698313,0.16735575,0.82172925,30
3.2,200,100,eml_mut,131,0.698313,0.1563375,0.82172925,30
3.2,200,100,eml_mut,132,0.6981495,0.1563375,0.82172925,30
3.2,200,100,eml_mut,133,0.698118,0.1563375,0.82172925,30
3.2,200,100,eml_mut,134,0.698118,0.1563375,0.82172925,30
3.2,200,100,eml_mut,135,0.698118,0.1563375,0.82172925,30
3.2,200,100,eml_mut,136,0.698118,0.1563375,0.82172925,30
3.2,200,100,eml_mut,137,0.698118,0.1563375,0.82172925,30
3.2,200,100,eml_mut,138,0.698118,0.1563375,0.82172925,30
3.2,200,100,eml_mut,139,0.698118,0.1563375,0.82172925,30
3.2,200,100,eml_mut,140,0.698118,0.1563375,0.82172925,30
3.2,200,100,eml_mut,141,0.698118,0.15558525,0.82172925,30
3.2,200,100,eml_mut,142,0.698118,0.15558525,0.82172925,30
3.2,200,100,eml_mut,143,0.698118,0.15558525,0.82172925,30
3.2,200,100,eml_mut,144,0.6977405,0.15460625,0.82172925,30
3.2,200,100,eml_mut,145,0.6977405,0.15460625,0.82172925,30
3.2,200,100,eml_mut,146,0.6977405,0.15460625,0.82172925,30
3.2,200,100,eml_mut,147,0.6977405,0.15460625,0.82172925,30
3.2,200,100,eml_mut,148,0.6977405,0.15460625,0.82172925,30
3.2,200,100,eml_mut,149,0.6977405,0.15460625,0.82172925,30
3.2,200,100,eml_mut,150,0.697608,0.15460625,0.82172925,30
3.2,200,100,eml_mut,151,0.697608,0.15460625,0.82172925,30
3.2,200,100,eml_mut,152,0.697608,0.15460625,0.82172925,30
3.2,200,100,eml_mut,153,0.696662,0.15460625,0.82172925,30
3.2,200,100,eml_mut,154,0.696662,0.15460625,0.82172925,30
3.2,200,100,eml_mut,155,0.696662,0.15460625,0.82172925,30
3.2,200,100,eml_mut,156,0.696662,0.15460625,0.82172925,30
3.2,200,100,eml_mut,157,0.696662,0.1523345,0.82172925,30
3.2,200,100,eml_mut,158,0.696662,0.1523345,0.82172925,30
3.2,200,100,eml_mut,159,0.696662,0.151742,0.82172925,30
3.2,200,100,eml_mut,160,0.696662,0.151742,0.82172925,30
3.2,200,100,eml_mut,161,0.696662,0.151742,0.82172925,30
3.2,200,100,eml_mut,162,0.696662,0.151742,0.82172925,30
3.2,200,100,eml_mut,163,0.696374,0.151742,0.82172925,30
3.2,200,100,eml_mut,164,0.696374,0.151742,0.82172925,30
3.2,200,100,eml_mut,165,0.696374,0.151742,0.82172925,30
3.2,200,100,eml_mut,166,0.696374,0.151742,0.82172925,30
3.2,200,100,eml_mut,167,0.696374,0.151742,0.82172925,30
3.2,200,100,eml_mut,168,0.696374,0.15139999999999998,0.82172925,30
3.2,200,100,eml_mut,169,0.696374,0.15139999999999998,0.82172925,30
3.2,200,100,eml_mut,170,0.696374,0.15139999999999998,0.82172925,30
3.2,200,100,eml_mut,171,0.696374,0.15139999999999998,0.82172925,30
3.2,200,100,eml_mut,172,0.696374,0.15139999999999998,0.82172925,30
3.2,200,100,eml_mut,173,0.694176,0.15026825,0.82172925,30
3.2,200,100,eml_mut,174,0.694176,0.15026825,0.82172925,30
3.2,200,100,eml_mut,175,0.694176,0.150255,0.82172925,30
3.2,200,100,eml_mut,176,0.6941755000000001,0.150255,0.82172925,30
3.2,200,100,eml_mut,177,0.6941755000000001,0.150255,0.82172925,30
3.2,200,100,eml_mut,178,0.6941755000000001,0.150255,0.82172925,30
3.2,200,100,eml_mut,179,0.6941755000000001,0.150255,0.82172925,30
3.2,200,100,eml_mut,180,0.6941755000000001,0.14846475,0.82172925,30
3.2,200,100,eml_mut,181,0.6941755000000001,0.14846475,0.82172925,30
3.2,200,100,eml_mut,182,0.691865,0.14846475,0.82172925,30
3.2,200,100,eml_mut,183,0.691865,0.14846475,0.82172925,30
3.2,200,100,eml_mut,184,0.691865,0.14846475,0.82172925,30
3.2,200,100,eml_mut,185,0.691865,0.14846475,0.82172925,30
3.2,200,100,eml_mut,186,0.691865,0.14846475,0.82172925,30
3.2,200,100,eml_mut,187,0.691865,0.14846475,0.82172925,30
3.2,200,100,eml_mut,188,0.691865,0.1440915,0.82172925,30
3.2,200,100,eml_mut,189,0.691647,0.1440915,0.82172925,30
3.2,200,100,eml_mut,190,0.691647,0.1440915,0.82172925,30
3.2,200,100,eml_mut,191,0.691647,0.1440915,0.82172925,30
3.2,200,100,eml_mut,192,0.6892245,0.1440915,0.82172925,30
3.2,200,100,eml_mut,193,0.6892245,0.1440915,0.82172925,30
3.2,200,100,eml_mut,194,0.688589,0.1440915,0.82172925,30
3.2,200,100,eml_mut,195,0.688589,0.1440915,0.82172925,30
3.2,200,100,eml_mut,196,0.688589,0.1440915,0.817952,30
3.2,200,100,eml_mut,197,0.6885105,0.1440915,0.817952,30
3.2,200,100,eml_mut,198,0.6885105,0.1440915,0.817952,30
3.2,200,100,eml_mut,199,0.6882820000000001,0.1440915,0.817952,30
3.2,200,100,std_ssc,0,0.0,0.0,0.13135799515482327,30
3.2,200,100,std_ssc,1,0.0,0.0,0.09688246978555481,30
3.2,200,100,std_ssc,2,0.0,0.0,1.543846435372512e-33,30
3.2,200,100,std_ssc,3,0.0,0.0,1.2494470514212191e-34,30
3.2,200,100,std_ssc,4,0.0,0.0,1.2494470514212191e-34,30
3.2,200,100,std_ssc,5,0.0,0.0,0.0,30
3.2,200,100,std_ssc,6,0.0,0.0,0.0,30
3.2,200,100,std_ssc,7,0.0,0.0,0.0,30
3.2,200,100,std_ssc,8,0.0,0.0,0.0,30
3.2,200,100,std_ssc,9,0.0,0.0,0.0,30
3.2,200,100,std_ssc,10,0.0,0.0,0.0,30
3.2,200,100,std_ssc,11,0.0,0.0,0.0,30
3.2,200,100,std_ssc,12,0.0,0.0,0.0,30
3.2,200,100,std_ssc,13,0.0,0.0,0.0,30
3.2,200,100,std_ssc,14,0.0,0.0,0.0,30
3.2,200,100,eml_ssc,0,5.50786618542666,1.681445905538697,8.495917537008076,30
3.2,200,100,eml_ssc,1,2.7638149733111392,1.58444309050431,5.757726667256535,30
3.2,200,100,eml_ssc,2,1.8815894340792916,1.430996551366891,2.641105564513627,30
3.2,200,100,eml_ssc,3,1.6621923577942108,1.3733178058894322,2.5537063549141705,30
3.2,200,100,eml_ssc,4,1.5721420527930987,1.3506928306783395,1.7979877681626484,30
3.2,200,100,eml_ssc,5,1.405322042273379,1.2214242820424432,1.6655629965441336,30
3.2,200,100,eml_ssc,6,1.3644776469990196,1.1977332783228667,1.6372432080876886,30
3.2,200,100,eml_ssc,7,1.336851114474938,1.1616343990538747,1.564203898404326,30
3.2,200,100,eml_ssc,8,1.272959957089735,1.095672113313017,1.4691898041884,30
3.2,200,100,eml_ssc,9,1.2685493114339863,1.0857726742096256,1.4691898041884,30
3.2,200,100,eml_ssc,10,1.2129651485938275,1.0857726742096256,1.4131765410956818,30
3.2,200,100,eml_ssc,11,1.199806293887735,1.0143466352669759,1.3841812568556886,30
3.2,200,100,eml_ssc,12,1.1544072605379478,1.01285181950592,1.3841811242142688,30
3.2,200,100,eml_ssc,13,1.1544072605379478,1.0102979595097992,1.3841809644218255,30
3.2,200,100,eml_ssc,14,1.1544072605379478,1.0069261174882445,1.3841809644218255,30
3.2,200,100,eml_ssc,15,1.1544072605379478,1.0069261174882445,1.3841809644218255,30
3.2,200,100,eml_ssc,16,1.1453998445165774,0.9153151539523217,1.384176726333908,30
3.2,200,100,eml_ssc,17,1.107494656627669,0.8828879322103049,1.3628974995009737,30
3.2,200,100,eml_ssc,18,1.107494656627669,0.8828879322103049,1.3628974994955723,30
3.2,200,100,eml_ssc,19,1.107494656627669,0.8576361351641927,1.3628974994955723,30
3.2,200,100,eml_ssc,20,1.107494656627669,0.8576361351641927,1.3628974994955723,30
3.2,200,100,eml_ssc,21,1.0893090943382622,0.8576361351641927,1.2712234958668143,30
3.2,200,100,eml_ssc,22,1.0893090943382622,0.8530930498333107,1.2712234958668143,30
3.2,200,100,eml_ssc,23,1.0640922332351002,0.8530930493875287,1.2711208973191188,30
3.2,200,100,eml_ssc,24,1.0634203291152913,0.8335310124474584,1.2701976689515038,30
3.2,200,100,eml_ssc,25,1.0412536090158735,0.8335310082116257,1.2205098947555426,30
3.2,200,100,eml_ssc,26,1.0377827449233812,0.8324176646419135,1.2151199536348756,30
3.2,200,100,eml_ssc,27,1.0377827449233812,0.8178008092425538,1.151756775991208,30
3.2,200,100,eml_ssc,28,0.9738455934712372,0.8063922716931621,1.1513979404018526,30
3.2,200,100,eml_ssc,29,0.9679915997770955,0.8020408406893615,1.1513979404018526,30
3.2,200,100,eml_ssc,30,0.9665915737653364,0.8020408406893615,1.1511110463947398,30
3.2,200,100,eml_ssc,31,0.9665915737653364,0.8020408406893615,1.149226367441086,30
3.2,200,100,eml_ssc,32,0.9665915737653364,0.8012816879852355,1.1450207243032722,30
3.2,200,100,eml_ssc,33,0.9523675784003478,0.8012816879852355,1.1450207243032722,30
3.2,200,100,eml_ssc,34,0.9523675784003478,0.8012816879852355,1.0940238169818528,30
3.2,200,100,eml_ssc,35,0.9523675784003478,0.8012816879852355,1.0940238169818528,30
3.2,200,100,eml_ssc,36,0.9269604019070887,0.8012816879852355,1.0940238169818528,30
3.2,200,100,eml_ssc,37,0.8847821308024965,0.8012816879852355,1.0933745756055853,30
3.2,200,100,eml_ssc,38,0.8847821308024965,0.7975160118207976,1.0933745756055853,30
3.2,200,100,eml_ssc,39,0.8826166018182011,0.7975160118207976,1.0933745756055853,30
3.2,200,100,eml_ssc,40,0.8826166018182011,0.7975160118207976,1.0933745756055853,30
3.2,200,100,eml_ssc,41,0.8826166018182011,0.7975160118207976,1.0933745756055853,30
3.2,200,100,eml_ssc,42,0.8826166018182011,0.7975160118207976,1.0933745756055853,30
3.2,200,100,eml_ssc,43,0.8775081255951269,0.7975160118207976,1.0933745756055853,30
3.2,200,100,eml_ssc,44,0.8775081255951269,0.7975160118207976,1.0908686671994623,30
3.2,200,100,eml_ssc,45,0.8769972040581577,0.7975160118207976,1.0908686671994623,30
3.2,200,100,eml_ssc,46,0.8769972040581577,0.7975160118207976,1.0908686671994623,30
3.2,200,100,eml_ssc,47,0.8769972040581577,0.7975160118207976,1.0908686671994623,30
3.2,200,100,eml_ssc,48,0.8764785794888286,0.7975160118207976,1.0908686671994623,30
3.2,200,100,eml_ssc,49,0.8764785794888286,0.7975160118207976,1.0908686671994623,30
3.2,200,100,eml_ssc,50,0.8764785794888286,0.7975160118207976,1.0908686671994623,30
3.2,200,100,eml_ssc,51,0.8734523976589033,0.7975160118207976,1.08335973444753,30
3.2,200,100,eml_ssc,52,0.8734523976589033,0.7975160118207976,1.08335973444753,30
3.2,200,100,eml_ssc,53,0.8734523976589033,0.7975160118207976,1.08335973444753,30
3.2,200,100,eml_ssc,54,0.8734523976589033,0.7975160118207976,1.08335973444753,30
3.2,200,100,eml_ssc,55,0.8734523976589033,0.7975160118207976,1.08335973444753,30
3.2,200,100,eml_ssc,56,0.8728699032263361,0.7975160118207976,1.08335973444753,30
3.2,200,100,eml_ssc,57,0.8728699032263361,0.7975160118207976,1.08335973444753,30
3.2,200,100,eml_ssc,58,0.8728699032263361,0.7975160118207976,1.08335973444753,30
3.2,200,100,eml_ssc,59,0.8728699032263361,0.7975160118207976,1.08335973444753,30
3.2,200,100,eml_ssc,60,0.8728699032263361,0.7975160118207976,1.0689002634555156,30
3.2,200,100,eml_ssc,61,0.8728699032263361,0.7975160118207976,1.0689002634555156,30
3.2,200,100,eml_ssc,62,0.8728699032263361,0.7975160118207976,1.0689002634555156,30
3.2,200,100,eml_ssc,63,0.8728699032263361,0.7975160118207976,1.0689002634555156,30
3.2,200,100,eml_ssc,64,0.8728699032263361,0.7975160118207976,1.0689002634555156,30
3.2,200,100,eml_ssc,65,0.8680308850705981,0.7975160118207976,1.0689002634555156,30
3.2,200,100,eml_ssc,66,0.8680308850705981,0.7975160118207976,1.0689002634555156,30
3.2,200,100,eml_ssc,67,0.8680308850705981,0.7975160118207976,1.0689002634555156,30
3.2,200,100,eml_ssc,68,0.8441720569042843,0.795279700856204,1.0689002634555156,30
3.2,200,100,eml_ssc,69,0.8441720569042843,0.795279700856204,1.0689002634555156,30
3.2,200,100,eml_ssc,70,0.8441720569042843,0.795279700856204,1.0689002634555156,30
3.2,200,100,eml_ssc,71,0.8441720569042843,0.795279700856204,1.0689002634555156,30
3.2,200,100,eml_ssc,72,0.8441720569042843,0.795279700856204,1.0689002634555156,30
3.2,200,100,eml_ssc,73,0.8441720569042843,0.795279700856204,1.0689002634555156,30
3.2,200,100,eml_ssc,74,0.8441720569042843,0.795279700856204,1.064582120185105,30
3.2,200,100,eml_ssc,75,0.8441720569042843,0.795279700856204,1.064582120185105,30
3.2,200,100,eml_ssc,76,0.8326569486959096,0.795279700856204,1.0429208073259366,30
3.2,200,100,eml_ssc,77,0.8326569486959096,0.795279700856204,1.0092671917834002,30
3.2,200,100,eml_ssc,78,0.8326569486959096,0.795279700856204,0.9423506444539445,30
3.2,200,100,eml_ssc,79,0.8326569486959096,0.795279700856204,0.9423506444539445,30
3.2,200,100,eml_ssc,80,0.8326569486959096,0.795279700856204,0.9423506444539445,30
3.2,200,100,eml_ssc,81,0.8241938822997419,0.7767268887958726,0.9279534839791722,30
3.2,200,100,eml_ssc,82,0.8241938822997419,0.7767268887958726,0.9279534839791722,30
3.2,200,100,eml_ssc,83,0.8241938822997419,0.7767268887958726,0.9279534839791722,30
3.2,200,100,eml_ssc,84,0.8241938822997419,0.7767268887958726,0.9279534839791722,30
3.2,200,100,eml_ssc,85,0.8241938822997419,0.7758800486143687,0.9279534627494057,30
3.2,200,100,eml_ssc,86,0.8241938822997419,0.7758800486143687,0.9279534627494057,30
3.2,200,100,eml_ssc,87,0.8241938822997419,0.7758800486143687,0.9212037445904833,30
3.2,200,100,eml_ssc,88,0.8241938822997419,0.7758800486143687,0.9212037445904833,30
3.2,200,100,eml_ssc,89,0.8241938822997419,0.7758800486143687,0.9212037445904833,30
3.2,200,100,eml_ssc,90,0.8241938822997419,0.7758800486143687,0.9212037445904833,30
3.2,200,100,eml_ssc,91,0.8241938822997419,0.7758800486143687,0.9212037445904833,30
3.2,200,100,eml_ssc,92,0.8241938822997419,0.7758800486143687,0.9212037445904833,30
3.2,200,100,eml_ssc,93,0.8241938822997419,0.7758800486143687,0.9212037445904833,30
3.2,200,100,eml_ssc,94,0.8241938822997419,0.7758800483139564,0.9212037445904833,30
3.2,200,100,eml_ssc,95,0.8127789388753341,0.7758800246279919,0.9212037445904833,30
3.2,200,100,eml_ssc,96,0.8127789388753341,0.7758800246279919,0.9212037445904833,30
3.2,200,100,eml_ssc,97,0.8127789388753341,0.7758800246279919,0.9212037445904833,30
3.2,200,100,eml_ssc,98,0.8127789388753341,0.7758800246279919,0.9212037445904833,30
3.2,200,100,eml_ssc,99,0.8123464768955471,0.7758800246279919,0.8883106702502108,30
3.2,200,100,eml_ssc,100,0.8123464768955471,0.7731109105111065,0.8883106700146817,30
3.2,200,100,eml_ssc,101,0.8123464768955471,0.7707999920851866,0.8883106700146817,30
3.2,200,100,eml_ssc,102,0.8123464768955471,0.7707999920851866,0.8883106700146817,30
3.2,200,100,eml_ssc,103,0.8123464768955471,0.7703619517539013,0.8883106700146817,30
3.2,200,100,eml_ssc,104,0.8123464768955471,0.7703619517539013,0.8883106700146817,30
3.2,200,100,eml_ssc,105,0.8123464768955471,0.769736012518691,0.8883106700146816,30
3.2,200,100,eml_ssc,106,0.8123464768955471,0.769736012518691,0.8883106700146816,30
3.2,200,100,eml_ssc,107,0.8123464768955471,0.769736012518691,0.8883106700146816,30
3.2,200,100,eml_ssc,108,0.8034381979195897,0.6977268598088392,0.8450059434245811,30
3.2,200,100,eml_ssc,109,0.8034381979195897,0.6966557974151798,0.8450059434245811,30
3.2,200,100,eml_ssc,110,0.8034381979195897,0.6966557974151798,0.8450059434245811,30
3.2,200,100,eml_ssc,111,0.8034381979195897,0.6448617099114549,0.8450059434245811,30
3.2,200,100,eml_ssc,112,0.8034381979195897,0.6448617099114549,0.8450059434245811,30
3.2,200,100,eml_ssc,113,0.8034381979195897,0.6425177413414451,0.8450059434245811,30
3.2,200,100,eml_ssc,114,0.8034381979195897,0.5489367008326164,0.8450059434245811,30
3.2,200,100,eml_ssc,115,0.8034381979195897,0.5489367008326164,0.8450059140850559,30
3.2,200,100,eml_ssc,116,0.8034381979195897,0.5489367008326164,0.8450059140850559,30
3.2,200,100,eml_ssc,117,0.8034381979195897,0.5489367008326164,0.8450059140850559,30
3.2,200,100,eml_ssc,118,0.8034381979195897,0.5489367008326164,0.8450059140850559,30
3.2,200,100,eml_ssc,119,0.8034381979195897,0.5489367008326164,0.8450059140850559,30
3.2,200,100,eml_ssc,120,0.8034381979195897,0.5474692190516163,0.8450059140850559,30
3.2,200,100,eml_ssc,121,0.8034381979195897,0.5474692190516163,0.8450059140850559,30
3.2,200,100,eml_ssc,122,0.8034381979195897,0.5473950192162178,0.8450059140850557,30
3.2,200,100,eml_ssc,123,0.8034381979195897,0.5473950192162178,0.8450059140850557,30
3.2,200,100,eml_ssc,124,0.8034381979195897,0.5473950192162178,0.8450059140850557,30
3.2,200,100,eml_ssc,125,0.8034381979195897,0.5473695820295527,0.8450059140850557,30
3.2,200,100,eml_ssc,126,0.8034381979195897,0.5473695820295527,0.8450059140850557,30
3.2,200,100,eml_ssc,127,0.8034381979195897,0.5473695820295527,0.8450059140850557,30
3.2,200,100,eml_ssc,128,0.8034381979195897,0.544656875811932,0.8450059140850557,30
3.2,200,100,eml_ssc,129,0.8034381979195897,0.544656875811932,0.8450059140850557,30
3.2,200,100,eml_ssc,130,0.8024375991961186,0.544656875811932,0.8450059140850557,30
3.2,200,100,eml_ssc,131,0.8024375991961186,0.5442449191571789,0.8450059140850557,30
3.2,200,100,eml_ssc,132,0.8024375991961186,0.5442449191571789,0.8450059140850557,30
3.2,200,100,eml_ssc,133,0.8024375991961186,0.5442449191571789,0.8450059140850557,30
3.2,200,100,eml_ssc,134,0.8024375991961186,0.5421375426066518,0.834471011745715,30
3.2,200,100,eml_ssc,135,0.8024375991961186,0.5421350073438763,0.834471011745715,30
3.2,200,100,eml_ssc,136,0.8024375991961186,0.5411825014582745,0.834471011745715,30
3.2,200,100,eml_ssc,137,0.8024375991961186,0.5411825014582745,0.834471011745715,30
3.2,200,100,eml_ssc,138,0.8024375991961186,0.5411825014582745,0.834471011745715,30
3.2,200,100,eml_ssc,139,0.8024375991961186,0.5390716503617595,0.834471011745715,30
3.2,200,100,eml_ssc,140,0.8024375991961186,0.5390716503617595,0.834471011745715,30
3.2,200,100,eml_ssc,141,0.8024375991961186,0.5390716503617595,0.834471011745715,30
3.2,200,100,eml_ssc,142,0.8024375991961186,0.5390716503617595,0.834471011745715,30
3.2,200,100,eml_ssc,143,0.8024375991961186,0.5390716503617595,0.834471011745715,30
3.2,200,100,eml_ssc,144,0.8024375991961186,0.5390716503617595,0.834471011745715,30
3.2,200,100,eml_ssc,145,0.8024375991961186,0.5390716503617595,0.834471011745715,30
3.2,200,100,eml_ssc,146,0.8024375991961186,0.5390716503617595,0.834471011745715,30
3.2,200,100,eml_ssc,147,0.8024375991961186,0.5390716503617595,0.834471011745715,30
3.2,200,100,eml_ssc,148,0.8024375991961186,0.5390716503617595,0.834471011745715,30
3.2,200,100,eml_ssc,149,0.8024375991961186,0.5321583864951156,0.834471011745715,30
3.2,200,100,eml_ssc,150,0.8024375991961186,0.5321583864951156,0.834471011745715,30
3.2,200,100,eml_ssc,151,0.8024375991961186,0.5321583864951156,0.834471011745715,30
3.2,200,100,eml_ssc,152,0.8024375991961186,0.5321583864951156,0.834471011745715,30
3.2,200,100,eml_ssc,153,0.8024375991961186,0.5321583864951156,0.834471011745715,30
3.2,200,100,eml_ssc,154,0.8024375991961186,0.5287671441734498,0.834471011745715,30
3.2,200,100,eml_ssc,155,0.8024375991961186,0.5287671441734498,0.834471011745715,30
3.2,200,100,eml_ssc,156,0.8024375991961186,0.5287671441734498,0.834471011745715,30
3.2,200,100,eml_ssc,157,0.8024375991961186,0.5238392337900091,0.834471011745715,30
3.2,200,100,eml_ssc,158,0.8024375991961186,0.5238225439106541,0.8252827539615629,30
3.2,200,100,eml_ssc,159,0.8024375991961186,0.5238225439106541,0.8252827539615629,30
3.2,200,100,eml_ssc,160,0.8024375991961186,0.5238225439106541,0.8252827539615629,30
3.2,200,100,eml_ssc,161,0.8024375991961186,0.5238225439106541,0.8252827539615629,30
3.2,200,100,eml_ssc,162,0.8024375991961186,0.5238225439106541,0.8252827539615629,30
3.2,200,100,eml_ssc,163,0.8024375991961186,0.5238225439106541,0.8252827539615629,30
3.2,200,100,eml_ssc,164,0.8024375991961186,0.5238225439106541,0.8252827539615629,30
3.2,200,100,eml_ssc,165,0.8024375991961186,0.5238225437078684,0.8252827539615629,30
3.2,200,100,eml_ssc,166,0.8024375991961186,0.5168156452352952,0.8252827539615629,30
3.2,200,100,eml_ssc,167,0.8024375991961186,0.5168156452352952,0.8252827539615629,30
3.2,200,100,eml_ssc,168,0.8024375991961186,0.5168156452352952,0.8252827539615629,30
3.2,200,100,eml_ssc,169,0.8024375991961186,0.5168156452352952,0.8252827539615629,30
3.2,200,100,eml_ssc,170,0.8024375991961186,0.5166065970007835,0.8252827539615629,30
3.2,200,100,eml_ssc,171,0.8024375991961186,0.5165761167616478,0.8252827539615629,30
3.2,200,100,eml_ssc,172,0.8024375991961186,0.5165761167616478,0.8252827539615629,30
3.2,200,100,eml_ssc,173,0.8024375991961186,0.5122839513723166,0.8252827539615629,30
3.2,200,100,eml_ssc,174,0.8024375991961186,0.5122839513723166,0.8252827539615629,30
3.2,200,100,eml_ssc,175,0.8024375991961186,0.5122839513723166,0.8252827539615629,30
3.2,200,100,eml_ssc,176,0.8024375991961186,0.5122839513723166,0.8252827539615629,30
3.2,200,100,eml_ssc,177,0.8024375991961186,0.5122839513723166,0.8252827539615629,30
3.2,200,100,eml_ssc,178,0.8024375991961186,0.5122839513723166,0.8252827539615629,30
3.2,200,100,eml_ssc,179,0.8024375991961186,0.5122839513723166,0.8252827539615629,30
3.2,200,100,eml_ssc,180,0.8024375991961186,0.512029137300575,0.8252827539615629,30
3.2,200,100,eml_ssc,181,0.8024375991961186,0.5117670071201869,0.8252827539615629,30
3.2,200,100,eml_ssc,182,0.8024375991961186,0.5117670071201869,0.8252827539615629,30
3.2,200,100,eml_ssc,183,0.8024375991961186,0.5117670071201869,0.8252827539615629,30
3.2,200,100,eml_ssc,184,0.8024375991961186,0.5117670071201869,0.8252827539615629,30
3.2,200,100,eml_ssc,185,0.8024375991961186,0.5117670071201869,0.8252827539615629,30
3.2,200,100,eml_ssc,186,0.801083870204488,0.5117670071201869,0.8252827539615629,30
3.2,200,100,eml_ssc,187,0.801083870204488,0.5117670071201869,0.8252827539615629,30
3.2,200,100,eml_ssc,188,0.8004385375934777,0.5117670071201869,0.8252827539615629,30
3.2,200,100,eml_ssc,189,0.8004385375934777,0.5117670071201869,0.8252827539615629,30
3.2,200,100,eml_ssc,190,0.8004385375934777,0.5117670071201869,0.8252827539615629,30
3.2,200,100,eml_ssc,191,0.8001752449667727,0.5117670071201869,0.8252827539615629,30
3.2,200,100,eml_ssc,192,0.7995035915305447,0.5117670071201869,0.8252827539615629,30
3.2,200,100,eml_ssc,193,0.7995035915305447,0.5117670071201869,0.8252827539615629,30
3.2,200,100,eml_ssc,194,0.7995035915305447,0.5117670071201869,0.8252827539615629,30
3.2,200,100,eml_ssc,195,0.7988575216564071,0.5117670071201869,0.8252827539615629,30
3.2,200,100,eml_ssc,196,0.7988575216564071,0.5117670071201869,0.8252827539615629,30
3.2,200,100,eml_ssc,197,0.7988575216564071,0.5117670071201869,0.8252827539615629,30
3.2,200,100,eml_ssc,198,0.7988575216564071,0.5117670071201869,0.8252827539615629,30
3.2,200,100,eml_ssc,199,0.7988575216564071,0.5117670071201869,0.8252827539615629,30
3.3,200,100,std_std,0,5.6235245,4.32262425,6.35016975,30
3.3,200,100,std_std,1,5.046628999999999,3.5738615,5.781814000000001,30
3.3,200,100,std_std,2,3.8248355,2.35571425,5.097665,30
3.3,200,100,std_std,3,2.884744,1.2403345,4.17342325,30
3.3,200,100,std_std,4,1.9854720000000001,1.0444642499999999,3.5029145,30
3.3,200,100,std_std,5,1.6440885,1.0444642499999999,3.37453,30
3.3,200,100,std_std,6,1.1115295,0.38834325000000003,1.79633975,30
3.3,200,100,std_std,7,0.9093775,0.0295885,1.3495435,30
3.3,200,100,std_std,8,0.733983,0.0295885,1.30179925,30
3.3,200,100,std_std,9,0.616298,0.0295885,1.2480580000000001,30
3.3,200,100,std_std,10,0.603183,0.0295885,1.2480580000000001,30
3.3,200,100,std_std,11,0.58572,0.0295885,0.9365209999999999,30
3.3,200,100,std_std,12,0.5776680000000001,0.0295885,0.9365209999999999,30
3.3,200,100,std_std,13,0.5641235,0.0295885,0.87295575,30
3.3,200,100,std_std,14,0.5635175,0.0295885,0.8264877500000001,30
3.3,200,100,std_std,15,0.552238,0.0295885,0.7874172500000001,30
3.3,200,100,std_std,16,0.492336,0.0,0.7403255,30
3.3,200,100,std_std,17,0.492336,0.0,0.697811,30
3.3,200,100,std_std,18,0.492336,0.0,0.697811,30
3.3,200,100,std_std,19,0.37741250000000004,0.0,0.67988475,30
3.3,200,100,std_std,20,0.37741250000000004,0.0,0.65118575,30
3.3,200,100,std_std,21,0.37741250000000004,0.0,0.65118575,30
3.3,200,100,std_std,22,0.37741250000000004,0.0,0.63765775,30
3.3,200,100,std_std,23,0.37741250000000004,0.0,0.60283475,30
3.3,200,100,std_std,24,0.37741250000000004,0.0,0.60283475,30
3.3,200,100,std_std,25,0.3697475,0.0,0.5791675000000001,30
3.3,200,100,std_std,26,0.3697475,0.0,0.5791675000000001,30
3.3,200,100,std_std,27,0.3667475,0.0,0.55224375,30
3.3,200,100,std_std,28,0.3667475,0.0,0.55224375,30
3.3,200,100,std_std,29,0.266359,0.0,0.54777175,30
3.3,200,100,std_std,30,0.266359,0.0,0.54777175,30
3.3,200,100,std_std,31,0.266359,0.0,0.54453775,30
3.3,200,100,std_std,32,0.253509,0.0,0.54386425,30
3.3,200,100,std_std,33,0.253509,0.0,0.54386425,30
3.3,200,100,std_std,34,0.253509,0.0,0.536294,30
3.3,200,100,std_std,35,0.253509,0.0,0.536294,30
3.3,200,100,std_std,36,0.253509,0.0,0.536294,30
3.3,200,100,std_std,37,0.253509,0.0,0.536294,30
3.3,200,100,std_std,38,0.253509,0.0,0.536294,30
3.3,200,100,std_std,39,0.253509,0.0,0.53520725,30
3.3,200,100,std_std,40,0.253509,0.0,0.53520725,30
3.3,200,100,std_std,41,0.253509,0.0,0.53520725,30
3.3,200,100,std_std,42,0.253509,0.0,0.53414775,30
3.3,200,100,std_std,43,0.253509,0.0,0.53414775,30
3.3,200,100,std_std,44,0.253509,0.0,0.5330630000000001,30
3.3,200,100,std_std,45,0.253509,0.0,0.52933675,30
3.3,200,100,std_std,46,0.24047800000000003,0.0,0.529065,30
3.3,200,100,std_std,47,0.24047800000000003,0.0,0.529065,30
3.3,200,100,std_std,48,0.23210950000000002,0.0,0.52348075,30
3.3,200,100,std_std,49,0.2261275,0.0,0.52231975,30
3.3,200,100,std_std,50,0.2261275,0.0,0.5016237499999999,30
3.3,200,100,std_std,51,0.2261275,0.0,0.49947849999999994,30
3.3,200,100,std_std,52,0.2260345,0.0,0.49087899999999995,30
3.3,200,100,std_std,53,0.2260345,0.0,0.49087899999999995,30
3.3,200,100,std_std,54,0.221155,0.0,0.48440175,30
3.3,200,100,std_std,55,0.221155,0.0,0.48440175,30
3.3,200,100,std_std,56,0.221155,0.0,0.46550325,30
3.3,200,100,std_std,57,0.21685749999999998,0.0,0.42321975,30
3.3,200,100,std_std,58,0.1700505,0.0,0.42082575,30
3.3,200,100,std_std,59,0.1700505,0.0,0.41938425,30
3.3,200,100,std_std,60,0.16974499999999998,0.0,0.41938425,30
3.3,200,100,std_std,61,0.16974,0.0,0.4185605,30
3.3,200,100,std_std,62,0.16832049999999998,0.0,0.4185605,30
3.3,200,100,std_std,63,0.16832049999999998,0.0,0.41824025,30
3.3,200,100,std_std,64,0.16641499999999998,0.0,0.414833,30
3.3,200,100,std_std,65,0.1625975,0.0,0.41208925,30
3.3,200,100,std_std,66,0.1625975,0.0,0.398467,30
3.3,200,100,std_std,67,0.162054,0.0,0.398467,30
3.3,200,100,std_std,68,0.16106199999999998,0.0,0.398467,30
3.3,200,100,std_std,69,0.1610615,0.0,0.398467,30
3.3,200,100,std_std,70,0.1610615,0.0,0.398467,30
3.3,200,100,std_std,71,0.1598355,0.0,0.397714,30
3.3,200,100,std_std,72,0.1598355,0.0,0.397714,30
3.3,200,100,std_std,73,0.1598355,0.0,0.397714,30
3.3,200,100,std_std,74,0.157877,0.0,0.397714,30
3.3,200,100,std_std,75,0.148634,0.0,0.39760525,30
3.3,200,100,std_std,76,0.144289,0.0,0.39760525,30
3.3,200,100,std_std,77,0.1348515,0.0,0.39760525,30
3.3,200,100,std_std,78,0.12454599999999999,0.0,0.39703,30
3.3,200,100,std_std,79,0.12454599999999999,0.0,0.39703,30
3.3,200,100,std_std,80,0.12454599999999999,0.0,0.39703,30
3.3,200,100,std_std,81,0.1230995,0.0,0.39703,30
3.3,200,100,std_std,82,0.120976,0.0,0.39571375,30
3.3,200,100,std_std,83,0.120976,0.0,0.39571375,30
3.3,200,100,std_std,84,0.120976,0.0,0.395692,30
3.3,200,100,std_std,85,0.120976,0.0,0.395692,30
3.3,200,100,std_std,86,0.120976,0.0,0.395692,30
3.3,200,100,std_std,87,0.11634549999999999,0.0,0.395692,30
3.3,200,100,std_std,88,0.11634549999999999,0.0,0.39561325,30
3.3,200,100,std_std,89,0.11634549999999999,0.0,0.395434,30
3.3,200,100,std_std,90,0.11634549999999999,0.0,0.394834,30
3.3,200,100,std_std,91,0.11634549999999999,0.0,0.39193675,30
3.3,200,100,std_std,92,0.11634549999999999,0.0,0.39193675,30
3.3,200,100,std_std,93,0.11580850000000001,0.0,0.38897800000000005,30
3.3,200,100,std_std,94,0.1151935,0.0,0.38851375,30
3.3,200,100,std_std,95,0.1151935,0.0,0.38851375,30
3.3,200,100,std_std,96,0.1151935,0.0,0.38851375,30
3.3,200,100,std_std,97,0.11510100000000001,0.0,0.38851375,30
3.3,200,100,std_std,98,0.11506250000000001,0.0,0.38851375,30
3.3,200,100,std_std,99,0.107095,0.0,0.38761225,30
3.3,200,100,std_std,100,0.10681950000000001,0.0,0.38761225,30
3.3,200,100,std_std,101,0.10564699999999999,0.0,0.38761225,30
3.3,200,100,std_std,102,0.10564699999999999,0.0,0.38690725000000004,30
3.3,200,100,std_std,103,0.10564699999999999,0.0,0.38690725000000004,30
3.3,200,100,std_std,104,0.070907,0.0,0.38690725000000004,30
3.3,200,100,std_std,105,0.070907,0.0,0.38690725000000004,30
3.3,200,100,std_std,106,0.0707175,0.0,0.38690725000000004,30
3.3,200,100,std_std,107,0.0707175,0.0,0.38690725000000004,30
3.3,200,100,std_std,108,0.0707175,0.0,0.38544100000000003,30
3.3,200,100,std_std,109,0.0707175,0.0,0.38544100000000003,30
3.3,200,100,std_std,110,0.0707175,0.0,0.38544100000000003,30
3.3,200,100,std_std,111,0.0707175,0.0,0.385021,30
3.3,200,100,std_std,112,0.0705535,0.0,0.385021,30
3.3,200,100,std_std,113,0.0705535,0.0,0.385021,30
3.3,200,100,std_std,114,0.0705535,0.0,0.385021,30
3.3,200,100,std_std,115,0.069062,0.0,0.385021,30
3.3,200,100,std_std,116,0.069062,0.0,0.385021,30
3.3,200,100,std_std,117,0.069062,0.0,0.384988,30
3.3,200,100,std_std,118,0.068639,0.0,0.38421475000000005,30
3.3,200,100,std_std,119,0.068639,0.0,0.38421475000000005,30
3.3,200,100,std_std,120,0.068639,0.0,0.38421475000000005,30
3.3,200,100,std_std,121,0.0686355,0.0,0.38421325,30
3.3,200,100,std_std,122,0.0686355,0.0,0.38421325,30
3.3,200,100,std_std,123,0.0686355,0.0,0.38421325,30
3.3,200,100,std_std,124,0.0686355,0.0,0.38421325,30
3.3,200,100,std_std,125,0.0686355,0.0,0.38421325,30
3.3,200,100,std_std,126,0.0686355,0.0,0.38421325,30
3.3,200,100,std_std,127,0.06759899999999999,0.0,0.38421325,30
3.3,200,100,std_std,128,0.06759899999999999,0.0,0.38421325,30
3.3,200,100,std_std,129,0.06759899999999999,0.0,0.38421325,30
3.3,200,100,std_std,130,0.06759899999999999,0.0,0.38421325,30
3.3,200,100,std_std,131,0.067529,0.0,0.38421325,30
3.3,200,100,std_std,132,0.067508,0.0,0.38421325,30
3.3,200,100,std_std,133,0.067508,0.0,0.38421325,30
3.3,200,100,std_std,134,0.067508,0.0,0.38421325,30
3.3,200,100,std_std,135,0.067508,0.0,0.38421325,30
3.3,200,100,std_std,136,0.067508,0.0,0.38421325,30
3.3,200,100,std_std,137,0.067386,0.0,0.38421325,30
3.3,200,100,std_std,138,0.06711,0.0,0.38421325,30
3.3,200,100,std_std,139,0.06711,0.0,0.38421325,30
3.3,200,100,std_std,140,0.06711,0.0,0.38421325,30
3.3,200,100,std_std,141,0.06711,0.0,0.38421325,30
3.3,200,100,std_std,142,0.06711,0.0,0.38421325,30
3.3,200,100,std_std,143,0.06711,0.0,0.38421325,30
3.3,200,100,std_std,144,0.06711,0.0,0.38421325,30
3.3,200,100,std_std,145,0.06711,0.0,0.38421325,30
3.3,200,100,std_std,146,0.06711,0.0,0.38421325,30
3.3,200,100,std_std,147,0.06711,0.0,0.38421325,30
3.3,200,100,std_std,148,0.06711,0.0,0.38421325,30
3.3,200,100,std_std,149,0.06711,0.0,0.38421325,30
3.3,200,100,std_std,150,0.06711,0.0,0.38421325,30
3.3,200,100,std_std,151,0.06711,0.0,0.38421325,30
3.3,200,100,std_std,152,0.06711,0.0,0.38421325,30
3.3,200,100,std_std,153,0.06711,0.0,0.38421325,30
3.3,200,100,std_std,154,0.06711,0.0,0.38421325,30
3.3,200,100,std_std,155,0.06711,0.0,0.38421325,30
3.3,200,100,std_std,156,0.06711,0.0,0.38421325,30
3.3,200,100,std_std,157,0.06711,0.0,0.38421325,30
3.3,200,100,std_std,158,0.06711,0.0,0.38421325,30
3.3,200,100,std_std,159,0.06711,0.0,0.38421325,30
3.3,200,100,std_std,160,0.06711,0.0,0.38421325,30
3.3,200,100,std_std,161,0.06711,0.0,0.38421325,30
3.3,200,100,std_std,162,0.06711,0.0,0.38421325,30
3.3,200,100,std_std,163,0.06711,0.0,0.38421325,30
3.3,200,100,std_std,164,0.06711,0.0,0.38421325,30
3.3,200,100,std_std,165,0.06711,0.0,0.38421325,30
3.3,200,100,std_std,166,0.06711,0.0,0.38421325,30
3.3,200,100,std_std,167,0.06711,0.0,0.38421325,30
3.3,200,100,std_std,168,0.06711,0.0,0.38421325,30
3.3,200,100,std_std,169,0.06711,0.0,0.38421325,30
3.3,200,100,std_std,170,0.06711,0.0,0.38421325,30
3.3,200,100,std_std,171,0.06711,0.0,0.38421325,30
3.3,200,100,std_std,172,0.06711,0.0,0.38421325,30
3.3,200,100,std_std,173,0.06711,0.0,0.38421325,30
3.3,200,100,std_std,174,0.06711,0.0,0.38421325,30
3.3,200,100,std_std,175,0.06711,0.0,0.38421325,30
3.3,200,100,std_std,176,0.06711,0.0,0.38421325,30
3.3,200,100,std_std,177,0.06711,0.0,0.38421325,30
3.3,200,100,std_std,178,0.06711,0.0,0.38421325,30
3.3,200,100,std_std,179,0.06711,0.0,0.38421325,30
3.3,200,100,std_std,180,0.06711,0.0,0.38421325,30
3.3,200,100,eml_std,0,5.477055999999999,4.05018675,5.97610625,30
3.3,200,100,eml_std,1,4.2172745,3.92863775,5.27724225,30
3.3,200,100,eml_std,2,4.029118,3.632834,4.272278,30
3.3,200,100,eml_std,3,3.805978,3.39926125,4.16865825,30
3.3,200,100,eml_std,4,3.7418864999999997,3.146536,4.0950695,30
3.3,200,100,eml_std,5,3.676952,3.12501825,3.9560415,30
3.3,200,100,eml_std,6,3.6249455,2.99900475,3.894745,30
3.3,200,100,eml_std,7,3.432909,2.9554385,3.83013875,30
3.3,200,100,eml_std,8,3.2631565,2.9554385,3.7984507499999998,30
3.3,200,100,eml_std,9,3.1447765,2.7260595,3.7931014999999997,30
3.3,200,100,eml_std,10,3.1447765,2.7044385,3.7931014999999997,30
3.3,200,100,eml_std,11,3.1447765,2.65049175,3.6606725,30
3.3,200,100,eml_std,12,3.0173785,2.62341025,3.5813105,30
3.3,200,100,eml_std,13,3.0173785,2.584353,3.5183324999999996,30
3.3,200,100,eml_std,14,3.0173785,2.560665,3.51226,30
3.3,200,100,eml_std,15,2.996708,2.5565205,3.5033285,30
3.3,200,100,eml_std,16,2.93773,2.520109,3.42588925,30
3.3,200,100,eml_std,17,2.93773,2.51516375,3.39669675,30
3.3,200,100,eml_std,18,2.8461670000000003,2.515103,3.26014125,30
3.3,200,100,eml_std,19,2.7734300000000003,2.50725175,3.25066625,30
3.3,200,100,eml_std,20,2.6540014999999997,2.50650525,3.1272475,30
3.3,200,100,eml_std,21,2.5950975,2.50650525,3.1272475,30
3.3,200,100,eml_std,22,2.5950975,2.50650525,3.0210885,30
3.3,200,100,eml_std,23,2.5950975,2.50650525,2.92103325,30
3.3,200,100,eml_std,24,2.5833165,2.38847325,2.90788025,30
3.3,200,100,eml_std,25,2.5833165,2.38847325,2.87077425,30
3.3,200,100,eml_std,26,2.5220785,2.27847225,2.84331375,30
3.3,200,100,eml_std,27,2.5192745,2.276816,2.7387305,30
3.3,200,100,eml_std,28,2.5022055,2.276816,2.7341567500000004,30
3.3,200,100,eml_std,29,2.4719185,2.0721355,2.71119375,30
3.3,200,100,eml_std,30,2.467714,2.00349325,2.71119375,30
3.3,200,100,eml_std,31,2.4442065,1.9959624999999999,2.6656734999999996,30
3.3,200,100,eml_std,32,2.416155,1.9951352500000001,2.6656734999999996,30
3.3,200,100,eml_std,33,2.409536,1.9951352500000001,2.6656734999999996,30
3.3,200,100,eml_std,34,2.409536,1.9951352500000001,2.6656734999999996,30
3.3,200,100,eml_std,35,2.3997115,1.96762625,2.6656734999999996,30
3.3,200,100,eml_std,36,2.3997115,1.96762625,2.6656732499999998,30
3.3,200,100,eml_std,37,2.3729285,1.96762625,2.6585997499999996,30
3.3,200,100,eml_std,38,2.359816,1.96762625,2.6480984999999997,30
3.3,200,100,eml_std,39,2.343005,1.96762625,2.6480984999999997,30
3.3,200,100,eml_std,40,2.3035835000000002,1.96670225,2.6450774999999997,30
3.3,200,100,eml_std,41,2.2947170000000003,1.959974,2.639712,30
3.3,200,100,eml_std,42,2.2947170000000003,1.959974,2.5863940000000003,30
3.3,200,100,eml_std,43,2.2947170000000003,1.959974,2.572227,30
3.3,200,100,eml_std,44,2.283528,1.95940625,2.570313,30
3.3,200,100,eml_std,45,2.2428875,1.9551462499999999,2.567325,30
3.3,200,100,eml_std,46,2.242085,1.94648275,2.5405662500000004,30
3.3,200,100,eml_std,47,2.242085,1.94648275,2.5405662500000004,30
3.3,200,100,eml_std,48,2.242085,1.9436135,2.5405662500000004,30
3.3,200,100,eml_std,49,2.2239845,1.9287245,2.5148930000000003,30
3.3,200,100,eml_std,50,2.2239845,1.9177515,2.4627265,30
3.3,200,100,eml_std,51,2.2148225,1.8986349999999999,2.4627265,30
3.3,200,100,eml_std,52,2.192504,1.8986349999999999,2.4627265,30
3.3,200,100,eml_std,53,2.192504,1.89846925,2.4627265,30
3.3,200,100,eml_std,54,2.192504,1.89846925,2.4589715,30
3.3,200,100,eml_std,55,2.192504,1.89846925,2.37861375,30
3.3,200,100,eml_std,56,2.192504,1.89846925,2.377485,30
3.3,200,100,eml_std,57,2.183683,1.8113017500000002,2.377485,30
3.3,200,100,eml_std,58,2.1731945,1.81006375,2.3377997500000003,30
3.3,200,100,eml_std,59,2.1583579999999998,1.8045985,2.3294045,30
3.3,200,100,eml_std,60,2.1332050000000002,1.8045985,2.3294045,30
3.3,200,100,eml_std,61,2.130747,1.800721,2.3294045,30
3.3,200,100,eml_std,62,2.099633,1.79765025,2.3294045,30
3.3,200,100,eml_std,63,2.099057,1.79765025,2.3294045,30
3.3,200,100,eml_std,64,2.0311585,1.78197025,2.3294045,30
3.3,200,100,eml_std,65,2.009781,1.77980325,2.3294045,30
3.3,200,100,eml_std,66,1.9829910000000002,1.7554267499999998,2.3294045,30
3.3,200,100,eml_std,67,1.9829910000000002,1.7554267499999998,2.3294045,30
3.3,200,100,eml_std,68,1.949746,1.7554267499999998,2.2754107500000003,30
3.3,200,100,eml_std,69,1.949709,1.7554267499999998,2.27527875,30
3.3,200,100,eml_std,70,1.949667,1.7554267499999998,2.27527875,30
3.3,200,100,eml_std,71,1.949667,1.7554267499999998,2.27527875,30
3.3,200,100,eml_std,72,1.9494565000000001,1.6906385,2.27527875,30
3.3,200,100,eml_std,73,1.949349,1.6906385,2.27527875,30
3.3,200,100,eml_std,74,1.949338,1.6906385,2.27527875,30
3.3,200,100,eml_std,75,1.9487975,1.6906385,2.27527875,30
3.3,200,100,eml_std,76,1.9485450000000002,1.6906385,2.2750335,30
3.3,200,100,eml_std,77,1.9470135,1.6906385,2.2750335,30
3.3,200,100,eml_std,78,1.9470135,1.6906385,2.2750335,30
3.3,200,100,eml_std,79,1.947013,1.6906385,2.2750335,30
3.3,200,100,eml_std,80,1.9205160000000001,1.6906385,2.2750335,30
3.3,200,100,eml_std,81,1.9199545,1.6906385,2.2749722500000003,30
3.3,200,100,eml_std,82,1.9199545,1.6906385,2.274971,30
3.3,200,100,eml_std,83,1.9199545,1.6906385,2.274971,30
3.3,200,100,eml_std,84,1.9199545,1.6906385,2.27492975,30
3.3,200,100,eml_std,85,1.9199545,1.6906385,2.27492975,30
3.3,200,100,eml_std,86,1.919782,1.6906385,2.27492975,30
3.3,200,100,eml_std,87,1.919782,1.6905032500000001,2.27492975,30
3.3,200,100,eml_std,88,1.919782,1.69049325,2.2053555,30
3.3,200,100,eml_std,89,1.918771,1.69049325,2.2053494999999996,30
3.3,200,100,eml_std,90,1.918771,1.615169,2.1998119999999997,30
3.3,200,100,eml_std,91,1.9187665,1.61516875,2.1998119999999997,30
3.3,200,100,eml_std,92,1.9187665,1.614442,2.19398075,30
3.3,200,100,eml_std,93,1.9187665,1.614442,2.19398075,30
3.3,200,100,eml_std,94,1.9187665,1.614442,2.19398075,30
3.3,200,100,eml_std,95,1.918752,1.614442,2.19398075,30
3.3,200,100,eml_std,96,1.918752,1.6113635,2.19398075,30
3.3,200,100,eml_std,97,1.918752,1.6077949999999999,2.19398075,30
3.3,200,100,eml_std,98,1.9150554999999998,1.6077949999999999,2.193543,30
3.3,200,100,eml_std,99,1.9148105,1.6077949999999999,2.193543,30
3.3,200,100,eml_std,100,1.9148105,1.6040812500000001,2.191596,30
3.3,200,100,eml_std,101,1.9138015,1.572593,2.191596,30
3.3,200,100,eml_std,102,1.9138015,1.572593,2.191596,30
3.3,200,100,eml_std,103,1.9128479999999999,1.57212175,2.191596,30
3.3,200,100,eml_std,104,1.8570484999999999,1.57212175,2.191596,30
3.3,200,100,eml_std,105,1.8570484999999999,1.5589005,2.191596,30
3.3,200,100,eml_std,106,1.8570484999999999,1.5589005,2.1880817500000003,30
3.3,200,100,eml_std,107,1.853875,1.558649,2.1880817500000003,30
3.3,200,100,eml_std,108,1.853875,1.5558604999999999,2.1880817500000003,30
3.3,200,100,eml_std,109,1.853875,1.5558604999999999,2.1872100000000003,30
3.3,200,100,eml_std,110,1.853875,1.5537014999999998,2.1872100000000003,30
3.3,200,100,eml_std,111,1.853875,1.5537014999999998,2.1872100000000003,30
3.3,200,100,eml_std,112,1.853819,1.5537014999999998,2.1872100000000003,30
3.3,200,100,eml_std,113,1.853819,1.55065125,2.1867532499999998,30
3.3,200,100,eml_std,114,1.853819,1.55006025,2.1817275,30
3.3,200,100,eml_std,115,1.8521320000000001,1.55006025,2.1817275,30
3.3,200,100,eml_std,116,1.8521320000000001,1.55006025,2.1816165,30
3.3,200,100,eml_std,117,1.8521320000000001,1.55004725,2.181615,30
3.3,200,100,eml_std,118,1.8521320000000001,1.5499087500000002,2.181615,30
3.3,200,100,eml_std,119,1.8380935,1.5499087500000002,2.1812519999999997,30
3.3,200,100,eml_std,120,1.836925,1.5499087500000002,2.1812519999999997,30
3.3,200,100,eml_std,121,1.8305535000000002,1.5490095,2.1812519999999997,30
3.3,200,100,eml_std,122,1.8305535000000002,1.5490095,2.1810697500000003,30
3.3,200,100,eml_std,123,1.8305535000000002,1.5205615000000001,2.17256075,30
3.3,200,100,eml_std,124,1.8302225,1.5205615000000001,2.17256075,30
3.3,200,100,eml_std,125,1.830222,1.5205615000000001,2.1402544999999997,30
3.3,200,100,eml_std,126,1.815582,1.5205615000000001,2.1402544999999997,30
3.3,200,100,eml_std,127,1.815571,1.5205615000000001,2.12111975,30
3.3,200,100,eml_std,128,1.815571,1.5205615000000001,2.11509625,30
3.3,200,100,eml_std,129,1.815571,1.5205615000000001,2.11509625,30
3.3,200,100,eml_std,130,1.8140290000000001,1.5205615000000001,2.1128355,30
3.3,200,100,eml_std,131,1.808268,1.5205615000000001,2.1128355,30
3.3,200,100,eml_std,132,1.7861820000000002,1.5205615000000001,2.1128355,30
3.3,200,100,eml_std,133,1.7861815,1.5205615000000001,2.1128355,30
3.3,200,100,eml_std,134,1.7861815,1.5205615000000001,2.1128355,30
3.3,200,100,eml_std,135,1.7861815,1.5205615000000001,2.1128355,30
3.3,200,100,eml_std,136,1.7835945,1.5205615000000001,2.1128355,30
3.3,200,100,eml_std,137,1.7835670000000001,1.5198025,2.112766,30
3.3,200,100,eml_std,138,1.783448,1.5198025,2.1127615,30
3.3,200,100,eml_std,139,1.7814525,1.5198025,2.10604575,30
3.3,200,100,eml_std,140,1.7793915,1.5198025,2.10604575,30
3.3,200,100,eml_std,141,1.7702415,1.5198025,2.10604575,30
3.3,200,100,eml_std,142,1.7702415,1.5198025,2.1059785,30
3.3,200,100,eml_std,143,1.7694005000000002,1.5198025,2.1059785,30
3.3,200,100,eml_std,144,1.7693105,1.5198025,2.1059785,30
3.3,200,100,eml_std,145,1.7693105,1.5198025,2.1059785,30
3.3,200,100,eml_std,146,1.7590185,1.5198025,2.1059785,30
3.3,200,100,eml_std,147,1.7590185,1.5186077500000001,2.1059785,30
3.3,200,100,eml_std,148,1.7590185,1.5186077500000001,2.091992,30
3.3,200,100,eml_std,149,1.7584455,1.5186077500000001,2.091992,30
3.3,200,100,eml_std,150,1.758445,1.5132495000000001,2.091992,30
3.3,200,100,eml_std,151,1.758445,1.5112495,2.091992,30
3.3,200,100,eml_std,152,1.758365,1.5112495,2.090979,30
3.3,200,100,eml_std,153,1.7578610000000001,1.5112495,2.090979,30
3.3,200,100,eml_std,154,1.7578610000000001,1.5112495,2.090979,30
3.3,200,100,eml_std,155,1.7578015,1.5112495,2.06625,30
3.3,200,100,eml_std,156,1.7561930000000001,1.5112495,2.066247,30
3.3,200,100,eml_std,157,1.7561930000000001,1.5112495,2.065863,30
3.3,200,100,eml_std,158,1.7561930000000001,1.5112495,2.065863,30
3.3,200,100,eml_std,159,1.7561930000000001,1.5112495,2.065863,30
3.3,200,100,eml_std,160,1.7561930000000001,1.5112495,2.065863,30
3.3,200,100,eml_std,161,1.7561930000000001,1.5112495,2.0365432500000002,30
3.3,200,100,eml_std,162,1.7522085,1.5112495,2.0226165,30
3.3,200,100,eml_std,163,1.7522085,1.5112495,2.0226165,30
3.3,200,100,eml_std,164,1.7522085,1.5112495,2.022363,30
3.3,200,100,eml_std,165,1.7520105,1.5112495,2.01048675,30
3.3,200,100,eml_std,166,1.7520105,1.5112495,2.01048675,30
3.3,200,100,eml_std,167,1.7520105,1.5112495,2.0104800000000003,30
3.3,200,100,eml_std,168,1.7520105,1.5112495,2.0104800000000003,30
3.3,200,100,eml_std,169,1.7484405,1.5112495,2.0043990000000003,30
3.3,200,100,eml_std,170,1.745041,1.5112495,2.0043990000000003,30
3.3,200,100,eml_std,171,1.7450185,1.50895225,2.0043990000000003,30
3.3,200,100,eml_std,172,1.7442235,1.50895225,2.0043990000000003,30
3.3,200,100,eml_std,173,1.7442235,1.50895225,2.0043990000000003,30
3.3,200,100,eml_std,174,1.7428275,1.50652225,2.0043990000000003,30
3.3,200,100,eml_std,175,1.742137,1.50651625,2.0043990000000003,30
3.3,200,100,eml_std,176,1.742137,1.4951379999999999,2.0043990000000003,30
3.3,200,100,eml_std,177,1.742137,1.4951379999999999,2.0043990000000003,30
3.3,200,100,eml_std,178,1.742137,1.4951379999999999,2.0043990000000003,30
3.3,200,100,eml_std,179,1.742137,1.4951379999999999,2.0043990000000003,30
3.3,200,100,eml_std,180,1.741952,1.4951379999999999,2.0043990000000003,30
3.3,200,100,eml_std,181,1.741952,1.4951379999999999,2.0043990000000003,30
3.3,200,100,eml_std,182,1.741603,1.4951379999999999,2.0043990000000003,30
3.3,200,100,eml_std,183,1.741603,1.4951379999999999,2.0043990000000003,30
3.3,200,100,eml_std,184,1.7415695,1.4951379999999999,2.0043990000000003,30
3.3,200,100,eml_std,185,1.741505,1.4951379999999999,2.0043990000000003,30
3.3,200,100,eml_std,186,1.7414745,1.4951379999999999,2.0043990000000003,30
3.3,200,100,eml_std,187,1.7414745,1.4951379999999999,2.0043990000000003,30
3.3,200,100,eml_std,188,1.7414399999999999,1.4951379999999999,2.0043990000000003,30
3.3,200,100,eml_std,189,1.7414399999999999,1.4951379999999999,2.0043990000000003,30
3.3,200,100,eml_std,190,1.7414399999999999,1.4951379999999999,2.0043990000000003,30
3.3,200,100,eml_std,191,1.7414399999999999,1.4951379999999999,2.0043990000000003,30
3.3,200,100,eml_std,192,1.7414399999999999,1.4951379999999999,2.0043990000000003,30
3.3,200,100,eml_std,193,1.7414399999999999,1.4951379999999999,2.0043990000000003,30
3.3,200,100,eml_std,194,1.7414399999999999,1.4951379999999999,2.0043990000000003,30
3.3,200,100,eml_std,195,1.7414399999999999,1.4951379999999999,2.0043990000000003,30
3.3,200,100,eml_std,196,1.7414399999999999,1.4951379999999999,2.0043990000000003,30
3.3,200,100,eml_std,197,1.7414399999999999,1.4951379999999999,2.0043990000000003,30
3.3,200,100,eml_std,198,1.7414399999999999,1.4951379999999999,2.0043990000000003,30
3.3,200,100,eml_std,199,1.7414399999999999,1.4951379999999999,2.0043990000000003,30
3.3,200,100,eml_mut,0,5.477055999999999,4.05018675,5.97610625,30
3.3,200,100,eml_mut,1,4.2722955,3.8914395,5.36600125,30
3.3,200,100,eml_mut,2,4.082772,3.61966875,4.77574525,30
3.3,200,100,eml_mut,3,4.0507705000000005,3.604026,4.30165825,30
3.3,200,100,eml_mut,4,3.7374775,3.45711625,4.102059,30
3.3,200,100,eml_mut,5,3.5168645,3.198072,4.06216575,30
3.3,200,100,eml_mut,6,3.4589705,2.997192,3.86961325,30
3.3,200,100,eml_mut,7,3.3562475000000003,2.88360475,3.769009,30
3.3,200,100,eml_mut,8,3.3162785,2.86039,3.726772,30
3.3,200,100,eml_mut,9,3.298393,2.719709,3.53892825,30
3.3,200,100,eml_mut,10,3.1596789999999997,2.71164675,3.503312,30
3.3,200,100,eml_mut,11,3.0778109999999996,2.6760907499999997,3.503312,30
3.3,200,100,eml_mut,12,3.0778109999999996,2.6760907499999997,3.4117170000000003,30
3.3,200,100,eml_mut,13,2.9634134999999997,2.60235125,3.29646275,30
3.3,200,100,eml_mut,14,2.9274674999999997,2.4489355,3.29452175,30
3.3,200,100,eml_mut,15,2.9077625,2.4206572499999996,3.29452175,30
3.3,200,100,eml_mut,16,2.8958715,2.4206572499999996,3.215583,30
3.3,200,100,eml_mut,17,2.7867414999999998,2.4206572499999996,3.19811725,30
3.3,200,100,eml_mut,18,2.660546,2.4206572499999996,3.15103975,30
3.3,200,100,eml_mut,19,2.6425650000000003,2.359916,3.11019875,30
3.3,200,100,eml_mut,20,2.6391165,2.359916,3.0692135,30
3.3,200,100,eml_mut,21,2.626609,2.359916,3.0692135,30
3.3,200,100,eml_mut,22,2.626609,2.3335025,3.0692135,30
3.3,200,100,eml_mut,23,2.6265065,2.33076675,2.9480355,30
3.3,200,100,eml_mut,24,2.6040175000000003,2.33076675,2.86600725,30
3.3,200,100,eml_mut,25,2.534216,2.31904775,2.84453075,30
3.3,200,100,eml_mut,26,2.534216,2.31904775,2.83032725,30
3.3,200,100,eml_mut,27,2.518574,2.31904775,2.83032725,30
3.3,200,100,eml_mut,28,2.518574,2.3178815,2.80652275,30
3.3,200,100,eml_mut,29,2.518574,2.3018037500000004,2.80652275,30
3.3,200,100,eml_mut,30,2.3991775,2.18157525,2.7690065,30
3.3,200,100,eml_mut,31,2.3991775,2.15828125,2.7663365,30
3.3,200,100,eml_mut,32,2.3991775,2.15828125,2.6400315,30
3.3,200,100,eml_mut,33,2.3991775,2.134077,2.63389425,30
3.3,200,100,eml_mut,34,2.3991775,2.13328725,2.63389425,30
3.3,200,100,eml_mut,35,2.3991775,2.13263625,2.6119295,30
3.3,200,100,eml_mut,36,2.395049,2.12606125,2.6102619999999996,30
3.3,200,100,eml_mut,37,2.3854794999999998,2.12392,2.597797,30
3.3,200,100,eml_mut,38,2.365828,2.12392,2.59515775,30
3.3,200,100,eml_mut,39,2.321529,2.12392,2.563933,30
3.3,200,100,eml_mut,40,2.321529,2.12388625,2.563933,30
3.3,200,100,eml_mut,41,2.2982035,2.12358,2.563933,30
3.3,200,100,eml_mut,42,2.29008,2.1057145,2.5501465,30
3.3,200,100,eml_mut,43,2.29008,2.0792667500000004,2.5501465,30
3.3,200,100,eml_mut,44,2.29008,2.05584275,2.5487979999999997,30
3.3,200,100,eml_mut,45,2.29008,2.0558115,2.5487979999999997,30
3.3,200,100,eml_mut,46,2.29008,2.0558115,2.5464539999999998,30
3.3,200,100,eml_mut,47,2.29008,2.05479825,2.5464539999999998,30
3.3,200,100,eml_mut,48,2.2669475,2.05479825,2.5464539999999998,30
3.3,200,100,eml_mut,49,2.2669475,2.049519,2.5464539999999998,30
3.3,200,100,eml_mut,50,2.2669475,2.049519,2.5424427499999998,30
3.3,200,100,eml_mut,51,2.2669475,2.0180552499999997,2.5424427499999998,30
3.3,200,100,eml_mut,52,2.260853,1.958708,2.5424427499999998,30
3.3,200,100,eml_mut,53,2.260853,1.9559875,2.5424427499999998,30
3.3,200,100,eml_mut,54,2.260853,1.95589725,2.5424427499999998,30
3.3,200,100,eml_mut,55,2.260853,1.95589725,2.54197775,30
3.3,200,100,eml_mut,56,2.260853,1.95394575,2.5341787499999997,30
3.3,200,100,eml_mut,57,2.2584229999999996,1.95394575,2.5341787499999997,30
3.3,200,100,eml_mut,58,2.2584229999999996,1.95394575,2.5341787499999997,30
3.3,200,100,eml_mut,59,2.2584229999999996,1.95394575,2.5341787499999997,30
3.3,200,100,eml_mut,60,2.2584229999999996,1.95224925,2.5341787499999997,30
3.3,200,100,eml_mut,61,2.2584229999999996,1.95224925,2.5341787499999997,30
3.3,200,100,eml_mut,62,2.2584229999999996,1.95224925,2.5341787499999997,30
3.3,200,100,eml_mut,63,2.258388,1.95224925,2.5341787499999997,30
3.3,200,100,eml_mut,64,2.2483635,1.95224925,2.5341787499999997,30
3.3,200,100,eml_mut,65,2.2483635,1.95224925,2.5341787499999997,30
3.3,200,100,eml_mut,66,2.2483635,1.95224925,2.5341787499999997,30
3.3,200,100,eml_mut,67,2.2483635,1.943883,2.5341787499999997,30
3.3,200,100,eml_mut,68,2.2483635,1.943883,2.5341787499999997,30
3.3,200,100,eml_mut,69,2.2469405,1.871489,2.5341787499999997,30
3.3,200,100,eml_mut,70,2.2388294999999996,1.8713914999999999,2.5341787499999997,30
3.3,200,100,eml_mut,71,2.2388294999999996,1.8713914999999999,2.52803175,30
3.3,200,100,eml_mut,72,2.2388294999999996,1.8713914999999999,2.4724482500000002,30
3.3,200,100,eml_mut,73,2.2388294999999996,1.8713914999999999,2.4724482500000002,30
3.3,200,100,eml_mut,74,2.238167,1.8713914999999999,2.4724482500000002,30
3.3,200,100,eml_mut,75,2.238167,1.8713914999999999,2.4724482500000002,30
3.3,200,100,eml_mut,76,2.2161264999999997,1.8713914999999999,2.4724482500000002,30
3.3,200,100,eml_mut,77,2.210473,1.8713914999999999,2.4724482500000002,30
3.3,200,100,eml_mut,78,2.210473,1.8713914999999999,2.4724482500000002,30
3.3,200,100,eml_mut,79,2.210473,1.8713914999999999,2.4724482500000002,30
3.3,200,100,eml_mut,80,2.210473,1.8713914999999999,2.4724482500000002,30
3.3,200,100,eml_mut,81,2.210473,1.86819425,2.4724482500000002,30
3.3,200,100,eml_mut,82,2.210473,1.83265825,2.4724482500000002,30
3.3,200,100,eml_mut,83,2.210473,1.83265825,2.4724482500000002,30
3.3,200,100,eml_mut,84,2.210473,1.83265825,2.4724482500000002,30
3.3,200,100,eml_mut,85,2.210473,1.83265825,2.47237175,30
3.3,200,100,eml_mut,86,2.210473,1.83265825,2.47237175,30
3.3,200,100,eml_mut,87,2.210473,1.83265825,2.47237175,30
3.3,200,100,eml_mut,88,2.210473,1.8314267499999999,2.47237175,30
3.3,200,100,eml_mut,89,2.210473,1.8314267499999999,2.47237175,30
3.3,200,100,eml_mut,90,2.210473,1.8314267499999999,2.47237175,30
3.3,200,100,eml_mut,91,2.210473,1.8314267499999999,2.47237175,30
3.3,200,100,eml_mut,92,2.210473,1.829974,2.47237175,30
3.3,200,100,eml_mut,93,2.210473,1.829974,2.47237175,30
3.3,200,100,eml_mut,94,2.210473,1.829974,2.47237175,30
3.3,200,100,eml_mut,95,2.210473,1.829974,2.47237175,30
3.3,200,100,eml_mut,96,2.185271,1.829974,2.47237175,30
3.3,200,100,eml_mut,97,2.185271,1.829974,2.47225025,30
3.3,200,100,eml_mut,98,2.185271,1.829974,2.47225025,30
3.3,200,100,eml_mut,99,2.185271,1.829974,2.47225025,30
3.3,200,100,eml_mut,100,2.185271,1.829974,2.4619535,30
3.3,200,100,eml_mut,101,2.185271,1.829974,2.4619535,30
3.3,200,100,eml_mut,102,2.185271,1.829974,2.4619535,30
3.3,200,100,eml_mut,103,2.185271,1.829974,2.45160725,30
3.3,200,100,eml_mut,104,2.185271,1.829974,2.451485,30
3.3,200,100,eml_mut,105,2.185271,1.829974,2.451485,30
3.3,200,100,eml_mut,106,2.185271,1.8241619999999998,2.451485,30
3.3,200,100,eml_mut,107,2.185271,1.8241619999999998,2.451485,30
3.3,200,100,eml_mut,108,2.185271,1.8241619999999998,2.4446335,30
3.3,200,100,eml_mut,109,2.185271,1.8241619999999998,2.4446335,30
3.3,200,100,eml_mut,110,2.185271,1.8241619999999998,2.4446335,30
3.3,200,100,eml_mut,111,2.185271,1.8225255,2.4446335,30
3.3,200,100,eml_mut,112,2.185271,1.8225255,2.43625875,30
3.3,200,100,eml_mut,113,2.185271,1.8225255,2.43625875,30
3.3,200,100,eml_mut,114,2.185271,1.8225255,2.43625875,30
3.3,200,100,eml_mut,115,2.184983,1.812174,2.43625875,30
3.3,200,100,eml_mut,116,2.1749745000000003,1.812174,2.43625875,30
3.3,200,100,eml_mut,117,2.1749745000000003,1.812174,2.43625875,30
3.3,200,100,eml_mut,118,2.165203,1.812174,2.4058365000000004,30
3.3,200,100,eml_mut,119,2.165203,1.812174,2.4058365000000004,30
3.3,200,100,eml_mut,120,2.165203,1.812174,2.4058365000000004,30
3.3,200,100,eml_mut,121,2.165203,1.812174,2.4058365000000004,30
3.3,200,100,eml_mut,122,2.165203,1.812174,2.4058365000000004,30
3.3,200,100,eml_mut,123,2.1516,1.812174,2.4058365000000004,30
3.3,200,100,eml_mut,124,2.1516,1.812174,2.4058365000000004,30
3.3,200,100,eml_mut,125,2.1516,1.8040855,2.4058365000000004,30
3.3,200,100,eml_mut,126,2.1516,1.8040855,2.4039669999999997,30
3.3,200,100,eml_mut,127,2.129307,1.8040855,2.40140175,30
3.3,200,100,eml_mut,128,2.129307,1.8040855,2.40140175,30
3.3,200,100,eml_mut,129,2.129307,1.8040855,2.40140175,30
3.3,200,100,eml_mut,130,2.1291675000000003,1.8040855,2.40140175,30
3.3,200,100,eml_mut,131,2.1291675000000003,1.8040855,2.40140175,30
3.3,200,100,eml_mut,132,2.1291665,1.8040855,2.40140175,30
3.3,200,100,eml_mut,133,2.1291665,1.8040855,2.40140175,30
3.3,200,100,eml_mut,134,2.1291665,1.782966,2.40140175,30
3.3,200,100,eml_mut,135,2.110663,1.782966,2.40140175,30
3.3,200,100,eml_mut,136,2.110663,1.782966,2.40140175,30
3.3,200,100,eml_mut,137,2.110663,1.7823285000000002,2.40140175,30
3.3,200,100,eml_mut,138,2.110663,1.7629665,2.40140175,30
3.3,200,100,eml_mut,139,2.110663,1.7629665,2.40140175,30
3.3,200,100,eml_mut,140,2.0969505,1.7629665,2.40140175,30
3.3,200,100,eml_mut,141,2.061922,1.7629665,2.40140175,30
3.3,200,100,eml_mut,142,2.061922,1.7622312500000001,2.40140175,30
3.3,200,100,eml_mut,143,2.061922,1.7622312500000001,2.40140175,30
3.3,200,100,eml_mut,144,2.061922,1.7622312500000001,2.373292,30
3.3,200,100,eml_mut,145,2.061922,1.7622312500000001,2.373292,30
3.3,200,100,eml_mut,146,2.061922,1.7622312500000001,2.373292,30
3.3,200,100,eml_mut,147,2.061922,1.7622312500000001,2.373292,30
3.3,200,100,eml_mut,148,2.061922,1.7622312500000001,2.3704644999999998,30
3.3,200,100,eml_mut,149,2.061922,1.7622312500000001,2.3704644999999998,30
3.3,200,100,eml_mut,150,2.061922,1.76158425,2.345371,30
3.3,200,100,eml_mut,151,2.061922,1.76158425,2.345371,30
3.3,200,100,eml_mut,152,2.061922,1.76158425,2.345371,30
3.3,200,100,eml_mut,153,2.061922,1.76158425,2.345371,30
3.3,200,100,eml_mut,154,2.061922,1.76158425,2.345371,30
3.3,200,100,eml_mut,155,2.061922,1.76158425,2.345371,30
3.3,200,100,eml_mut,156,2.061922,1.76158425,2.345371,30
3.3,200,100,eml_mut,157,2.061922,1.76158425,2.345371,30
3.3,200,100,eml_mut,158,2.061922,1.76158425,2.345371,30
3.3,200,100,eml_mut,159,2.061922,1.76158425,2.345371,30
3.3,200,100,eml_mut,160,2.061922,1.76158425,2.345371,30
3.3,200,100,eml_mut,161,2.061922,1.76158425,2.345371,30
3.3,200,100,eml_mut,162,2.061922,1.76158425,2.345371,30
3.3,200,100,eml_mut,163,2.061922,1.76158425,2.345371,30
3.3,200,100,eml_mut,164,2.061922,1.76158425,2.345371,30
3.3,200,100,eml_mut,165,2.0615815,1.76158425,2.345371,30
3.3,200,100,eml_mut,166,2.0615815,1.76158425,2.345371,30
3.3,200,100,eml_mut,167,2.0615815,1.76158425,2.345371,30
3.3,200,100,eml_mut,168,2.0615815,1.76158425,2.345371,30
3.3,200,100,eml_mut,169,2.0615815,1.76158425,2.3438395,30
3.3,200,100,eml_mut,170,2.0615815,1.7532075,2.3438395,30
3.3,200,100,eml_mut,171,2.0615815,1.7532075,2.3438395,30
3.3,200,100,eml_mut,172,2.0612345,1.7532075,2.3438395,30
3.3,200,100,eml_mut,173,2.0612345,1.7532075,2.3438395,30
3.3,200,100,eml_mut,174,2.0612345,1.7532075,2.3438395,30
3.3,200,100,eml_mut,175,2.0612345,1.7532075,2.321152,30
3.3,200,100,eml_mut,176,2.0612345,1.7532075,2.321152,30
3.3,200,100,eml_mut,177,2.0612345,1.7532075,2.321152,30
3.3,200,100,eml_mut,178,2.0612345,1.7532075,2.321152,30
3.3,200,100,eml_mut,179,2.0612345,1.7532075,2.321152,30
3.3,200,100,eml_mut,180,2.0612345,1.7532075,2.321152,30
3.3,200,100,eml_mut,181,2.0612345,1.7532075,2.321152,30
3.3,200,100,eml_mut,182,2.0572939999999997,1.7532075,2.321152,30
3.3,200,100,eml_mut,183,2.0572939999999997,1.7532075,2.321152,30
3.3,200,100,eml_mut,184,2.0222275,1.7532075,2.2816377500000002,30
3.3,200,100,eml_mut,185,2.0222275,1.7532075,2.2816377500000002,30
3.3,200,100,eml_mut,186,2.0222275,1.7532075,2.2816377500000002,30
3.3,200,100,eml_mut,187,2.0222275,1.74707275,2.2816377500000002,30
3.3,200,100,eml_mut,188,2.0222275,1.74703325,2.2816377500000002,30
3.3,200,100,eml_mut,189,2.014621,1.7437015,2.2816377500000002,30
3.3,200,100,eml_mut,190,2.014621,1.7437015,2.2816377500000002,30
3.3,200,100,eml_mut,191,2.014621,1.7437015,2.2816377500000002,30
3.3,200,100,eml_mut,192,2.014621,1.7437015,2.2816377500000002,30
3.3,200,100,eml_mut,193,2.014621,1.7437015,2.2816377500000002,30
3.3,200,100,eml_mut,194,2.014621,1.7437015,2.2816377500000002,30
3.3,200,100,eml_mut,195,2.0143965,1.74370025,2.2816377500000002,30
3.3,200,100,eml_mut,196,2.0143965,1.74370025,2.2816377500000002,30
3.3,200,100,eml_mut,197,1.998094,1.74370025,2.2816377500000002,30
3.3,200,100,eml_mut,198,1.998094,1.7436865,2.2816377500000002,30
3.3,200,100,eml_mut,199,1.998094,1.722971,2.2816377500000002,30
3.3,200,100,std_ssc,0,5.623524343017593,4.322623921974758,6.3501700045051575,30
3.3,200,100,std_ssc,1,5.512634925083816,3.9625763789337496,6.111998987461603,30
3.3,200,100,std_ssc,2,4.122798321273015,2.6643276710321775,5.59446465585137,30
3.3,200,100,std_ssc,3,3.534789579252876,0.9194464061138947,5.01489551208916,30
3.3,200,100,std_ssc,4,3.165817862412836,0.9194464061138947,4.530771507631449,30
3.3,200,100,std_ssc,5,2.7135138041232794,0.6413647765351065,3.778139102196568,30
3.3,200,100,std_ssc,6,2.016338819286279,0.41069756630446386,3.679371380211503,30
3.3,200,100,std_ssc,7,1.6865080291252914,0.21170281081048484,3.4465234550586903,30
3.3,200,100,std_ssc,8,1.3145673854725888,0.0315960302837464,3.2360395927569523,30
3.3,200,100,std_ssc,9,1.3145673854725888,4.327009917214136e-30,3.2360395927569523,30
3.3,200,100,std_ssc,10,1.3145673854725883,4.327009917214136e-30,2.4132136639476007,30
3.3,200,100,std_ssc,11,1.1572876561577008,4.327009917214136e-30,2.4132136639476007,30
3.3,200,100,std_ssc,12,1.1572876561577008,4.327009917214136e-30,2.249217152802796,30
3.3,200,100,std_ssc,13,1.0780722320809213,4.327009917214136e-30,2.0846034544528385,30
3.3,200,100,std_ssc,14,1.0780722320809213,4.327009917214136e-30,2.0846034544528385,30
3.3,200,100,std_ssc,15,0.9893208715675292,4.327009917214136e-30,1.7043731743859283,30
3.3,200,100,std_ssc,16,0.9893208715675292,4.327009917214136e-30,1.7043731743859283,30
3.3,200,100,std_ssc,17,0.9893208715675292,4.327009917214136e-30,1.4874086286786057,30
3.3,200,100,std_ssc,18,0.9893208715675292,4.327009917214136e-30,1.380981863080361,30
3.3,200,100,std_ssc,19,0.7349237128001077,4.327009917214136e-30,1.3199073165372401,30
3.3,200,100,std_ssc,20,0.7349237128001077,4.327009917214136e-30,1.2820856461424652,30
3.3,200,100,std_ssc,21,0.7349237128001077,4.327009917214136e-30,1.2820856461424652,30
3.3,200,100,std_ssc,22,0.5184259334010768,4.327009917214136e-30,1.2105364585160472,30
3.3,200,100,std_ssc,23,0.5184259334010768,4.327009917214136e-30,1.2105364585160472,30
3.3,200,100,std_ssc,24,0.5184259334010768,4.327009917214136e-30,1.1613811328080812,30
3.3,200,100,std_ssc,25,0.5151407347327773,4.327009917214136e-30,1.1613811328080812,30
3.3,200,100,std_ssc,26,0.5151407347327773,4.327009917214136e-30,1.1613811328080812,30
3.3,200,100,std_ssc,27,0.5151407347327773,4.327009917214136e-30,1.1613811328080812,30
3.3,200,100,std_ssc,28,0.5151407347327773,4.327009917214136e-30,1.1613811328080812,30
3.3,200,100,std_ssc,29,0.5151407347327773,4.327009917214136e-30,1.126663326257725,30
3.3,200,100,std_ssc,30,0.5151407347327772,4.327009917214136e-30,1.126663326257725,30
3.3,200,100,std_ssc,31,0.47714414361580054,4.327009917214136e-30,1.126663326257725,30
3.3,200,100,std_ssc,32,0.47714414361580054,4.327009917214136e-30,1.126663326257725,30
3.3,200,100,std_ssc,33,0.47714414361580054,4.327009917214136e-30,1.126663326257725,30
3.3,200,100,std_ssc,34,0.43229630831329346,4.327009917214136e-30,1.126663326257725,30
3.3,200,100,std_ssc,35,0.43229630831329346,4.327009917214136e-30,1.126663326257725,30
3.3,200,100,std_ssc,36,0.43229630831329346,4.327009917214136e-30,1.126663326257725,30
3.3,200,100,std_ssc,37,0.3781332003522433,4.327009917214136e-30,1.126663326257725,30
3.3,200,100,std_ssc,38,0.3781332003522433,4.327009917214136e-30,1.126663326257725,30
3.3,200,100,std_ssc,39,0.3580746061833203,4.327009917214136e-30,1.126663326257725,30
3.3,200,100,std_ssc,40,0.3580746061833203,4.327009917214136e-30,1.10798122865959,30
3.3,200,100,std_ssc,41,0.3580746061833203,4.327009917214136e-30,1.10798122865959,30
3.3,200,100,std_ssc,42,0.3580746061833203,4.327009917214136e-30,1.10798122865959,30
3.3,200,100,std_ssc,43,0.3580746061833203,4.327009917214136e-30,1.10798122865959,30
3.3,200,100,std_ssc,44,0.3580746061833203,4.327009917214136e-30,1.10798122865959,30
3.3,200,100,std_ssc,45,0.3580746061833203,4.327009917214136e-30,1.10798122865959,30
3.3,200,100,std_ssc,46,0.3580746061833203,4.327009917214136e-30,1.10798122865959,30
3.3,200,100,std_ssc,47,0.3529930316091342,4.327009917214136e-30,1.10798122865959,30
3.3,200,100,std_ssc,48,0.3529930316091342,4.327009917214136e-30,1.10798122865959,30
3.3,200,100,std_ssc,49,0.3529930316091342,4.327009917214136e-30,1.10798122865959,30
3.3,200,100,std_ssc,50,0.3529930316091342,4.327009917214136e-30,1.10798122865959,30
3.3,200,100,std_ssc,51,0.3529930316091342,4.327009917214136e-30,1.10798122865959,30
3.3,200,100,std_ssc,52,0.3529930316091342,4.327009917214136e-30,1.0970708772575744,30
3.3,200,100,std_ssc,53,0.3529930316091342,4.327009917214136e-30,1.0970708772575744,30
3.3,200,100,std_ssc,54,0.3529930316091342,4.327009917214136e-30,1.0970708772575744,30
3.3,200,100,std_ssc,55,0.3529930316091342,4.327009917214136e-30,1.0970708772575744,30
3.3,200,100,std_ssc,56,0.3529930316091342,4.327009917214136e-30,1.0959118978701845,30
3.3,200,100,std_ssc,57,0.3529930316091342,4.327009917214136e-30,1.0959118978701845,30
3.3,200,100,std_ssc,58,0.3529930316091342,4.327009917214136e-30,1.0917686504464945,30
3.3,200,100,std_ssc,59,0.18879805998004806,3.9173569143231925e-30,1.0917686504464945,30
3.3,200,100,std_ssc,60,0.18879805998004806,3.9173569143231925e-30,1.0877381527290761,30
3.3,200,100,std_ssc,61,0.18879805998004806,3.9173569143231925e-30,1.0240004808678502,30
3.3,200,100,std_ssc,62,0.18879805998004806,3.9173569143231925e-30,1.0240004808678502,30
3.3,200,100,std_ssc,63,0.18879805998004806,3.9173569143231925e-30,1.0240004808678502,30
3.3,200,100,std_ssc,64,0.18879805998004806,3.9173569143231925e-30,1.0240004808678502,30
3.3,200,100,std_ssc,65,0.18879805998004806,3.9173569143231925e-30,1.0240004808678502,30
3.3,200,100,std_ssc,66,0.18879805998004806,3.9173569143231925e-30,1.0240004808678502,30
3.3,200,100,std_ssc,67,0.18879805998004806,3.9173569143231925e-30,1.0240004808678502,30
3.3,200,100,std_ssc,68,0.18879805998004806,3.9173569143231925e-30,1.0240004808678502,30
3.3,200,100,std_ssc,69,0.18879805998004806,3.9173569143231925e-30,1.0240004808678502,30
3.3,200,100,std_ssc,70,0.18879805998004806,3.9173569143231925e-30,1.0240004808678502,30
3.3,200,100,std_ssc,71,0.18879805998004806,3.9173569143231925e-30,1.0240004808678502,30
3.3,200,100,std_ssc,72,0.18879805998004806,3.9173569143231925e-30,1.0240004808678502,30
3.3,200,100,std_ssc,73,0.18879805998004806,3.9173569143231925e-30,1.0240004808678502,30
3.3,200,100,std_ssc,74,0.18879805998004806,3.9173569143231925e-30,1.0240004808678502,30
3.3,200,100,std_ssc,75,0.18879805998004806,3.9173569143231925e-30,1.0240004808678502,30
3.3,200,100,std_ssc,76,0.17680915008125575,3.9173569143231925e-30,1.0240004808678502,30
3.3,200,100,std_ssc,77,0.17680915008125575,3.9173569143231925e-30,1.0240004808678502,30
3.3,200,100,std_ssc,78,0.17680915008125575,3.9173569143231925e-30,1.0240004808678502,30
3.3,200,100,std_ssc,79,0.17680915008125575,3.9173569143231925e-30,1.0240004808678502,30
3.3,200,100,std_ssc,80,0.17680915008125575,3.9173569143231925e-30,1.0240004808678502,30
3.3,200,100,std_ssc,81,0.17680915008125575,3.9173569143231925e-30,0.9846525223736807,30
3.3,200,100,std_ssc,82,0.17680915008125575,3.9173569143231925e-30,0.9846525223736807,30
3.3,200,100,std_ssc,83,0.17680915008125575,3.9173569143231925e-30,0.9846525223736807,30
3.3,200,100,std_ssc,84,0.17680915008125575,3.9173569143231925e-30,0.9846525223736807,30
3.3,200,100,std_ssc,85,0.17680915008125575,3.9173569143231925e-30,0.9309259043744966,30
3.3,200,100,std_ssc,86,0.17680915008125575,3.9173569143231925e-30,0.9309259043744966,30
3.3,200,100,std_ssc,87,0.17680915008125575,3.9173569143231925e-30,0.9309259043744966,30
3.3,200,100,std_ssc,88,0.17680915008125575,3.9173569143231925e-30,0.9309259043744966,30
3.3,200,100,std_ssc,89,0.17680915008125575,3.9173569143231925e-30,0.9309259043744966,30
3.3,200,100,std_ssc,90,0.17680915008125575,3.9173569143231925e-30,0.9309259043744966,30
3.3,200,100,std_ssc,91,0.17680915008125575,3.9173569143231925e-30,0.9309259043744966,30
3.3,200,100,std_ssc,92,0.17680915008125575,3.9173569143231925e-30,0.9309259043744966,30
3.3,200,100,std_ssc,93,0.17680915008125575,3.9173569143231925e-30,0.9309259043744966,30
3.3,200,100,std_ssc,94,0.17680915008125575,3.9173569143231925e-30,0.9309259043744966,30
3.3,200,100,std_ssc,95,0.17680915008125575,3.9173569143231925e-30,0.9309259043744966,30
3.3,200,100,std_ssc,96,0.17680915008125575,3.9173569143231925e-30,0.9309259043744966,30
3.3,200,100,std_ssc,97,0.17680915008125575,3.9173569143231925e-30,0.9309259043744966,30
3.3,200,100,std_ssc,98,0.17680915008125575,3.9173569143231925e-30,0.9309259043744966,30
3.3,200,100,std_ssc,99,0.17680915008125575,3.9173569143231925e-30,0.9309259043744966,30
3.3,200,100,std_ssc,100,0.17680915008125575,3.9173569143231925e-30,0.9309259043744966,30
3.3,200,100,std_ssc,101,0.17680915008125575,3.9173569143231925e-30,0.9309259043744966,30
3.3,200,100,std_ssc,102,0.17680915008125575,3.9173569143231925e-30,0.9309259043744966,30
3.3,200,100,std_ssc,103,0.17680915008125575,3.9173569143231925e-30,0.9309259043744966,30
3.3,200,100,std_ssc,104,0.17680915008125575,3.9173569143231925e-30,0.9309259043744966,30
3.3,200,100,std_ssc,105,0.17680915008125575,3.9173569143231925e-30,0.9309259043744966,30
3.3,200,100,std_ssc,106,0.17680915008125575,3.9173569143231925e-30,0.9309259043744966,30
3.3,200,100,std_ssc,107,0.17680915008125575,3.9173569143231925e-30,0.9309259043744966,30
3.3,200,100,std_ssc,108,0.17680915008125575,3.9173569143231925e-30,0.9309259043744966,30
3.3,200,100,std_ssc,109,0.17680915008125575,3.9173569143231925e-30,0.9309259043744966,30
3.3,200,100,std_ssc,110,0.17680915008125575,3.9173569143231925e-30,0.9309259043744966,30
3.3,200,100,std_ssc,111,0.17680915008125575,3.9173569143231925e-30,0.9309259043744966,30
3.3,200,100,std_ssc,112,0.17680915008125575,3.9173569143231925e-30,0.9309259043744966,30
3.3,200,100,std_ssc,113,0.17680915008125575,3.9173569143231925e-30,0.9309259043744966,30
3.3,200,100,std_ssc,114,0.17680915008125575,3.9173569143231925e-30,0.9309259043744966,30
3.3,200,100,std_ssc,115,0.17680915008125575,3.9173569143231925e-30,0.9309259043744966,30
3.3,200,100,std_ssc,116,0.17680915008125575,3.9173569143231925e-30,0.9309259043744966,30
3.3,200,100,std_ssc,117,0.17680915008125575,3.9173569143231925e-30,0.925852468056479,30
3.3,200,100,std_ssc,118,0.17680915008125575,3.9173569143231925e-30,0.925852468056479,30
3.3,200,100,std_ssc,119,0.17680915008125575,3.9173569143231925e-30,0.925852468056479,30
3.3,200,100,std_ssc,120,0.17680915008125575,3.9173569143231925e-30,0.925852468056479,30
3.3,200,100,std_ssc,121,0.17680915008125575,3.9173569143231925e-30,0.8514968771939352,30
3.3,200,100,std_ssc,122,0.17680915008125575,3.9173569143231925e-30,0.8514968771939352,30
3.3,200,100,std_ssc,123,0.17680915008125575,3.9173569143231925e-30,0.8514968771939352,30
3.3,200,100,std_ssc,124,0.17680915008125575,3.9173569143231925e-30,0.8514968771939352,30
3.3,200,100,std_ssc,125,0.17680915008125575,3.9173569143231925e-30,0.8364632339437352,30
3.3,200,100,std_ssc,126,0.17680915008125575,3.9173569143231925e-30,0.8364632339437352,30
3.3,200,100,std_ssc,127,0.17680915008125575,3.9173569143231925e-30,0.8364632339437352,30
3.3,200,100,std_ssc,128,0.17680915008125575,3.9173569143231925e-30,0.8364632339437352,30
3.3,200,100,std_ssc,129,0.17680915008125575,3.9173569143231925e-30,0.8364632339437352,30
3.3,200,100,std_ssc,130,0.17680915008125575,3.9173569143231925e-30,0.8364632339437352,30
3.3,200,100,std_ssc,131,0.17680915008125575,3.9173569143231925e-30,0.8255215193742693,30
3.3,200,100,std_ssc,132,0.17680915008125575,3.9173569143231925e-30,0.8255215193742693,30
3.3,200,100,std_ssc,133,0.17680915008125575,3.9173569143231925e-30,0.8046978885985469,30
3.3,200,100,std_ssc,134,0.17680915008125575,3.9173569143231925e-30,0.8046978885985469,30
3.3,200,100,std_ssc,135,0.17680915008125575,3.9173569143231925e-30,0.8046978885985469,30
3.3,200,100,std_ssc,136,0.17680915008125575,3.9173569143231925e-30,0.8037715522291422,30
3.3,200,100,std_ssc,137,0.17680915008125575,3.9173569143231925e-30,0.8037715522291422,30
3.3,200,100,std_ssc,138,0.17680915008125575,3.9173569143231925e-30,0.8037715522291422,30
3.3,200,100,std_ssc,139,0.17680915008125575,3.9173569143231925e-30,0.8037715522291422,30
3.3,200,100,std_ssc,140,0.17680915008125575,3.9173569143231925e-30,0.8037715522291422,30
3.3,200,100,std_ssc,141,0.17680915008125575,3.9173569143231925e-30,0.8037715522291422,30
3.3,200,100,std_ssc,142,0.17680915008125575,3.9173569143231925e-30,0.8037715522291422,30
3.3,200,100,std_ssc,143,0.17680915008125575,3.9173569143231925e-30,0.8037715522291422,30
3.3,200,100,std_ssc,144,0.17680915008125575,3.9173569143231925e-30,0.8037715522291422,30
3.3,200,100,std_ssc,145,0.17680915008125575,3.9173569143231925e-30,0.8037715522291422,30
3.3,200,100,std_ssc,146,0.17680915008125575,3.9173569143231925e-30,0.8037715522291422,30
3.3,200,100,std_ssc,147,0.17680915008125575,3.9173569143231925e-30,0.8037715522291422,30
3.3,200,100,std_ssc,148,0.17680915008125575,3.9173569143231925e-30,0.8037715522291422,30
3.3,200,100,std_ssc,149,0.17680915008125575,3.9173569143231925e-30,0.8037715522291422,30
3.3,200,100,std_ssc,150,0.17680915008125575,3.9173569143231925e-30,0.8037715522291422,30
3.3,200,100,std_ssc,151,0.17680915008125575,3.9173569143231925e-30,0.8037715522291422,30
3.3,200,100,std_ssc,152,0.17680915008125575,3.9173569143231925e-30,0.8037715522291422,30
3.3,200,100,std_ssc,153,0.17680915008125575,3.9173569143231925e-30,0.8037715522291422,30
3.3,200,100,std_ssc,154,0.17680915008125575,3.9173569143231925e-30,0.8037715522291422,30
3.3,200,100,std_ssc,155,0.17680915008125575,3.9173569143231925e-30,0.8037715522291422,30
3.3,200,100,std_ssc,156,0.17680915008125575,3.9173569143231925e-30,0.8037715522291422,30
3.3,200,100,std_ssc,157,0.17680915008125575,3.9173569143231925e-30,0.8037715522291422,30
3.3,200,100,std_ssc,158,0.17680915008125575,3.9173569143231925e-30,0.8037715522291422,30
3.3,200,100,std_ssc,159,0.17680915008125575,3.9173569143231925e-30,0.7087242483078968,30
3.3,200,100,std_ssc,160,0.17680915008125575,3.9173569143231925e-30,0.7087242483078968,30
3.3,200,100,std_ssc,161,0.17680915008125575,3.9173569143231925e-30,0.7087242483078968,30
3.3,200,100,std_ssc,162,0.17680915008125575,3.9173569143231925e-30,0.7087242483078968,30
3.3,200,100,std_ssc,163,0.17680915008125575,3.9173569143231925e-30,0.7087242483078968,30
3.3,200,100,std_ssc,164,0.17680915008125575,3.9173569143231925e-30,0.7087242483078968,30
3.3,200,100,std_ssc,165,0.17680915008125575,3.9173569143231925e-30,0.7087242483078968,30
3.3,200,100,std_ssc,166,0.17680915008125575,3.9173569143231925e-30,0.7087242483078968,30
3.3,200,100,std_ssc,167,0.17680915008125575,3.9173569143231925e-30,0.7087242483078968,30
3.3,200,100,std_ssc,168,0.17680915008125575,3.9173569143231925e-30,0.7087242483078968,30
3.3,200,100,std_ssc,169,0.17680915008125575,3.9173569143231925e-30,0.7087242483078968,30
3.3,200,100,std_ssc,170,0.17680915008125575,3.9173569143231925e-30,0.7087242483078968,30
3.3,200,100,std_ssc,171,0.17680915008125575,3.9173569143231925e-30,0.7087242483078968,30
3.3,200,100,std_ssc,172,0.17680915008125575,3.9173569143231925e-30,0.7087242483078968,30
3.3,200,100,std_ssc,173,0.17680915008125575,3.9173569143231925e-30,0.7087242483078968,30
3.3,200,100,std_ssc,174,0.17680915008125575,3.9173569143231925e-30,0.7087242483078968,30
3.3,200,100,std_ssc,175,0.17680915008125575,3.9173569143231925e-30,0.7087242483078968,30
3.3,200,100,std_ssc,176,0.17680915008125575,3.9173569143231925e-30,0.7087242483078968,30
3.3,200,100,std_ssc,177,0.17680915008125575,3.9173569143231925e-30,0.7087242483078968,30
3.3,200,100,std_ssc,178,0.17680915008125575,3.9173569143231925e-30,0.7087242483078968,30
3.3,200,100,std_ssc,179,0.17680915008125575,3.9173569143231925e-30,0.7087242483078968,30
3.3,200,100,std_ssc,180,0.17680915008125575,3.9173569143231925e-30,0.7087242483078968,30
3.3,200,100,std_ssc,181,0.17680915008125575,3.9173569143231925e-30,0.7087242483078968,30
3.3,200,100,std_ssc,182,0.17680915008125575,3.9173569143231925e-30,0.7087242483078968,30
3.3,200,100,std_ssc,183,0.17680915008125575,3.9173569143231925e-30,0.7087242483078968,30
3.3,200,100,std_ssc,184,0.17680915008125575,3.9173569143231925e-30,0.7087242483078968,30
3.3,200,100,std_ssc,185,0.17680915008125575,3.9173569143231925e-30,0.7087242483078968,30
3.3,200,100,std_ssc,186,0.17680915008125575,3.9173569143231925e-30,0.7087242483078968,30
3.3,200,100,std_ssc,187,0.17680915008125575,3.9173569143231925e-30,0.7087242483078968,30
3.3,200,100,std_ssc,188,0.17680915008125575,3.9173569143231925e-30,0.7087242483078968,30
3.3,200,100,std_ssc,189,0.17680915008125575,3.9173569143231925e-30,0.7087242483078968,30
3.3,200,100,std_ssc,190,0.17680915008125575,3.9173569143231925e-30,0.7087242483078968,30
3.3,200,100,std_ssc,191,0.17680915008125575,3.9173569143231925e-30,0.7087242483078968,30
3.3,200,100,std_ssc,192,0.17680915008125575,3.9173569143231925e-30,0.7087242483078968,30
3.3,200,100,std_ssc,193,0.17680915008125575,3.9173569143231925e-30,0.7087242483078968,30
3.3,200,100,std_ssc,194,0.17680915008125575,3.9173569143231925e-30,0.7087242483078968,30
3.3,200,100,std_ssc,195,0.17680915008125575,3.9173569143231925e-30,0.7087242483078968,30
3.3,200,100,std_ssc,196,0.17680915008125575,3.9173569143231925e-30,0.7087242483078968,30
3.3,200,100,std_ssc,197,0.17680915008125575,3.9173569143231925e-30,0.7087242483078968,30
3.3,200,100,std_ssc,198,0.17680915008125575,3.9173569143231925e-30,0.7087242483078968,30
3.3,200,100,std_ssc,199,0.17680915008125575,3.9173569143231925e-30,0.7087242483078968,30
3.3,200,100,eml_ssc,0,5.4770560292356585,4.050186750171218,5.976106397797155,30
3.3,200,100,eml_ssc,1,5.439969453635911,4.03568433861245,5.706254833100619,30
3.3,200,100,eml_ssc,2,4.206624002705651,3.8319318759674954,5.471316030961342,30
3.3,200,100,eml_ssc,3,4.196701167338369,3.728641249326234,4.943183835527079,30
3.3,200,100,eml_ssc,4,4.034065704178948,3.7252850108709055,4.589561869041965,30
3.3,200,100,eml_ssc,5,4.00029810130562,3.61936865946279,4.589561869041965,30
3.3,200,100,eml_ssc,6,3.683941492780307,3.3577728885807376,4.165605035676606,30
3.3,200,100,eml_ssc,7,3.640929418012362,3.2837038992604457,4.047776895096772,30
3.3,200,100,eml_ssc,8,3.617159000067714,3.2812388314854353,3.9848635172936415,30
3.3,200,100,eml_ssc,9,3.6061228400411416,3.1779179548372674,3.8600696919171487,30
3.3,200,100,eml_ssc,10,3.4626694180850572,3.160327824860893,3.8600696919171487,30
3.3,200,100,eml_ssc,11,3.3833449456650904,3.1287034032349466,3.7404429525150475,30
3.3,200,100,eml_ssc,12,3.3314894635525993,3.1267002158116473,3.7404429525150475,30
3.3,200,100,eml_ssc,13,3.2901586520639956,3.1210288711569234,3.734103281851085,30
3.3,200,100,eml_ssc,14,3.271568463993519,3.1148281996916,3.664910696198683,30
3.3,200,100,eml_ssc,15,3.271568463993519,3.0731004141592724,3.664910696198683,30
3.3,200,100,eml_ssc,16,3.2295702003053375,3.0231467648361523,3.663512174336089,30
3.3,200,100,eml_ssc,17,3.2115997502829297,3.0197017823405186,3.656161786929882,30
3.3,200,100,eml_ssc,18,3.1653140396060397,2.979220954308727,3.656161786929882,30
3.3,200,100,eml_ssc,19,3.1653140396060397,2.979220954308727,3.656161786584362,30
3.3,200,100,eml_ssc,20,3.1218186365556546,2.974771437758199,3.641768145454724,30
3.3,200,100,eml_ssc,21,3.1218186365556546,2.974771437758199,3.629582897461136,30
3.3,200,100,eml_ssc,22,3.1218186365556546,2.9281573477849667,3.610971872122163,30
3.3,200,100,eml_ssc,23,3.117711786952186,2.8865331256265323,3.600290779573035,30
3.3,200,100,eml_ssc,24,3.117711786952186,2.8324525668095704,3.599626052294999,30
3.3,200,100,eml_ssc,25,3.1169076463187873,2.806521208494379,3.599626052294999,30
3.3,200,100,eml_ssc,26,3.1169076463187873,2.778859239273298,3.599626052294999,30
3.3,200,100,eml_ssc,27,3.1168469567202375,2.778859239273298,3.5400813797031248,30
3.3,200,100,eml_ssc,28,3.075325301274866,2.714914282012076,3.4894435768591716,30
3.3,200,100,eml_ssc,29,3.075325301274866,2.714914282012076,3.4882819375061103,30
3.3,200,100,eml_ssc,30,2.9811729331164285,2.695518705773016,3.3689419904313813,30
3.3,200,100,eml_ssc,31,2.9811729331164285,2.6820814616807502,3.3689419904313813,30
3.3,200,100,eml_ssc,32,2.9811729331164285,2.5939930707565417,3.3689419904313813,30
3.3,200,100,eml_ssc,33,2.9731034650455483,2.5925738992767133,3.3008204180972474,30
3.3,200,100,eml_ssc,34,2.9731034650455483,2.5920829113224535,3.300811708258912,30
3.3,200,100,eml_ssc,35,2.9731034650455483,2.591761898715312,3.300811708258912,30
3.3,200,100,eml_ssc,36,2.9731034650455483,2.591761898715312,3.300811708258912,30
3.3,200,100,eml_ssc,37,2.9731034650455483,2.591761898715312,3.300811708258912,30
3.3,200,100,eml_ssc,38,2.9731034650455483,2.572891333360373,3.300811708258912,30
3.3,200,100,eml_ssc,39,2.9513842296062043,2.5555536245147517,3.276619967191796,30
3.3,200,100,eml_ssc,40,2.9513842296062043,2.554286106752161,3.276619967191796,30
3.3,200,100,eml_ssc,41,2.9111016879124922,2.5513170002796643,3.2661255811088266,30
3.3,200,100,eml_ssc,42,2.9111016879124922,2.5513170002796643,3.2661255811088266,30
3.3,200,100,eml_ssc,43,2.8167501947291176,2.5383852539052043,3.173152566107951,30
3.3,200,100,eml_ssc,44,2.8027719822603867,2.443808461846964,3.173152566107951,30
3.3,200,100,eml_ssc,45,2.8027719822603867,2.443808461846964,3.173152566107951,30
3.3,200,100,eml_ssc,46,2.8027719822603867,2.443097966480119,3.173152566107951,30
3.3,200,100,eml_ssc,47,2.8027719822603867,2.443097966480119,3.173152566107951,30
3.3,200,100,eml_ssc,48,2.8027719822603867,2.4406165788356304,3.173152566107951,30
3.3,200,100,eml_ssc,49,2.8027719822603867,2.4406165788356304,3.1551997066494137,30
3.3,200,100,eml_ssc,50,2.8027719822603867,2.438796695008845,3.1551997066494137,30
3.3,200,100,eml_ssc,51,2.8013242495029234,2.438796695008845,3.1551997066494137,30
3.3,200,100,eml_ssc,52,2.8013242495029234,2.43860764338927,3.1551997066494137,30
3.3,200,100,eml_ssc,53,2.8013242495029234,2.4361884453093503,3.1551997066494137,30
3.3,200,100,eml_ssc,54,2.8013242495029234,2.4361884453093503,3.1551997066494137,30
3.3,200,100,eml_ssc,55,2.8013242447113393,2.387104708097088,3.1551997066494137,30
3.3,200,100,eml_ssc,56,2.7978033628195718,2.387104708097088,3.1551997066494137,30
3.3,200,100,eml_ssc,57,2.7978033628195718,2.387104708097088,3.0840790848608726,30
3.3,200,100,eml_ssc,58,2.7978033628195718,2.387104708097088,3.0840790848608726,30
3.3,200,100,eml_ssc,59,2.7978033628195718,2.387104708097088,3.0840790848608726,30
3.3,200,100,eml_ssc,60,2.7978033628195718,2.387104708097088,3.0840790848608726,30
3.3,200,100,eml_ssc,61,2.7593652112016978,2.387104708097088,3.0840790848608726,30
3.3,200,100,eml_ssc,62,2.7593652112016978,2.387104708097088,3.0840790848608726,30
3.3,200,100,eml_ssc,63,2.7593652112016978,2.387104708097088,3.0840790848608726,30
3.3,200,100,eml_ssc,64,2.7593652112016978,2.38701349486744,3.0840790848608726,30
3.3,200,100,eml_ssc,65,2.7593652112016978,2.3843682008120264,3.0840790848608726,30
3.3,200,100,eml_ssc,66,2.7593652112016978,2.3843682008120264,3.0840790848608726,30
3.3,200,100,eml_ssc,67,2.7593652063893988,2.3843682008120264,3.0840790848608726,30
3.3,200,100,eml_ssc,68,2.759364969926333,2.3843681995180166,3.0840790848608726,30
3.3,200,100,eml_ssc,69,2.759364969926333,2.3843681995180166,3.0840790848608726,30
3.3,200,100,eml_ssc,70,2.7398609356443586,2.3843681995180166,3.0840790848608726,30
3.3,200,100,eml_ssc,71,2.7398609356443586,2.3843681995180166,3.0840790848608726,30
3.3,200,100,eml_ssc,72,2.7398609356443586,2.3235307010646675,3.0840790848608726,30
3.3,200,100,eml_ssc,73,2.733769955703167,2.3235307010646675,3.0840790848608726,30
3.3,200,100,eml_ssc,74,2.733769955703167,2.3235307010646675,3.0840790848608726,30
3.3,200,100,eml_ssc,75,2.733769955703167,2.3234684103143612,3.0840790848608726,30
3.3,200,100,eml_ssc,76,2.733769955703167,2.3234684103143612,3.0840790848608726,30
3.3,200,100,eml_ssc,77,2.725796346328063,2.3234684103143612,3.0840790848608726,30
3.3,200,100,eml_ssc,78,2.725796346328063,2.3132968510353664,3.0840790848608726,30
3.3,200,100,eml_ssc,79,2.725796346328063,2.3132968510353664,3.0840790848608726,30
3.3,200,100,eml_ssc,80,2.725796346328063,2.3132968510353664,3.0840790848608726,30
3.3,200,100,eml_ssc,81,2.725796346328063,2.3132968510353664,3.0840790848608726,30
3.3,200,100,eml_ssc,82,2.725796346328063,2.3132968510353664,3.081040406347353,30
3.3,200,100,eml_ssc,83,2.725796346328063,2.3132968510353664,3.081040406347353,30
3.3,200,100,eml_ssc,84,2.725796346328063,2.3132745725838446,3.009457453731609,30
3.3,200,100,eml_ssc,85,2.7105153302881977,2.3132745725838446,3.009457453731609,30
3.3,200,100,eml_ssc,86,2.7105153302881977,2.3132745725838446,3.009457453731609,30
3.3,200,100,eml_ssc,87,2.7105153302881977,2.3068072111735765,3.009457453731609,30
3.3,200,100,eml_ssc,88,2.7105153302881977,2.3068072111735765,3.009457453731609,30
3.3,200,100,eml_ssc,89,2.7105153302881977,2.3068072111735765,3.009457453731609,30
3.3,200,100,eml_ssc,90,2.7105153302881977,2.3068072111735765,3.009457453731609,30
3.3,200,100,eml_ssc,91,2.646229610918545,2.3068072111735765,3.009457453731609,30
3.3,200,100,eml_ssc,92,2.646229610918545,2.306346047438141,3.009457453731609,30
3.3,200,100,eml_ssc,93,2.646229610918545,2.306346047438141,3.009457453731609,30
3.3,200,100,eml_ssc,94,2.6276546852905738,2.306346047438141,3.009457453731609,30
3.3,200,100,eml_ssc,95,2.6276546852905738,2.306346047438141,3.009457453731609,30
3.3,200,100,eml_ssc,96,2.6276546852905738,2.306346047438141,3.009457453731609,30
3.3,200,100,eml_ssc,97,2.6276546852905738,2.306346047438141,3.009457453731609,30
3.3,200,100,eml_ssc,98,2.6276546852905738,2.2925521587401225,3.009457453731609,30
3.3,200,100,eml_ssc,99,2.6276546852905738,2.2925521587401225,3.009457453731609,30
3.3,200,100,eml_ssc,100,2.6276546852905738,2.2925521587401225,3.009457453731609,30
3.3,200,100,eml_ssc,101,2.6276546852905738,2.2925521587401225,3.009457453731609,30
3.3,200,100,eml_ssc,102,2.6276546852905738,2.2925521587401225,2.9595493791098235,30
3.3,200,100,eml_ssc,103,2.6255268228934767,2.2925521587401225,2.9595493791098235,30
3.3,200,100,eml_ssc,104,2.6255268228934767,2.2693102141373283,2.9595493791098235,30
3.3,200,100,eml_ssc,105,2.6255268228934767,2.2693102141373283,2.9595493791098235,30
3.3,200,100,eml_ssc,106,2.6255268228934767,2.2693102141373283,2.9595493791098235,30
3.3,200,100,eml_ssc,107,2.6255268228934767,2.2008880859595177,2.9595493791098235,30
3.3,200,100,eml_ssc,108,2.6255268228934767,2.193264603564902,2.9595493791098235,30
3.3,200,100,eml_ssc,109,2.6255268228934767,2.193264603564902,2.9595493791098235,30
3.3,200,100,eml_ssc,110,2.6255268228934767,2.193264603564902,2.9595493791098235,30
3.3,200,100,eml_ssc,111,2.6255268228934767,2.193264603564902,2.9595493791098235,30
3.3,200,100,eml_ssc,112,2.6255268228934767,2.193264603564902,2.9595493791098235,30
3.3,200,100,eml_ssc,113,2.6255268228934767,2.193264603564902,2.9595493791098235,30
3.3,200,100,eml_ssc,114,2.6255268228934767,2.1688626689992727,2.9595493791098235,30
3.3,200,100,eml_ssc,115,2.6255268228934767,2.1688626689992727,2.949643803003387,30
3.3,200,100,eml_ssc,116,2.6255268228934767,2.1688626689992727,2.949643803003387,30
3.3,200,100,eml_ssc,117,2.6255268228934767,2.1688626689992727,2.9435050712757906,30
3.3,200,100,eml_ssc,118,2.6255268228934767,2.1688626689992727,2.9435050712757906,30
3.3,200,100,eml_ssc,119,2.620584864751706,2.1688626689992727,2.9435050712757906,30
3.3,200,100,eml_ssc,120,2.620584864751706,2.1688626689992727,2.9435050712757906,30
3.3,200,100,eml_ssc,121,2.620584864751706,2.1688626689992727,2.9435050712757906,30
3.3,200,100,eml_ssc,122,2.564685769596202,2.1688626689992727,2.9435050712757906,30
3.3,200,100,eml_ssc,123,2.5628393377817558,2.1688626689992727,2.9435050712757906,30
3.3,200,100,eml_ssc,124,2.5628393377817558,2.1688626689992727,2.9435050712757906,30
3.3,200,100,eml_ssc,125,2.5628393377817558,2.1688626689992727,2.9435050712757906,30
3.3,200,100,eml_ssc,126,2.5628393377817558,2.1688626689992727,2.9435050712757906,30
3.3,200,100,eml_ssc,127,2.519973442046858,2.1688626689992727,2.9435050712757906,30
3.3,200,100,eml_ssc,128,2.519973442046858,2.1688626689992727,2.9435050712757906,30
3.3,200,100,eml_ssc,129,2.519973442046858,2.1557007593277158,2.9435050712757906,30
3.3,200,100,eml_ssc,130,2.519973442046858,2.1557007593277158,2.8524010264900173,30
3.3,200,100,eml_ssc,131,2.519973442046858,2.1557007593277158,2.8524010264900173,30
3.3,200,100,eml_ssc,132,2.519973442046858,2.1557007593277158,2.8524010264900173,30
3.3,200,100,eml_ssc,133,2.519973442046858,2.1291093585358003,2.8524010264900173,30
3.3,200,100,eml_ssc,134,2.4767766165165552,2.0460002430571915,2.7819735756134194,30
3.3,200,100,eml_ssc,135,2.4767766165165552,2.041716216120548,2.7819735756134194,30
3.3,200,100,eml_ssc,136,2.4767766165165552,2.014945734007388,2.7819735756134194,30
3.3,200,100,eml_ssc,137,2.4767766165165552,2.014945734007388,2.7819735756134194,30
3.3,200,100,eml_ssc,138,2.4767766165165552,2.014945734007388,2.7819735756134194,30
3.3,200,100,eml_ssc,139,2.4767766165165552,2.014945734007388,2.7819735756134194,30
3.3,200,100,eml_ssc,140,2.4767766165165552,2.014945734007388,2.7819735756134194,30
3.3,200,100,eml_ssc,141,2.4767766165165552,2.014945734007388,2.7083911054350183,30
3.3,200,100,eml_ssc,142,2.4767766165165552,2.014945734007388,2.7083911054350183,30
3.3,200,100,eml_ssc,143,2.4767766165165552,2.014945734007388,2.7083911054350183,30
3.3,200,100,eml_ssc,144,2.4767766165165552,2.014945734007388,2.7083911054350183,30
3.3,200,100,eml_ssc,145,2.4767766165165552,2.014945734007388,2.7083911054350183,30
3.3,200,100,eml_ssc,146,2.4767766165165552,2.014945734007388,2.7083911054350183,30
3.3,200,100,eml_ssc,147,2.4767766117718755,2.014945734007388,2.7083911054350183,30
3.3,200,100,eml_ssc,148,2.4767766117718755,2.014945734007388,2.7083911054350183,30
3.3,200,100,eml_ssc,149,2.4767765448002694,2.014945734007388,2.7083911054350183,30
3.3,200,100,eml_ssc,150,2.4767765448002694,2.014945734007388,2.7074284043388204,30
3.3,200,100,eml_ssc,151,2.4767765448002694,2.014945734007388,2.7074284043388204,30
3.3,200,100,eml_ssc,152,2.4767765448002694,2.0149451970195185,2.7074284043388204,30
3.3,200,100,eml_ssc,153,2.4767765448002694,1.9964787528928747,2.7074284043388204,30
3.3,200,100,eml_ssc,154,2.4767714407114645,1.9964787528928747,2.7037956668803287,30
3.3,200,100,eml_ssc,155,2.4767714407114645,1.9964787528928747,2.7037956668803287,30
3.3,200,100,eml_ssc,156,2.4767714407114645,1.968830866160888,2.7037956668803287,30
3.3,200,100,eml_ssc,157,2.4767714407114645,1.968830866160888,2.7037956668803287,30
3.3,200,100,eml_ssc,158,2.4767714407114645,1.968830866160888,2.7037956668803287,30
3.3,200,100,eml_ssc,159,2.4767714407114645,1.968830866160888,2.7036059562682166,30
3.3,200,100,eml_ssc,160,2.4767714407114645,1.968830866160888,2.7036059562682166,30
3.3,200,100,eml_ssc,161,2.4767714407114645,1.968830866160888,2.7036059562682166,30
3.3,200,100,eml_ssc,162,2.4767714407114645,1.968830866160888,2.7036059562682166,30
3.3,200,100,eml_ssc,163,2.4767714407114645,1.968830866160888,2.7036059562682166,30
3.3,200,100,eml_ssc,164,2.4767714407114645,1.968830866160888,2.7036059562682166,30
3.3,200,100,eml_ssc,165,2.4767714407114645,1.968830866160888,2.7036059562682166,30
3.3,200,100,eml_ssc,166,2.4767714407114645,1.968830866160888,2.7036059562682166,30
3.3,200,100,eml_ssc,167,2.4767714407114645,1.968830866160888,2.7036059562682166,30
3.3,200,100,eml_ssc,168,2.4767714407114645,1.968830866160888,2.7036059562682166,30
3.3,200,100,eml_ssc,169,2.4767714407114645,1.968830866160888,2.7036059562682166,30
3.3,200,100,eml_ssc,170,2.4767714407114645,1.968830866160888,2.7036059562682166,30
3.3,200,100,eml_ssc,171,2.4767714407114645,1.968830866160888,2.7036059562682166,30
3.3,200,100,eml_ssc,172,2.4767714407114645,1.968830866160888,2.699257217054475,30
3.3,200,100,eml_ssc,173,2.4767714407114645,1.968830866160888,2.699257217054475,30
3.3,200,100,eml_ssc,174,2.4767714407114645,1.968830866160888,2.699257217054475,30
3.3,200,100,eml_ssc,175,2.4767714407114645,1.968830866160888,2.699257217054475,30
3.3,200,100,eml_ssc,176,2.4767714407114645,1.968830866160888,2.6992572159283332,30
3.3,200,100,eml_ssc,177,2.4767714407114645,1.968830866160888,2.6992572159283332,30
3.3,200,100,eml_ssc,178,2.4767714407114645,1.968830866160888,2.6992572159283332,30
3.3,200,100,eml_ssc,179,2.4767714407114645,1.968830866160888,2.6992572159283332,30
3.3,200,100,eml_ssc,180,2.4767714407114645,1.968830866160888,2.6992572159283332,30
3.3,200,100,eml_ssc,181,2.4767714407114645,1.968830866160888,2.6992572159283332,30
3.3,200,100,eml_ssc,182,2.4767714407114645,1.968830866160888,2.6992572159283332,30
3.3,200,100,eml_ssc,183,2.4767714407114645,1.968830866160888,2.6991597629927666,30
3.3,200,100,eml_ssc,184,2.4767714407114645,1.968830866160888,2.6991597629927666,30
3.3,200,100,eml_ssc,185,2.4767714407114645,1.968830866160888,2.6991597629927666,30
3.3,200,100,eml_ssc,186,2.4767714407114645,1.968830866160888,2.6991597629927666,30
3.3,200,100,eml_ssc,187,2.4767714407114645,1.9686125333156965,2.6991597629927666,30
3.3,200,100,eml_ssc,188,2.4767714407114645,1.9470926068357555,2.6991597629927666,30
3.3,200,100,eml_ssc,189,2.4767714407114645,1.9470926068357555,2.6991597629927666,30
3.3,200,100,eml_ssc,190,2.4767714407114645,1.9470926068357555,2.6991597629927666,30
3.3,200,100,eml_ssc,191,2.4767714407114645,1.9464695481074474,2.6972926100944994,30
3.3,200,100,eml_ssc,192,2.4767714407114645,1.9464695481074474,2.6972926099332852,30
3.3,200,100,eml_ssc,193,2.4767714407114645,1.9464695481074474,2.6972926099332852,30
3.3,200,100,eml_ssc,194,2.4767714407114645,1.9464695481074474,2.6972926099332852,30
3.3,200,100,eml_ssc,195,2.4767714407114645,1.9464695481074474,2.665741386394403,30
3.3,200,100,eml_ssc,196,2.4767714407114645,1.9464695481074474,2.665741386394403,30
3.3,200,100,eml_ssc,197,2.4767714407114645,1.9459176249031604,2.665741386394403,30
3.3,200,100,eml_ssc,198,2.4767714407114645,1.9459176249031604,2.662023843152497,30
3.3,200,100,eml_ssc,199,2.4767714407114645,1.9459176249031604,2.662023843152497,30
