target_id,K_construction,K_proven,m_operators,regime,seed,converged,exact_hash_match,gens_to_converge,final_nmse,final_tree_size,terminal_state,wall_seconds
reviewer_ce,7,7,3,A,128182595,false,false,,1.989501172303584e-06,23,budget_exhausted,3.660648822784424
reviewer_ce,7,7,3,A,1845143962,true,true,92,0.0,7,converged,1.378154993057251
reviewer_ce,7,7,3,A,1683375127,true,true,42,0.0,7,converged,0.36084818840026855
reviewer_ce,7,7,3,A,893706906,true,true,10,0.0,7,converged,0.18326091766357422
reviewer_ce,7,7,3,A,449904892,true,true,2,0.0,7,converged,0.1474931240081787
reviewer_ce,7,7,3,A,1667643188,true,false,5,3.582460422701586e-07,9,converged,0.1932668685913086
reviewer_ce,7,7,3,B,128182595,false,false,,1.9648830301315994e-06,53,budget_exhausted,5.862781047821045
reviewer_ce,7,7,3,B,1845143962,true,true,10,0.0,7,converged,0.3791770935058594
reviewer_ce,7,7,3,A,1753007184,true,false,1,1.7660739105031782e-08,9,converged,0.1477980613708496
reviewer_ce,7,7,3,A,2107424273,false,false,,3.5981256329411253e-06,35,budget_exhausted,3.271851062774658
reviewer_ce,7,7,3,A,418825361,true,false,2,1.7660739105031782e-08,9,converged,0.11697506904602051
reviewer_ce,7,7,3,A,215858185,false,false,,2.5935928107869855e-06,7,budget_exhausted,3.7149741649627686
reviewer_ce,7,7,3,B,1683375127,false,false,,1.960484031043712e-06,23,budget_exhausted,4.822005987167358
reviewer_ce,7,7,3,B,893706906,false,false,,1.8616895958630266e-06,19,budget_exhausted,4.708281993865967
reviewer_ce,7,7,3,B,1753007184,false,false,,3.524696988366314e-06,63,budget_exhausted,7.252938985824585
reviewer_ce,7,7,3,B,2107424273,true,false,11,3.582460422701586e-07,9,converged,0.3684382438659668
K07_00,7,7,3,A,128182595,false,false,,1.0854924096415621e-05,155,budget_exhausted,2.104027271270752
K07_00,7,7,3,A,1845143962,false,false,,7.680911854855483e-06,57,budget_exhausted,1.656987190246582
K07_00,7,7,3,A,1683375127,false,false,,9.333917728890696e-06,87,budget_exhausted,12.917612075805664
K07_00,7,7,3,A,893706906,false,false,,1.0731534197013489e-05,107,budget_exhausted,8.802395105361938
reviewer_ce,7,7,3,B,418825361,false,false,,2.5399015047998494e-06,17,budget_exhausted,8.060790061950684
reviewer_ce,7,7,3,B,215858185,false,false,,2.5935928107869855e-06,7,budget_exhausted,9.47484803199768
reviewer_ce,7,7,3,B,449904892,false,false,,5.624720542036531e-06,41,budget_exhausted,8.735820055007935
reviewer_ce,7,7,3,B,1667643188,true,false,1,3.582460422701586e-07,9,converged,0.12546992301940918
K07_00,7,7,3,B,1683375127,true,true,2,0.0,7,converged,0.15792107582092285
K07_00,7,7,3,B,893706906,false,false,,7.445761902734914e-05,121,budget_exhausted,12.888469934463501
K07_00,7,7,3,B,1753007184,true,true,6,0.0,7,converged,0.2435319423675537
K07_00,7,7,3,B,2107424273,false,false,,1.9678348530922002e-05,99,budget_exhausted,7.983780860900879
K07_00,7,7,3,B,418825361,false,false,,1.5111831329774802e-05,39,budget_exhausted,4.49705696105957
K07_00,7,7,3,B,215858185,true,false,131,3.420891664797229e-08,51,converged,5.046953916549683
K07_00,7,7,3,B,449904892,false,false,,9.430567262541112e-06,31,budget_exhausted,4.159739971160889
K07_00,7,7,3,B,1667643188,false,false,,1.2713835766420384e-05,21,budget_exhausted,3.579509973526001
K07_01,7,7,3,A,449904892,true,true,23,0.0,7,converged,0.23359322547912598
K07_01,7,7,3,A,1667643188,true,true,63,0.0,7,converged,1.46989107131958
K07_01,7,7,3,B,128182595,false,false,,0.0011827964585407337,61,budget_exhausted,6.748583793640137
K07_01,7,7,3,B,1845143962,true,true,9,0.0,7,converged,0.3654301166534424
K07_01,7,7,3,B,1683375127,true,true,155,0.0,7,converged,6.587742805480957
K07_01,7,7,3,B,893706906,true,true,34,0.0,15,converged,1.3052351474761963
K07_01,7,7,3,B,1753007184,true,true,160,0.0,7,converged,5.558491945266724
K07_01,7,7,3,B,2107424273,true,true,39,0.0,7,converged,1.4106571674346924
K07_01,7,7,3,B,418825361,true,true,119,0.0,7,converged,5.67156195640564
K07_01,7,7,3,B,215858185,false,false,,7.950446644010961e-06,61,budget_exhausted,7.046674013137817
K07_01,7,7,3,B,449904892,false,false,,0.0016375499836622453,69,budget_exhausted,8.29262375831604
K07_01,7,7,3,B,1667643188,true,true,135,0.0,7,converged,5.252373218536377
K07_00,7,7,3,A,1753007184,true,true,97,0.0,7,converged,0.553041934967041
K07_00,7,7,3,A,2107424273,false,false,,0.00011105863304641458,743,budget_exhausted,48.091639041900635
K07_00,7,7,3,A,418825361,false,false,,7.763634512621071e-06,449,budget_exhausted,27.176379919052124
K07_00,7,7,3,A,215858185,false,false,,3.8166476872009915e-06,833,budget_exhausted,10.357667684555054
K07_00,7,7,3,A,449904892,false,false,,1.0000000285239466e-05,209,budget_exhausted,12.780961990356445
K07_00,7,7,3,A,1667643188,false,false,,2.254370262466585e-05,413,budget_exhausted,64.65640926361084
K07_00,7,7,3,B,128182595,false,false,,6.486724695787895e-06,63,budget_exhausted,7.110337018966675
K07_00,7,7,3,B,1845143962,false,false,,0.00037631379618093035,27,budget_exhausted,3.812526226043701
K07_01,7,7,3,A,1753007184,true,true,22,0.0,7,converged,0.2755739688873291
K07_01,7,7,3,A,2107424273,false,false,,3.7871668909257794e-06,59,budget_exhausted,14.574161052703857
K07_01,7,7,3,A,418825361,false,false,,0.16802977420560092,1139,budget_exhausted,30.990323066711426
K07_01,7,7,3,A,215858185,false,false,,0.009989393928627213,75,budget_exhausted,36.63409090042114
K07_01,7,7,3,A,128182595,true,true,1,0.0,7,converged,0.13744831085205078
K07_01,7,7,3,A,1845143962,false,false,,0.20944269425244197,1229,budget_exhausted,98.91707921028137
K07_01,7,7,3,A,1683375127,false,false,,0.02128286735124388,713,budget_exhausted,18.74986696243286
K07_01,7,7,3,A,893706906,true,true,19,0.0,7,converged,0.5420961380004883
K07_03,7,7,3,A,128182595,true,true,0,0.0,7,converged,0.08271312713623047
K07_03,7,7,3,A,1845143962,true,true,0,0.0,7,converged,0.07949614524841309
K07_03,7,7,3,A,1683375127,true,true,0,0.0,7,converged,0.08391189575195312
K07_03,7,7,3,A,893706906,true,true,2,0.0,7,converged,0.17986822128295898
K07_03,7,7,3,A,1753007184,true,true,0,0.0,7,converged,0.08647894859313965
K07_03,7,7,3,A,2107424273,true,true,1,0.0,7,converged,0.1513059139251709
K07_03,7,7,3,A,418825361,true,true,0,0.0,7,converged,0.08236026763916016
K07_03,7,7,3,A,215858185,true,true,5,0.0,7,converged,0.18820619583129883
K07_03,7,7,3,A,449904892,true,true,1,0.0,7,converged,0.1434929370880127
K07_03,7,7,3,A,1667643188,true,true,4,0.0,7,converged,0.14835524559020996
K07_03,7,7,3,B,128182595,true,true,0,0.0,7,converged,0.09006786346435547
K07_03,7,7,3,B,1845143962,true,true,0,0.0,7,converged,0.07698297500610352
K07_03,7,7,3,B,1683375127,true,true,0,0.0,7,converged,0.07940506935119629
K07_03,7,7,3,B,893706906,true,true,37,0.0,7,converged,1.4177618026733398
K07_03,7,7,3,B,1753007184,true,true,0,0.0,7,converged,0.08614897727966309
K07_03,7,7,3,B,2107424273,false,false,,4.550500937625095e-06,45,budget_exhausted,5.157428979873657
K07_03,7,7,3,B,418825361,true,true,0,0.0,7,converged,0.07987141609191895
K07_03,7,7,3,B,215858185,true,true,11,0.0,7,converged,0.410031795501709
K07_03,7,7,3,B,449904892,true,true,75,0.0,7,converged,2.8283028602600098
K07_03,7,7,3,B,1667643188,true,true,35,0.0,7,converged,0.9781801700592041
K07_02,7,7,3,A,128182595,false,false,,9.775077239246317e-06,37,budget_exhausted,7.394721031188965
K07_02,7,7,3,A,1845143962,false,false,,0.019359693109617628,15,budget_exhausted,49.94250798225403
K07_02,7,7,3,A,1683375127,false,false,,9.938334669384657e-06,103,budget_exhausted,20.572414875030518
K07_02,7,7,3,A,893706906,false,false,,0.019359693109617628,15,budget_exhausted,53.991636991500854
K07_02,7,7,3,B,1683375127,false,false,,8.485992643093746e-06,89,budget_exhausted,8.977435827255249
K07_02,7,7,3,B,893706906,false,false,,0.019359693109617628,15,budget_exhausted,47.28666973114014
K07_02,7,7,3,B,1753007184,true,false,88,7.150599350694205e-07,25,converged,15.336726903915405
K07_02,7,7,3,B,2107424273,false,false,,1.0272720592913919e-05,55,budget_exhausted,20.817766904830933
K07_04,7,7,3,A,449904892,false,false,,6.743445716377622e-06,9,budget_exhausted,9.772909164428711
K07_04,7,7,3,A,1667643188,false,false,,9.824736733755307e-06,179,budget_exhausted,10.101845979690552
K07_04,7,7,3,B,128182595,false,false,,8.159090167737639e-06,51,budget_exhausted,6.291046857833862
K07_04,7,7,3,B,1845143962,false,false,,6.743445716377622e-06,9,budget_exhausted,4.724394083023071
K07_02,7,7,3,A,1753007184,false,false,,1.1356121691667793e-05,35,budget_exhausted,9.702517986297607
K07_02,7,7,3,A,2107424273,false,false,,0.019359693109617628,15,budget_exhausted,116.779865026474
K07_02,7,7,3,A,418825361,false,false,,8.97630052731235e-06,85,budget_exhausted,17.4566330909729
K07_02,7,7,3,A,215858185,false,false,,9.892384161768963e-06,267,budget_exhausted,13.966742038726807
K07_02,7,7,3,B,418825361,false,false,,9.712446795731124e-06,57,budget_exhausted,30.9768168926239
K07_02,7,7,3,B,215858185,false,false,,9.11510735974472e-06,45,budget_exhausted,11.980912923812866
K07_02,7,7,3,B,449904892,false,false,,0.019359693109617628,15,budget_exhausted,65.85662484169006
K07_02,7,7,3,B,1667643188,false,false,,1.042969902500338e-05,63,budget_exhausted,11.480726957321167
K07_05,7,7,3,A,128182595,true,true,3,0.0,7,converged,0.1679999828338623
K07_05,7,7,3,A,1845143962,true,true,3,0.0,7,converged,0.18586015701293945
K07_05,7,7,3,A,1683375127,true,true,4,0.0,7,converged,0.16522598266601562
K07_05,7,7,3,A,893706906,true,true,6,0.0,7,converged,0.19652771949768066
K07_05,7,7,3,A,1753007184,true,true,3,0.0,7,converged,0.1450939178466797
K07_05,7,7,3,A,2107424273,true,true,4,0.0,7,converged,0.21228480339050293
K07_05,7,7,3,A,418825361,true,true,8,0.0,7,converged,0.1882162094116211
K07_05,7,7,3,A,215858185,true,true,4,0.0,7,converged,0.19455385208129883
K07_05,7,7,3,A,449904892,true,true,5,0.0,7,converged,0.30304694175720215
K07_05,7,7,3,A,1667643188,true,true,6,0.0,7,converged,0.22199225425720215
K07_05,7,7,3,B,128182595,true,true,26,0.0,7,converged,0.6895339488983154
K07_05,7,7,3,B,1845143962,false,false,,1.1660231446805443e-05,31,budget_exhausted,4.373733043670654
K07_04,7,7,3,B,418825361,false,false,,6.549544099011835e-06,29,budget_exhausted,4.190288066864014
K07_04,7,7,3,B,215858185,false,false,,9.078493129091601e-06,55,budget_exhausted,7.135005950927734
K07_04,7,7,3,B,449904892,false,false,,6.743445716377622e-06,9,budget_exhausted,4.455147981643677
K07_04,7,7,3,B,1667643188,false,false,,6.62419325159795e-06,35,budget_exhausted,4.725083827972412
K07_02,7,7,3,A,449904892,false,false,,9.402849493573913e-06,67,budget_exhausted,14.371299028396606
K07_02,7,7,3,A,1667643188,false,false,,0.019359693109617628,15,budget_exhausted,58.38746094703674
K07_02,7,7,3,B,128182595,false,false,,1.0283038287550005e-05,75,budget_exhausted,8.958455085754395
K07_02,7,7,3,B,1845143962,false,false,,0.019359693109617628,15,budget_exhausted,69.88578033447266
K07_06,7,7,3,A,128182595,true,true,2,0.0,7,converged,0.14794516563415527
K07_06,7,7,3,A,1845143962,true,true,4,0.0,7,converged,0.19707298278808594
K07_06,7,7,3,A,1683375127,true,true,4,0.0,7,converged,0.1759340763092041
K07_06,7,7,3,A,893706906,true,true,2,0.0,7,converged,0.16324615478515625
K07_04,7,7,3,B,1683375127,false,false,,9.702026422556991e-06,15,budget_exhausted,4.791358947753906
K07_04,7,7,3,B,893706906,false,false,,5.779427617071285e-06,41,budget_exhausted,5.32571816444397
K07_04,7,7,3,B,1753007184,false,false,,6.527089181326129e-06,33,budget_exhausted,6.643646955490112
K07_04,7,7,3,B,2107424273,false,false,,1.0691729218402396e-05,97,budget_exhausted,9.268307209014893
K07_05,7,7,3,B,1683375127,true,true,8,0.0,7,converged,0.3382236957550049
K07_05,7,7,3,B,893706906,false,false,,1.5951294504019164e-05,63,budget_exhausted,7.943459987640381
K07_05,7,7,3,B,1753007184,true,true,33,0.0,7,converged,1.3285753726959229
K07_05,7,7,3,B,2107424273,false,false,,0.0006557189247413386,109,budget_exhausted,12.09633493423462
K07_06,7,7,3,A,449904892,true,true,3,0.0,7,converged,0.15639376640319824
K07_06,7,7,3,A,1667643188,true,true,8,0.0,7,converged,0.18268537521362305
K07_06,7,7,3,B,128182595,false,false,,1.2970992382358541e-05,65,budget_exhausted,7.6985390186309814
K07_06,7,7,3,B,1845143962,false,false,,1.051119520653672e-05,91,budget_exhausted,8.381649255752563
K07_05,7,7,3,B,418825361,false,false,,1.1528586589864537e-05,51,budget_exhausted,5.729598045349121
K07_05,7,7,3,B,215858185,false,false,,9.672278979876445e-06,53,budget_exhausted,5.75660514831543
K07_05,7,7,3,B,449904892,false,false,,8.118729109977359e-05,59,budget_exhausted,6.974040985107422
K07_05,7,7,3,B,1667643188,true,true,37,0.0,7,converged,1.513221263885498
K07_06,7,7,3,A,1753007184,true,true,3,0.0,7,converged,0.15400385856628418
K07_06,7,7,3,A,2107424273,false,false,,7.542721575337694e-06,79,budget_exhausted,19.15708327293396
K07_06,7,7,3,A,418825361,true,true,3,0.0,7,converged,0.1721029281616211
K07_06,7,7,3,A,215858185,false,false,,6.738745663643073e-06,45,budget_exhausted,11.369603872299194
K07_06,7,7,3,B,418825361,false,false,,7.220121545158362e-06,59,budget_exhausted,7.129231929779053
K07_06,7,7,3,B,215858185,true,true,6,0.0,7,converged,0.29327988624572754
K07_06,7,7,3,B,449904892,false,false,,1.7451560565508013e-05,51,budget_exhausted,6.103198289871216
K07_06,7,7,3,B,1667643188,false,false,,5.239922016468343e-06,61,budget_exhausted,6.008643865585327
K07_06,7,7,3,B,1683375127,false,false,,9.715865934323082e-05,67,budget_exhausted,7.872980117797852
K07_06,7,7,3,B,893706906,false,false,,1.3077167957718838e-05,65,budget_exhausted,7.283488035202026
K07_06,7,7,3,B,1753007184,false,false,,1.1056425076640595e-05,39,budget_exhausted,5.790896892547607
K07_06,7,7,3,B,2107424273,false,false,,1.5536546509404332e-05,49,budget_exhausted,5.649640798568726
K07_07,7,7,3,A,128182595,false,false,,4.3116113507745526e-06,191,budget_exhausted,10.264693975448608
K07_07,7,7,3,A,1845143962,false,false,,3.80636113739865e-06,25,budget_exhausted,12.204964876174927
K07_07,7,7,3,A,1683375127,true,true,2,3.3772533406112773e-29,7,converged,0.14890193939208984
K07_07,7,7,3,A,893706906,true,true,4,3.3772533406112773e-29,7,converged,0.1764380931854248
K07_04,7,7,3,A,1753007184,false,false,,2.2404647008491303e-05,1597,budget_exhausted,67.41935110092163
K07_04,7,7,3,A,2107424273,false,false,,6.743445716377622e-06,9,budget_exhausted,17.197261095046997
K07_04,7,7,3,A,418825361,false,false,,8.148713128921722e-06,65,budget_exhausted,13.084144115447998
K07_04,7,7,3,A,215858185,false,false,,6.714190550342587e-06,165,budget_exhausted,11.09433913230896
K07_08,7,7,3,A,128182595,true,true,8,0.0,7,converged,0.1802213191986084
K07_08,7,7,3,A,1845143962,true,true,68,0.0,7,converged,2.3997418880462646
K07_08,7,7,3,A,1683375127,true,true,1,0.0,7,converged,0.13062787055969238
K07_08,7,7,3,A,893706906,true,true,9,0.0,7,converged,0.20501303672790527
K07_08,7,7,3,A,1753007184,true,true,0,0.0,7,converged,0.07786989212036133
K07_08,7,7,3,A,2107424273,true,true,4,0.0,7,converged,0.1665959358215332
K07_08,7,7,3,A,418825361,true,true,3,0.0,7,converged,0.1401679515838623
K07_08,7,7,3,A,215858185,true,true,2,0.0,7,converged,0.1719498634338379
K07_07,7,7,3,A,449904892,true,true,3,0.0,7,converged,0.17104792594909668
K07_07,7,7,3,A,1667643188,false,false,,4.847168314608185e-06,9,budget_exhausted,6.179484128952026
K07_07,7,7,3,B,128182595,true,true,3,3.3772533406112773e-29,7,converged,0.22415494918823242
K07_07,7,7,3,B,1845143962,false,false,,2.586597818322803e-06,7,budget_exhausted,6.783639669418335
K07_08,7,7,3,B,1683375127,true,true,1,0.0,7,converged,0.1423041820526123
K07_08,7,7,3,B,893706906,true,true,1,0.0,7,converged,0.1637129783630371
K07_08,7,7,3,B,1753007184,true,true,0,0.0,7,converged,0.0785970687866211
K07_08,7,7,3,B,2107424273,false,false,,1.5845866024222016e-05,43,budget_exhausted,5.295823097229004
K07_07,7,7,3,B,418825361,true,false,1,7.664156936372618e-09,17,converged,0.1525731086730957
K07_07,7,7,3,B,215858185,true,true,27,3.3772533406112773e-29,7,converged,0.909250020980835
K07_07,7,7,3,B,449904892,false,false,,3.90678253833041e-05,65,budget_exhausted,8.214570999145508
K07_07,7,7,3,B,1667643188,false,false,,4.230538657123614e-06,57,budget_exhausted,7.872257709503174
K07_07,7,7,3,B,1683375127,false,false,,4.442749061720057e-06,27,budget_exhausted,6.436589956283569
K07_07,7,7,3,B,893706906,false,false,,4.847168314608185e-06,9,budget_exhausted,6.8209052085876465
K07_07,7,7,3,B,1753007184,true,false,19,2.6521211218136327e-07,29,converged,0.5886130332946777
K07_07,7,7,3,B,2107424273,false,false,,3.7127136362727526e-06,33,budget_exhausted,5.932831287384033
K07_07,7,7,3,A,1753007184,false,false,,2.2891598054589646e-06,9,budget_exhausted,9.246263027191162
K07_07,7,7,3,A,2107424273,false,false,,3.96797182802632e-06,221,budget_exhausted,10.03623080253601
K07_07,7,7,3,A,418825361,false,false,,2.2891598054589646e-06,9,budget_exhausted,11.606842279434204
K07_07,7,7,3,A,215858185,true,true,2,3.3772533406112773e-29,7,converged,0.19244098663330078
K07_08,7,7,3,B,418825361,true,true,88,0.0,7,converged,3.752776861190796
K07_08,7,7,3,B,215858185,true,false,23,2.606462468575525e-07,17,converged,0.7475500106811523
K07_08,7,7,3,B,449904892,true,true,10,0.0,7,converged,0.584359884262085
K07_08,7,7,3,B,1667643188,true,false,115,2.3721345230778082e-07,17,converged,5.489342927932739
K07_04,7,7,3,A,128182595,false,false,,6.510165236908596e-06,45,budget_exhausted,19.470874786376953
K07_04,7,7,3,A,1845143962,false,false,,2.2974751088260347e-05,539,budget_exhausted,75.48570990562439
K07_04,7,7,3,A,1683375127,false,false,,4.092232217946747e-05,785,budget_exhausted,46.55764102935791
K07_04,7,7,3,A,893706906,false,false,,1.1469996094375765e-05,121,budget_exhausted,12.698712825775146
K07_08,7,7,3,A,449904892,true,true,8,0.0,7,converged,0.22514605522155762
K07_08,7,7,3,A,1667643188,true,true,15,0.0,7,converged,0.21852922439575195
K07_08,7,7,3,B,128182595,false,false,,0.2859177111212545,109,budget_exhausted,11.565053939819336
K07_08,7,7,3,B,1845143962,false,false,,4.343434434941915e-06,31,budget_exhausted,6.445250034332275
K07_10,7,7,3,A,128182595,true,true,0,0.0,7,converged,0.15989089012145996
K07_10,7,7,3,A,1845143962,true,true,3,0.0,7,converged,0.1837940216064453
K07_10,7,7,3,A,1683375127,true,true,0,0.0,7,converged,0.10343599319458008
K07_10,7,7,3,A,893706906,true,true,2,0.0,7,converged,0.19494295120239258
K07_10,7,7,3,A,1753007184,true,true,7,0.0,7,converged,0.21111798286437988
K07_10,7,7,3,A,2107424273,true,true,2,0.0,7,converged,0.17575788497924805
K07_10,7,7,3,A,418825361,true,true,0,0.0,7,converged,0.09838199615478516
K07_10,7,7,3,A,215858185,true,true,3,0.0,7,converged,0.19502902030944824
K07_10,7,7,3,A,449904892,true,true,2,0.0,7,converged,0.17202496528625488
K07_10,7,7,3,A,1667643188,true,true,0,0.0,7,converged,0.09020328521728516
K07_10,7,7,3,B,128182595,true,true,0,0.0,7,converged,0.10974693298339844
K07_10,7,7,3,B,1845143962,false,false,,0.00412811818751361,83,budget_exhausted,9.423902988433838
K07_09,7,7,3,B,1683375127,false,false,,9.536956060169602e-06,49,budget_exhausted,6.010491847991943
K07_09,7,7,3,B,893706906,true,true,0,0.0,7,converged,0.08828592300415039
K07_09,7,7,3,B,1753007184,false,false,,9.980877564711198e-06,25,budget_exhausted,5.492221832275391
K07_09,7,7,3,B,2107424273,false,false,,7.309111624265257e-06,13,budget_exhausted,4.56809401512146
K07_09,7,7,3,A,449904892,true,true,1,0.0,7,converged,0.14752483367919922
K07_09,7,7,3,A,1667643188,false,false,,6.691882597841415e-06,57,budget_exhausted,10.694468021392822
K07_09,7,7,3,B,128182595,false,false,,7.152989033041527e-06,27,budget_exhausted,5.24683403968811
K07_09,7,7,3,B,1845143962,false,false,,6.909030374364705e-06,25,budget_exhausted,5.807231903076172
K07_09,7,7,3,B,418825361,false,false,,5.7568425532539085e-06,47,budget_exhausted,8.646476745605469
K07_09,7,7,3,B,215858185,false,false,,5.865862791521403e-06,47,budget_exhausted,6.2066428661346436
K07_09,7,7,3,B,449904892,true,true,1,0.0,19,converged,0.19368815422058105
K07_09,7,7,3,B,1667643188,false,false,,7.58059967458023e-06,37,budget_exhausted,5.812834739685059
K07_10,7,7,3,B,418825361,true,true,0,0.0,7,converged,0.10008597373962402
K07_10,7,7,3,B,215858185,false,false,,8.503034291210593e-05,95,budget_exhausted,10.940851211547852
K07_10,7,7,3,B,449904892,false,false,,0.11890007509231662,47,budget_exhausted,5.290909290313721
K07_10,7,7,3,B,1667643188,true,true,0,0.0,7,converged,0.09352827072143555
K07_10,7,7,3,B,1683375127,true,true,0,0.0,7,converged,0.0828399658203125
K07_10,7,7,3,B,893706906,false,false,,0.00033964661651076245,65,budget_exhausted,7.598238945007324
K07_10,7,7,3,B,1753007184,false,false,,0.005649074128994313,131,budget_exhausted,12.40553617477417
K07_10,7,7,3,B,2107424273,false,false,,0.00015424005446274978,53,budget_exhausted,6.5487961769104
K07_11,7,7,3,A,1753007184,true,true,5,0.0,7,converged,0.16709423065185547
K07_11,7,7,3,A,2107424273,false,false,,0.9271974257606073,153,budget_exhausted,19.340776920318604
K07_11,7,7,3,A,418825361,true,true,7,0.0,7,converged,0.19388890266418457
K07_11,7,7,3,A,215858185,true,true,4,0.0,7,converged,0.20244812965393066
K07_11,7,7,3,A,449904892,true,true,3,0.0,7,converged,0.16898107528686523
K07_11,7,7,3,A,1667643188,true,true,6,0.0,7,converged,0.16885590553283691
K07_11,7,7,3,B,128182595,false,false,,2.5865978183224323e-06,47,budget_exhausted,6.82123589515686
K07_11,7,7,3,B,1845143962,false,false,,4.382636794027013,85,budget_exhausted,9.220503091812134
K07_12,7,7,3,A,128182595,true,true,5,0.0,7,converged,0.14858794212341309
K07_12,7,7,3,A,1845143962,true,true,5,0.0,7,converged,0.20456480979919434
K07_12,7,7,3,A,1683375127,true,true,5,0.0,7,converged,0.19676804542541504
K07_12,7,7,3,A,893706906,true,true,2,0.0,7,converged,0.23554778099060059
K07_12,7,7,3,A,1753007184,true,true,15,0.0,7,converged,0.23975872993469238
K07_12,7,7,3,A,2107424273,true,true,3,0.0,7,converged,0.19232511520385742
K07_12,7,7,3,A,418825361,true,true,5,0.0,7,converged,0.17950892448425293
K07_12,7,7,3,A,215858185,true,true,3,0.0,7,converged,0.14737987518310547
K07_11,7,7,3,B,418825361,true,true,9,0.0,15,converged,0.3784053325653076
K07_11,7,7,3,B,215858185,true,true,115,0.0,7,converged,4.284437894821167
K07_11,7,7,3,B,449904892,true,true,93,0.0,7,converged,3.615169048309326
K07_11,7,7,3,B,1667643188,true,true,41,0.0,7,converged,1.3497989177703857
K07_11,7,7,3,B,1683375127,true,true,77,0.0,15,converged,2.680837869644165
K07_11,7,7,3,B,893706906,false,false,,3.094151422593723,53,budget_exhausted,7.024200201034546
K07_11,7,7,3,B,1753007184,false,false,,4.039146451537881e-06,29,budget_exhausted,8.46984601020813
K07_11,7,7,3,B,2107424273,true,true,50,0.0,15,converged,1.4613103866577148
K07_12,7,7,3,A,449904892,true,true,16,0.0,7,converged,0.2394568920135498
K07_12,7,7,3,A,1667643188,true,true,9,0.0,7,converged,0.22052979469299316
K07_12,7,7,3,B,128182595,true,true,19,0.0,7,converged,0.8018910884857178
K07_12,7,7,3,B,1845143962,false,false,,0.00030169460383826804,93,budget_exhausted,11.676730871200562
K07_13,7,7,3,A,128182595,true,true,3,0.0,7,converged,0.16446518898010254
K07_13,7,7,3,A,1845143962,true,true,9,0.0,7,converged,0.2513420581817627
K07_13,7,7,3,A,1683375127,true,true,6,0.0,7,converged,0.17693209648132324
K07_13,7,7,3,A,893706906,true,true,7,0.0,7,converged,0.2538437843322754
K07_12,7,7,3,B,1683375127,true,true,13,0.0,7,converged,0.5203824043273926
K07_12,7,7,3,B,893706906,false,false,,0.010291665434090247,103,budget_exhausted,14.482839107513428
K07_12,7,7,3,B,1753007184,true,true,169,0.0,7,converged,3.9341750144958496
K07_12,7,7,3,B,2107424273,true,true,14,0.0,7,converged,0.40962791442871094
K07_12,7,7,3,B,418825361,true,true,13,0.0,7,converged,0.7144198417663574
K07_12,7,7,3,B,215858185,false,false,,0.007641994425302327,77,budget_exhausted,9.339568853378296
K07_12,7,7,3,B,449904892,false,false,,0.016050011396671063,79,budget_exhausted,9.796923160552979
K07_12,7,7,3,B,1667643188,true,true,73,0.0,7,converged,1.8604707717895508
K07_13,7,7,3,A,1753007184,true,true,11,0.0,7,converged,0.29880499839782715
K07_13,7,7,3,A,2107424273,false,false,,0.01831108532243967,263,budget_exhausted,18.159331798553467
K07_13,7,7,3,A,418825361,true,true,2,0.0,7,converged,0.11866903305053711
K07_13,7,7,3,A,215858185,true,true,4,0.0,7,converged,0.19127178192138672
K07_13,7,7,3,A,449904892,true,true,5,0.0,7,converged,0.1615900993347168
K07_13,7,7,3,A,1667643188,true,true,6,0.0,7,converged,0.16497802734375
K07_13,7,7,3,B,128182595,true,true,1,0.0,7,converged,0.14138388633728027
K07_13,7,7,3,B,1845143962,false,false,,0.001756096266043553,149,budget_exhausted,15.14454698562622
K07_11,7,7,3,A,128182595,true,true,3,0.0,7,converged,0.15957975387573242
K07_11,7,7,3,A,1845143962,true,true,5,0.0,7,converged,0.1755068302154541
K07_11,7,7,3,A,1683375127,false,false,,3.147890134435894,885,budget_exhausted,74.7369499206543
K07_11,7,7,3,A,893706906,true,true,4,0.0,7,converged,0.1853499412536621
K07_09,7,7,3,A,128182595,false,false,,5.566708091819083e-06,25,budget_exhausted,37.547935962677
K07_09,7,7,3,A,1845143962,false,false,,7.106886492974717e-06,21,budget_exhausted,29.80173897743225
K07_09,7,7,3,A,1683375127,false,false,,0.0013618997400296,529,budget_exhausted,37.03203797340393
K07_09,7,7,3,A,893706906,true,true,0,0.0,7,converged,0.10858488082885742
K07_13,7,7,3,B,418825361,true,false,69,4.18530192701387e-10,15,converged,1.931359052658081
K07_13,7,7,3,B,215858185,true,true,85,0.0,7,converged,4.149560213088989
K07_13,7,7,3,B,449904892,true,true,64,0.0,7,converged,2.596057891845703
K07_13,7,7,3,B,1667643188,true,true,148,0.0,7,converged,7.124237060546875
K07_13,7,7,3,B,1683375127,true,true,51,0.0,7,converged,1.9456560611724854
K07_13,7,7,3,B,893706906,false,false,,0.017950038327346537,83,budget_exhausted,8.74755597114563
K07_13,7,7,3,B,1753007184,true,false,7,5.071504261398586e-07,33,converged,0.30675196647644043
K07_13,7,7,3,B,2107424273,false,false,,0.06024252176421718,159,budget_exhausted,14.969233989715576
K07_14,7,7,3,A,1753007184,false,false,,6.743879826166582e-06,9,budget_exhausted,9.003523111343384
K07_14,7,7,3,A,2107424273,false,false,,6.743879826166582e-06,9,budget_exhausted,9.10222315788269
K07_14,7,7,3,A,418825361,true,true,5,0.0,7,converged,0.15164899826049805
K07_14,7,7,3,A,215858185,false,false,,6.743879826166582e-06,9,budget_exhausted,12.169152021408081
K07_14,7,7,3,B,1683375127,false,false,,6.743879826166582e-06,9,budget_exhausted,4.5404229164123535
K07_14,7,7,3,B,893706906,false,false,,1.0472428180949829e-05,67,budget_exhausted,7.82732892036438
K07_14,7,7,3,B,1753007184,false,false,,6.802976129615519e-06,85,budget_exhausted,9.527850151062012
K07_14,7,7,3,B,2107424273,false,false,,7.168137938895023e-06,55,budget_exhausted,6.753512382507324
K07_14,7,7,3,A,449904892,false,false,,6.743879826166582e-06,9,budget_exhausted,13.253348112106323
K07_14,7,7,3,A,1667643188,false,false,,6.433189170586592e-06,133,budget_exhausted,10.513382911682129
K07_14,7,7,3,B,128182595,false,false,,9.282365454222364e-06,37,budget_exhausted,5.044309139251709
K07_14,7,7,3,B,1845143962,false,false,,7.045500961370415e-06,77,budget_exhausted,7.499792098999023
K07_14,7,7,3,B,418825361,false,false,,6.743879826166582e-06,9,budget_exhausted,6.748171806335449
K07_14,7,7,3,B,215858185,false,false,,7.167001926256813e-06,57,budget_exhausted,6.924649953842163
K07_14,7,7,3,B,449904892,false,false,,6.743879826166582e-06,9,budget_exhausted,5.4234960079193115
K07_14,7,7,3,B,1667643188,false,false,,7.936544016831695e-06,67,budget_exhausted,7.0413830280303955
K07_14,7,7,3,A,128182595,false,false,,6.743879826166582e-06,9,budget_exhausted,11.271695852279663
K07_14,7,7,3,A,1845143962,false,false,,6.743879826166582e-06,9,budget_exhausted,12.919764995574951
K07_14,7,7,3,A,1683375127,false,false,,6.743879826166582e-06,9,budget_exhausted,15.448760032653809
K07_14,7,7,3,A,893706906,false,false,,6.743879826166582e-06,9,budget_exhausted,14.290524959564209
K07_15,7,7,3,B,1683375127,true,true,157,0.0,7,converged,4.857151985168457
K07_15,7,7,3,B,893706906,true,true,30,0.0,7,converged,0.78025221824646
K07_15,7,7,3,B,1753007184,true,true,10,0.0,7,converged,0.3838770389556885
K07_15,7,7,3,B,2107424273,true,true,26,0.0,7,converged,0.6853640079498291
K07_09,7,7,3,A,1753007184,false,false,,9.913378773919254e-06,53,budget_exhausted,19.943603038787842
K07_09,7,7,3,A,2107424273,false,false,,7.329406676169016e-06,13,budget_exhausted,16.370363235473633
K07_09,7,7,3,A,418825361,false,false,,1.2304181646881123e-05,1609,budget_exhausted,111.17385482788086
K07_09,7,7,3,A,215858185,true,true,5,0.0,7,converged,0.15294098854064941
K07_15,7,7,3,B,418825361,false,false,,0.013546777547322458,87,budget_exhausted,8.834190130233765
K07_15,7,7,3,B,215858185,true,true,143,0.0,7,converged,5.574305057525635
K07_15,7,7,3,B,449904892,true,true,5,0.0,7,converged,0.33231687545776367
K07_15,7,7,3,B,1667643188,false,false,,0.004030850372557061,57,budget_exhausted,5.613174676895142
K07_16,7,7,3,A,1753007184,false,false,,6.59664831438517e-06,217,budget_exhausted,10.482293128967285
K07_16,7,7,3,A,2107424273,false,false,,7.621244168822936e-06,7,budget_exhausted,12.921243906021118
K07_16,7,7,3,A,418825361,true,true,1,0.0,7,converged,0.1226649284362793
K07_16,7,7,3,A,215858185,false,false,,6.918030350801139e-06,101,budget_exhausted,10.293359994888306
K07_16,7,7,3,A,128182595,false,false,,6.200087650546125e-06,171,budget_exhausted,7.951150178909302
K07_16,7,7,3,A,1845143962,false,false,,4.347994469623708e-06,79,budget_exhausted,12.618486166000366
K07_16,7,7,3,A,1683375127,false,false,,7.621244168822936e-06,7,budget_exhausted,19.02173399925232
K07_16,7,7,3,A,893706906,true,true,3,0.0,7,converged,0.16734004020690918
K07_16,7,7,3,A,449904892,false,false,,5.671013904382992e-06,183,budget_exhausted,14.14303994178772
K07_16,7,7,3,A,1667643188,true,true,2,0.0,7,converged,0.13277697563171387
K07_16,7,7,3,B,128182595,false,false,,5.604578690817266e-06,33,budget_exhausted,5.161952018737793
K07_16,7,7,3,B,1845143962,false,false,,7.621244168822936e-06,7,budget_exhausted,5.83282995223999
K07_15,7,7,3,A,449904892,false,false,,0.004855242281881776,1061,budget_exhausted,54.74556279182434
K07_15,7,7,3,A,1667643188,true,true,1,0.0,7,converged,0.11208081245422363
K07_15,7,7,3,B,128182595,true,true,2,0.0,7,converged,0.16925883293151855
K07_15,7,7,3,B,1845143962,false,false,,7.267637133060294e-06,43,budget_exhausted,4.7948009967803955
K07_16,7,7,3,B,1683375127,false,false,,7.489737151967326e-06,21,budget_exhausted,4.539915084838867
K07_16,7,7,3,B,893706906,false,false,,8.014856696407348e-06,53,budget_exhausted,5.795580863952637
K07_16,7,7,3,B,1753007184,false,false,,7.518443909445059e-06,57,budget_exhausted,6.65867018699646
K07_16,7,7,3,B,2107424273,false,false,,6.597311523505565e-06,47,budget_exhausted,4.058430910110474
K07_16,7,7,3,B,418825361,false,false,,5.7179626607559725e-06,43,budget_exhausted,4.687697887420654
K07_16,7,7,3,B,215858185,true,true,12,0.0,7,converged,0.39316606521606445
K07_16,7,7,3,B,449904892,false,false,,1.0112507133962028e-05,17,budget_exhausted,5.564154148101807
K07_16,7,7,3,B,1667643188,false,false,,7.4483958756640544e-06,61,budget_exhausted,7.802638053894043
K07_17,7,7,3,B,1683375127,true,true,0,0.0,7,converged,0.08483099937438965
K07_17,7,7,3,B,893706906,false,false,,7.639047616945537e-06,13,budget_exhausted,8.869221210479736
K07_17,7,7,3,B,1753007184,false,false,,4.380266330192117e-06,7,budget_exhausted,13.004322052001953
K07_17,7,7,3,B,2107424273,true,false,25,1.5430866526156167e-07,13,converged,2.962230920791626
K07_15,7,7,3,A,128182595,true,true,3,0.0,7,converged,0.13819432258605957
K07_15,7,7,3,A,1845143962,false,false,,0.013851937192662601,751,budget_exhausted,58.36200189590454
K07_15,7,7,3,A,1683375127,false,false,,0.020280236027334714,269,budget_exhausted,50.39212107658386
K07_15,7,7,3,A,893706906,true,true,2,0.0,7,converged,0.17180609703063965
K07_18,7,7,3,A,128182595,true,true,0,0.0,7,converged,0.0875101089477539
K07_18,7,7,3,A,1845143962,true,true,2,0.0,7,converged,0.16330409049987793
K07_18,7,7,3,A,1683375127,true,true,2,0.0,7,converged,0.1496729850769043
K07_18,7,7,3,A,893706906,true,true,0,0.0,7,converged,0.08782696723937988
K07_18,7,7,3,A,1753007184,true,true,3,0.0,7,converged,0.15978598594665527
K07_18,7,7,3,A,2107424273,true,true,0,0.0,7,converged,0.08642005920410156
K07_18,7,7,3,A,418825361,true,true,1,0.0,7,converged,0.11248898506164551
K07_18,7,7,3,A,215858185,true,true,4,0.0,7,converged,0.17430400848388672
K07_18,7,7,3,A,449904892,true,true,2,0.0,7,converged,0.15368390083312988
K07_18,7,7,3,A,1667643188,true,true,0,0.0,7,converged,0.07878708839416504
K07_18,7,7,3,B,128182595,true,true,0,0.0,7,converged,0.08633995056152344
K07_18,7,7,3,B,1845143962,false,false,,9.840491039276147e-06,41,budget_exhausted,5.0085742473602295
K07_17,7,7,3,A,128182595,false,false,,0.004930429009299971,15,budget_exhausted,41.376704931259155
K07_17,7,7,3,A,1845143962,false,false,,4.380266330192117e-06,7,budget_exhausted,10.616064071655273
K07_17,7,7,3,A,1683375127,true,true,0,0.0,7,converged,0.08003401756286621
K07_17,7,7,3,A,893706906,false,false,,7.639047616945537e-06,13,budget_exhausted,12.745428085327148
K07_18,7,7,3,B,1683375127,true,true,72,0.0,7,converged,2.0215611457824707
K07_18,7,7,3,B,893706906,true,true,0,0.0,7,converged,0.08573198318481445
K07_18,7,7,3,B,1753007184,false,false,,0.028654914782016767,83,budget_exhausted,9.944352149963379
K07_18,7,7,3,B,2107424273,true,true,0,0.0,7,converged,0.08601021766662598
K07_19,7,7,3,A,128182595,true,true,5,0.0,7,converged,0.16203904151916504
K07_19,7,7,3,A,1845143962,true,true,8,0.0,7,converged,0.21731281280517578
K07_19,7,7,3,A,1683375127,true,true,0,0.0,7,converged,0.08259010314941406
K07_19,7,7,3,A,893706906,true,true,0,0.0,7,converged,0.0878300666809082
K07_15,7,7,3,A,1753007184,true,true,9,0.0,7,converged,0.20059895515441895
K07_15,7,7,3,A,2107424273,false,false,,0.008031570292756796,713,budget_exhausted,104.15891194343567
K07_15,7,7,3,A,418825361,true,true,10,0.0,7,converged,0.24858617782592773
K07_15,7,7,3,A,215858185,true,true,143,0.0,7,converged,20.961502075195312
K07_18,7,7,3,B,418825361,true,false,43,1.496361300703162e-07,25,converged,0.9761078357696533
K07_18,7,7,3,B,215858185,true,true,29,0.0,7,converged,0.9558391571044922
K07_18,7,7,3,B,449904892,true,false,139,4.8870295363569244e-08,29,converged,4.601354122161865
K07_18,7,7,3,B,1667643188,true,true,0,0.0,7,converged,0.0761709213256836
K07_19,7,7,3,B,1683375127,true,true,0,0.0,7,converged,0.08167386054992676
K07_19,7,7,3,B,893706906,true,true,0,0.0,7,converged,0.08701801300048828
K07_19,7,7,3,B,1753007184,false,false,,5.745847042632077e-06,41,budget_exhausted,6.9300537109375
K07_19,7,7,3,B,2107424273,true,true,0,0.0,7,converged,0.08580589294433594
K07_19,7,7,3,B,418825361,true,true,0,0.0,7,converged,0.0751180648803711
K07_19,7,7,3,B,215858185,true,true,0,0.0,7,converged,0.08506608009338379
K07_19,7,7,3,B,449904892,true,false,7,5.539325532668291e-08,23,converged,0.3290519714355469
K07_19,7,7,3,B,1667643188,true,true,11,0.0,7,converged,0.41925811767578125
K07_19,7,7,3,A,449904892,true,true,3,0.0,7,converged,0.13843011856079102
K07_19,7,7,3,A,1667643188,true,true,3,0.0,7,converged,0.14711403846740723
K07_19,7,7,3,B,128182595,false,false,,1.2345885577234072e-05,29,budget_exhausted,4.568889141082764
K07_19,7,7,3,B,1845143962,false,false,,1.2357501299940409e-05,103,budget_exhausted,10.63495397567749
K07_17,7,7,3,A,449904892,false,false,,0.004930429009299971,15,budget_exhausted,38.90407109260559
K07_17,7,7,3,A,1667643188,false,false,,8.666214774577292e-06,35,budget_exhausted,15.171679019927979
K07_17,7,7,3,B,128182595,false,false,,9.836096637386258e-06,113,budget_exhausted,16.256012678146362
K07_17,7,7,3,B,1845143962,false,false,,4.380266330192117e-06,7,budget_exhausted,15.720003843307495
K07_20,7,7,3,A,449904892,true,true,9,0.0,7,converged,0.17360997200012207
K07_20,7,7,3,A,1667643188,true,false,6,1.6623764916368404e-10,15,converged,0.14593887329101562
K07_20,7,7,3,B,128182595,false,false,,9.457838830534202e-05,9,budget_exhausted,5.460961103439331
K07_20,7,7,3,B,1845143962,false,false,,1.4931899865374396e-05,19,budget_exhausted,3.360942840576172
K07_20,7,7,3,B,1683375127,false,false,,3.421077239704029e-05,71,budget_exhausted,7.135991096496582
K07_20,7,7,3,B,893706906,false,false,,1.2179375243958009e-05,27,budget_exhausted,5.639567136764526
K07_20,7,7,3,B,1753007184,false,false,,1.463228610959898e-05,39,budget_exhausted,4.784114122390747
K07_20,7,7,3,B,2107424273,true,true,0,0.0,7,converged,0.0868678092956543
K07_19,7,7,3,A,1753007184,false,false,,0.03375802288410405,1969,budget_exhausted,61.09357786178589
K07_19,7,7,3,A,2107424273,true,true,0,0.0,7,converged,0.082550048828125
K07_19,7,7,3,A,418825361,true,true,0,0.0,7,converged,0.08660602569580078
K07_19,7,7,3,A,215858185,true,true,0,0.0,7,converged,0.08701205253601074
K07_21,7,7,3,A,128182595,true,true,0,0.0,7,converged,0.08642792701721191
K07_21,7,7,3,A,1845143962,true,true,3,0.0,7,converged,0.2246079444885254
K07_21,7,7,3,A,1683375127,true,true,4,0.0,7,converged,0.2653779983520508
K07_21,7,7,3,A,893706906,true,true,0,0.0,7,converged,0.11283993721008301
K07_21,7,7,3,A,1753007184,true,true,0,0.0,7,converged,0.08984589576721191
K07_21,7,7,3,A,2107424273,true,true,0,0.0,7,converged,0.09141397476196289
K07_21,7,7,3,A,418825361,true,true,1,0.0,7,converged,0.1315770149230957
K07_21,7,7,3,A,215858185,true,true,3,0.0,7,converged,0.17132067680358887
K07_17,7,7,3,B,418825361,false,false,,9.329889437813484e-06,69,budget_exhausted,10.547906875610352
K07_17,7,7,3,B,215858185,true,true,37,0.0,7,converged,4.35616397857666
K07_17,7,7,3,B,449904892,false,false,,6.494271862356914e-06,121,budget_exhausted,45.80341029167175
K07_17,7,7,3,B,1667643188,false,false,,9.062875509877358e-06,45,budget_exhausted,30.901555061340332
K07_21,7,7,3,B,1683375127,true,true,12,0.0,7,converged,0.38562798500061035
K07_21,7,7,3,B,893706906,true,true,0,0.0,7,converged,0.0901482105255127
K07_21,7,7,3,B,1753007184,true,true,0,0.0,7,converged,0.07600784301757812
K07_21,7,7,3,B,2107424273,true,true,0,0.0,7,converged,0.08405303955078125
K07_21,7,7,3,A,449904892,true,true,1,0.0,7,converged,0.12317800521850586
K07_21,7,7,3,A,1667643188,true,true,1,0.0,7,converged,0.11719202995300293
K07_21,7,7,3,B,128182595,true,true,0,0.0,7,converged,0.08306407928466797
K07_21,7,7,3,B,1845143962,true,true,27,0.0,7,converged,0.7650260925292969
K07_22,7,7,3,A,128182595,true,true,3,0.0,7,converged,0.15294718742370605
K07_22,7,7,3,A,1845143962,true,true,0,0.0,7,converged,0.07941198348999023
K07_22,7,7,3,A,1683375127,true,true,0,0.0,7,converged,0.08235287666320801
K07_22,7,7,3,A,893706906,true,true,0,0.0,7,converged,0.0888216495513916
K07_22,7,7,3,A,1753007184,true,true,6,0.0,7,converged,0.17653203010559082
K07_22,7,7,3,A,2107424273,true,true,0,0.0,7,converged,0.08074593544006348
K07_22,7,7,3,A,418825361,true,true,3,0.0,7,converged,0.13002705574035645
K07_22,7,7,3,A,215858185,true,true,2,0.0,7,converged,0.16166210174560547
K07_21,7,7,3,B,418825361,true,true,108,0.0,7,converged,3.1254148483276367
K07_21,7,7,3,B,215858185,true,true,6,0.0,7,converged,0.2655332088470459
K07_21,7,7,3,B,449904892,true,true,6,0.0,7,converged,0.25295376777648926
K07_21,7,7,3,B,1667643188,true,true,31,0.0,15,converged,0.7596690654754639
K07_22,7,7,3,B,1683375127,true,true,0,0.0,7,converged,0.08225107192993164
K07_22,7,7,3,B,893706906,true,true,0,0.0,7,converged,0.08733296394348145
K07_22,7,7,3,B,1753007184,false,false,,9.061853394368756e-06,31,budget_exhausted,5.0909810066223145
K07_22,7,7,3,B,2107424273,true,true,0,0.0,7,converged,0.08782291412353516
K07_20,7,7,3,B,418825361,false,false,,9.447897140349907e-06,37,budget_exhausted,4.974550008773804
K07_20,7,7,3,B,215858185,false,false,,9.914080032170053e-06,51,budget_exhausted,5.83276104927063
K07_20,7,7,3,B,449904892,false,false,,6.78303976687923e-06,49,budget_exhausted,6.428822994232178
K07_20,7,7,3,B,1667643188,true,true,1,0.0,7,converged,0.1240839958190918
K07_22,7,7,3,B,418825361,false,false,,2.0901821326911903e-05,63,budget_exhausted,6.792718887329102
K07_22,7,7,3,B,215858185,false,false,,6.994795396940664e-06,29,budget_exhausted,5.446726322174072
K07_22,7,7,3,B,449904892,true,true,0,0.0,7,converged,0.07777690887451172
K07_22,7,7,3,B,1667643188,true,false,2,2.0982156007222854e-14,25,converged,0.15241098403930664
K07_23,7,7,3,A,128182595,false,false,,7.194217772963301e-06,97,budget_exhausted,2.0939581394195557
K07_23,7,7,3,A,1845143962,false,false,,2.422405047073456e-05,5,budget_exhausted,0.9672269821166992
K07_23,7,7,3,A,1683375127,false,false,,5.0459109309056645e-06,67,budget_exhausted,5.600527763366699
K07_23,7,7,3,A,893706906,false,false,,7.94256473396326e-06,61,budget_exhausted,5.06146502494812
K07_23,7,7,3,A,1753007184,false,false,,6.381415356606211e-06,25,budget_exhausted,5.7008209228515625
K07_23,7,7,3,A,2107424273,true,true,2,0.0,7,converged,0.13226008415222168
K07_23,7,7,3,A,418825361,false,false,,2.422405047073456e-05,5,budget_exhausted,0.9559671878814697
K07_23,7,7,3,A,215858185,false,false,,6.009812317774263e-06,47,budget_exhausted,5.938151121139526
K07_23,7,7,3,A,449904892,false,false,,7.362302560176263e-06,77,budget_exhausted,5.764372110366821
K07_23,7,7,3,A,1667643188,false,false,,9.009017915193652e-06,17,budget_exhausted,3.4512579441070557
K07_23,7,7,3,B,128182595,false,false,,5.711881107879921e-06,29,budget_exhausted,5.275187969207764
K07_23,7,7,3,B,1845143962,false,false,,7.493477011444129e-06,41,budget_exhausted,5.2419092655181885
K07_20,7,7,3,A,128182595,false,false,,7.835004304159309e-06,527,budget_exhausted,28.31640315055847
K07_20,7,7,3,A,1845143962,true,true,2,0.0,7,converged,0.17836904525756836
K07_20,7,7,3,A,1683375127,true,true,3,0.0,7,converged,0.15794110298156738
K07_20,7,7,3,A,893706906,false,false,,0.00011224388548552204,1397,budget_exhausted,68.08012080192566
K07_24,7,7,3,A,128182595,true,true,3,0.0,7,converged,0.13862109184265137
K07_24,7,7,3,A,1845143962,true,true,0,0.0,7,converged,0.07941603660583496
K07_24,7,7,3,A,1683375127,true,true,3,0.0,7,converged,0.13368797302246094
K07_24,7,7,3,A,893706906,true,true,3,0.0,7,converged,0.16704487800598145
K07_24,7,7,3,A,1753007184,true,true,8,0.0,7,converged,0.18131709098815918
K07_24,7,7,3,A,2107424273,true,true,2,0.0,7,converged,0.14531683921813965
K07_24,7,7,3,A,418825361,true,true,3,0.0,7,converged,0.1260838508605957
K07_24,7,7,3,A,215858185,true,true,9,0.0,7,converged,0.23125505447387695
K07_20,7,7,3,A,1753007184,true,true,3,0.0,7,converged,0.1455528736114502
K07_20,7,7,3,A,2107424273,true,true,0,0.0,7,converged,0.08392691612243652
K07_20,7,7,3,A,418825361,false,false,,0.0005114097338909805,1547,budget_exhausted,70.17183995246887
K07_20,7,7,3,A,215858185,false,false,,0.0027858673981715743,635,budget_exhausted,26.810994148254395
K07_24,7,7,3,A,449904892,true,true,3,0.0,7,converged,0.21544599533081055
K07_24,7,7,3,A,1667643188,true,true,5,0.0,7,converged,0.18635106086730957
K07_24,7,7,3,B,128182595,false,false,,7.478848666234689e-05,61,budget_exhausted,6.657048940658569
K07_24,7,7,3,B,1845143962,true,true,0,0.0,7,converged,0.08487582206726074
K07_23,7,7,3,B,1683375127,false,false,,6.749665634400211e-06,55,budget_exhausted,6.064594030380249
K07_23,7,7,3,B,893706906,false,false,,7.120408480983548e-06,29,budget_exhausted,3.705974817276001
K07_23,7,7,3,B,1753007184,false,false,,6.274662567101069e-06,49,budget_exhausted,4.83453631401062
K07_23,7,7,3,B,2107424273,false,false,,6.96855982274886e-06,57,budget_exhausted,7.428419828414917
K07_25,7,7,3,A,128182595,true,true,5,0.0,7,converged,0.1673121452331543
K07_25,7,7,3,A,1845143962,true,true,10,0.0,7,converged,0.24274992942810059
K07_25,7,7,3,A,1683375127,true,true,5,0.0,7,converged,0.16868209838867188
K07_25,7,7,3,A,893706906,true,true,11,0.0,7,converged,0.3155498504638672
K07_25,7,7,3,A,1753007184,true,true,5,0.0,7,converged,0.18230009078979492
K07_25,7,7,3,A,2107424273,true,true,3,0.0,7,converged,0.1550142765045166
K07_25,7,7,3,A,418825361,true,true,5,0.0,7,converged,0.16155004501342773
K07_25,7,7,3,A,215858185,true,true,4,0.0,7,converged,0.17428183555603027
K07_23,7,7,3,B,418825361,false,false,,9.630754800700767e-06,55,budget_exhausted,5.698483943939209
K07_23,7,7,3,B,215858185,true,true,10,0.0,7,converged,0.35779619216918945
K07_23,7,7,3,B,449904892,false,false,,5.592168529072234e-06,31,budget_exhausted,4.019300222396851
K07_23,7,7,3,B,1667643188,false,false,,1.0195492846500474e-05,47,budget_exhausted,6.457821369171143
K07_24,7,7,3,B,1683375127,true,true,17,0.0,7,converged,0.4655611515045166
K07_24,7,7,3,B,893706906,false,false,,7.088941210579025e-06,69,budget_exhausted,8.882534265518188
K07_24,7,7,3,B,1753007184,false,false,,1.3936193676650811e-05,33,budget_exhausted,4.667201995849609
K07_24,7,7,3,B,2107424273,false,false,,2.7357794103258195e-06,19,budget_exhausted,7.263819932937622
K07_25,7,7,3,B,1683375127,false,false,,0.0001415807659959497,43,budget_exhausted,5.502745151519775
K07_25,7,7,3,B,893706906,true,true,13,1.03110340069437e-30,19,converged,0.4998359680175781
K07_25,7,7,3,B,1753007184,false,false,,0.0016357703114532765,35,budget_exhausted,5.3319480419158936
K07_25,7,7,3,B,2107424273,true,false,79,3.6675302067330566e-07,17,converged,2.1435630321502686
K07_24,7,7,3,B,418825361,true,true,59,0.0,7,converged,2.4567549228668213
K07_24,7,7,3,B,215858185,true,false,152,4.827956181464588e-09,21,converged,8.382148027420044
K07_24,7,7,3,B,449904892,false,false,,2.1343827514378227e-05,31,budget_exhausted,11.009713172912598
K07_24,7,7,3,B,1667643188,true,true,29,0.0,7,converged,1.257559061050415
K07_26,7,7,3,A,1753007184,true,true,23,0.0,7,converged,0.500931978225708
K07_26,7,7,3,A,2107424273,true,true,6,0.0,7,converged,0.17992496490478516
K07_26,7,7,3,A,418825361,true,true,3,0.0,7,converged,0.13693809509277344
K07_26,7,7,3,A,215858185,true,true,4,0.0,7,converged,0.18158698081970215
K07_25,7,7,3,A,449904892,true,true,4,0.0,7,converged,0.1556110382080078
K07_25,7,7,3,A,1667643188,true,true,1,0.0,7,converged,0.12896203994750977
K07_25,7,7,3,B,128182595,false,false,,0.06991537742533543,103,budget_exhausted,11.536115884780884
K07_25,7,7,3,B,1845143962,false,false,,0.0023422946868358334,147,budget_exhausted,14.702553749084473
K07_22,7,7,3,A,449904892,true,true,0,0.0,7,converged,0.09001922607421875
K07_22,7,7,3,A,1667643188,false,false,,2.213967408098272e-05,857,budget_exhausted,85.44118404388428
K07_22,7,7,3,B,128182595,false,false,,6.821765411264036e-06,59,budget_exhausted,6.497615098953247
K07_22,7,7,3,B,1845143962,true,true,0,0.0,7,converged,0.0793600082397461
K07_25,7,7,3,B,418825361,false,false,,2.995720046645658e-06,27,budget_exhausted,6.992318868637085
K07_25,7,7,3,B,215858185,false,false,,0.0005551137966807981,65,budget_exhausted,7.604053735733032
K07_25,7,7,3,B,449904892,false,false,,0.000662124482314967,63,budget_exhausted,7.453100204467773
K07_25,7,7,3,B,1667643188,false,false,,0.007360555871536959,103,budget_exhausted,9.296386241912842
K07_27,7,7,3,A,128182595,true,true,3,0.0,7,converged,0.13213419914245605
K07_27,7,7,3,A,1845143962,true,true,41,0.0,7,converged,0.9418587684631348
K07_27,7,7,3,A,1683375127,true,true,4,0.0,7,converged,0.14670419692993164
K07_27,7,7,3,A,893706906,true,true,5,0.0,7,converged,0.18998289108276367
K07_26,7,7,3,B,1683375127,true,true,24,0.0,7,converged,0.791754961013794
K07_26,7,7,3,B,893706906,false,false,,0.11254339361465106,93,budget_exhausted,11.696272850036621
K07_26,7,7,3,B,1753007184,true,true,128,0.0,7,converged,2.187106132507324
K07_26,7,7,3,B,2107424273,false,false,,0.019471207573415084,75,budget_exhausted,7.557283163070679
K07_26,7,7,3,B,418825361,true,true,4,0.0,15,converged,0.24032211303710938
K07_26,7,7,3,B,215858185,false,false,,0.002916563735556184,55,budget_exhausted,5.874734163284302
K07_26,7,7,3,B,449904892,false,false,,0.005343303770082697,59,budget_exhausted,8.60746693611145
K07_26,7,7,3,B,1667643188,false,false,,4.893497618145859e-05,43,budget_exhausted,4.2865989208221436
K07_26,7,7,3,A,449904892,false,false,,0.015410980424802271,225,budget_exhausted,16.633506774902344
K07_26,7,7,3,A,1667643188,false,false,,0.006280690329454542,193,budget_exhausted,15.03337812423706
K07_26,7,7,3,B,128182595,true,true,119,0.0,7,converged,2.778402805328369
K07_26,7,7,3,B,1845143962,true,false,37,1.5977069479873874e-08,27,converged,1.065467119216919
K07_27,7,7,3,A,1753007184,false,false,,3.7837089507395525e-06,25,budget_exhausted,10.077003955841064
K07_27,7,7,3,A,2107424273,true,true,8,0.0,7,converged,0.18630313873291016
K07_27,7,7,3,A,418825361,true,true,3,0.0,7,converged,0.14067912101745605
K07_27,7,7,3,A,215858185,true,true,5,0.0,7,converged,0.1849958896636963
K07_28,7,7,3,A,128182595,true,true,4,0.0,7,converged,0.14555001258850098
K07_28,7,7,3,A,1845143962,true,true,3,0.0,7,converged,0.18412375450134277
K07_28,7,7,3,A,1683375127,true,true,15,0.0,7,converged,0.31893205642700195
K07_28,7,7,3,A,893706906,true,true,5,0.0,7,converged,0.211439847946167
K07_28,7,7,3,A,1753007184,true,true,6,0.0,7,converged,0.18355894088745117
K07_28,7,7,3,A,2107424273,true,true,4,0.0,7,converged,0.17690300941467285
K07_28,7,7,3,A,418825361,true,true,3,0.0,7,converged,0.14945507049560547
K07_28,7,7,3,A,215858185,true,true,2,0.0,7,converged,0.14354181289672852
K07_28,7,7,3,A,449904892,true,true,4,0.0,7,converged,0.16539502143859863
K07_28,7,7,3,A,1667643188,true,true,1,0.0,7,converged,0.1294689178466797
K07_28,7,7,3,B,128182595,true,true,1,0.0,7,converged,0.1446831226348877
K07_28,7,7,3,B,1845143962,true,true,10,0.0,7,converged,0.40082502365112305
K07_27,7,7,3,A,449904892,true,true,8,0.0,7,converged,0.1695411205291748
K07_27,7,7,3,A,1667643188,true,true,4,0.0,7,converged,0.138991117477417
K07_27,7,7,3,B,128182595,false,false,,0.03642470416397176,91,budget_exhausted,9.02541995048523
K07_27,7,7,3,B,1845143962,false,false,,0.0001665992133137138,25,budget_exhausted,4.834630250930786
K07_28,7,7,3,B,1683375127,true,true,26,0.0,7,converged,0.719351053237915
K07_28,7,7,3,B,893706906,false,false,,0.00018965644930199303,83,budget_exhausted,10.488467931747437
K07_28,7,7,3,B,1753007184,true,true,82,0.0,7,converged,2.060832977294922
K07_28,7,7,3,B,2107424273,true,false,18,1.0925770024465224e-08,25,converged,0.47728705406188965
K07_17,7,7,3,A,1753007184,false,false,,0.004930429009299971,15,budget_exhausted,88.21841406822205
K07_17,7,7,3,A,2107424273,false,false,,0.004930429009299971,15,budget_exhausted,116.72448635101318
K07_17,7,7,3,A,418825361,false,false,,0.004930429009299971,15,budget_exhausted,32.171762228012085
K07_17,7,7,3,A,215858185,false,false,,9.037400143490772e-06,49,budget_exhausted,18.165268898010254
K07_28,7,7,3,B,418825361,false,false,,0.027327995723378462,95,budget_exhausted,10.004414796829224
K07_28,7,7,3,B,215858185,true,true,33,0.0,7,converged,0.9131839275360107
K07_28,7,7,3,B,449904892,true,true,19,0.0,7,converged,0.4766809940338135
K07_28,7,7,3,B,1667643188,true,true,193,0.0,7,converged,4.823741912841797
K07_27,7,7,3,B,1683375127,true,true,141,0.0,7,converged,4.405210733413696
K07_27,7,7,3,B,893706906,true,true,102,0.0,7,converged,2.446816921234131
K07_27,7,7,3,B,1753007184,false,false,,0.0014350553560296428,107,budget_exhausted,8.784430980682373
K07_27,7,7,3,B,2107424273,false,false,,0.019256440861070055,133,budget_exhausted,10.37149715423584
K07_27,7,7,3,B,418825361,false,false,,2.7407815922001655e-06,59,budget_exhausted,7.6307079792022705
K07_27,7,7,3,B,215858185,false,false,,0.02368758924090014,63,budget_exhausted,7.694340705871582
K07_27,7,7,3,B,449904892,false,false,,0.02353257144755638,69,budget_exhausted,6.885373115539551
K07_27,7,7,3,B,1667643188,false,false,,0.2136309821932924,113,budget_exhausted,10.626604795455933
K07_29,7,7,3,B,1683375127,true,true,1,0.0,7,converged,0.12986993789672852
K07_29,7,7,3,B,893706906,true,true,29,0.0,7,converged,0.837270975112915
K07_29,7,7,3,B,1753007184,false,false,,6.441728379051677e-05,193,budget_exhausted,19.87467908859253
K07_29,7,7,3,B,2107424273,false,false,,1.581941004334181e-05,157,budget_exhausted,14.083077907562256
K07_29,7,7,3,B,418825361,true,true,105,0.0,7,converged,5.913581848144531
K07_29,7,7,3,B,215858185,true,true,106,0.0,7,converged,5.669545888900757
K07_29,7,7,3,B,449904892,false,false,,1.2582974422846557e-05,37,budget_exhausted,5.010775089263916
K07_29,7,7,3,B,1667643188,false,false,,0.11776687775253063,99,budget_exhausted,10.702778100967407
K07_29,7,7,3,A,1753007184,true,true,3,0.0,7,converged,0.14836716651916504
K07_29,7,7,3,A,2107424273,true,true,6,0.0,7,converged,0.22672009468078613
K07_29,7,7,3,A,418825361,true,true,2,0.0,7,converged,0.11768412590026855
K07_29,7,7,3,A,215858185,false,false,,5.790388709566076e-05,1323,budget_exhausted,53.80675292015076
K09_00,9,9,4,A,128182595,true,true,3,0.0,9,converged,0.2960479259490967
K09_00,9,9,4,A,1845143962,false,false,,7.130604692224724e-06,49,budget_exhausted,8.566506147384644
K09_00,9,9,4,A,1683375127,false,false,,9.178620050192162e-06,65,budget_exhausted,15.242461919784546
K09_00,9,9,4,A,893706906,false,false,,7.360985371971821e-06,17,budget_exhausted,14.302173852920532
K07_26,7,7,3,A,128182595,false,false,,0.040953072973757804,1081,budget_exhausted,44.078551054000854
K07_26,7,7,3,A,1845143962,true,true,14,0.0,7,converged,0.2751739025115967
K07_26,7,7,3,A,1683375127,false,false,,0.003885909727681713,83,budget_exhausted,19.921436071395874
K07_26,7,7,3,A,893706906,false,false,,0.05993468725199106,1813,budget_exhausted,74.94213891029358
K09_00,9,9,4,A,449904892,true,true,0,0.0,9,converged,0.07845211029052734
K09_00,9,9,4,A,1667643188,false,false,,8.727075658216911e-06,111,budget_exhausted,20.69378924369812
K09_00,9,9,4,B,128182595,false,false,,6.88250211222693e-06,115,budget_exhausted,11.374259948730469
K09_00,9,9,4,B,1845143962,false,false,,6.286429343196736e-06,85,budget_exhausted,8.638081073760986
K09_01,9,9,4,A,128182595,true,true,4,0.0,9,converged,0.1484999656677246
K09_01,9,9,4,A,1845143962,true,true,5,0.0,9,converged,0.1810290813446045
K09_01,9,9,4,A,1683375127,true,true,3,0.0,9,converged,0.1389000415802002
K09_01,9,9,4,A,893706906,true,true,5,0.0,9,converged,0.16578912734985352
K09_01,9,9,4,A,1753007184,true,true,5,0.0,9,converged,0.15282678604125977
K09_01,9,9,4,A,2107424273,true,true,3,0.0,9,converged,0.14520692825317383
K09_01,9,9,4,A,418825361,true,true,4,0.0,9,converged,0.13758611679077148
K09_01,9,9,4,A,215858185,true,true,6,0.0,9,converged,0.1642308235168457
K09_00,9,9,4,A,1753007184,false,false,,0.08552404676820999,655,budget_exhausted,37.59652829170227
K09_00,9,9,4,A,2107424273,false,false,,7.264242175902654e-06,33,budget_exhausted,7.788013935089111
K09_00,9,9,4,A,418825361,false,false,,6.624548894624169e-06,153,budget_exhausted,15.566778898239136
K09_00,9,9,4,A,215858185,true,true,10,0.0,9,converged,1.5355210304260254
K09_00,9,9,4,B,418825361,false,false,,7.082506658172569e-06,49,budget_exhausted,7.825106859207153
K09_00,9,9,4,B,215858185,false,false,,6.061108831957155e-06,67,budget_exhausted,8.41518497467041
K09_00,9,9,4,B,449904892,true,true,0,0.0,9,converged,0.07549214363098145
K09_00,9,9,4,B,1667643188,false,false,,8.104337481267396e-06,69,budget_exhausted,8.322387933731079
K09_00,9,9,4,B,1683375127,false,false,,8.066173374001013e-06,73,budget_exhausted,9.332255125045776
K09_00,9,9,4,B,893706906,false,false,,7.222991864108374e-06,33,budget_exhausted,7.089409828186035
K09_00,9,9,4,B,1753007184,false,false,,7.174784799352632e-06,103,budget_exhausted,9.430190086364746
K09_00,9,9,4,B,2107424273,false,false,,6.85785974435355e-06,25,budget_exhausted,9.795219898223877
K09_01,9,9,4,B,1683375127,true,true,19,0.0,9,converged,0.9312591552734375
K09_01,9,9,4,B,893706906,false,false,,7.3198834515446585,67,budget_exhausted,7.064580917358398
K09_01,9,9,4,B,1753007184,true,true,76,0.0,9,converged,2.317121982574463
K09_01,9,9,4,B,2107424273,true,true,40,0.0,9,converged,1.171539068222046
K09_02,9,9,4,A,1753007184,true,true,2,0.0,9,converged,0.12929296493530273
K09_02,9,9,4,A,2107424273,true,true,6,0.0,9,converged,0.17043209075927734
K09_02,9,9,4,A,418825361,true,true,15,0.0,9,converged,0.2855648994445801
K09_02,9,9,4,A,215858185,true,true,8,0.0,9,converged,0.18909788131713867
K07_29,7,7,3,A,128182595,false,false,,0.055660242910030806,291,budget_exhausted,21.376495122909546
K07_29,7,7,3,A,1845143962,true,true,9,0.0,7,converged,0.2524690628051758
K07_29,7,7,3,A,1683375127,true,true,13,0.0,7,converged,0.21155691146850586
K07_29,7,7,3,A,893706906,false,false,,0.0025841015407274486,1543,budget_exhausted,97.43760800361633
K09_01,9,9,4,B,418825361,false,false,,8.21202458025812,39,budget_exhausted,5.225996971130371
K09_01,9,9,4,B,215858185,false,false,,1.616902844722925,103,budget_exhausted,11.384222030639648
K09_01,9,9,4,B,449904892,false,false,,46.742537478308485,75,budget_exhausted,7.533535003662109
K09_01,9,9,4,B,1667643188,true,true,67,0.0,9,converged,1.3459410667419434
K09_01,9,9,4,A,449904892,false,false,,3.476636372374834e-06,107,budget_exhausted,24.39325499534607
K09_01,9,9,4,A,1667643188,true,true,6,0.0,9,converged,0.17249584197998047
K09_01,9,9,4,B,128182595,false,false,,6.314182353605282e-06,29,budget_exhausted,4.256331920623779
K09_01,9,9,4,B,1845143962,false,false,,0.3113482018728177,91,budget_exhausted,8.158117294311523
K09_02,9,9,4,B,418825361,false,false,,0.0010123665444470653,53,budget_exhausted,6.023423910140991
K09_02,9,9,4,B,215858185,false,false,,0.0002779009681573672,35,budget_exhausted,4.639535665512085
K09_02,9,9,4,B,449904892,true,true,41,0.0,9,converged,1.4114110469818115
K09_02,9,9,4,B,1667643188,true,true,51,0.0,9,converged,1.1162259578704834
K09_02,9,9,4,B,1683375127,false,false,,0.0010543817260225228,81,budget_exhausted,10.577753067016602
K09_02,9,9,4,B,893706906,false,false,,0.020729118516118073,131,budget_exhausted,12.14693808555603
K09_02,9,9,4,B,1753007184,true,true,79,0.0,9,converged,2.756929874420166
K09_02,9,9,4,B,2107424273,true,false,195,1.0373639656854867e-07,51,converged,5.05990195274353
K07_29,7,7,3,A,449904892,false,false,,3.639694285247494e-05,1241,budget_exhausted,54.482568979263306
K07_29,7,7,3,A,1667643188,false,false,,0.005472381230780354,793,budget_exhausted,82.02575397491455
K07_29,7,7,3,B,128182595,false,false,,2.7034005736488726e-05,35,budget_exhausted,4.49078106880188
K07_29,7,7,3,B,1845143962,false,false,,0.00019691466055724968,35,budget_exhausted,4.390767812728882
K09_02,9,9,4,A,128182595,false,false,,0.0021840726431645277,607,budget_exhausted,38.16288614273071
K09_02,9,9,4,A,1845143962,true,true,16,0.0,9,converged,0.23517990112304688
K09_02,9,9,4,A,1683375127,true,true,26,0.0,9,converged,0.2465670108795166
K09_02,9,9,4,A,893706906,true,true,17,0.0,9,converged,0.38448166847229004
K09_03,9,9,4,A,128182595,true,true,64,0.0,9,converged,12.493202924728394
K09_03,9,9,4,A,1845143962,true,true,34,0.0,9,converged,4.627309799194336
K09_03,9,9,4,A,1683375127,true,true,6,0.0,9,converged,0.46829915046691895
K09_03,9,9,4,A,893706906,true,true,81,0.0,9,converged,12.26517105102539
K09_02,9,9,4,A,449904892,true,true,6,0.0,9,converged,0.16638898849487305
K09_02,9,9,4,A,1667643188,false,false,,0.002007482598258664,1413,budget_exhausted,49.7615442276001
K09_02,9,9,4,B,128182595,true,true,14,0.0,9,converged,0.3892631530761719
K09_02,9,9,4,B,1845143962,true,true,74,0.0,9,converged,2.116201162338257
K09_03,9,9,4,B,1683375127,true,true,10,0.0,9,converged,0.7303066253662109
K09_03,9,9,4,B,893706906,true,true,94,0.0,21,converged,9.69679307937622
K09_03,9,9,4,B,1753007184,true,true,72,0.0,9,converged,3.3705317974090576
K09_03,9,9,4,B,2107424273,false,false,,0.4466783912944359,93,budget_exhausted,10.906729221343994
K09_03,9,9,4,B,418825361,false,false,,4.847167886953238e-06,19,budget_exhausted,5.9320220947265625
K09_03,9,9,4,B,215858185,false,false,,4.709738799374848e-06,53,budget_exhausted,8.068769931793213
K09_03,9,9,4,B,449904892,true,true,27,0.0,9,converged,1.010779857635498
K09_03,9,9,4,B,1667643188,true,true,138,0.0,9,converged,6.812053918838501
K09_03,9,9,4,A,449904892,true,true,3,0.0,9,converged,0.3327329158782959
K09_03,9,9,4,A,1667643188,true,true,6,0.0,9,converged,0.5094680786132812
K09_03,9,9,4,B,128182595,false,false,,0.07340314106516031,109,budget_exhausted,21.69478487968445
K09_03,9,9,4,B,1845143962,false,false,,6.02454339622194e-06,87,budget_exhausted,22.22367286682129
K09_03,9,9,4,A,1753007184,true,true,3,0.0,9,converged,0.3134748935699463
K09_03,9,9,4,A,2107424273,true,true,154,0.0,9,converged,33.12745904922485
K09_03,9,9,4,A,418825361,true,true,4,0.0,9,converged,0.3219268321990967
K09_03,9,9,4,A,215858185,true,true,91,0.0,9,converged,15.570958852767944
K09_05,9,9,4,A,128182595,false,false,,7.204558594597619e-06,27,budget_exhausted,17.713264226913452
K09_05,9,9,4,A,1845143962,true,true,9,0.0,9,converged,0.19872188568115234
K09_05,9,9,4,A,1683375127,true,true,6,0.0,9,converged,0.15256786346435547
K09_05,9,9,4,A,893706906,true,true,10,0.0,9,converged,0.20334219932556152
K09_04,9,9,4,B,1683375127,false,false,,0.02065671456995622,123,budget_exhausted,11.344619035720825
K09_04,9,9,4,B,893706906,false,false,,0.02430238818345206,95,budget_exhausted,8.55073595046997
K09_04,9,9,4,B,1753007184,false,false,,0.00014562123236045848,105,budget_exhausted,10.70098614692688
K09_04,9,9,4,B,2107424273,false,false,,0.011251644828132424,95,budget_exhausted,7.948513984680176
K09_05,9,9,4,A,449904892,true,true,8,0.0,9,converged,0.3095862865447998
K09_05,9,9,4,A,1667643188,true,true,11,0.0,9,converged,0.23578310012817383
K09_05,9,9,4,B,128182595,true,true,14,0.0,9,converged,0.38338303565979004
K09_05,9,9,4,B,1845143962,false,false,,3.190123994706129e-05,35,budget_exhausted,4.333197832107544
K09_05,9,9,4,A,1753007184,false,false,,7.452518115983061e-06,173,budget_exhausted,13.14566683769226
K09_05,9,9,4,A,2107424273,true,true,14,0.0,9,converged,0.2546670436859131
K09_05,9,9,4,A,418825361,true,true,11,0.0,9,converged,0.17290210723876953
K09_05,9,9,4,A,215858185,true,true,14,0.0,9,converged,0.2596170902252197
K09_04,9,9,4,B,418825361,false,false,,0.009015635505643386,91,budget_exhausted,9.03863000869751
K09_04,9,9,4,B,215858185,false,false,,0.009052689637915081,89,budget_exhausted,8.882170915603638
K09_04,9,9,4,B,449904892,false,false,,0.03188687441263462,91,budget_exhausted,9.353440999984741
K09_04,9,9,4,B,1667643188,false,false,,0.028135983795340307,85,budget_exhausted,7.422230958938599
K09_05,9,9,4,B,1683375127,false,false,,3.165389985280792e-05,63,budget_exhausted,6.210874795913696
K09_05,9,9,4,B,893706906,false,false,,1.5839077084213645e-05,45,budget_exhausted,4.878736734390259
K09_05,9,9,4,B,1753007184,false,false,,0.00016892580047379706,51,budget_exhausted,5.632457971572876
K09_05,9,9,4,B,2107424273,false,false,,0.00020733164886117066,77,budget_exhausted,7.306806802749634
K09_05,9,9,4,B,418825361,false,false,,3.190123994706129e-05,35,budget_exhausted,4.597205877304077
K09_05,9,9,4,B,215858185,false,false,,0.0017370928513005793,29,budget_exhausted,8.91730785369873
K09_05,9,9,4,B,449904892,false,false,,0.04622374699162115,203,budget_exhausted,17.10473895072937
K09_05,9,9,4,B,1667643188,false,false,,1.0526015100026112e-05,33,budget_exhausted,4.120644807815552
K09_04,9,9,4,A,1753007184,false,false,,0.022960062356695128,669,budget_exhausted,36.69806408882141
K09_04,9,9,4,A,2107424273,false,false,,0.01987252628269669,257,budget_exhausted,14.633196830749512
K09_04,9,9,4,A,418825361,false,false,,0.007236168209009101,751,budget_exhausted,29.378092050552368
K09_04,9,9,4,A,215858185,false,false,,0.02446849075678884,1399,budget_exhausted,74.43151688575745
K09_04,9,9,4,A,128182595,false,false,,0.0037424753757743447,1561,budget_exhausted,104.89487314224243
K09_04,9,9,4,A,1845143962,false,false,,0.021103780333779524,241,budget_exhausted,29.320644855499268
K09_04,9,9,4,A,1683375127,false,false,,0.0223190585305081,347,budget_exhausted,24.180815935134888
K09_04,9,9,4,A,893706906,false,false,,0.023384638016067064,355,budget_exhausted,22.7182400226593
K09_06,9,9,4,B,1683375127,true,true,12,0.0,9,converged,0.33964109420776367
K09_06,9,9,4,B,893706906,false,false,,3.284024312180679,83,budget_exhausted,6.9678521156311035
K09_06,9,9,4,B,1753007184,false,false,,0.012318358491260565,69,budget_exhausted,6.683704137802124
K09_06,9,9,4,B,2107424273,false,false,,0.8826463224942286,65,budget_exhausted,6.640368938446045
K09_04,9,9,4,A,449904892,false,false,,0.021012408410232494,777,budget_exhausted,64.3474190235138
K09_04,9,9,4,A,1667643188,false,false,,0.016100132632080346,1471,budget_exhausted,89.3821370601654
K09_04,9,9,4,B,128182595,false,false,,0.03164380457562765,87,budget_exhausted,7.6386778354644775
K09_04,9,9,4,B,1845143962,false,false,,0.031014139924078712,101,budget_exhausted,9.10673999786377
K09_07,9,9,4,A,128182595,true,true,8,0.0,9,converged,0.17811203002929688
K09_07,9,9,4,A,1845143962,true,true,41,0.0,9,converged,0.30506324768066406
K09_07,9,9,4,A,1683375127,true,true,28,0.0,9,converged,0.2615959644317627
K09_07,9,9,4,A,893706906,false,false,,7.142510590861207e-06,185,budget_exhausted,8.233731031417847
K09_06,9,9,4,A,1753007184,false,false,,8.663273594327032e-06,209,budget_exhausted,10.678055047988892
K09_06,9,9,4,A,2107424273,false,false,,6.576599775684205e-05,513,budget_exhausted,15.905709981918335
K09_06,9,9,4,A,418825361,false,false,,0.4235801836629857,827,budget_exhausted,72.22286796569824
K09_06,9,9,4,A,215858185,false,false,,7.668846163782838e-05,281,budget_exhausted,19.181725025177002
K09_06,9,9,4,B,418825361,false,false,,0.84432428980662,91,budget_exhausted,7.95252799987793
K09_06,9,9,4,B,215858185,false,false,,0.13909620568347197,77,budget_exhausted,7.51385498046875
K09_06,9,9,4,B,449904892,true,true,148,0.0,9,converged,4.898005962371826
K09_06,9,9,4,B,1667643188,false,false,,0.04608231194828215,69,budget_exhausted,7.036014795303345
K09_07,9,9,4,B,1683375127,true,true,182,0.0,9,converged,5.810740947723389
K09_07,9,9,4,B,893706906,false,false,,5.6303712154431197e-05,97,budget_exhausted,10.16900110244751
K09_07,9,9,4,B,1753007184,false,false,,0.005754289383373304,55,budget_exhausted,6.084560871124268
K09_07,9,9,4,B,2107424273,true,true,30,0.0,9,converged,0.7266330718994141
K09_07,9,9,4,A,449904892,false,false,,0.01436738619605637,573,budget_exhausted,21.980783939361572
K09_07,9,9,4,A,1667643188,true,true,9,0.0,9,converged,0.1556568145751953
K09_07,9,9,4,B,128182595,false,false,,0.005075773116608397,65,budget_exhausted,5.722957134246826
K09_07,9,9,4,B,1845143962,false,false,,7.708117533716625e-06,21,budget_exhausted,3.307123899459839
K09_06,9,9,4,A,128182595,false,false,,0.0020638180021225337,277,budget_exhausted,65.90671420097351
K09_06,9,9,4,A,1845143962,true,true,3,0.0,9,converged,0.1643831729888916
K09_06,9,9,4,A,1683375127,false,false,,4.555247051542797e-05,1315,budget_exhausted,37.627174854278564
K09_06,9,9,4,A,893706906,false,false,,1.3461031941186172,1573,budget_exhausted,58.66607189178467
K09_07,9,9,4,B,418825361,false,false,,7.2104892297605225e-06,23,budget_exhausted,3.2555811405181885
K09_07,9,9,4,B,215858185,false,false,,0.06187343349685366,67,budget_exhausted,7.850956201553345
K09_07,9,9,4,B,449904892,false,false,,0.021773619661320253,95,budget_exhausted,9.38227891921997
K09_07,9,9,4,B,1667643188,false,false,,0.07412144180877854,67,budget_exhausted,6.598534822463989
K09_08,9,9,4,A,128182595,false,false,,8.515947577764056e-06,13,budget_exhausted,17.485090970993042
K09_08,9,9,4,A,1845143962,false,false,,5.763300425221305e-06,199,budget_exhausted,5.051803350448608
K09_08,9,9,4,A,1683375127,false,false,,5.314942884658641e-06,35,budget_exhausted,6.8580286502838135
K09_08,9,9,4,A,893706906,true,true,7,0.0,9,converged,0.19155120849609375
K09_08,9,9,4,B,1683375127,false,false,,7.042923832361055e-06,31,budget_exhausted,3.7095518112182617
K09_08,9,9,4,B,893706906,false,false,,6.477045715323621e-06,33,budget_exhausted,4.169812917709351
K09_08,9,9,4,B,1753007184,false,false,,9.164444343439072e-06,37,budget_exhausted,4.30082893371582
K09_08,9,9,4,B,2107424273,false,false,,9.607980988452259e-06,33,budget_exhausted,6.6105053424835205
K09_08,9,9,4,A,1753007184,false,false,,9.294448990123624e-06,59,budget_exhausted,13.179889917373657
K09_08,9,9,4,A,2107424273,false,false,,6.078756096624828e-06,139,budget_exhausted,11.14316701889038
K09_08,9,9,4,A,418825361,false,false,,6.565557571907424e-06,115,budget_exhausted,10.665603876113892
K09_08,9,9,4,A,215858185,false,false,,5.277189596972848e-06,109,budget_exhausted,8.286874055862427
K09_06,9,9,4,A,449904892,false,false,,0.10274149369102921,807,budget_exhausted,69.51765203475952
K09_06,9,9,4,A,1667643188,false,false,,0.04842696057984212,1805,budget_exhausted,101.83170008659363
K09_06,9,9,4,B,128182595,false,false,,0.007904825398376848,15,budget_exhausted,5.617684841156006
K09_06,9,9,4,B,1845143962,true,true,46,0.0,9,converged,1.0286719799041748
K09_08,9,9,4,A,449904892,false,false,,8.45134940455995e-06,21,budget_exhausted,17.417621850967407
K09_08,9,9,4,A,1667643188,false,false,,7.1797439814119835e-06,225,budget_exhausted,22.47705101966858
K09_08,9,9,4,B,128182595,false,false,,5.242254847967842e-06,51,budget_exhausted,5.471048831939697
K09_08,9,9,4,B,1845143962,false,false,,1.0363634590637021e-05,41,budget_exhausted,4.681673049926758
K09_08,9,9,4,B,418825361,false,false,,5.622166471340901e-06,47,budget_exhausted,4.907508134841919
K09_08,9,9,4,B,215858185,false,false,,0.04945149017700196,105,budget_exhausted,11.009230136871338
K09_08,9,9,4,B,449904892,false,false,,0.0005497830040754485,163,budget_exhausted,13.376825094223022
K09_08,9,9,4,B,1667643188,false,false,,1.0115723877419678e-05,37,budget_exhausted,5.57821798324585
K09_09,9,9,4,A,128182595,true,true,128,0.0,9,converged,28.543896198272705
K09_09,9,9,4,A,1845143962,true,true,37,0.0,9,converged,5.270921945571899
K09_09,9,9,4,A,1683375127,true,true,121,0.0,9,converged,23.378909826278687
K09_09,9,9,4,A,893706906,true,true,25,0.0,9,converged,2.3180999755859375
K09_07,9,9,4,A,1753007184,true,true,31,0.0,9,converged,0.2585580348968506
K09_07,9,9,4,A,2107424273,false,false,,0.0022269201503115304,1835,budget_exhausted,53.85822606086731
K09_07,9,9,4,A,418825361,false,false,,0.027986859038208432,359,budget_exhausted,35.30775022506714
K09_07,9,9,4,A,215858185,false,false,,0.11063725698973295,247,budget_exhausted,42.84365200996399
K09_09,9,9,4,A,449904892,true,true,57,0.0,9,converged,5.989052772521973
K09_09,9,9,4,A,1667643188,true,true,121,0.0,9,converged,36.39996409416199
K09_09,9,9,4,B,128182595,true,true,22,0.0,9,converged,5.071886777877808
K09_09,9,9,4,B,1845143962,true,true,19,2.9255647957940276e-09,47,converged,2.2615199089050293
K09_09,9,9,4,B,1683375127,true,true,132,0.0,9,converged,21.51948618888855
K09_09,9,9,4,B,893706906,false,false,,4.643705180485277e-06,41,budget_exhausted,8.496175050735474
K09_09,9,9,4,B,1753007184,false,false,,12242.424240309754,15,budget_exhausted,31.46209168434143
K09_09,9,9,4,B,2107424273,false,false,,12242.424240309754,15,budget_exhausted,23.006436109542847
K09_09,9,9,4,A,1753007184,true,true,97,0.0,9,converged,23.78423285484314
K09_09,9,9,4,A,2107424273,true,true,191,0.0,9,converged,67.0212287902832
K09_09,9,9,4,A,418825361,true,true,20,0.0,9,converged,0.893467903137207
K09_09,9,9,4,A,215858185,true,true,72,0.0,9,converged,10.048815965652466
K09_10,9,9,4,A,1753007184,false,false,,0.05957340476421955,361,budget_exhausted,14.537930965423584
K09_10,9,9,4,A,2107424273,true,true,35,0.0,9,converged,0.4520249366760254
K09_10,9,9,4,A,418825361,true,true,29,0.0,9,converged,0.3488781452178955
K09_10,9,9,4,A,215858185,false,false,,0.018965245098225992,217,budget_exhausted,50.8998122215271
K09_11,9,9,4,A,128182595,true,true,1,0.0,9,converged,0.12005186080932617
K09_11,9,9,4,A,1845143962,true,true,5,0.0,9,converged,0.16570806503295898
K09_11,9,9,4,A,1683375127,true,true,10,0.0,9,converged,0.17244505882263184
K09_11,9,9,4,A,893706906,true,true,10,0.0,9,converged,0.18187499046325684
K09_11,9,9,4,A,1753007184,true,true,7,0.0,9,converged,0.17018866539001465
K09_11,9,9,4,A,2107424273,true,true,6,0.0,9,converged,0.14954519271850586
K09_11,9,9,4,A,418825361,true,true,4,0.0,9,converged,0.12899184226989746
K09_11,9,9,4,A,215858185,true,true,5,0.0,9,converged,0.16304469108581543
K09_09,9,9,4,B,418825361,true,true,62,0.0,9,converged,6.16674280166626
K09_09,9,9,4,B,215858185,true,true,48,7.30255048527603e-10,37,converged,4.807369947433472
K09_09,9,9,4,B,449904892,true,true,180,0.0,9,converged,54.367372035980225
K09_09,9,9,4,B,1667643188,false,false,,5.868650390914913e-06,63,budget_exhausted,41.46308398246765
K09_11,9,9,4,A,449904892,true,true,15,0.0,9,converged,0.2113351821899414
K09_11,9,9,4,A,1667643188,true,true,1,0.0,9,converged,0.12552595138549805
K09_11,9,9,4,B,128182595,false,false,,0.00015432582337630022,69,budget_exhausted,6.368577003479004
K09_11,9,9,4,B,1845143962,false,false,,0.00017889069762484213,81,budget_exhausted,7.431680917739868
K09_10,9,9,4,B,418825361,false,false,,0.007155051510595029,53,budget_exhausted,6.096593141555786
K09_10,9,9,4,B,215858185,false,false,,0.020765480341018615,87,budget_exhausted,9.554711818695068
K09_10,9,9,4,B,449904892,false,false,,0.042035225870721504,81,budget_exhausted,7.18963098526001
K09_10,9,9,4,B,1667643188,false,false,,0.04666336794665553,65,budget_exhausted,7.307486057281494
K09_10,9,9,4,B,1683375127,false,false,,0.002805478829217031,73,budget_exhausted,9.002557039260864
K09_10,9,9,4,B,893706906,false,false,,0.02318789461577367,89,budget_exhausted,7.93084192276001
K09_10,9,9,4,B,1753007184,false,false,,0.03070570747806296,145,budget_exhausted,10.92748212814331
K09_10,9,9,4,B,2107424273,false,false,,0.020152136893467384,105,budget_exhausted,8.913704872131348
K09_11,9,9,4,B,1683375127,true,true,42,0.0,9,converged,0.9252526760101318
K09_11,9,9,4,B,893706906,false,false,,1.0170447581665397e-06,25,budget_exhausted,6.0006349086761475
K09_11,9,9,4,B,1753007184,false,false,,0.006213152102431231,131,budget_exhausted,12.289987802505493
K09_11,9,9,4,B,2107424273,true,true,1,0.0,9,converged,0.11956405639648438
K09_11,9,9,4,B,418825361,false,false,,5.780998287622703e-06,51,budget_exhausted,5.1753809452056885
K09_11,9,9,4,B,215858185,false,false,,1.30204364916965e-05,57,budget_exhausted,5.698876142501831
K09_11,9,9,4,B,449904892,true,false,146,3.159617169199473e-08,23,converged,3.9117372035980225
K09_11,9,9,4,B,1667643188,true,true,41,0.0,9,converged,1.3113529682159424
K09_12,9,9,4,A,1753007184,false,false,,0.0023359305949961244,1293,budget_exhausted,23.494876861572266
K09_12,9,9,4,A,2107424273,true,true,4,0.0,9,converged,0.14455604553222656
K09_12,9,9,4,A,418825361,true,true,3,0.0,9,converged,0.11342906951904297
K09_12,9,9,4,A,215858185,true,true,3,0.0,9,converged,0.16238093376159668
K09_12,9,9,4,B,418825361,true,true,24,0.0,9,converged,0.6160321235656738
K09_12,9,9,4,B,215858185,true,false,83,2.7351930890653986e-08,27,converged,2.8156888484954834
K09_12,9,9,4,B,449904892,true,true,4,0.0,9,converged,0.2233748435974121
K09_12,9,9,4,B,1667643188,false,false,,0.024740050808185237,85,budget_exhausted,8.100167036056519
K09_12,9,9,4,B,1683375127,false,false,,0.9996932692988467,129,budget_exhausted,11.371943950653076
K09_12,9,9,4,B,893706906,false,false,,4.295401286133007e-06,69,budget_exhausted,6.387968063354492
K09_12,9,9,4,B,1753007184,false,false,,0.031197139886082404,89,budget_exhausted,7.897255182266235
K09_12,9,9,4,B,2107424273,true,true,142,0.0,17,converged,4.764060020446777
K09_13,9,9,4,A,1753007184,true,true,9,0.0,9,converged,0.18176603317260742
K09_13,9,9,4,A,2107424273,true,true,11,0.0,9,converged,0.19941401481628418
K09_13,9,9,4,A,418825361,true,true,3,0.0,9,converged,0.11332416534423828
K09_13,9,9,4,A,215858185,true,true,9,0.0,9,converged,0.2041950225830078
K09_13,9,9,4,A,449904892,false,false,,0.7857154251394445,785,budget_exhausted,25.679200172424316
K09_13,9,9,4,A,1667643188,true,true,8,0.0,9,converged,0.16237115859985352
K09_13,9,9,4,B,128182595,true,true,19,0.0,9,converged,0.4944770336151123
K09_13,9,9,4,B,1845143962,true,true,29,0.0,9,converged,0.7903680801391602
K09_10,9,9,4,A,449904892,false,false,,0.018569809329793848,335,budget_exhausted,37.48136615753174
K09_10,9,9,4,A,1667643188,false,false,,0.016089710823012412,1985,budget_exhausted,109.04262661933899
K09_10,9,9,4,B,128182595,false,false,,0.007559440862552971,87,budget_exhausted,7.78187894821167
K09_10,9,9,4,B,1845143962,false,false,,0.007191412784115586,93,budget_exhausted,8.048001766204834
K09_10,9,9,4,A,128182595,false,false,,0.009666825571928479,1703,budget_exhausted,66.50756311416626
K09_10,9,9,4,A,1845143962,true,true,10,0.0,9,converged,0.20665979385375977
K09_10,9,9,4,A,1683375127,false,false,,0.018184612298045216,475,budget_exhausted,80.88303399085999
K09_10,9,9,4,A,893706906,false,false,,0.0010944547800178582,491,budget_exhausted,29.25082302093506
K09_13,9,9,4,A,128182595,false,false,,0.029034282560665613,349,budget_exhausted,20.536254167556763
K09_13,9,9,4,A,1845143962,true,true,6,0.0,9,converged,0.19094300270080566
K09_13,9,9,4,A,1683375127,false,false,,0.6699724037737136,203,budget_exhausted,15.047024965286255
K09_13,9,9,4,A,893706906,false,false,,9.492583207730547e-06,17,budget_exhausted,30.831969022750854
K09_12,9,9,4,A,128182595,false,false,,0.01822074169000547,79,budget_exhausted,103.38898015022278
K09_12,9,9,4,A,1845143962,true,true,6,0.0,9,converged,0.16910791397094727
K09_12,9,9,4,A,1683375127,true,true,11,0.0,9,converged,0.1804490089416504
K09_12,9,9,4,A,893706906,true,true,6,0.0,9,converged,0.17848801612854004
K09_13,9,9,4,B,1683375127,false,false,,0.02892232474446997,113,budget_exhausted,9.193249940872192
K09_13,9,9,4,B,893706906,false,false,,7.871944894090801e-06,35,budget_exhausted,4.1828038692474365
K09_13,9,9,4,B,1753007184,false,false,,0.41493022983320366,95,budget_exhausted,8.731648921966553
K09_13,9,9,4,B,2107424273,false,false,,0.4435225496279922,97,budget_exhausted,8.48503589630127
K09_13,9,9,4,B,418825361,true,true,3,0.0,9,converged,0.2010490894317627
K09_13,9,9,4,B,215858185,false,false,,0.0004854343946709961,53,budget_exhausted,6.406938076019287
K09_13,9,9,4,B,449904892,false,false,,0.025318558339605772,101,budget_exhausted,9.330587148666382
K09_13,9,9,4,B,1667643188,false,false,,0.40888691882265826,61,budget_exhausted,7.517944812774658
K09_14,9,9,4,A,1753007184,false,false,,3.4312646853636607e-06,11,budget_exhausted,5.122456789016724
K09_14,9,9,4,A,2107424273,true,true,11,2.787401924964068e-29,9,converged,0.16548609733581543
K09_14,9,9,4,A,418825361,false,false,,3.4312646853636607e-06,11,budget_exhausted,9.600207090377808
K09_14,9,9,4,A,215858185,true,true,6,2.787401924964068e-29,9,converged,0.16183686256408691
K09_15,9,9,4,A,128182595,true,true,6,0.0,9,converged,0.14975786209106445
K09_15,9,9,4,A,1845143962,true,true,11,0.0,9,converged,0.19295811653137207
K09_15,9,9,4,A,1683375127,true,true,8,0.0,9,converged,0.18440699577331543
K09_15,9,9,4,A,893706906,true,true,8,0.0,9,converged,0.21317195892333984
K09_15,9,9,4,A,1753007184,true,true,6,0.0,9,converged,0.16352367401123047
K09_15,9,9,4,A,2107424273,true,true,8,0.0,9,converged,0.1626448631286621
K09_15,9,9,4,A,418825361,true,true,1,0.0,9,converged,0.1064920425415039
K09_15,9,9,4,A,215858185,true,true,4,0.0,9,converged,0.16090083122253418
K09_14,9,9,4,A,449904892,true,true,6,0.0,9,converged,0.1629810333251953
K09_14,9,9,4,A,1667643188,false,false,,3.844897553748153e-06,9,budget_exhausted,9.405296802520752
K09_14,9,9,4,B,128182595,false,false,,0.005187612998060841,91,budget_exhausted,8.02521014213562
K09_14,9,9,4,B,1845143962,true,true,1,0.0,9,converged,0.16480183601379395
K09_14,9,9,4,B,1683375127,false,false,,0.12306731779971107,115,budget_exhausted,9.233431816101074
K09_14,9,9,4,B,893706906,false,false,,0.2163788063479539,57,budget_exhausted,5.40372371673584
K09_14,9,9,4,B,1753007184,false,false,,0.016649853816673894,79,budget_exhausted,7.968991994857788
K09_14,9,9,4,B,2107424273,false,false,,3.4312646853636607e-06,11,budget_exhausted,4.519636154174805
K09_15,9,9,4,B,1683375127,true,true,59,0.0,9,converged,1.4380621910095215
K09_15,9,9,4,B,893706906,true,true,60,0.0,9,converged,1.7323319911956787
K09_15,9,9,4,B,1753007184,false,false,,9.63932035515693e-05,61,budget_exhausted,6.560152053833008
K09_15,9,9,4,B,2107424273,true,true,49,0.0,9,converged,1.3653881549835205
K09_15,9,9,4,A,449904892,true,true,6,0.0,9,converged,0.15638327598571777
K09_15,9,9,4,A,1667643188,true,true,9,0.0,9,converged,0.1743769645690918
K09_15,9,9,4,B,128182595,false,false,,0.5257490487694054,159,budget_exhausted,11.04923701286316
K09_15,9,9,4,B,1845143962,false,false,,0.0023690381137906717,55,budget_exhausted,6.124316930770874
K09_12,9,9,4,A,449904892,true,true,5,0.0,9,converged,0.15809893608093262
K09_12,9,9,4,A,1667643188,false,false,,0.6945635537246605,1767,budget_exhausted,122.72931408882141
K09_12,9,9,4,B,128182595,true,true,84,0.0,9,converged,2.2805979251861572
K09_12,9,9,4,B,1845143962,true,true,59,0.0,9,converged,1.5768508911132812
K09_14,9,9,4,B,418825361,false,false,,5.833538191223839e-06,45,budget_exhausted,6.927035093307495
K09_14,9,9,4,B,215858185,false,false,,0.2658457749083794,103,budget_exhausted,10.415008068084717
K09_14,9,9,4,B,449904892,true,true,8,2.787401924964068e-29,9,converged,0.36130619049072266
K09_14,9,9,4,B,1667643188,false,false,,0.0022973333985188706,121,budget_exhausted,10.436555862426758
K09_15,9,9,4,B,418825361,false,false,,4.395240611385384e-06,57,budget_exhausted,7.426005125045776
K09_15,9,9,4,B,215858185,true,true,27,0.0,9,converged,0.729464054107666
K09_15,9,9,4,B,449904892,false,false,,9.639294672883943e-05,61,budget_exhausted,6.2000792026519775
K09_15,9,9,4,B,1667643188,true,true,169,0.0,9,converged,7.597645282745361
K09_14,9,9,4,A,128182595,false,false,,0.2446647391281218,1101,budget_exhausted,80.21594190597534
K09_14,9,9,4,A,1845143962,true,true,7,0.0,9,converged,0.18674683570861816
K09_14,9,9,4,A,1683375127,false,false,,2.9154392865686777e-06,47,budget_exhausted,5.763262033462524
K09_14,9,9,4,A,893706906,false,false,,3.844897553748153e-06,9,budget_exhausted,8.440263986587524
K09_16,9,9,4,B,1683375127,false,false,,75108.37235699352,15,budget_exhausted,34.25974488258362
K09_16,9,9,4,B,893706906,false,false,,75108.37235699352,15,budget_exhausted,43.5753059387207
K09_16,9,9,4,B,1753007184,false,false,,75108.37235699352,15,budget_exhausted,31.905805110931396
K09_16,9,9,4,B,2107424273,false,false,,75108.37235699352,15,budget_exhausted,23.611079931259155
K09_16,9,9,4,B,418825361,false,false,,75108.37235699352,15,budget_exhausted,56.158700942993164
K09_16,9,9,4,B,215858185,false,false,,75108.37235699352,15,budget_exhausted,22.87844491004944
K09_16,9,9,4,B,449904892,false,false,,75108.37235699352,15,budget_exhausted,57.08851623535156
K09_16,9,9,4,B,1667643188,false,false,,75108.37235699352,15,budget_exhausted,48.70374608039856
K09_16,9,9,4,A,128182595,false,false,,75108.37235699352,15,budget_exhausted,44.299062967300415
K09_16,9,9,4,A,1845143962,false,false,,75108.37235699352,15,budget_exhausted,48.30204486846924
K09_16,9,9,4,A,1683375127,false,false,,75108.37235699352,15,budget_exhausted,64.52687406539917
K09_16,9,9,4,A,893706906,false,false,,75108.37235699352,15,budget_exhausted,49.21657609939575
K09_17,9,9,4,A,128182595,true,true,7,0.0,9,converged,0.17927980422973633
K09_17,9,9,4,A,1845143962,false,false,,0.014550605607964218,1357,budget_exhausted,32.26096487045288
K09_17,9,9,4,A,1683375127,false,false,,0.33365921465864856,1621,budget_exhausted,82.4429099559784
K09_17,9,9,4,A,893706906,false,false,,1.46511365331193,787,budget_exhausted,48.977346897125244
K09_16,9,9,4,A,449904892,false,false,,11163.402924695174,355,budget_exhausted,36.3999297618866
K09_16,9,9,4,A,1667643188,false,false,,75108.37235699352,15,budget_exhausted,52.969651222229004
K09_16,9,9,4,B,128182595,false,false,,75108.37235699352,15,budget_exhausted,66.25879001617432
K09_16,9,9,4,B,1845143962,false,false,,75108.37235699352,15,budget_exhausted,61.04990887641907
K09_18,9,9,4,A,128182595,false,false,,0.8847777079531672,1,budget_exhausted,0.6520068645477295
K09_18,9,9,4,A,1845143962,false,false,,0.8847777079531672,1,budget_exhausted,0.654918909072876
K09_18,9,9,4,A,1683375127,false,false,,0.8847777079531672,1,budget_exhausted,0.6478240489959717
K09_18,9,9,4,A,893706906,false,false,,0.8847777079531672,1,budget_exhausted,0.6710610389709473
K09_18,9,9,4,A,1753007184,true,true,4,0.0,9,converged,0.16382908821105957
K09_18,9,9,4,A,2107424273,false,false,,0.8847777079531672,1,budget_exhausted,0.6584560871124268
K09_18,9,9,4,A,418825361,false,false,,4.296341882709567e-06,107,budget_exhausted,15.512418985366821
K09_18,9,9,4,A,215858185,false,false,,0.8847777079531672,1,budget_exhausted,0.6945350170135498
K09_17,9,9,4,B,418825361,false,false,,0.000510980288773553,71,budget_exhausted,6.6224448680877686
K09_17,9,9,4,B,215858185,true,true,26,0.0,9,converged,0.7750468254089355
K09_17,9,9,4,B,449904892,false,false,,0.04055928538997127,83,budget_exhausted,8.318227291107178
K09_17,9,9,4,B,1667643188,false,false,,0.0021727653856205417,99,budget_exhausted,10.607700109481812
K09_17,9,9,4,B,1683375127,false,false,,0.017175756919561327,85,budget_exhausted,7.539232015609741
K09_17,9,9,4,B,893706906,false,false,,0.052882083906690476,69,budget_exhausted,8.015253067016602
K09_17,9,9,4,B,1753007184,false,false,,0.027474918837444354,185,budget_exhausted,18.613457918167114
K09_17,9,9,4,B,2107424273,false,false,,0.08057402055984682,61,budget_exhausted,6.787851810455322
K09_16,9,9,4,A,1753007184,false,false,,75108.37235699352,15,budget_exhausted,79.43777918815613
K09_16,9,9,4,A,2107424273,false,false,,75108.37235699352,15,budget_exhausted,108.48590111732483
K09_16,9,9,4,A,418825361,false,false,,75108.37235699352,15,budget_exhausted,31.229290008544922
K09_16,9,9,4,A,215858185,false,false,,74357.44321197766,35,budget_exhausted,28.633763790130615
K09_18,9,9,4,A,449904892,false,false,,0.8847777079531672,1,budget_exhausted,0.6641619205474854
K09_18,9,9,4,A,1667643188,true,true,7,0.0,9,converged,0.1775829792022705
K09_18,9,9,4,B,128182595,false,false,,0.1995841030018292,97,budget_exhausted,9.215698957443237
K09_18,9,9,4,B,1845143962,false,false,,0.0007986840388365331,59,budget_exhausted,5.2013561725616455
K09_19,9,9,4,A,1753007184,true,true,5,0.0,9,converged,0.15461993217468262
K09_19,9,9,4,A,2107424273,true,true,8,0.0,9,converged,0.18085813522338867
K09_19,9,9,4,A,418825361,true,true,7,0.0,9,converged,0.14347004890441895
K09_19,9,9,4,A,215858185,true,true,11,0.0,9,converged,0.19066882133483887
K09_18,9,9,4,B,418825361,false,false,,5.944082850818689e-05,53,budget_exhausted,5.289873123168945
K09_18,9,9,4,B,215858185,false,false,,14699.729267606626,49,budget_exhausted,5.84148097038269
K09_18,9,9,4,B,449904892,true,true,34,0.0,17,converged,1.1099300384521484
K09_18,9,9,4,B,1667643188,false,false,,3.4476757218267266e-06,27,budget_exhausted,5.054408073425293
K09_18,9,9,4,B,1683375127,false,false,,0.00038265118538579376,49,budget_exhausted,5.722537994384766
K09_18,9,9,4,B,893706906,false,false,,0.04941316571766545,65,budget_exhausted,6.043658971786499
K09_18,9,9,4,B,1753007184,false,false,,3.464394057264839e-06,37,budget_exhausted,4.261636972427368
K09_18,9,9,4,B,2107424273,false,false,,19730.102158455913,51,budget_exhausted,5.6886889934539795
K09_19,9,9,4,B,1683375127,false,false,,0.10293345320017082,103,budget_exhausted,9.255217790603638
K09_19,9,9,4,B,893706906,true,true,10,0.0,9,converged,0.34998083114624023
K09_19,9,9,4,B,1753007184,false,false,,3.669807693053645e-05,41,budget_exhausted,4.597163200378418
K09_19,9,9,4,B,2107424273,false,false,,0.061594929751913,43,budget_exhausted,4.920695066452026
K09_20,9,9,4,A,128182595,false,false,,0.06538692477052768,1,budget_exhausted,0.6199240684509277
K09_20,9,9,4,A,1845143962,false,false,,0.06538692477052768,1,budget_exhausted,0.6589348316192627
K09_20,9,9,4,A,1683375127,true,true,7,2.659359873408871e-31,13,converged,0.1562669277191162
K09_20,9,9,4,A,893706906,false,false,,0.06538692477052768,1,budget_exhausted,0.6442461013793945
K09_20,9,9,4,A,1753007184,true,false,2,9.559490333216283e-10,15,converged,0.1336987018585205
K09_20,9,9,4,A,2107424273,false,false,,0.06538692477052768,1,budget_exhausted,0.6283509731292725
K09_20,9,9,4,A,418825361,false,false,,0.06538692477052768,1,budget_exhausted,0.5992159843444824
K09_20,9,9,4,A,215858185,false,false,,0.06538692477052768,1,budget_exhausted,0.6307330131530762
K09_20,9,9,4,A,449904892,false,false,,0.06538692477052768,1,budget_exhausted,0.6349978446960449
K09_20,9,9,4,A,1667643188,false,false,,0.06538692477052768,1,budget_exhausted,0.6055018901824951
K09_20,9,9,4,B,128182595,true,false,8,8.942010175827383e-11,27,converged,0.2809562683105469
K09_20,9,9,4,B,1845143962,true,false,11,4.258251752692683e-07,31,converged,0.3711588382720947
K09_19,9,9,4,B,418825361,false,false,,0.00021507181484974538,95,budget_exhausted,9.418876886367798
K09_19,9,9,4,B,215858185,false,false,,3.876623108725612e-06,51,budget_exhausted,6.268570184707642
K09_19,9,9,4,B,449904892,true,true,71,0.0,9,converged,1.6591410636901855
K09_19,9,9,4,B,1667643188,false,false,,0.119176693636496,137,budget_exhausted,10.731275081634521
K09_19,9,9,4,A,128182595,true,true,6,0.0,9,converged,0.1467740535736084
K09_19,9,9,4,A,1845143962,false,false,,0.015208610000081934,351,budget_exhausted,42.51181483268738
K09_19,9,9,4,A,1683375127,true,true,5,0.0,9,converged,0.14891791343688965
K09_19,9,9,4,A,893706906,true,true,17,8.208934389481685e-31,17,converged,0.30415797233581543
K09_20,9,9,4,B,1683375127,true,true,75,0.0,9,converged,2.7574191093444824
K09_20,9,9,4,B,893706906,false,false,,4.4499484104798946e-06,53,budget_exhausted,7.056028842926025
K09_20,9,9,4,B,1753007184,false,false,,0.0011001006715316763,43,budget_exhausted,4.8947272300720215
K09_20,9,9,4,B,2107424273,true,false,20,9.64032845660041e-10,19,converged,0.6199276447296143
K09_17,9,9,4,A,449904892,false,false,,0.07620590604857097,563,budget_exhausted,42.21144199371338
K09_17,9,9,4,A,1667643188,false,false,,0.013199362791390078,383,budget_exhausted,41.959420919418335
K09_17,9,9,4,B,128182595,false,false,,0.009731595422342757,141,budget_exhausted,12.454869031906128
K09_17,9,9,4,B,1845143962,false,false,,0.26721796524052094,63,budget_exhausted,6.087116003036499
K09_21,9,9,4,A,449904892,true,true,6,0.0,9,converged,0.159135103225708
K09_21,9,9,4,A,1667643188,true,true,2,0.0,9,converged,0.11873817443847656
K09_21,9,9,4,B,128182595,false,false,,0.12993113334734624,49,budget_exhausted,5.183442115783691
K09_21,9,9,4,B,1845143962,false,false,,0.013744812461177126,65,budget_exhausted,6.16173791885376
K09_20,9,9,4,B,418825361,false,false,,0.01356617701565069,77,budget_exhausted,7.5945961475372314
K09_20,9,9,4,B,215858185,false,false,,4.175121872525906e-06,11,budget_exhausted,6.792745351791382
K09_20,9,9,4,B,449904892,false,false,,0.0416457179225662,59,budget_exhausted,6.123332977294922
K09_20,9,9,4,B,1667643188,false,false,,4.598894694084973e-06,51,budget_exhausted,6.385603666305542
K09_19,9,9,4,A,449904892,true,true,14,0.0,9,converged,0.27039384841918945
K09_19,9,9,4,A,1667643188,false,false,,0.0330895484971249,945,budget_exhausted,66.5046558380127
K09_19,9,9,4,B,128182595,false,false,,0.016955348809722954,95,budget_exhausted,9.12957215309143
K09_19,9,9,4,B,1845143962,false,false,,0.031398153561372766,47,budget_exhausted,5.157872200012207
K09_17,9,9,4,A,1753007184,false,false,,0.3394231532682505,1395,budget_exhausted,74.61538004875183
K09_17,9,9,4,A,2107424273,false,false,,0.03568914290911081,1087,budget_exhausted,61.72459697723389
K09_17,9,9,4,A,418825361,false,false,,0.10573535734674364,737,budget_exhausted,45.89239025115967
K09_17,9,9,4,A,215858185,false,false,,0.17424188219816683,269,budget_exhausted,21.176601886749268
K09_21,9,9,4,B,1683375127,false,false,,0.0046346499127902525,115,budget_exhausted,9.664022207260132
K09_21,9,9,4,B,893706906,false,false,,0.8996494023041967,73,budget_exhausted,7.643060922622681
K09_21,9,9,4,B,1753007184,false,false,,0.05722677678724327,53,budget_exhausted,6.017437934875488
K09_21,9,9,4,B,2107424273,false,false,,0.00942394331078179,55,budget_exhausted,5.933650016784668
K09_21,9,9,4,B,418825361,false,false,,0.9117446690344606,77,budget_exhausted,7.649021863937378
K09_21,9,9,4,B,215858185,false,false,,0.09457043957907539,101,budget_exhausted,7.997797727584839
K09_21,9,9,4,B,449904892,false,false,,0.15264081238938543,15,budget_exhausted,5.04711389541626
K09_21,9,9,4,B,1667643188,false,false,,0.054142397969518155,71,budget_exhausted,6.66941499710083
K09_21,9,9,4,A,1753007184,true,true,4,0.0,9,converged,0.1489090919494629
K09_21,9,9,4,A,2107424273,true,true,4,0.0,9,converged,0.13529610633850098
K09_21,9,9,4,A,418825361,false,false,,0.038043752489989514,311,budget_exhausted,26.93070697784424
K09_21,9,9,4,A,215858185,false,false,,0.044157060001102144,607,budget_exhausted,26.471417903900146
K09_22,9,9,4,A,449904892,true,true,8,0.0,9,converged,0.2848501205444336
K09_22,9,9,4,A,1667643188,false,false,,6.551678181996423e-06,185,budget_exhausted,8.846314907073975
K09_22,9,9,4,B,128182595,false,false,,5.089465384371152e-05,85,budget_exhausted,8.45498013496399
K09_22,9,9,4,B,1845143962,true,true,111,0.0,9,converged,2.517422676086426
K09_23,9,9,4,A,128182595,true,true,5,0.0,9,converged,0.15393304824829102
K09_23,9,9,4,A,1845143962,true,true,3,0.0,9,converged,0.1599712371826172
K09_23,9,9,4,A,1683375127,true,true,8,0.0,9,converged,0.16057610511779785
K09_23,9,9,4,A,893706906,true,true,11,0.0,9,converged,0.21342182159423828
K09_22,9,9,4,B,1683375127,false,false,,6.7731219908527444e-06,35,budget_exhausted,4.239747762680054
K09_22,9,9,4,B,893706906,false,false,,7.425226361265702e-06,41,budget_exhausted,4.766682863235474
K09_22,9,9,4,B,1753007184,false,false,,0.0795606379628086,69,budget_exhausted,6.308895826339722
K09_22,9,9,4,B,2107424273,false,false,,6.203350984217776e-06,55,budget_exhausted,6.8018598556518555
K09_22,9,9,4,A,128182595,true,true,73,0.0,9,converged,2.356480121612549
K09_22,9,9,4,A,1845143962,false,false,,6.465246998301022e-06,95,budget_exhausted,7.028645992279053
K09_22,9,9,4,A,1683375127,false,false,,7.69799902332048e-06,231,budget_exhausted,14.484206676483154
K09_22,9,9,4,A,893706906,false,false,,6.9002724719682565e-06,79,budget_exhausted,7.501859188079834
K09_22,9,9,4,B,418825361,false,false,,9.031419145149528e-06,25,budget_exhausted,3.321371078491211
K09_22,9,9,4,B,215858185,false,false,,0.01999543183952879,137,budget_exhausted,10.57112193107605
K09_22,9,9,4,B,449904892,false,false,,1.047181105454124e-05,23,budget_exhausted,3.399484872817993
K09_22,9,9,4,B,1667643188,false,false,,5.656019132033572e-06,59,budget_exhausted,6.229963064193726
K09_23,9,9,4,A,449904892,true,true,7,0.0,9,converged,0.15813684463500977
K09_23,9,9,4,A,1667643188,true,true,11,0.0,9,converged,0.1776108741760254
K09_23,9,9,4,B,128182595,false,false,,1.68596578696422e-05,41,budget_exhausted,4.706768274307251
K09_23,9,9,4,B,1845143962,false,false,,0.0005011698903391959,7,budget_exhausted,7.133361339569092
K09_24,9,9,4,A,128182595,true,true,12,0.0,9,converged,0.23555612564086914
K09_24,9,9,4,A,1845143962,true,true,9,0.0,9,converged,0.19245100021362305
K09_24,9,9,4,A,1683375127,true,false,86,1.377444526047788e-09,19,converged,2.3557491302490234
K09_24,9,9,4,A,893706906,true,true,14,0.0,9,converged,0.30472612380981445
K09_23,9,9,4,A,1753007184,true,true,6,0.0,9,converged,0.16420292854309082
K09_23,9,9,4,A,2107424273,true,true,7,0.0,9,converged,0.14887499809265137
K09_23,9,9,4,A,418825361,true,true,3,0.0,9,converged,0.11818599700927734
K09_23,9,9,4,A,215858185,false,false,,0.00020921370601683652,307,budget_exhausted,18.140761137008667
K09_23,9,9,4,B,1683375127,false,false,,0.0008933491076031465,97,budget_exhausted,9.471443176269531
K09_23,9,9,4,B,893706906,true,true,149,0.0,9,converged,5.537247180938721
K09_23,9,9,4,B,1753007184,true,true,60,0.0,9,converged,1.236292839050293
K09_23,9,9,4,B,2107424273,true,false,30,2.5052482353129614e-07,33,converged,0.8255219459533691
K09_21,9,9,4,A,128182595,true,true,14,0.0,9,converged,0.19486379623413086
K09_21,9,9,4,A,1845143962,false,false,,0.8214216070882541,89,budget_exhausted,23.90650200843811
K09_21,9,9,4,A,1683375127,false,false,,0.013675578606544125,1277,budget_exhausted,75.4154531955719
K09_21,9,9,4,A,893706906,true,true,25,0.0,9,converged,0.35210609436035156
K09_23,9,9,4,B,418825361,true,true,164,0.0,9,converged,3.2006161212921143
K09_23,9,9,4,B,215858185,true,true,106,0.0,9,converged,4.4983251094818115
K09_23,9,9,4,B,449904892,true,true,8,0.0,9,converged,0.3695700168609619
K09_23,9,9,4,B,1667643188,false,false,,0.0005011698903391959,7,budget_exhausted,8.434313297271729
K09_24,9,9,4,A,449904892,true,false,182,7.00874961455769e-07,239,converged,7.703819990158081
K09_24,9,9,4,A,1667643188,true,true,6,0.0,9,converged,0.13644909858703613
K09_24,9,9,4,B,128182595,false,false,,4.8934976030541134e-05,41,budget_exhausted,4.88524603843689
K09_24,9,9,4,B,1845143962,true,true,10,0.0,9,converged,0.36850476264953613
K09_24,9,9,4,B,418825361,true,true,2,0.0,9,converged,0.19051790237426758
K09_24,9,9,4,B,215858185,false,false,,0.0060286114690454575,27,budget_exhausted,3.630640745162964
K09_24,9,9,4,B,449904892,true,false,133,2.2451563580013503e-07,47,converged,4.681441783905029
K09_24,9,9,4,B,1667643188,false,false,,4.893497602902363e-05,41,budget_exhausted,4.830410957336426
K09_24,9,9,4,B,1683375127,false,false,,4.8934832824008835e-05,37,budget_exhausted,4.654866933822632
K09_24,9,9,4,B,893706906,false,false,,0.18292591934081975,107,budget_exhausted,10.061207056045532
K09_24,9,9,4,B,1753007184,true,true,10,0.0,9,converged,0.3204038143157959
K09_24,9,9,4,B,2107424273,false,false,,4.893497602549366e-05,39,budget_exhausted,4.723330020904541
K09_25,9,9,4,A,449904892,true,false,17,1.255100800103113e-07,15,converged,0.2477731704711914
K09_25,9,9,4,A,1667643188,true,true,4,0.0,9,converged,0.20397615432739258
K09_25,9,9,4,B,128182595,false,false,,4.893732880878284e-06,43,budget_exhausted,4.842334985733032
K09_25,9,9,4,B,1845143962,false,false,,4.193057198642084,61,budget_exhausted,6.205515146255493
K09_22,9,9,4,A,1753007184,false,false,,2.278964286696756e-05,599,budget_exhausted,30.39767098426819
K09_22,9,9,4,A,2107424273,false,false,,5.7775690536733554e-06,25,budget_exhausted,14.178559064865112
K09_22,9,9,4,A,418825361,false,false,,7.68977163761696e-06,71,budget_exhausted,19.934738874435425
K09_22,9,9,4,A,215858185,false,false,,4.588072968237186e-06,29,budget_exhausted,11.36158800125122
K09_25,9,9,4,B,1683375127,false,false,,4.5061130213722494e-06,45,budget_exhausted,5.931298732757568
K09_25,9,9,4,B,893706906,false,false,,4.0456051997971616e-05,81,budget_exhausted,7.538920879364014
K09_25,9,9,4,B,1753007184,false,false,,4.710921856370306e-06,41,budget_exhausted,6.176983118057251
K09_25,9,9,4,B,2107424273,false,false,,0.030210741292257332,127,budget_exhausted,11.747567892074585
K09_25,9,9,4,B,418825361,false,false,,0.5004049055823206,73,budget_exhausted,7.037172079086304
K09_25,9,9,4,B,215858185,false,false,,0.0029745961425154625,75,budget_exhausted,7.19658088684082
K09_25,9,9,4,B,449904892,false,false,,1.5252745494323151e-05,79,budget_exhausted,7.793982982635498
K09_25,9,9,4,B,1667643188,false,false,,0.002574050470883742,81,budget_exhausted,9.1319100856781
K09_26,9,9,4,A,128182595,true,true,0,0.0,9,converged,0.07985281944274902
K09_26,9,9,4,A,1845143962,false,false,,9.791403640329468e-06,93,budget_exhausted,17.73602819442749
K09_26,9,9,4,A,1683375127,false,false,,7.950372451519558e-06,71,budget_exhausted,10.935398817062378
K09_26,9,9,4,A,893706906,false,false,,9.361613267557777e-06,79,budget_exhausted,12.93039321899414
K09_26,9,9,4,A,1753007184,false,false,,7.800679112872692e-06,41,budget_exhausted,14.56301999092102
K09_26,9,9,4,A,2107424273,false,false,,6.7859180751790045e-06,307,budget_exhausted,14.269567966461182
K09_26,9,9,4,A,418825361,true,true,3,0.0,9,converged,0.16459989547729492
K09_26,9,9,4,A,215858185,false,false,,8.587655610043318e-06,65,budget_exhausted,10.921025037765503
K09_26,9,9,4,A,449904892,false,false,,1.0133807805596216e-05,185,budget_exhausted,27.516627073287964
K09_26,9,9,4,A,1667643188,true,false,2,6.054807628627968e-07,25,converged,0.12274408340454102
K09_26,9,9,4,B,128182595,true,true,0,0.0,9,converged,0.08574700355529785
K09_26,9,9,4,B,1845143962,false,false,,1.0914459936172628e-05,11,budget_exhausted,7.617357969284058
K09_25,9,9,4,A,1753007184,false,false,,2.8980815156188556e-06,115,budget_exhausted,6.778552055358887
K09_25,9,9,4,A,2107424273,false,false,,0.0268181315224172,601,budget_exhausted,39.86320376396179
K09_25,9,9,4,A,418825361,false,false,,4.575166495095028e-06,37,budget_exhausted,9.700438022613525
K09_25,9,9,4,A,215858185,false,false,,0.000821781080347562,655,budget_exhausted,30.717569828033447
K09_24,9,9,4,A,1753007184,true,true,65,0.0,9,converged,1.6731061935424805
K09_24,9,9,4,A,2107424273,true,true,13,0.0,9,converged,0.20174193382263184
K09_24,9,9,4,A,418825361,true,true,8,0.0,9,converged,0.1639389991760254
K09_24,9,9,4,A,215858185,false,false,,0.017255805156086483,281,budget_exhausted,101.49953007698059
K09_26,9,9,4,B,1683375127,false,false,,9.470363421603504e-06,37,budget_exhausted,7.561061859130859
K09_26,9,9,4,B,893706906,false,false,,1.0371324015509637e-05,23,budget_exhausted,8.56643009185791
K09_26,9,9,4,B,1753007184,false,false,,8.434063106591055e-06,67,budget_exhausted,6.547485113143921
K09_26,9,9,4,B,2107424273,false,false,,1.0356266016874632e-05,43,budget_exhausted,7.406700611114502
K09_26,9,9,4,B,418825361,false,false,,8.290967931784335e-06,35,budget_exhausted,5.246551990509033
K09_26,9,9,4,B,215858185,false,false,,3.7364383189378255e-05,59,budget_exhausted,7.28546404838562
K09_26,9,9,4,B,449904892,false,false,,1.0914459936172628e-05,11,budget_exhausted,5.441489219665527
K09_26,9,9,4,B,1667643188,false,false,,6.69988689404982e-06,47,budget_exhausted,6.282984972000122
K09_27,9,9,4,A,1753007184,false,false,,9.814137776270422e-06,51,budget_exhausted,6.811516046524048
K09_27,9,9,4,A,2107424273,true,true,0,0.0,9,converged,0.07483482360839844
K09_27,9,9,4,A,418825361,false,false,,6.080972766070876e-06,9,budget_exhausted,6.464662075042725
K09_27,9,9,4,A,215858185,false,false,,5.840771011417235e-06,103,budget_exhausted,5.844787836074829
K09_27,9,9,4,A,449904892,false,false,,9.930939760621216e-06,251,budget_exhausted,13.479797124862671
K09_27,9,9,4,A,1667643188,true,true,7,0.0,9,converged,0.20786786079406738
K09_27,9,9,4,B,128182595,false,false,,1.0327559002721668e-05,45,budget_exhausted,5.915158748626709
K09_27,9,9,4,B,1845143962,false,false,,9.45224230526177e-06,57,budget_exhausted,5.692278146743774
K09_27,9,9,4,A,128182595,false,false,,1.4546860541452094e-06,11,budget_exhausted,8.905360698699951
K09_27,9,9,4,A,1845143962,false,false,,6.080972766070876e-06,9,budget_exhausted,9.146898984909058
K09_27,9,9,4,A,1683375127,false,false,,1.0178298324838304e-05,93,budget_exhausted,6.096421718597412
K09_27,9,9,4,A,893706906,false,false,,1.0710563946420069e-05,21,budget_exhausted,5.683145999908447
K09_27,9,9,4,B,1683375127,false,false,,1.0839024395787572e-05,69,budget_exhausted,9.509263277053833
K09_27,9,9,4,B,893706906,false,false,,1.0788255189398976e-05,57,budget_exhausted,6.671602010726929
K09_27,9,9,4,B,1753007184,false,false,,8.809193426518326e-06,49,budget_exhausted,7.593101978302002
K09_27,9,9,4,B,2107424273,true,true,0,0.0,9,converged,0.08126974105834961
K09_27,9,9,4,B,418825361,false,false,,1.0478988181473585e-05,83,budget_exhausted,9.701746940612793
K09_27,9,9,4,B,215858185,false,false,,1.5469267328906045e-05,49,budget_exhausted,8.69773817062378
K09_27,9,9,4,B,449904892,true,true,8,0.0,9,converged,0.3449091911315918
K09_27,9,9,4,B,1667643188,true,true,1,0.0,9,converged,0.13042783737182617
K09_25,9,9,4,A,128182595,false,false,,2.0138282343148136e-06,35,budget_exhausted,5.145669221878052
K09_25,9,9,4,A,1845143962,true,true,4,1.3852436465402598e-28,9,converged,0.16349005699157715
K09_25,9,9,4,A,1683375127,false,false,,0.5978810424099306,163,budget_exhausted,58.55062985420227
K09_25,9,9,4,A,893706906,false,false,,24.95252639455652,445,budget_exhausted,69.91236209869385
K09_28,9,9,4,B,1683375127,false,false,,0.02261582547823938,85,budget_exhausted,10.45665979385376
K09_28,9,9,4,B,893706906,true,true,4,0.0,9,converged,0.255795955657959
K09_28,9,9,4,B,1753007184,true,true,10,0.0,9,converged,0.40523576736450195
K09_28,9,9,4,B,2107424273,false,false,,0.01873305540460401,63,budget_exhausted,8.1720609664917
K09_28,9,9,4,B,418825361,true,true,79,0.0,9,converged,2.2068090438842773
K09_28,9,9,4,B,215858185,false,false,,0.001671612588527777,95,budget_exhausted,9.791838884353638
K09_28,9,9,4,B,449904892,false,false,,0.005830324902780473,119,budget_exhausted,10.998183965682983
K09_28,9,9,4,B,1667643188,false,false,,0.13205291180267714,73,budget_exhausted,8.233806133270264
K09_29,9,9,4,A,128182595,false,false,,7.703808206191314e-06,105,budget_exhausted,9.497539043426514
K09_29,9,9,4,A,1845143962,false,false,,7.382158174199157e-06,99,budget_exhausted,16.001788854599
K09_29,9,9,4,A,1683375127,true,true,2,0.0,9,converged,0.15287113189697266
K09_29,9,9,4,A,893706906,false,false,,5.962342812008963e-06,15,budget_exhausted,12.279590129852295
K09_28,9,9,4,A,128182595,true,true,33,0.0,9,converged,0.7995929718017578
K09_28,9,9,4,A,1845143962,false,false,,0.001231364390880427,167,budget_exhausted,27.549785137176514
K09_28,9,9,4,A,1683375127,false,false,,3.3809891692294908e-06,483,budget_exhausted,25.65009903907776
K09_28,9,9,4,A,893706906,false,false,,0.020993690435093793,271,budget_exhausted,14.549581050872803
K09_29,9,9,4,A,1753007184,false,false,,5.8818706903084764e-06,39,budget_exhausted,14.30174708366394
K09_29,9,9,4,A,2107424273,false,false,,5.962342812008963e-06,15,budget_exhausted,25.544353008270264
K09_29,9,9,4,A,418825361,true,true,2,0.0,9,converged,0.11665511131286621
K09_29,9,9,4,A,215858185,true,true,2,0.0,9,converged,0.1544032096862793
K09_29,9,9,4,A,449904892,false,false,,6.507703814706527e-06,71,budget_exhausted,10.423249006271362
K09_29,9,9,4,A,1667643188,false,false,,9.466160609789181e-06,49,budget_exhausted,9.485025882720947
K09_29,9,9,4,B,128182595,false,false,,1.217916056239796e-05,51,budget_exhausted,5.693281173706055
K09_29,9,9,4,B,1845143962,false,false,,4.890249561695331e-06,23,budget_exhausted,4.133333921432495
K09_29,9,9,4,B,418825361,true,true,7,0.0,9,converged,0.2625458240509033
K09_29,9,9,4,B,215858185,true,true,2,0.0,9,converged,0.18259811401367188
K09_29,9,9,4,B,449904892,false,false,,6.963249129756096e-06,53,budget_exhausted,6.560257911682129
K09_29,9,9,4,B,1667643188,false,false,,5.151519504846346e-06,49,budget_exhausted,4.639191627502441
K09_28,9,9,4,A,449904892,false,false,,0.00011745531845863688,573,budget_exhausted,54.87546491622925
K09_28,9,9,4,A,1667643188,true,true,24,0.0,9,converged,0.23040008544921875
K09_28,9,9,4,B,128182595,false,false,,0.01703905416218735,67,budget_exhausted,8.973217964172363
K09_28,9,9,4,B,1845143962,false,false,,0.017457276968877843,111,budget_exhausted,9.908017873764038
K09_29,9,9,4,B,1683375127,false,false,,7.945897270458069e-06,63,budget_exhausted,6.718630075454712
K09_29,9,9,4,B,893706906,false,false,,5.776203980581627e-06,23,budget_exhausted,4.18367600440979
K09_29,9,9,4,B,1753007184,false,false,,1.0607643514760007e-05,63,budget_exhausted,6.586217164993286
K09_29,9,9,4,B,2107424273,false,false,,4.681085908247711e-06,33,budget_exhausted,4.891748905181885
K11_00,11,11,5,B,418825361,true,true,36,0.0,11,converged,0.8328046798706055
K11_00,11,11,5,B,215858185,false,false,,0.00452607100530209,41,budget_exhausted,5.026211738586426
K11_00,11,11,5,B,449904892,false,false,,0.00036245991811849327,53,budget_exhausted,6.804115056991577
K11_00,11,11,5,B,1667643188,false,false,,0.6611403395645615,71,budget_exhausted,6.973584175109863
K11_00,11,11,5,B,1683375127,false,false,,0.6070826874719776,49,budget_exhausted,5.484954118728638
K11_00,11,11,5,B,893706906,false,false,,0.27874504635918784,83,budget_exhausted,10.062150001525879
K11_00,11,11,5,B,1753007184,false,false,,0.001872203304526718,119,budget_exhausted,12.3503098487854
K11_00,11,11,5,B,2107424273,false,false,,0.0045042914678639434,57,budget_exhausted,6.955690145492554
K09_28,9,9,4,A,1753007184,false,false,,0.024297064347260772,1933,budget_exhausted,87.29666090011597
K09_28,9,9,4,A,2107424273,true,true,10,0.0,9,converged,0.20540070533752441
K09_28,9,9,4,A,418825361,false,false,,0.016836217214341514,1943,budget_exhausted,68.00906896591187
K09_28,9,9,4,A,215858185,true,true,42,0.0,9,converged,0.8562729358673096
K11_00,11,11,5,A,128182595,false,false,,0.09245803286567228,973,budget_exhausted,68.53284883499146
K11_00,11,11,5,A,1845143962,false,false,,0.09054355291506679,327,budget_exhausted,27.782684803009033
K11_00,11,11,5,A,1683375127,true,true,6,0.0,11,converged,0.20685410499572754
K11_00,11,11,5,A,893706906,false,false,,0.22349898531318496,557,budget_exhausted,39.864824056625366
K11_01,11,11,5,B,1683375127,false,false,,0.0023558122869654,37,budget_exhausted,3.5693681240081787
K11_01,11,11,5,B,893706906,false,false,,0.06807374517827491,79,budget_exhausted,6.639997959136963
K11_01,11,11,5,B,1753007184,false,false,,0.025230127916562817,107,budget_exhausted,8.69433307647705
K11_01,11,11,5,B,2107424273,false,false,,0.051775349898572326,45,budget_exhausted,4.047391891479492
K11_01,11,11,5,A,449904892,false,false,,0.7685417520542747,707,budget_exhausted,32.46386194229126
K11_01,11,11,5,A,1667643188,false,false,,0.004596072386561342,523,budget_exhausted,24.625014066696167
K11_01,11,11,5,B,128182595,false,false,,0.023682793252532055,41,budget_exhausted,4.650373935699463
K11_01,11,11,5,B,1845143962,false,false,,0.050079785919903204,47,budget_exhausted,4.298397064208984
K11_00,11,11,5,A,449904892,false,false,,0.6659446358718716,1625,budget_exhausted,75.2589750289917
K11_00,11,11,5,A,1667643188,false,false,,0.003912089414263064,1817,budget_exhausted,88.66300511360168
K11_00,11,11,5,B,128182595,false,false,,0.6612213685535276,73,budget_exhausted,5.93778395652771
K11_00,11,11,5,B,1845143962,false,false,,0.6987134600698518,49,budget_exhausted,5.641830921173096
K11_01,11,11,5,B,418825361,false,false,,0.3406018517408793,43,budget_exhausted,5.75598406791687
K11_01,11,11,5,B,215858185,false,false,,0.014373542914952124,137,budget_exhausted,11.57787799835205
K11_01,11,11,5,B,449904892,false,false,,0.04268195395389469,37,budget_exhausted,4.126219034194946
K11_01,11,11,5,B,1667643188,false,false,,0.00839034338913996,75,budget_exhausted,7.013509035110474
K11_01,11,11,5,A,1753007184,false,false,,0.27686299266079567,309,budget_exhausted,63.62664604187012
K11_01,11,11,5,A,2107424273,false,false,,0.0014296407068297926,821,budget_exhausted,27.85808300971985
K11_01,11,11,5,A,418825361,false,false,,0.033764052655452854,75,budget_exhausted,13.288156747817993
K11_01,11,11,5,A,215858185,false,false,,0.3188270286026838,1273,budget_exhausted,40.47274613380432
K11_00,11,11,5,A,1753007184,false,false,,0.008207953366802473,1043,budget_exhausted,86.74356007575989
K11_00,11,11,5,A,2107424273,false,false,,0.6493721177002221,1813,budget_exhausted,66.7332353591919
K11_00,11,11,5,A,418825361,false,false,,0.665676397768821,1765,budget_exhausted,42.15003299713135
K11_00,11,11,5,A,215858185,true,true,11,0.0,11,converged,0.18737292289733887
K11_02,11,11,5,B,418825361,false,false,,6.902783615636295e-06,73,budget_exhausted,7.501610994338989
K11_02,11,11,5,B,215858185,false,false,,0.006576938777466223,65,budget_exhausted,7.30387806892395
K11_02,11,11,5,B,449904892,false,false,,0.0039948109405751634,107,budget_exhausted,8.273387670516968
K11_02,11,11,5,B,1667643188,false,false,,0.0070607398512892204,63,budget_exhausted,4.8885509967803955
K11_02,11,11,5,B,1683375127,false,false,,0.0007959942851375903,111,budget_exhausted,9.852869749069214
K11_02,11,11,5,B,893706906,false,false,,0.011456825529869371,75,budget_exhausted,12.437381029129028
K11_02,11,11,5,B,1753007184,false,false,,0.015018401541021971,59,budget_exhausted,10.158866882324219
K11_02,11,11,5,B,2107424273,false,false,,0.0003003651133771293,113,budget_exhausted,10.086158037185669
K11_02,11,11,5,A,1753007184,false,false,,0.15779646324244742,111,budget_exhausted,16.99976396560669
K11_02,11,11,5,A,2107424273,true,true,93,0.0,11,converged,14.45632815361023
K11_02,11,11,5,A,418825361,false,false,,6.59917530253304e-06,17,budget_exhausted,12.238402128219604
K11_02,11,11,5,A,215858185,false,false,,6.5806446687186126e-06,17,budget_exhausted,8.427135944366455
K11_02,11,11,5,A,449904892,false,false,,6.8682903087321015e-06,29,budget_exhausted,13.8460373878479
K11_02,11,11,5,A,1667643188,false,false,,0.003548627088644729,887,budget_exhausted,39.59315299987793
K11_02,11,11,5,B,128182595,false,false,,0.018833606894691414,65,budget_exhausted,7.663950204849243
K11_02,11,11,5,B,1845143962,false,false,,0.005951670152979854,105,budget_exhausted,16.111649751663208
K11_02,11,11,5,A,128182595,false,false,,0.003184844636231683,511,budget_exhausted,31.256678104400635
K11_02,11,11,5,A,1845143962,false,false,,8.624847907826068e-06,63,budget_exhausted,27.856069087982178
K11_02,11,11,5,A,1683375127,true,true,33,0.0,11,converged,2.483299732208252
K11_02,11,11,5,A,893706906,false,false,,0.19893719785084013,935,budget_exhausted,46.54528188705444
K11_01,11,11,5,A,128182595,false,false,,0.05827981994995153,901,budget_exhausted,88.09049129486084
K11_01,11,11,5,A,1845143962,false,false,,1.360084250712027,1877,budget_exhausted,49.08097004890442
K11_01,11,11,5,A,1683375127,false,false,,0.0097941180208294,773,budget_exhausted,32.42084097862244
K11_01,11,11,5,A,893706906,false,false,,0.14918554071518098,1365,budget_exhausted,65.59951519966125
K11_03,11,11,5,B,1683375127,false,false,,0.004866546940093795,75,budget_exhausted,5.492492914199829
K11_03,11,11,5,B,893706906,false,false,,0.004944544896853802,49,budget_exhausted,5.720922946929932
K11_03,11,11,5,B,1753007184,false,false,,7.601060673967998e-06,27,budget_exhausted,2.847172975540161
K11_03,11,11,5,B,2107424273,false,false,,0.003198107815924614,71,budget_exhausted,5.853691816329956
K11_03,11,11,5,A,449904892,false,false,,3.715091781023492e-06,149,budget_exhausted,8.557111978530884
K11_03,11,11,5,A,1667643188,false,false,,0.002394659120884223,395,budget_exhausted,34.03746318817139
K11_03,11,11,5,B,128182595,false,false,,5.17694629477455e-06,27,budget_exhausted,2.63897967338562
K11_03,11,11,5,B,1845143962,false,false,,6.5990468087666015e-06,17,budget_exhausted,2.6831178665161133
K11_03,11,11,5,B,418825361,true,true,32,0.0,11,converged,0.7575690746307373
K11_03,11,11,5,B,215858185,false,false,,0.006463904380793769,57,budget_exhausted,5.508729934692383
K11_03,11,11,5,B,449904892,false,false,,0.005621380832293935,61,budget_exhausted,5.443893909454346
K11_03,11,11,5,B,1667643188,false,false,,0.11827908581827744,105,budget_exhausted,8.010627031326294
K11_04,11,11,5,B,1683375127,false,false,,0.01046589616141962,87,budget_exhausted,8.276631116867065
K11_04,11,11,5,B,893706906,false,false,,0.0035576410318244006,147,budget_exhausted,11.102592945098877
K11_04,11,11,5,B,1753007184,false,false,,8.922430644943947e-06,69,budget_exhausted,6.7062249183654785
K11_04,11,11,5,B,2107424273,false,false,,0.02690321144654131,65,budget_exhausted,5.913827896118164
K11_04,11,11,5,A,449904892,false,false,,0.011619861657346119,795,budget_exhausted,16.84618091583252
K11_04,11,11,5,A,1667643188,false,false,,9.413407273593449e-06,197,budget_exhausted,21.08706498146057
K11_04,11,11,5,B,128182595,false,false,,0.02987198210101027,185,budget_exhausted,10.262256145477295
K11_04,11,11,5,B,1845143962,false,false,,8.51888331293732e-06,55,budget_exhausted,4.885321378707886
K11_03,11,11,5,A,128182595,false,false,,0.005657394458945823,1957,budget_exhausted,65.86661028862
K11_03,11,11,5,A,1845143962,false,false,,6.191928948249091e-06,419,budget_exhausted,17.547976970672607
K11_03,11,11,5,A,1683375127,false,false,,6.5990468087666015e-06,17,budget_exhausted,7.3083860874176025
K11_03,11,11,5,A,893706906,false,false,,5.314550716967773e-06,255,budget_exhausted,18.340762853622437
K11_04,11,11,5,B,418825361,false,false,,0.06343932010746083,135,budget_exhausted,8.993674039840698
K11_04,11,11,5,B,215858185,false,false,,0.00882578275651187,139,budget_exhausted,11.120581150054932
K11_04,11,11,5,B,449904892,false,false,,0.0798421511473998,153,budget_exhausted,12.166207075119019
K11_04,11,11,5,B,1667643188,false,false,,1.2818174176569831e-05,53,budget_exhausted,4.757468938827515
K11_03,11,11,5,A,1753007184,true,true,6,0.0,11,converged,0.15109467506408691
K11_03,11,11,5,A,2107424273,false,false,,0.0014376289539365999,579,budget_exhausted,36.48476314544678
K11_03,11,11,5,A,418825361,false,false,,5.947192775972576e-06,35,budget_exhausted,15.300339937210083
K11_03,11,11,5,A,215858185,false,false,,0.0016770994479936604,927,budget_exhausted,76.72309184074402
K11_04,11,11,5,A,128182595,false,false,,7.3845763682372084e-06,143,budget_exhausted,12.732276916503906
K11_04,11,11,5,A,1845143962,false,false,,1.0016157021490725e-05,423,budget_exhausted,12.61644983291626
K11_04,11,11,5,A,1683375127,false,false,,0.024874403850492,727,budget_exhausted,35.31290888786316
K11_04,11,11,5,A,893706906,false,false,,0.07113752077524892,351,budget_exhausted,46.89162802696228
K11_05,11,11,5,B,1683375127,false,false,,0.0026863683793035796,17,budget_exhausted,3.342419147491455
K11_05,11,11,5,B,893706906,false,false,,2.467504898757744e-05,45,budget_exhausted,4.146114110946655
K11_05,11,11,5,B,1753007184,true,true,173,0.0,11,converged,3.8385732173919678
K11_05,11,11,5,B,2107424273,false,false,,0.017075198851652863,73,budget_exhausted,6.645528078079224
K11_05,11,11,5,A,128182595,true,true,7,0.0,11,converged,0.1343691349029541
K11_05,11,11,5,A,1845143962,false,false,,0.06065223307653103,1075,budget_exhausted,46.198460817337036
K11_05,11,11,5,A,1683375127,true,true,6,0.0,11,converged,0.12447094917297363
K11_05,11,11,5,A,893706906,false,false,,7.147188863213376e-06,57,budget_exhausted,7.971422910690308
K11_05,11,11,5,B,418825361,false,false,,0.10270221056960563,69,budget_exhausted,6.767179012298584
K11_05,11,11,5,B,215858185,false,false,,7.669201560561587e-06,77,budget_exhausted,7.269438982009888
K11_05,11,11,5,B,449904892,true,true,71,0.0,11,converged,2.104498863220215
K11_05,11,11,5,B,1667643188,true,true,31,0.0,11,converged,0.6303720474243164
K11_05,11,11,5,A,449904892,false,false,,0.001900917925731318,445,budget_exhausted,20.67602777481079
K11_05,11,11,5,A,1667643188,false,false,,7.67302324847788e-06,153,budget_exhausted,10.438156127929688
K11_05,11,11,5,B,128182595,false,false,,4.674546959154679e-06,35,budget_exhausted,7.948186874389648
K11_05,11,11,5,B,1845143962,false,false,,0.04036942871537758,25,budget_exhausted,3.1213059425354004
K11_05,11,11,5,A,1753007184,true,true,3,0.0,11,converged,0.12046575546264648
K11_05,11,11,5,A,2107424273,true,true,6,0.0,11,converged,0.1351029872894287
K11_05,11,11,5,A,418825361,true,true,7,0.0,11,converged,0.13068628311157227
K11_05,11,11,5,A,215858185,false,false,,0.340934885355786,477,budget_exhausted,64.9066059589386
K11_04,11,11,5,A,1753007184,false,false,,9.443046995253271e-06,189,budget_exhausted,16.917853832244873
K11_04,11,11,5,A,2107424273,false,false,,1.065372416485235e-05,81,budget_exhausted,6.095637798309326
K11_04,11,11,5,A,418825361,false,false,,0.012516263048431217,443,budget_exhausted,83.24758815765381
K11_04,11,11,5,A,215858185,false,false,,0.05122659829611728,671,budget_exhausted,18.1479549407959
K11_07,11,11,5,A,128182595,true,true,7,0.0,11,converged,0.14099383354187012
K11_07,11,11,5,A,1845143962,true,true,8,0.0,11,converged,0.1612548828125
K11_07,11,11,5,A,1683375127,true,true,14,0.0,11,converged,0.22359085083007812
K11_07,11,11,5,A,893706906,true,true,7,0.0,11,converged,0.18207311630249023
K11_06,11,11,5,B,418825361,false,false,,0.0034680962039414184,31,budget_exhausted,3.7467620372772217
K11_06,11,11,5,B,215858185,false,false,,0.0639246513845031,7,budget_exhausted,8.554959058761597
K11_06,11,11,5,B,449904892,false,false,,0.06056424506603956,33,budget_exhausted,4.449016094207764
K11_06,11,11,5,B,1667643188,false,false,,0.00045705262008755807,65,budget_exhausted,5.568150043487549
K11_06,11,11,5,B,1683375127,false,false,,0.003420749222338028,45,budget_exhausted,4.788346767425537
K11_06,11,11,5,B,893706906,false,false,,0.07146835081315953,19,budget_exhausted,6.585850715637207
K11_06,11,11,5,B,1753007184,false,false,,0.12510223726153097,137,budget_exhausted,10.643963813781738
K11_06,11,11,5,B,2107424273,false,false,,0.0639246513845031,7,budget_exhausted,7.016474962234497
K11_07,11,11,5,B,1683375127,true,true,42,0.0,11,converged,0.8512818813323975
K11_07,11,11,5,B,893706906,false,false,,0.03722819128907166,63,budget_exhausted,5.161281108856201
K11_07,11,11,5,B,1753007184,false,false,,0.027841375646447043,101,budget_exhausted,6.402192115783691
K11_07,11,11,5,B,2107424273,true,true,27,0.0,11,converged,0.49435901641845703
K11_06,11,11,5,A,1753007184,false,false,,0.0639246513845031,7,budget_exhausted,1.107555627822876
K11_06,11,11,5,A,2107424273,false,false,,0.06098951185471439,361,budget_exhausted,24.485377073287964
K11_06,11,11,5,A,418825361,true,true,41,0.0,11,converged,0.3446810245513916
K11_06,11,11,5,A,215858185,false,false,,0.0006987608295960433,809,budget_exhausted,23.73864221572876
K11_07,11,11,5,A,449904892,true,true,12,0.0,11,converged,0.16135120391845703
K11_07,11,11,5,A,1667643188,true,true,11,0.0,11,converged,0.15077495574951172
K11_07,11,11,5,B,128182595,false,false,,0.06376063493678462,123,budget_exhausted,8.469496250152588
K11_07,11,11,5,B,1845143962,false,false,,0.029776315989554127,81,budget_exhausted,6.390017032623291
K11_07,11,11,5,B,418825361,true,true,7,0.0,11,converged,0.23027300834655762
K11_07,11,11,5,B,215858185,false,false,,0.07435517515569832,75,budget_exhausted,7.454787015914917
K11_07,11,11,5,B,449904892,false,false,,0.011939149020473237,59,budget_exhausted,5.423559904098511
K11_07,11,11,5,B,1667643188,true,true,8,0.0,11,converged,0.20868587493896484
K11_06,11,11,5,A,128182595,false,false,,0.0639246513845031,7,budget_exhausted,1.1229522228240967
K11_06,11,11,5,A,1845143962,false,false,,0.03696821034694449,1063,budget_exhausted,46.69308614730835
K11_06,11,11,5,A,1683375127,false,false,,0.000692541919194746,369,budget_exhausted,23.098068952560425
K11_06,11,11,5,A,893706906,false,false,,0.08793086645824737,577,budget_exhausted,19.707958936691284
K11_06,11,11,5,A,449904892,true,true,7,0.0,19,converged,0.19721388816833496
K11_06,11,11,5,A,1667643188,false,false,,0.0118108594495309,1983,budget_exhausted,72.35502600669861
K11_06,11,11,5,B,128182595,false,false,,0.060538004917308874,33,budget_exhausted,5.917341947555542
K11_06,11,11,5,B,1845143962,false,false,,1.8461583623922027,91,budget_exhausted,7.176793813705444
K11_08,11,11,5,B,1683375127,true,true,27,0.0,11,converged,0.5436646938323975
K11_08,11,11,5,B,893706906,false,false,,0.030535295962709267,133,budget_exhausted,8.843868017196655
K11_08,11,11,5,B,1753007184,true,true,14,0.0,11,converged,0.34593987464904785
K11_08,11,11,5,B,2107424273,false,false,,0.014681966015463127,103,budget_exhausted,9.18005108833313
K11_08,11,11,5,B,418825361,true,true,66,0.0,19,converged,1.0803017616271973
K11_08,11,11,5,B,215858185,false,false,,0.007413254762799949,93,budget_exhausted,8.772666931152344
K11_08,11,11,5,B,449904892,false,false,,0.05564031209427483,65,budget_exhausted,6.299343824386597
K11_08,11,11,5,B,1667643188,false,false,,0.48305826092648524,57,budget_exhausted,7.418503999710083
K11_07,11,11,5,A,1753007184,false,false,,0.0030296522770150054,1479,budget_exhausted,66.16914701461792
K11_07,11,11,5,A,2107424273,true,true,10,0.0,11,converged,0.1824657917022705
K11_07,11,11,5,A,418825361,false,false,,0.5267631396503322,1053,budget_exhausted,53.52941584587097
K11_07,11,11,5,A,215858185,true,true,7,0.0,11,converged,0.17372798919677734
K11_08,11,11,5,A,1753007184,false,false,,0.2241298989198241,733,budget_exhausted,23.068153858184814
K11_08,11,11,5,A,2107424273,false,false,,0.012763979951050712,1013,budget_exhausted,64.4934389591217
K11_08,11,11,5,A,418825361,false,false,,0.4388140350096481,1413,budget_exhausted,32.863409996032715
K11_08,11,11,5,A,215858185,true,true,6,0.0,11,converged,0.18234705924987793
K11_08,11,11,5,A,449904892,false,false,,0.49773046306259466,363,budget_exhausted,55.9915988445282
K11_08,11,11,5,A,1667643188,false,false,,0.014437603659445497,869,budget_exhausted,60.19469594955444
K11_08,11,11,5,B,128182595,false,false,,0.28977757119231823,93,budget_exhausted,8.345205068588257
K11_08,11,11,5,B,1845143962,false,false,,0.48521298181523964,79,budget_exhausted,6.636666297912598
K11_09,11,11,5,B,1683375127,false,false,,0.11534501505212987,45,budget_exhausted,5.483932971954346
K11_09,11,11,5,B,893706906,false,false,,0.0025879294831360326,103,budget_exhausted,8.897803783416748
K11_09,11,11,5,B,1753007184,false,false,,0.0009107278006573406,95,budget_exhausted,10.70166301727295
K11_09,11,11,5,B,2107424273,false,false,,0.04732273302686046,45,budget_exhausted,5.455531120300293
K11_08,11,11,5,A,128182595,false,false,,0.020789550044160922,1449,budget_exhausted,33.64191913604736
K11_08,11,11,5,A,1845143962,false,false,,0.5102881947153506,219,budget_exhausted,20.118793964385986
K11_08,11,11,5,A,1683375127,false,false,,0.0001992759727521092,1229,budget_exhausted,31.975122213363647
K11_08,11,11,5,A,893706906,false,false,,0.014679648694827454,1977,budget_exhausted,88.22031879425049
K11_09,11,11,5,A,449904892,false,false,,0.09094363250046969,251,budget_exhausted,29.835134983062744
K11_09,11,11,5,A,1667643188,false,false,,0.07489420648351186,595,budget_exhausted,46.17184281349182
K11_09,11,11,5,B,128182595,false,false,,0.00589234041438518,63,budget_exhausted,7.15721869468689
K11_09,11,11,5,B,1845143962,false,false,,0.09844824451913115,27,budget_exhausted,4.116405963897705
K11_09,11,11,5,B,418825361,false,false,,0.013111078075900754,85,budget_exhausted,7.358502149581909
K11_09,11,11,5,B,215858185,false,false,,0.08857406147379086,37,budget_exhausted,6.342731952667236
K11_09,11,11,5,B,449904892,false,false,,0.08873055934666804,19,budget_exhausted,6.966939210891724
K11_09,11,11,5,B,1667643188,false,false,,0.08489625499682742,131,budget_exhausted,10.963885068893433
K11_10,11,11,5,B,1683375127,false,false,,0.6546843781985052,49,budget_exhausted,5.726081132888794
K11_10,11,11,5,B,893706906,false,false,,0.8569724132512103,57,budget_exhausted,7.350596189498901
K11_10,11,11,5,B,1753007184,false,false,,0.8279028252508661,105,budget_exhausted,10.263354778289795
K11_10,11,11,5,B,2107424273,true,true,106,0.0,11,converged,2.5097031593322754
K11_09,11,11,5,A,128182595,false,false,,0.055964172254880075,603,budget_exhausted,33.42208003997803
K11_09,11,11,5,A,1845143962,false,false,,0.09871047853721275,611,budget_exhausted,55.60824227333069
K11_09,11,11,5,A,1683375127,false,false,,0.016255711565896502,589,budget_exhausted,28.224079847335815
K11_09,11,11,5,A,893706906,false,false,,0.0011786165195959502,493,budget_exhausted,46.837762117385864
K11_10,11,11,5,B,418825361,true,true,14,0.0,11,converged,0.46514892578125
K11_10,11,11,5,B,215858185,true,true,52,0.0,19,converged,1.3948521614074707
K11_10,11,11,5,B,449904892,false,false,,0.13296053243540198,41,budget_exhausted,4.924715995788574
K11_10,11,11,5,B,1667643188,false,false,,0.007613664509392328,101,budget_exhausted,10.032963037490845
K11_10,11,11,5,A,128182595,false,false,,6.19264463600672e-06,69,budget_exhausted,14.347790002822876
K11_10,11,11,5,A,1845143962,true,true,12,0.0,11,converged,0.2491929531097412
K11_10,11,11,5,A,1683375127,false,false,,0.7698671189932104,805,budget_exhausted,55.7645800113678
K11_10,11,11,5,A,893706906,true,true,14,0.0,11,converged,0.24796605110168457
K11_11,11,11,5,A,128182595,true,true,5,0.0,11,converged,0.14558696746826172
K11_11,11,11,5,A,1845143962,true,true,9,0.0,11,converged,0.21843886375427246
K11_11,11,11,5,A,1683375127,true,false,140,9.285559559172163e-07,397,converged,10.206264019012451
K11_11,11,11,5,A,893706906,true,true,7,0.0,11,converged,0.20894098281860352
K11_11,11,11,5,B,1683375127,true,true,19,0.0,11,converged,0.5174121856689453
K11_11,11,11,5,B,893706906,true,true,5,0.0,11,converged,0.23921418190002441
K11_11,11,11,5,B,1753007184,true,true,17,0.0,11,converged,0.6461248397827148
K11_11,11,11,5,B,2107424273,false,false,,5.627900199794261e-06,33,budget_exhausted,4.28009295463562
K11_11,11,11,5,B,418825361,false,false,,0.0006211193778780752,57,budget_exhausted,5.865034818649292
K11_11,11,11,5,B,215858185,false,false,,2.362981988282842e-05,83,budget_exhausted,9.324742794036865
K11_11,11,11,5,B,449904892,false,false,,9.575571807477377e-06,49,budget_exhausted,5.558446168899536
K11_11,11,11,5,B,1667643188,false,false,,1.209846145342858e-05,37,budget_exhausted,4.493139266967773
K11_10,11,11,5,A,449904892,false,false,,0.8256698193071845,127,budget_exhausted,85.40891885757446
K11_10,11,11,5,A,1667643188,false,false,,4.691480601128394e-06,43,budget_exhausted,9.925020933151245
K11_10,11,11,5,B,128182595,false,false,,1.5561524080261002e-05,13,budget_exhausted,6.026173830032349
K11_10,11,11,5,B,1845143962,false,false,,1.3744363541220261,99,budget_exhausted,9.902087926864624
K11_12,11,11,5,A,128182595,false,false,,1.0186711737344932e-05,75,budget_exhausted,3.733893871307373
K11_12,11,11,5,A,1845143962,false,false,,9.041452448389473e-06,49,budget_exhausted,7.24065089225769
K11_12,11,11,5,A,1683375127,false,false,,5.539084606407619e-06,227,budget_exhausted,22.615726947784424
K11_12,11,11,5,A,893706906,false,false,,7.695701876922625e-06,101,budget_exhausted,1.9781110286712646
K11_10,11,11,5,A,1753007184,false,false,,0.8590901050427168,1403,budget_exhausted,70.95191407203674
K11_10,11,11,5,A,2107424273,false,false,,0.17216827277405183,351,budget_exhausted,16.57930088043213
K11_10,11,11,5,A,418825361,false,false,,0.1872855737617698,251,budget_exhausted,35.1265869140625
K11_10,11,11,5,A,215858185,true,true,7,0.0,11,converged,0.17643499374389648
K11_11,11,11,5,A,449904892,false,false,,7.731656249557525e-06,29,budget_exhausted,18.56158685684204
K11_11,11,11,5,A,1667643188,false,false,,0.0011002836031924982,1273,budget_exhausted,63.51747417449951
K11_11,11,11,5,B,128182595,false,false,,8.658192009897932e-05,27,budget_exhausted,3.512132167816162
K11_11,11,11,5,B,1845143962,false,false,,1.7934774049593466e-05,77,budget_exhausted,7.69220495223999
K11_12,11,11,5,B,1683375127,false,false,,2.7195729022578016e-05,51,budget_exhausted,6.436174154281616
K11_12,11,11,5,B,893706906,false,false,,1.6843177356376846e-05,37,budget_exhausted,4.0949177742004395
K11_12,11,11,5,B,1753007184,false,false,,1.4269028372299114e-05,51,budget_exhausted,5.990800857543945
K11_12,11,11,5,B,2107424273,false,false,,1.4008541061204534e-05,31,budget_exhausted,4.404480934143066
K11_12,11,11,5,A,449904892,false,false,,7.618845813687446e-06,17,budget_exhausted,7.564943790435791
K11_12,11,11,5,A,1667643188,false,false,,7.011980899602964e-06,187,budget_exhausted,14.047404050827026
K11_12,11,11,5,B,128182595,false,false,,1.0123433400308685e-05,71,budget_exhausted,6.81999397277832
K11_12,11,11,5,B,1845143962,false,false,,1.0570150688197552e-05,29,budget_exhausted,4.364138126373291
K11_12,11,11,5,A,1753007184,false,false,,8.843828222581239e-06,369,budget_exhausted,24.15382409095764
K11_12,11,11,5,A,2107424273,false,false,,7.3391710669309805e-06,97,budget_exhausted,7.24783730506897
K11_12,11,11,5,A,418825361,false,false,,1.3370413494897421e-05,21,budget_exhausted,1.4537417888641357
K11_12,11,11,5,A,215858185,false,false,,7.455682636712877e-06,199,budget_exhausted,14.020041942596436
K11_12,11,11,5,B,418825361,false,false,,1.6120886095440517e-05,43,budget_exhausted,4.192224025726318
K11_12,11,11,5,B,215858185,false,false,,1.5943775490456925e-05,57,budget_exhausted,7.082697153091431
K11_12,11,11,5,B,449904892,false,false,,1.3196432482203887e-05,69,budget_exhausted,6.936084985733032
K11_12,11,11,5,B,1667643188,false,false,,1.1192809064272643e-05,39,budget_exhausted,5.015413045883179
K11_09,11,11,5,A,1753007184,false,false,,0.007902618153705469,355,budget_exhausted,113.80484676361084
K11_09,11,11,5,A,2107424273,false,false,,0.07126903292545443,261,budget_exhausted,39.87609791755676
K11_09,11,11,5,A,418825361,false,false,,0.09028577426593846,751,budget_exhausted,67.654381275177
K11_09,11,11,5,A,215858185,false,false,,0.09294659759862457,1003,budget_exhausted,65.95828914642334
K11_13,11,11,5,B,1683375127,false,false,,0.0037289467656798523,29,budget_exhausted,4.1290647983551025
K11_13,11,11,5,B,893706906,false,false,,0.018573158842230045,79,budget_exhausted,7.905573844909668
K11_13,11,11,5,B,1753007184,false,false,,0.03843710957154961,81,budget_exhausted,7.932825088500977
K11_13,11,11,5,B,2107424273,false,false,,0.017139195614697927,105,budget_exhausted,10.066801071166992
K11_14,11,11,5,A,128182595,true,true,3,0.0,11,converged,0.13559603691101074
K11_14,11,11,5,A,1845143962,true,true,18,0.0,11,converged,0.2570948600769043
K11_14,11,11,5,A,1683375127,true,true,6,0.0,11,converged,0.15691089630126953
K11_14,11,11,5,A,893706906,false,false,,6.276635272365237e-06,29,budget_exhausted,11.866477966308594
K11_13,11,11,5,B,418825361,true,true,42,0.0,11,converged,1.181941032409668
K11_13,11,11,5,B,215858185,false,false,,0.00593796599826362,191,budget_exhausted,13.80559492111206
K11_13,11,11,5,B,449904892,false,false,,0.19797763708257599,85,budget_exhausted,9.43953800201416
K11_13,11,11,5,B,1667643188,false,false,,0.19844579672028742,93,budget_exhausted,9.054006099700928
K11_11,11,11,5,A,1753007184,true,true,16,0.0,11,converged,0.2556579113006592
K11_11,11,11,5,A,2107424273,false,false,,0.0010639855271748616,1271,budget_exhausted,71.78314399719238
K11_11,11,11,5,A,418825361,false,false,,0.014523079379054152,173,budget_exhausted,50.70091009140015
K11_11,11,11,5,A,215858185,false,false,,0.0009344242815862158,1695,budget_exhausted,42.93126916885376
K11_13,11,11,5,A,1753007184,true,true,8,0.0,11,converged,0.18786191940307617
K11_13,11,11,5,A,2107424273,false,false,,0.004010246404203585,57,budget_exhausted,35.77623510360718
K11_13,11,11,5,A,418825361,true,true,16,0.0,11,converged,0.21597790718078613
K11_13,11,11,5,A,215858185,false,false,,0.023650073330031975,487,budget_exhausted,31.389169216156006
K11_13,11,11,5,A,449904892,false,false,,0.013710739471738646,899,budget_exhausted,48.61772418022156
K11_13,11,11,5,A,1667643188,true,true,6,0.0,11,converged,0.15760302543640137
K11_13,11,11,5,B,128182595,false,false,,0.0027184138665151164,51,budget_exhausted,5.229029178619385
K11_13,11,11,5,B,1845143962,false,false,,0.00024018648556800945,57,budget_exhausted,6.45717191696167
K11_14,11,11,5,B,1683375127,false,false,,2.4588462011756546e-05,29,budget_exhausted,4.304514646530151
K11_14,11,11,5,B,893706906,false,false,,6.025041408690104e-06,69,budget_exhausted,6.361984014511108
K11_14,11,11,5,B,1753007184,false,false,,2.3860124808887294e-05,39,budget_exhausted,4.460336923599243
K11_14,11,11,5,B,2107424273,false,false,,6.488556381869106e-06,31,budget_exhausted,4.098866939544678
K11_14,11,11,5,B,418825361,false,false,,4.5312556590605395e-05,45,budget_exhausted,5.747400999069214
K11_14,11,11,5,B,215858185,false,false,,1.2462175299299016e-05,31,budget_exhausted,3.9567129611968994
K11_14,11,11,5,B,449904892,false,false,,1.2176080396778575e-05,33,budget_exhausted,4.881287097930908
K11_14,11,11,5,B,1667643188,false,false,,0.00018516782252357095,21,budget_exhausted,6.5349671840667725
K11_13,11,11,5,A,128182595,true,true,5,0.0,11,converged,0.14403986930847168
K11_13,11,11,5,A,1845143962,false,false,,0.0030822585886547452,71,budget_exhausted,61.74053621292114
K11_13,11,11,5,A,1683375127,false,false,,0.011929522493498827,1973,budget_exhausted,70.65627193450928
K11_13,11,11,5,A,893706906,true,true,4,0.0,11,converged,0.15151691436767578
K11_14,11,11,5,A,449904892,false,false,,9.970312530882983e-06,77,budget_exhausted,27.61228895187378
K11_14,11,11,5,A,1667643188,false,false,,6.606477162927016e-06,63,budget_exhausted,34.89995789527893
K11_14,11,11,5,B,128182595,true,true,62,0.0,11,converged,1.7033097743988037
K11_14,11,11,5,B,1845143962,false,false,,8.490144742620575e-06,49,budget_exhausted,7.070788145065308
K11_15,11,11,5,A,449904892,false,false,,0.00030919210043076284,253,budget_exhausted,43.71139097213745
K11_15,11,11,5,A,1667643188,true,true,5,0.0,11,converged,0.15863394737243652
K11_15,11,11,5,B,128182595,false,false,,1.285926281225813e-05,33,budget_exhausted,4.900139808654785
K11_15,11,11,5,B,1845143962,false,false,,0.00023189557625861193,81,budget_exhausted,8.28767991065979
K11_15,11,11,5,A,1753007184,false,false,,8.780361200486554e-06,29,budget_exhausted,8.275463104248047
K11_15,11,11,5,A,2107424273,false,false,,8.418281268649718e-06,81,budget_exhausted,11.899887800216675
K11_15,11,11,5,A,418825361,false,false,,9.960002113110977e-06,259,budget_exhausted,15.123656988143921
K11_15,11,11,5,A,215858185,false,false,,8.340996250575136e-05,769,budget_exhausted,33.54405093193054
K11_15,11,11,5,B,418825361,false,false,,9.811005888404196e-06,35,budget_exhausted,4.883162021636963
K11_15,11,11,5,B,215858185,false,false,,1.2103337922087352e-05,111,budget_exhausted,9.407479047775269
K11_15,11,11,5,B,449904892,false,false,,0.000389451051420212,45,budget_exhausted,5.054769277572632
K11_15,11,11,5,B,1667643188,true,false,4,2.6237874143474372e-11,21,converged,0.18421411514282227
K11_14,11,11,5,A,1753007184,false,false,,7.677485901139426e-06,195,budget_exhausted,16.392796993255615
K11_14,11,11,5,A,2107424273,false,false,,2.7646687455760987e-05,433,budget_exhausted,38.30487895011902
K11_14,11,11,5,A,418825361,true,true,9,0.0,11,converged,0.16404199600219727
K11_14,11,11,5,A,215858185,false,false,,0.0017416636456345112,779,budget_exhausted,38.24942994117737
K11_15,11,11,5,B,1683375127,false,false,,0.00015268411920547588,83,budget_exhausted,7.863473892211914
K11_15,11,11,5,B,893706906,false,false,,5.66560223717934e-05,61,budget_exhausted,5.547904968261719
K11_15,11,11,5,B,1753007184,false,false,,6.312023554959737e-05,9,budget_exhausted,4.7540411949157715
K11_15,11,11,5,B,2107424273,false,false,,1.0730984747664025e-05,49,budget_exhausted,6.156359910964966
K11_15,11,11,5,A,128182595,false,false,,8.347865407934467e-06,113,budget_exhausted,22.256090879440308
K11_15,11,11,5,A,1845143962,false,false,,7.742732522101717e-06,97,budget_exhausted,9.347128629684448
K11_15,11,11,5,A,1683375127,false,false,,8.760239168691168e-05,1275,budget_exhausted,71.1028060913086
K11_15,11,11,5,A,893706906,false,false,,4.570193262990007e-06,61,budget_exhausted,8.133358240127563
K11_16,11,11,5,B,418825361,false,false,,0.0070174035886143415,141,budget_exhausted,16.605697631835938
K11_16,11,11,5,B,215858185,false,false,,0.0069916607399005464,133,budget_exhausted,14.358788013458252
K11_16,11,11,5,B,449904892,false,false,,0.007152009318454093,135,budget_exhausted,11.212928056716919
K11_16,11,11,5,B,1667643188,false,false,,0.00909614259320356,145,budget_exhausted,13.828289031982422
K11_16,11,11,5,B,1683375127,false,false,,0.006990286067111922,159,budget_exhausted,18.96815586090088
K11_16,11,11,5,B,893706906,false,false,,0.006876940709748037,141,budget_exhausted,20.176217079162598
K11_16,11,11,5,B,1753007184,false,false,,0.007608186551229573,275,budget_exhausted,27.75854992866516
K11_16,11,11,5,B,2107424273,false,false,,0.006004311332833506,197,budget_exhausted,18.589505910873413
K11_16,11,11,5,A,449904892,false,false,,0.006848009625143549,439,budget_exhausted,36.7679808139801
K11_16,11,11,5,A,1667643188,false,false,,0.0073191174384792486,1989,budget_exhausted,53.07113194465637
K11_16,11,11,5,B,128182595,false,false,,0.009292654193330998,179,budget_exhausted,14.563706159591675
K11_16,11,11,5,B,1845143962,false,false,,0.004898541975406603,221,budget_exhausted,17.278692960739136
K11_17,11,11,5,A,449904892,false,false,,7.2336423895920786e-06,171,budget_exhausted,11.42123532295227
K11_17,11,11,5,A,1667643188,false,false,,7.231709031235695e-06,85,budget_exhausted,14.28450608253479
K11_17,11,11,5,B,128182595,false,false,,0.00044501102226330387,9,budget_exhausted,6.672075986862183
K11_17,11,11,5,B,1845143962,false,false,,1.0004268272046541e-05,37,budget_exhausted,4.931648015975952
K11_17,11,11,5,B,1683375127,false,false,,4.633033410346613e-05,93,budget_exhausted,8.382256269454956
K11_17,11,11,5,B,893706906,false,false,,0.0006567176873703521,53,budget_exhausted,6.6686530113220215
K11_17,11,11,5,B,1753007184,false,false,,8.340373708402932e-06,33,budget_exhausted,5.405632019042969
K11_17,11,11,5,B,2107424273,false,false,,1.7037509664339313e-05,43,budget_exhausted,4.636614084243774
K11_17,11,11,5,B,418825361,false,false,,7.916625718179862e-05,59,budget_exhausted,6.481065988540649
K11_17,11,11,5,B,215858185,false,false,,3.283867611276173e-06,43,budget_exhausted,7.006537914276123
K11_17,11,11,5,B,449904892,false,false,,0.000695171849719694,63,budget_exhausted,6.4630889892578125
K11_17,11,11,5,B,1667643188,false,false,,1.1036639350800308e-05,23,budget_exhausted,4.267013788223267
K11_17,11,11,5,A,128182595,false,false,,0.0005801587180146478,249,budget_exhausted,28.990310192108154
K11_17,11,11,5,A,1845143962,false,false,,7.825378702443e-06,241,budget_exhausted,24.72887086868286
K11_17,11,11,5,A,1683375127,false,false,,0.0006559516704876433,811,budget_exhausted,57.829421043395996
K11_17,11,11,5,A,893706906,false,false,,0.0003604951373192921,201,budget_exhausted,31.801918983459473
K11_16,11,11,5,A,1753007184,false,false,,0.008490660358105091,431,budget_exhausted,36.16538119316101
K11_16,11,11,5,A,2107424273,false,false,,0.009075095927348582,989,budget_exhausted,32.52735781669617
K11_16,11,11,5,A,418825361,false,false,,0.007669856543144043,569,budget_exhausted,32.91428208351135
K11_16,11,11,5,A,215858185,false,false,,0.006855372440634747,1263,budget_exhausted,76.40623211860657
K11_18,11,11,5,B,1683375127,false,false,,0.002592941957480635,61,budget_exhausted,6.690078973770142
K11_18,11,11,5,B,893706906,false,false,,0.14280513336461045,41,budget_exhausted,4.941205024719238
K11_18,11,11,5,B,1753007184,false,false,,0.3293573934902653,99,budget_exhausted,8.918562173843384
K11_18,11,11,5,B,2107424273,false,false,,0.0005349115346248393,167,budget_exhausted,14.968484163284302
K11_18,11,11,5,A,1753007184,true,true,25,0.0,11,converged,0.4228360652923584
K11_18,11,11,5,A,2107424273,false,false,,0.26780021802612247,511,budget_exhausted,25.845585823059082
K11_18,11,11,5,A,418825361,true,false,11,1.3561445283440036e-07,13,converged,0.1839768886566162
K11_18,11,11,5,A,215858185,false,false,,0.13832419096176693,885,budget_exhausted,42.62904095649719
K11_17,11,11,5,A,1753007184,false,false,,6.4187205038071356e-06,103,budget_exhausted,19.937543869018555
K11_17,11,11,5,A,2107424273,false,false,,0.0006997776468261891,211,budget_exhausted,53.588417053222656
K11_17,11,11,5,A,418825361,false,false,,0.000619306573604317,583,budget_exhausted,47.44882893562317
K11_17,11,11,5,A,215858185,false,false,,0.0007570021270286232,621,budget_exhausted,43.93803906440735
K11_18,11,11,5,B,418825361,false,false,,1.609169692662191e-06,17,budget_exhausted,3.535946846008301
K11_18,11,11,5,B,215858185,true,true,21,0.0,11,converged,0.6136820316314697
K11_18,11,11,5,B,449904892,false,false,,0.01589592978712879,33,budget_exhausted,4.497440576553345
K11_18,11,11,5,B,1667643188,false,false,,0.6277543170504467,59,budget_exhausted,9.040753841400146
K11_16,11,11,5,A,128182595,false,false,,0.006910815046947568,1019,budget_exhausted,59.41295409202576
K11_16,11,11,5,A,1845143962,false,false,,0.007747795157350803,1987,budget_exhausted,74.076092004776
K11_16,11,11,5,A,1683375127,false,false,,0.008725118342499281,1955,budget_exhausted,57.71920895576477
K11_16,11,11,5,A,893706906,false,false,,0.00466410949081196,799,budget_exhausted,49.15424585342407
K11_19,11,11,5,B,1683375127,false,false,,0.01557764001825141,41,budget_exhausted,8.395015954971313
K11_19,11,11,5,B,893706906,false,false,,0.0008589544892646672,7,budget_exhausted,6.499383926391602
K11_19,11,11,5,B,1753007184,false,false,,3.493067399600555e-06,25,budget_exhausted,4.207303047180176
K11_19,11,11,5,B,2107424273,false,false,,0.008295119034749842,95,budget_exhausted,10.003278255462646
K11_18,11,11,5,A,128182595,true,true,37,0.0,11,converged,0.9145002365112305
K11_18,11,11,5,A,1845143962,false,false,,0.05474311750719729,1109,budget_exhausted,134.10652494430542
K11_18,11,11,5,A,1683375127,true,false,7,1.3561445283440036e-07,13,converged,0.16277480125427246
K11_18,11,11,5,A,893706906,true,true,26,0.0,11,converged,0.37203097343444824
K11_20,11,11,5,A,128182595,false,false,,1.3226927066058194,1,budget_exhausted,0.7124960422515869
K11_20,11,11,5,A,1845143962,false,false,,1.3226927066058194,1,budget_exhausted,0.6908469200134277
K11_20,11,11,5,A,1683375127,false,false,,1.3226927066058194,1,budget_exhausted,0.651047945022583
K11_20,11,11,5,A,893706906,false,false,,1.3226927066058194,1,budget_exhausted,0.7208538055419922
K11_19,11,11,5,A,128182595,false,false,,8.116678051678894e-06,71,budget_exhausted,21.737751722335815
K11_19,11,11,5,A,1845143962,false,false,,5.794276263280316e-06,303,budget_exhausted,9.98098874092102
K11_19,11,11,5,A,1683375127,false,false,,0.0007620645510449245,223,budget_exhausted,24.111079931259155
K11_19,11,11,5,A,893706906,false,false,,8.99441264542551e-06,303,budget_exhausted,17.143702030181885
K11_19,11,11,5,B,418825361,false,false,,0.04035533365466831,67,budget_exhausted,7.144728183746338
K11_19,11,11,5,B,215858185,false,false,,0.0008589544892646672,7,budget_exhausted,7.158114671707153
K11_19,11,11,5,B,449904892,false,false,,6.908949184651444e-06,31,budget_exhausted,4.244464874267578
K11_19,11,11,5,B,1667643188,false,false,,0.0045100085561596065,79,budget_exhausted,7.143009185791016
K11_18,11,11,5,A,449904892,false,false,,0.8887304936269278,917,budget_exhausted,59.666675090789795
K11_18,11,11,5,A,1667643188,false,false,,0.6845669783745134,1013,budget_exhausted,79.21111702919006
K11_18,11,11,5,B,128182595,false,false,,4.657204507338666e-06,37,budget_exhausted,3.7312698364257812
K11_18,11,11,5,B,1845143962,true,false,145,9.027239308155557e-07,29,converged,2.656763792037964
K11_20,11,11,5,B,1683375127,false,false,,0.011342399052898057,49,budget_exhausted,5.6471617221832275
K11_20,11,11,5,B,893706906,false,false,,0.03084609342855843,91,budget_exhausted,7.360249042510986
K11_20,11,11,5,B,1753007184,false,false,,0.19586883752098688,121,budget_exhausted,10.465128898620605
K11_20,11,11,5,B,2107424273,false,false,,0.46587209398232315,47,budget_exhausted,5.417726993560791
K11_19,11,11,5,A,1753007184,false,false,,0.000995687330524481,357,budget_exhausted,18.292863130569458
K11_19,11,11,5,A,2107424273,false,false,,0.0022500266815645496,533,budget_exhausted,33.33578896522522
K11_19,11,11,5,A,418825361,false,false,,9.598375075426145e-06,141,budget_exhausted,16.981014013290405
K11_19,11,11,5,A,215858185,false,false,,0.000527286872277939,751,budget_exhausted,34.205326080322266
K11_20,11,11,5,B,418825361,false,false,,0.044704952946176865,47,budget_exhausted,5.297917127609253
K11_20,11,11,5,B,215858185,false,false,,0.0026180673254748194,53,budget_exhausted,5.806540012359619
K11_20,11,11,5,B,449904892,false,false,,0.09196663037034442,65,budget_exhausted,7.8617260456085205
K11_20,11,11,5,B,1667643188,false,false,,0.045782443016063455,79,budget_exhausted,10.360897064208984
K11_20,11,11,5,A,449904892,false,false,,0.020127837313570627,1415,budget_exhausted,61.14344096183777
K11_20,11,11,5,A,1667643188,false,false,,1.3226927066058194,1,budget_exhausted,0.8094441890716553
K11_20,11,11,5,B,128182595,false,false,,0.5357523068098238,95,budget_exhausted,10.289214849472046
K11_20,11,11,5,B,1845143962,false,false,,0.2877132648296408,61,budget_exhausted,9.06417179107666
K11_21,11,11,5,B,1683375127,false,false,,0.006939324402723152,81,budget_exhausted,7.471487045288086
K11_21,11,11,5,B,893706906,false,false,,0.16564012103642767,53,budget_exhausted,6.778970956802368
K11_21,11,11,5,B,1753007184,false,false,,0.16819556545254555,65,budget_exhausted,6.630055904388428
K11_21,11,11,5,B,2107424273,false,false,,0.16393379680591658,115,budget_exhausted,8.407238006591797
K11_19,11,11,5,A,449904892,false,false,,0.014833253629803433,1071,budget_exhausted,107.08663296699524
K11_19,11,11,5,A,1667643188,false,false,,0.0008974720642700415,733,budget_exhausted,59.553425788879395
K11_19,11,11,5,B,128182595,false,false,,5.4391936414878406e-05,15,budget_exhausted,3.899266242980957
K11_19,11,11,5,B,1845143962,false,false,,0.0008589544892646672,7,budget_exhausted,7.698202848434448
K11_22,11,11,5,A,128182595,true,true,7,0.0,11,converged,0.1974630355834961
K11_22,11,11,5,A,1845143962,true,true,7,0.0,11,converged,0.19352293014526367
K11_22,11,11,5,A,1683375127,true,true,7,0.0,11,converged,0.17254209518432617
K11_22,11,11,5,A,893706906,true,true,7,0.0,11,converged,0.21348786354064941
K11_22,11,11,5,A,1753007184,true,true,9,0.0,11,converged,0.16138815879821777
K11_22,11,11,5,A,2107424273,true,true,12,0.0,11,converged,0.19751811027526855
K11_22,11,11,5,A,418825361,true,true,3,0.0,11,converged,0.13895702362060547
K11_22,11,11,5,A,215858185,false,false,,4.042829920927782e-06,43,budget_exhausted,7.032573223114014
K11_22,11,11,5,A,449904892,true,true,18,0.0,11,converged,0.29252195358276367
K11_22,11,11,5,A,1667643188,true,true,5,0.0,11,converged,0.1475222110748291
K11_22,11,11,5,B,128182595,false,false,,0.015949284269841327,53,budget_exhausted,6.509503126144409
K11_22,11,11,5,B,1845143962,false,false,,0.027275159691757478,87,budget_exhausted,8.39468002319336
K11_21,11,11,5,B,418825361,false,false,,0.0353845590816049,47,budget_exhausted,5.840987920761108
K11_21,11,11,5,B,215858185,false,false,,0.007816133586074385,163,budget_exhausted,12.819342136383057
K11_21,11,11,5,B,449904892,false,false,,0.045849724501737035,131,budget_exhausted,12.376871824264526
K11_21,11,11,5,B,1667643188,false,false,,0.16710773234677234,59,budget_exhausted,7.753223896026611
K11_22,11,11,5,B,1683375127,true,true,50,0.0,11,converged,1.00773024559021
K11_22,11,11,5,B,893706906,true,true,30,0.0,11,converged,0.8121211528778076
K11_22,11,11,5,B,1753007184,false,false,,0.03686349621619215,75,budget_exhausted,7.5608601570129395
K11_22,11,11,5,B,2107424273,true,true,25,0.0,11,converged,0.6344380378723145
K11_22,11,11,5,B,418825361,false,false,,0.02089732009949192,31,budget_exhausted,7.791085958480835
K11_22,11,11,5,B,215858185,false,false,,0.024943533899298733,87,budget_exhausted,8.550961017608643
K11_22,11,11,5,B,449904892,true,true,19,0.0,11,converged,0.5492873191833496
K11_22,11,11,5,B,1667643188,true,true,47,0.0,11,converged,1.180880069732666
K11_20,11,11,5,A,1753007184,false,false,,0.022160276797078042,699,budget_exhausted,51.4516818523407
K11_20,11,11,5,A,2107424273,false,false,,0.3851119247692011,905,budget_exhausted,60.56527376174927
K11_20,11,11,5,A,418825361,false,false,,1.3226927066058194,1,budget_exhausted,0.6342141628265381
K11_20,11,11,5,A,215858185,false,false,,0.005425188639214257,757,budget_exhausted,85.41012787818909
K11_21,11,11,5,A,449904892,false,false,,0.02558725747412672,1051,budget_exhausted,74.83403301239014
K11_21,11,11,5,A,1667643188,false,false,,0.007837306580233088,501,budget_exhausted,48.70744299888611
K11_21,11,11,5,B,128182595,false,false,,0.009812331553211569,89,budget_exhausted,11.128775835037231
K11_21,11,11,5,B,1845143962,false,false,,0.08606744224417529,95,budget_exhausted,10.823714971542358
K11_23,11,11,5,A,128182595,true,true,131,0.0,11,converged,31.077218055725098
K11_23,11,11,5,A,1845143962,true,true,39,0.0,11,converged,5.370557069778442
K11_23,11,11,5,A,1683375127,true,true,124,0.0,11,converged,23.900005102157593
K11_23,11,11,5,A,893706906,true,true,29,0.0,11,converged,2.5267908573150635
K11_21,11,11,5,A,128182595,false,false,,0.0021227299539483845,497,budget_exhausted,27.053611993789673
K11_21,11,11,5,A,1845143962,false,false,,0.07648311102024412,789,budget_exhausted,39.880181074142456
K11_21,11,11,5,A,1683375127,false,false,,0.007292700318787364,1673,budget_exhausted,59.60419416427612
K11_21,11,11,5,A,893706906,false,false,,0.033467571155495084,1039,budget_exhausted,69.10564923286438
K11_23,11,11,5,A,449904892,true,true,60,0.0,11,converged,6.262892007827759
K11_23,11,11,5,A,1667643188,true,true,121,0.0,11,converged,37.70214891433716
K11_23,11,11,5,B,128182595,false,false,,0.00017930593121632686,37,budget_exhausted,9.887892961502075
K11_23,11,11,5,B,1845143962,true,true,21,0.0,11,converged,2.3574471473693848
K11_23,11,11,5,A,1753007184,true,true,98,0.0,11,converged,24.991554021835327
K11_23,11,11,5,A,2107424273,true,true,194,0.0,11,converged,69.94577813148499
K11_23,11,11,5,A,418825361,true,true,17,0.0,11,converged,0.9640579223632812
K11_23,11,11,5,A,215858185,true,true,76,0.0,11,converged,11.006370067596436
K11_23,11,11,5,B,1683375127,false,false,,1.051515167574994e-05,57,budget_exhausted,24.686331272125244
K11_23,11,11,5,B,893706906,false,false,,9.127839983616586e-06,69,budget_exhausted,8.145108938217163
K11_23,11,11,5,B,1753007184,false,false,,10259.544495494803,15,budget_exhausted,33.67648220062256
K11_23,11,11,5,B,2107424273,false,false,,10259.544495494803,15,budget_exhausted,25.011964797973633
K11_24,11,11,5,B,1683375127,false,false,,0.006619071046093758,119,budget_exhausted,10.839508056640625
K11_24,11,11,5,B,893706906,false,false,,0.03353189630622725,93,budget_exhausted,9.67671513557434
K11_24,11,11,5,B,1753007184,false,false,,0.019511060231214704,67,budget_exhausted,7.051939964294434
K11_24,11,11,5,B,2107424273,false,false,,0.00047053247041866915,63,budget_exhausted,7.422992944717407
K11_24,11,11,5,A,1753007184,false,false,,0.008788203562808223,13,budget_exhausted,33.6443510055542
K11_24,11,11,5,A,2107424273,true,true,5,0.0,11,converged,0.15723204612731934
K11_24,11,11,5,A,418825361,false,false,,0.00021813408290683188,619,budget_exhausted,27.986464977264404
K11_24,11,11,5,A,215858185,false,false,,0.0005305110605762075,159,budget_exhausted,27.62698006629944
K11_21,11,11,5,A,1753007184,false,false,,0.030514783879554724,1427,budget_exhausted,73.35412812232971
K11_21,11,11,5,A,2107424273,false,false,,0.0248534567603879,1481,budget_exhausted,85.13649392127991
K11_21,11,11,5,A,418825361,false,false,,0.019126217552983892,1047,budget_exhausted,94.10248184204102
K11_21,11,11,5,A,215858185,false,false,,0.02589212945023332,1185,budget_exhausted,52.925150871276855
K11_23,11,11,5,B,418825361,false,false,,4.977169797433518e-05,133,budget_exhausted,15.318158149719238
K11_23,11,11,5,B,215858185,false,false,,4.09005999388784e-06,35,budget_exhausted,9.211709260940552
K11_23,11,11,5,B,449904892,true,true,186,0.0,11,converged,58.97824692726135
K11_23,11,11,5,B,1667643188,false,false,,0.0026863683730585504,9,budget_exhausted,45.41720104217529
K11_24,11,11,5,A,449904892,false,false,,0.0003406829177190481,507,budget_exhausted,32.02369809150696
K11_24,11,11,5,A,1667643188,false,false,,0.0002001949954934759,887,budget_exhausted,36.44696402549744
K11_24,11,11,5,B,128182595,false,false,,0.00030351963421499024,51,budget_exhausted,5.724325180053711
K11_24,11,11,5,B,1845143962,false,false,,0.00041202483262637327,31,budget_exhausted,4.503939151763916
K11_24,11,11,5,B,418825361,false,false,,0.000710944826290457,59,budget_exhausted,5.839623212814331
K11_24,11,11,5,B,215858185,false,false,,0.00034033255398801187,55,budget_exhausted,5.872336149215698
K11_24,11,11,5,B,449904892,false,false,,0.0008999371985984029,33,budget_exhausted,5.443382024765015
K11_24,11,11,5,B,1667643188,false,false,,0.0003446518348669997,61,budget_exhausted,5.361796855926514
K11_24,11,11,5,A,128182595,false,false,,0.005716228247162704,197,budget_exhausted,30.25339412689209
K11_24,11,11,5,A,1845143962,false,false,,0.002367650193598225,91,budget_exhausted,29.15573501586914
K11_24,11,11,5,A,1683375127,false,false,,0.0002762525244588139,283,budget_exhausted,11.485673904418945
K11_24,11,11,5,A,893706906,false,false,,0.0007981636969294918,729,budget_exhausted,65.28227519989014
K11_25,11,11,5,B,418825361,false,false,,9.228458924938401e-06,69,budget_exhausted,6.760446071624756
K11_25,11,11,5,B,215858185,true,true,2,0.0,11,converged,0.19336915016174316
K11_25,11,11,5,B,449904892,false,false,,1.2833182992416683e-05,95,budget_exhausted,8.040422916412354
K11_25,11,11,5,B,1667643188,false,false,,9.135299182572506e-06,97,budget_exhausted,8.05966591835022
K11_25,11,11,5,B,1683375127,false,false,,1.5400282818825452e-05,71,budget_exhausted,7.367868900299072
K11_25,11,11,5,B,893706906,false,false,,1.071936618445185e-05,39,budget_exhausted,4.820429801940918
K11_25,11,11,5,B,1753007184,false,false,,9.691355167262287e-06,99,budget_exhausted,8.960283756256104
K11_25,11,11,5,B,2107424273,false,false,,9.78956717933297e-06,65,budget_exhausted,6.73375678062439
K11_25,11,11,5,A,449904892,false,false,,7.40062882602238e-06,189,budget_exhausted,19.88709306716919
K11_25,11,11,5,A,1667643188,false,false,,8.058903282652526e-06,21,budget_exhausted,13.108756065368652
K11_25,11,11,5,B,128182595,false,false,,6.1635976642812104e-06,53,budget_exhausted,7.059830904006958
K11_25,11,11,5,B,1845143962,false,false,,9.334213109012847e-06,37,budget_exhausted,5.989650726318359
K11_25,11,11,5,A,128182595,false,false,,5.570490720533059e-06,271,budget_exhausted,18.688231945037842
K11_25,11,11,5,A,1845143962,false,false,,9.32418426043795e-06,183,budget_exhausted,9.557768106460571
K11_25,11,11,5,A,1683375127,false,false,,1.0518295324463948e-05,53,budget_exhausted,10.624691247940063
K11_25,11,11,5,A,893706906,false,false,,1.1458303835752364e-05,303,budget_exhausted,24.502779006958008
K11_25,11,11,5,A,1753007184,false,false,,1.0273176135981027e-05,37,budget_exhausted,17.35677218437195
K11_25,11,11,5,A,2107424273,false,false,,7.111367254823962e-06,99,budget_exhausted,14.46349811553955
K11_25,11,11,5,A,418825361,false,false,,5.82778227086252e-06,63,budget_exhausted,15.091805934906006
K11_25,11,11,5,A,215858185,false,false,,6.102740053094654e-06,143,budget_exhausted,17.7063570022583
K11_26,11,11,5,B,1683375127,false,false,,0.1782407319094175,99,budget_exhausted,9.886121988296509
K11_26,11,11,5,B,893706906,false,false,,0.11189951744157096,91,budget_exhausted,10.290483951568604
K11_26,11,11,5,B,1753007184,false,false,,0.16275232360235165,67,budget_exhausted,8.038917779922485
K11_26,11,11,5,B,2107424273,false,false,,0.17490676884586515,57,budget_exhausted,7.049418926239014
K11_26,11,11,5,B,418825361,false,false,,0.007929699654073545,89,budget_exhausted,10.1214120388031
K11_26,11,11,5,B,215858185,false,false,,0.05042175885131614,85,budget_exhausted,10.945917129516602
K11_26,11,11,5,B,449904892,false,false,,0.03374469911172301,37,budget_exhausted,6.148999929428101
K11_26,11,11,5,B,1667643188,false,false,,0.01692455487405917,93,budget_exhausted,9.23810601234436
K11_27,11,11,5,A,128182595,false,false,,5.736482521404185e-06,19,budget_exhausted,10.431818962097168
K11_27,11,11,5,A,1845143962,false,false,,9.077317795933728e-06,15,budget_exhausted,22.713077306747437
K11_27,11,11,5,A,1683375127,false,false,,7.5346458605232145e-06,301,budget_exhausted,13.363347053527832
K11_27,11,11,5,A,893706906,false,false,,6.000675916623851e-06,35,budget_exhausted,11.82931399345398
K11_27,11,11,5,A,1753007184,false,false,,7.723141938588072e-06,227,budget_exhausted,8.286144018173218
K11_27,11,11,5,A,2107424273,false,false,,6.232709075171245e-06,155,budget_exhausted,16.095339059829712
K11_27,11,11,5,A,418825361,false,false,,9.06127588532186e-06,81,budget_exhausted,12.335011959075928
K11_27,11,11,5,A,215858185,false,false,,4.501938974613312e-06,25,budget_exhausted,7.815000057220459
K11_27,11,11,5,A,449904892,false,false,,9.076540644900631e-06,15,budget_exhausted,24.039207220077515
K11_27,11,11,5,A,1667643188,false,false,,8.29598479301323e-06,125,budget_exhausted,10.462630033493042
K11_27,11,11,5,B,128182595,false,false,,5.9440072956785565e-06,25,budget_exhausted,3.6419918537139893
K11_27,11,11,5,B,1845143962,false,false,,6.641402009439147e-06,65,budget_exhausted,5.397493124008179
K11_27,11,11,5,B,1683375127,false,false,,7.479246322328004e-06,33,budget_exhausted,4.604572772979736
K11_27,11,11,5,B,893706906,false,false,,5.8312868945057656e-06,49,budget_exhausted,5.255070924758911
K11_27,11,11,5,B,1753007184,false,false,,1.579957864022387e-05,71,budget_exhausted,7.162229061126709
K11_27,11,11,5,B,2107424273,false,false,,5.758927713817144e-06,59,budget_exhausted,5.943946123123169
K11_27,11,11,5,B,418825361,false,false,,8.086639614859017e-06,41,budget_exhausted,4.994831800460815
K11_27,11,11,5,B,215858185,false,false,,7.246042057021499e-06,39,budget_exhausted,4.528069019317627
K11_27,11,11,5,B,449904892,false,false,,8.514698330949968e-06,71,budget_exhausted,6.576034784317017
K11_27,11,11,5,B,1667643188,false,false,,7.041208693693629e-06,33,budget_exhausted,4.254878044128418
K11_28,11,11,5,A,128182595,true,true,6,0.0,11,converged,0.1637420654296875
K11_28,11,11,5,A,1845143962,true,true,5,0.0,11,converged,0.17044711112976074
K11_28,11,11,5,A,1683375127,false,false,,7.677953851508828e-06,55,budget_exhausted,16.050010204315186
K11_28,11,11,5,A,893706906,true,true,7,0.0,11,converged,0.19086790084838867
K11_28,11,11,5,A,449904892,true,true,13,0.0,11,converged,0.1913590431213379
K11_28,11,11,5,A,1667643188,true,true,4,0.0,11,converged,0.13118600845336914
K11_28,11,11,5,B,128182595,false,false,,0.0004236921894160314,29,budget_exhausted,4.0962371826171875
K11_28,11,11,5,B,1845143962,false,false,,2.0800582782816167e-05,27,budget_exhausted,6.553686857223511
K11_28,11,11,5,A,1753007184,true,true,13,0.0,11,converged,0.18869423866271973
K11_28,11,11,5,A,2107424273,true,true,39,0.0,11,converged,0.8582580089569092
K11_28,11,11,5,A,418825361,false,false,,6.6834704301433545e-06,45,budget_exhausted,12.36506700515747
K11_28,11,11,5,A,215858185,true,true,11,0.0,11,converged,0.22409391403198242
K11_28,11,11,5,B,1683375127,true,true,8,0.0,11,converged,0.2669250965118408
K11_28,11,11,5,B,893706906,true,true,26,0.0,11,converged,0.7422308921813965
K11_28,11,11,5,B,1753007184,false,false,,0.0007821457626450058,13,budget_exhausted,7.986927032470703
K11_28,11,11,5,B,2107424273,true,true,17,0.0,11,converged,0.5428950786590576
K11_28,11,11,5,B,418825361,false,false,,2.494825191378916e-05,39,budget_exhausted,6.2612810134887695
K11_28,11,11,5,B,215858185,false,false,,2.4477171748024625e-05,21,budget_exhausted,4.658313989639282
K11_28,11,11,5,B,449904892,false,false,,0.034182848016409244,87,budget_exhausted,7.928494215011597
K11_28,11,11,5,B,1667643188,false,false,,2.4477171748024625e-05,21,budget_exhausted,4.321700096130371
K11_29,11,11,5,A,449904892,true,true,6,0.0,11,converged,0.2623329162597656
K11_29,11,11,5,A,1667643188,true,true,14,0.0,11,converged,0.3485748767852783
K11_29,11,11,5,B,128182595,false,false,,0.004847004798485311,55,budget_exhausted,5.491212844848633
K11_29,11,11,5,B,1845143962,false,false,,0.0015029883532770396,81,budget_exhausted,8.199563026428223
K11_26,11,11,5,A,128182595,false,false,,0.035298279310430086,999,budget_exhausted,77.40150618553162
K11_26,11,11,5,A,1845143962,false,false,,0.016507505951213492,935,budget_exhausted,64.92862725257874
K11_26,11,11,5,A,1683375127,false,false,,0.01807221008910711,495,budget_exhausted,22.41229009628296
K11_26,11,11,5,A,893706906,false,false,,0.16358806030512496,41,budget_exhausted,23.41515588760376
K11_29,11,11,5,B,1683375127,false,false,,0.0007798216532876177,83,budget_exhausted,7.941114187240601
K11_29,11,11,5,B,893706906,false,false,,0.0008050172715634472,69,budget_exhausted,7.602755069732666
K11_29,11,11,5,B,1753007184,false,false,,0.009432410026323725,35,budget_exhausted,5.108826160430908
K11_29,11,11,5,B,2107424273,false,false,,0.0017163185146608247,57,budget_exhausted,5.757246017456055
K11_29,11,11,5,B,418825361,false,false,,0.008911149873565252,65,budget_exhausted,7.019784927368164
K11_29,11,11,5,B,215858185,false,false,,0.0028869304782191754,89,budget_exhausted,7.885869741439819
K11_29,11,11,5,B,449904892,false,false,,0.009852339990569486,49,budget_exhausted,5.657649993896484
K11_29,11,11,5,B,1667643188,false,false,,0.00083190744503325,63,budget_exhausted,7.469523906707764
K11_26,11,11,5,A,1753007184,false,false,,0.0013096698600047593,913,budget_exhausted,37.741373777389526
K11_26,11,11,5,A,2107424273,false,false,,0.019750226836188246,1095,budget_exhausted,80.58381295204163
K11_26,11,11,5,A,418825361,false,false,,0.0231659186481252,365,budget_exhausted,31.69324493408203
K11_26,11,11,5,A,215858185,false,false,,0.04168826808334917,855,budget_exhausted,52.44101905822754
K11_26,11,11,5,A,449904892,false,false,,0.033496710399018866,1601,budget_exhausted,110.24739098548889
K11_26,11,11,5,A,1667643188,false,false,,0.005967252685385658,891,budget_exhausted,93.76445388793945
K11_26,11,11,5,B,128182595,false,false,,0.005165590360346666,67,budget_exhausted,7.761894941329956
K11_26,11,11,5,B,1845143962,false,false,,0.008709119401991792,111,budget_exhausted,8.93563199043274
K13_00,13,,6,A,128182595,false,false,,1.6020612310683218e-06,67,budget_exhausted,6.82740592956543
K13_00,13,,6,A,1845143962,false,false,,0.1340811154581346,533,budget_exhausted,32.81274604797363
K13_00,13,,6,A,1683375127,true,true,6,2.1589290612091546e-29,13,converged,0.15255284309387207
K13_00,13,,6,A,893706906,true,false,13,1.5487144227079837e-07,21,converged,0.1945803165435791
K11_29,11,11,5,A,128182595,true,true,8,0.0,11,converged,0.17921209335327148
K11_29,11,11,5,A,1845143962,false,false,,0.001092703363496907,677,budget_exhausted,31.988879919052124
K11_29,11,11,5,A,1683375127,true,true,5,0.0,11,converged,0.15470576286315918
K11_29,11,11,5,A,893706906,false,false,,0.001721900944236005,1247,budget_exhausted,74.59907412528992
K13_00,13,,6,B,1683375127,false,false,,0.6724080850910167,23,budget_exhausted,3.5148680210113525
K13_00,13,,6,B,893706906,false,false,,0.1496721591364327,63,budget_exhausted,7.877461194992065
K13_00,13,,6,B,1753007184,false,false,,0.41394814482745546,65,budget_exhausted,6.853709936141968
K13_00,13,,6,B,2107424273,false,false,,0.0032791994599042367,63,budget_exhausted,6.600637912750244
K13_00,13,,6,B,418825361,false,false,,0.6826576191237296,103,budget_exhausted,9.41750192642212
K13_00,13,,6,B,215858185,false,false,,0.015195364298137856,143,budget_exhausted,11.700345993041992
K13_00,13,,6,B,449904892,false,false,,0.010996936435795253,97,budget_exhausted,10.863264083862305
K13_00,13,,6,B,1667643188,false,false,,0.41295658222063814,55,budget_exhausted,6.568144798278809
K13_00,13,,6,A,449904892,false,false,,0.36189229653512117,207,budget_exhausted,18.270183324813843
K13_00,13,,6,A,1667643188,false,false,,0.0002747944941845766,771,budget_exhausted,37.72063493728638
K13_00,13,,6,B,128182595,false,false,,0.004418760270152825,185,budget_exhausted,14.962092876434326
K13_00,13,,6,B,1845143962,false,false,,0.00038193766054919103,99,budget_exhausted,10.115732192993164
K11_29,11,11,5,A,1753007184,false,false,,0.000471086571942416,1317,budget_exhausted,47.69117212295532
K11_29,11,11,5,A,2107424273,false,false,,0.00041326916133865496,1057,budget_exhausted,123.05219626426697
K11_29,11,11,5,A,418825361,true,true,2,0.0,11,converged,0.11033010482788086
K11_29,11,11,5,A,215858185,true,true,10,0.0,11,converged,0.2910761833190918
K13_01,13,,6,B,1683375127,false,false,,0.06935788194082171,111,budget_exhausted,10.385090112686157
K13_01,13,,6,B,893706906,false,false,,1.0054924349832013,43,budget_exhausted,7.242146730422974
K13_01,13,,6,B,1753007184,true,true,5,0.0,13,converged,0.23301196098327637
K13_01,13,,6,B,2107424273,false,false,,0.0020497434499374694,63,budget_exhausted,5.502794981002808
K13_01,13,,6,B,418825361,false,false,,0.02997140541267182,93,budget_exhausted,7.48352837562561
K13_01,13,,6,B,215858185,false,false,,0.0015167641281499443,69,budget_exhausted,7.4148547649383545
K13_01,13,,6,B,449904892,false,false,,0.001185607638548108,127,budget_exhausted,10.640442848205566
K13_01,13,,6,B,1667643188,false,false,,0.09154353641852452,85,budget_exhausted,11.203029870986938
K13_01,13,,6,A,449904892,false,false,,0.3055065861176496,811,budget_exhausted,39.53139305114746
K13_01,13,,6,A,1667643188,false,false,,1.6890962221460561e-06,43,budget_exhausted,15.07130479812622
K13_01,13,,6,B,128182595,false,false,,0.0792470261044106,105,budget_exhausted,8.729387760162354
K13_01,13,,6,B,1845143962,false,false,,0.2425232210430001,69,budget_exhausted,10.368025064468384
K13_02,13,,6,A,128182595,false,false,,5.938563600127319e-06,47,budget_exhausted,14.562084913253784
K13_02,13,,6,A,1845143962,false,false,,5.191484438257983e-06,125,budget_exhausted,4.909181833267212
K13_02,13,,6,A,1683375127,false,false,,5.780741963878834e-06,155,budget_exhausted,7.830343008041382
K13_02,13,,6,A,893706906,false,false,,4.468757061832504e-06,251,budget_exhausted,9.508423805236816
K13_02,13,,6,B,1683375127,false,false,,5.7737944719569105e-06,83,budget_exhausted,8.105017185211182
K13_02,13,,6,B,893706906,false,false,,6.394603124333836e-06,79,budget_exhausted,8.275578022003174
K13_02,13,,6,B,1753007184,false,false,,6.017285046076042e-06,57,budget_exhausted,7.806107997894287
K13_02,13,,6,B,2107424273,false,false,,6.613750929287381e-06,69,budget_exhausted,6.559484243392944
K13_02,13,,6,A,449904892,false,false,,6.1336118047286805e-06,45,budget_exhausted,6.267243146896362
K13_02,13,,6,A,1667643188,false,false,,5.443672406069313e-06,159,budget_exhausted,10.307804346084595
K13_02,13,,6,B,128182595,false,false,,1.3531329803331313e-06,83,budget_exhausted,9.700972080230713
K13_02,13,,6,B,1845143962,false,false,,7.692345723917466e-06,67,budget_exhausted,9.350700855255127
K13_02,13,,6,A,1753007184,false,false,,6.001209850416462e-06,95,budget_exhausted,14.085525035858154
K13_02,13,,6,A,2107424273,false,false,,5.198716119234647e-06,41,budget_exhausted,10.972713947296143
K13_02,13,,6,A,418825361,false,false,,1.0646318653414762e-05,235,budget_exhausted,9.436030387878418
K13_02,13,,6,A,215858185,false,false,,5.946201185733125e-06,63,budget_exhausted,7.566612005233765
K13_01,13,,6,A,128182595,true,false,21,9.741056718763916e-11,21,converged,0.28552722930908203
K13_01,13,,6,A,1845143962,false,false,,0.0012577521402010487,241,budget_exhausted,25.604701042175293
K13_01,13,,6,A,1683375127,false,false,,0.09594302450400806,737,budget_exhausted,35.953365087509155
K13_01,13,,6,A,893706906,false,false,,0.7880860781964071,1549,budget_exhausted,108.26310086250305
K13_02,13,,6,B,418825361,false,false,,6.470127174976881e-06,87,budget_exhausted,10.120705127716064
K13_02,13,,6,B,215858185,false,false,,5.344866400671792e-06,127,budget_exhausted,12.759315967559814
K13_02,13,,6,B,449904892,false,false,,6.915304688056554e-06,43,budget_exhausted,6.159139156341553
K13_02,13,,6,B,1667643188,false,false,,5.9972151723646235e-06,65,budget_exhausted,8.04645586013794
K13_00,13,,6,A,1753007184,true,true,24,2.1589290612091546e-29,13,converged,0.4081850051879883
K13_00,13,,6,A,2107424273,false,false,,0.14927972712208004,591,budget_exhausted,42.28748798370361
K13_00,13,,6,A,418825361,false,false,,0.03268045487843631,1015,budget_exhausted,101.05480790138245
K13_00,13,,6,A,215858185,false,false,,0.1148542780256304,1273,budget_exhausted,67.07429814338684
K13_03,13,,6,B,1683375127,false,false,,0.09881286361422134,55,budget_exhausted,7.264264345169067
K13_03,13,,6,B,893706906,false,false,,0.0018082579910131786,89,budget_exhausted,9.972856998443604
K13_03,13,,6,B,1753007184,false,false,,0.05392620007144837,43,budget_exhausted,5.6311399936676025
K13_03,13,,6,B,2107424273,false,false,,0.024779871003210396,49,budget_exhausted,6.2132251262664795
K13_03,13,,6,B,418825361,false,false,,0.021582684788490902,121,budget_exhausted,9.588000059127808
K13_03,13,,6,B,215858185,false,false,,0.07164945401260667,63,budget_exhausted,5.797353029251099
K13_03,13,,6,B,449904892,false,false,,0.047551790610989825,49,budget_exhausted,5.375609874725342
K13_03,13,,6,B,1667643188,false,false,,0.0037492710317707048,91,budget_exhausted,9.065435886383057
K13_01,13,,6,A,1753007184,false,false,,0.015219047741106587,849,budget_exhausted,42.5773389339447
K13_01,13,,6,A,2107424273,false,false,,0.005884979728782267,551,budget_exhausted,70.17215466499329
K13_01,13,,6,A,418825361,false,false,,0.0009121324675667036,257,budget_exhausted,18.08070707321167
K13_01,13,,6,A,215858185,false,false,,0.002190835536345397,751,budget_exhausted,64.01860213279724
K13_04,13,,6,A,1753007184,false,false,,0.012223397948177804,519,budget_exhausted,31.78904104232788
K13_04,13,,6,A,2107424273,false,false,,1.4654857819737048e-06,99,budget_exhausted,11.915141820907593
K13_04,13,,6,A,418825361,true,true,14,0.0,13,converged,0.24781394004821777
K13_04,13,,6,A,215858185,true,true,13,0.0,13,converged,0.2540128231048584
K13_04,13,,6,A,449904892,false,false,,0.046009005575053954,113,budget_exhausted,46.75536513328552
K13_04,13,,6,A,1667643188,false,false,,0.1566044390916189,41,budget_exhausted,14.394362211227417
K13_04,13,,6,B,128182595,false,false,,0.024145516507954386,51,budget_exhausted,5.068977117538452
K13_04,13,,6,B,1845143962,false,false,,0.012463590426000593,31,budget_exhausted,4.304049015045166
K13_04,13,,6,B,1683375127,false,false,,0.027846667450113903,69,budget_exhausted,7.37569785118103
K13_04,13,,6,B,893706906,false,false,,0.0016821168584870184,81,budget_exhausted,7.38250207901001
K13_04,13,,6,B,1753007184,false,false,,0.018005016939796708,53,budget_exhausted,6.228567123413086
K13_04,13,,6,B,2107424273,false,false,,0.005905000498272325,93,budget_exhausted,8.98453402519226
K13_03,13,,6,A,449904892,false,false,,0.06410909381231113,839,budget_exhausted,65.78639888763428
K13_03,13,,6,A,1667643188,false,false,,0.10033139714259474,635,budget_exhausted,41.19638705253601
K13_03,13,,6,B,128182595,false,false,,0.07638665606959497,53,budget_exhausted,6.195410966873169
K13_03,13,,6,B,1845143962,false,false,,0.0968589500124633,59,budget_exhausted,4.8450281620025635
K13_04,13,,6,A,128182595,false,false,,0.022362315892006983,157,budget_exhausted,25.664794206619263
K13_04,13,,6,A,1845143962,false,false,,0.07741848281136295,353,budget_exhausted,31.734734058380127
K13_04,13,,6,A,1683375127,false,false,,0.00219837620336709,289,budget_exhausted,19.078076124191284
K13_04,13,,6,A,893706906,false,false,,0.007125560487827585,253,budget_exhausted,19.051378965377808
K13_04,13,,6,B,418825361,false,false,,0.025432837864619084,57,budget_exhausted,6.393385887145996
K13_04,13,,6,B,215858185,false,false,,0.0008966053621461637,75,budget_exhausted,7.106742858886719
K13_04,13,,6,B,449904892,false,false,,0.054568275502730405,35,budget_exhausted,5.263066053390503
K13_04,13,,6,B,1667643188,false,false,,4.529804922928865e-06,49,budget_exhausted,6.038163900375366
K13_05,13,,6,B,1683375127,false,false,,3.9100752543044366,101,budget_exhausted,9.04816198348999
K13_05,13,,6,B,893706906,false,false,,0.06176428900115067,119,budget_exhausted,11.666736841201782
K13_05,13,,6,B,1753007184,false,false,,0.0006885944647769498,151,budget_exhausted,15.736007928848267
K13_05,13,,6,B,2107424273,false,false,,1.4222168943412314,77,budget_exhausted,8.58467698097229
K13_03,13,,6,A,1753007184,false,false,,0.0016429266201444706,749,budget_exhausted,73.96605682373047
K13_03,13,,6,A,2107424273,false,false,,0.03673504498872288,295,budget_exhausted,53.32548499107361
K13_03,13,,6,A,418825361,false,false,,7.776708712314508e-06,91,budget_exhausted,27.705021142959595
K13_03,13,,6,A,215858185,false,false,,0.047505601378714964,609,budget_exhausted,58.60852098464966
K13_03,13,,6,A,128182595,false,false,,0.010837182778647432,241,budget_exhausted,91.08657598495483
K13_03,13,,6,A,1845143962,false,false,,0.338168554416001,1133,budget_exhausted,75.78116393089294
K13_03,13,,6,A,1683375127,false,false,,0.08764103043659531,1097,budget_exhausted,60.70296025276184
K13_03,13,,6,A,893706906,true,true,14,0.0,13,converged,0.2695579528808594
K13_05,13,,6,A,128182595,false,false,,0.0008352423198402419,1571,budget_exhausted,27.965084075927734
K13_05,13,,6,A,1845143962,false,false,,0.10291997279882681,727,budget_exhausted,42.062180042266846
K13_05,13,,6,A,1683375127,false,false,,1.2329503971007698,389,budget_exhausted,12.528338193893433
K13_05,13,,6,A,893706906,false,false,,0.24327534814900315,1207,budget_exhausted,36.90371298789978
K13_05,13,,6,B,418825361,false,false,,0.00018968398185895556,87,budget_exhausted,11.133372068405151
K13_05,13,,6,B,215858185,false,false,,0.004343259749472545,123,budget_exhausted,11.9742910861969
K13_05,13,,6,B,449904892,false,false,,0.00010917110969385727,181,budget_exhausted,17.335620880126953
K13_05,13,,6,B,1667643188,false,false,,1.620998373001132,153,budget_exhausted,10.448088645935059
K13_06,13,,6,A,449904892,false,false,,1.2967590272437133,1,budget_exhausted,0.6912720203399658
K13_06,13,,6,A,1667643188,false,false,,1.2967590272437133,1,budget_exhausted,0.7154748439788818
K13_06,13,,6,B,128182595,false,false,,8.034058787235947e-06,51,budget_exhausted,6.116214036941528
K13_06,13,,6,B,1845143962,false,false,,0.9108814784506828,111,budget_exhausted,9.931827068328857
K13_06,13,,6,A,128182595,false,false,,1.2967590272437133,1,budget_exhausted,0.6617350578308105
K13_06,13,,6,A,1845143962,false,false,,1.2967590272437133,1,budget_exhausted,0.6585941314697266
K13_06,13,,6,A,1683375127,false,false,,1.2967590272437133,1,budget_exhausted,0.64422607421875
K13_06,13,,6,A,893706906,false,false,,0.0010441787682833866,1997,budget_exhausted,65.06870722770691
K13_06,13,,6,B,1683375127,false,false,,9.019103165928836e-06,29,budget_exhausted,5.098016977310181
K13_06,13,,6,B,893706906,false,false,,0.0047726363155810025,85,budget_exhausted,8.158889055252075
K13_06,13,,6,B,1753007184,false,false,,0.1476350333545631,63,budget_exhausted,7.347723007202148
K13_06,13,,6,B,2107424273,false,false,,0.08212824872748362,39,budget_exhausted,4.805461883544922
K13_05,13,,6,A,449904892,false,false,,0.00020671838478727577,1505,budget_exhausted,69.87194395065308
K13_05,13,,6,A,1667643188,false,false,,2.133464538064848,1051,budget_exhausted,51.499436140060425
K13_05,13,,6,B,128182595,false,false,,3.909318380323523,91,budget_exhausted,9.081520795822144
K13_05,13,,6,B,1845143962,false,false,,3.9060860519049823,95,budget_exhausted,9.053615808486938
K13_06,13,,6,B,418825361,false,false,,7.931764468178341e-06,49,budget_exhausted,4.6004979610443115
K13_06,13,,6,B,215858185,false,false,,7.297703344229737e-05,41,budget_exhausted,6.028172969818115
K13_06,13,,6,B,449904892,false,false,,0.021278517767569265,93,budget_exhausted,9.593541145324707
K13_06,13,,6,B,1667643188,false,false,,1.0975451956547218,101,budget_exhausted,8.477163076400757
K13_05,13,,6,A,1753007184,false,false,,3.912589170517871,661,budget_exhausted,29.19162678718567
K13_05,13,,6,A,2107424273,false,false,,3.900299507730733,829,budget_exhausted,42.96332001686096
K13_05,13,,6,A,418825361,false,false,,3.801090071305664,1223,budget_exhausted,67.30809783935547
K13_05,13,,6,A,215858185,false,false,,0.004194943026631281,1525,budget_exhausted,49.231866121292114
K13_06,13,,6,A,1753007184,false,false,,1.0972330198430893,1131,budget_exhausted,75.08428978919983
K13_06,13,,6,A,2107424273,false,false,,1.2967590272437133,1,budget_exhausted,0.6541142463684082
K13_06,13,,6,A,418825361,false,false,,0.3833463277921525,165,budget_exhausted,29.191280841827393
K13_06,13,,6,A,215858185,false,false,,1.2967590272437133,1,budget_exhausted,0.6913468837738037
K13_08,13,,6,A,128182595,false,false,,8.054912481895363e-06,179,budget_exhausted,4.740073919296265
K13_08,13,,6,A,1845143962,false,false,,0.00016987595733281762,5,budget_exhausted,1.0546631813049316
K13_08,13,,6,A,1683375127,false,false,,0.00016987595733281762,5,budget_exhausted,1.0833230018615723
K13_08,13,,6,A,893706906,false,false,,0.00016788376372856663,87,budget_exhausted,2.3323729038238525
K13_07,13,,6,B,1683375127,false,false,,0.04355621832669526,85,budget_exhausted,8.422851085662842
K13_07,13,,6,B,893706906,false,false,,0.02847237119889289,73,budget_exhausted,10.06264877319336
K13_07,13,,6,B,1753007184,false,false,,0.3709194386132396,111,budget_exhausted,10.138861894607544
K13_07,13,,6,B,2107424273,false,false,,0.27345941976302784,111,budget_exhausted,10.71289610862732
K13_07,13,,6,B,418825361,false,false,,0.003093588440263793,39,budget_exhausted,5.699434995651245
K13_07,13,,6,B,215858185,false,false,,0.11832958241826953,109,budget_exhausted,10.43092393875122
K13_07,13,,6,B,449904892,false,false,,0.17686604632202266,111,budget_exhausted,11.253423690795898
K13_07,13,,6,B,1667643188,false,false,,0.11844758119709556,121,budget_exhausted,10.791537761688232
K13_08,13,,6,A,449904892,false,false,,6.608049729813655e-06,105,budget_exhausted,7.78033185005188
K13_08,13,,6,A,1667643188,false,false,,0.00016918666195495915,37,budget_exhausted,1.7081270217895508
K13_08,13,,6,B,128182595,false,false,,3.6430648489713604e-05,93,budget_exhausted,9.411596059799194
K13_08,13,,6,B,1845143962,false,false,,6.738954356002337e-06,35,budget_exhausted,6.548877000808716
K13_08,13,,6,A,1753007184,false,false,,7.559568999729521e-06,45,budget_exhausted,15.119729995727539
K13_08,13,,6,A,2107424273,false,false,,7.399149156201533e-06,61,budget_exhausted,2.7986559867858887
K13_08,13,,6,A,418825361,false,false,,9.834226381471648e-06,37,budget_exhausted,8.200117826461792
K13_08,13,,6,A,215858185,false,false,,1.0389155886608592e-05,57,budget_exhausted,8.825895071029663
K13_08,13,,6,B,1683375127,false,false,,0.00016987595733281762,5,budget_exhausted,5.352323770523071
K13_08,13,,6,B,893706906,false,false,,0.00016987595733281762,5,budget_exhausted,4.232816219329834
K13_08,13,,6,B,1753007184,false,false,,0.00016855060786514792,47,budget_exhausted,5.6396238803863525
K13_08,13,,6,B,2107424273,false,false,,9.854479140593095e-05,69,budget_exhausted,7.39406681060791
K13_08,13,,6,B,418825361,false,false,,0.00016628123835214155,69,budget_exhausted,6.419681072235107
K13_08,13,,6,B,215858185,false,false,,3.980608523467977e-05,59,budget_exhausted,5.906887769699097
K13_08,13,,6,B,449904892,false,false,,0.00016622964393775663,67,budget_exhausted,6.323134183883667
K13_08,13,,6,B,1667643188,false,false,,0.00016987595733281762,5,budget_exhausted,7.6890549659729
K13_07,13,,6,A,1753007184,false,false,,0.7249240764890574,299,budget_exhausted,21.203864097595215
K13_07,13,,6,A,2107424273,false,false,,0.05546516732996008,529,budget_exhausted,35.98801803588867
K13_07,13,,6,A,418825361,false,false,,0.7994578918507566,457,budget_exhausted,43.04743218421936
K13_07,13,,6,A,215858185,false,false,,0.22831117680985083,1049,budget_exhausted,20.395195960998535
K13_07,13,,6,A,449904892,false,false,,1.1550919100230685,245,budget_exhausted,49.45892882347107
K13_07,13,,6,A,1667643188,false,false,,0.9845518623065138,153,budget_exhausted,68.1390118598938
K13_07,13,,6,B,128182595,false,false,,0.00032549661621665056,25,budget_exhausted,4.874294996261597
K13_07,13,,6,B,1845143962,false,false,,0.1940380249847977,87,budget_exhausted,9.203351020812988
K13_09,13,,6,B,1683375127,false,false,,0.013917826554221226,87,budget_exhausted,9.085985898971558
K13_09,13,,6,B,893706906,false,false,,0.053641936725745076,137,budget_exhausted,12.605616092681885
K13_09,13,,6,B,1753007184,false,false,,9.959448848868685e-05,89,budget_exhausted,8.382714748382568
K13_09,13,,6,B,2107424273,false,false,,1.2354101836800202e-05,85,budget_exhausted,6.418493270874023
K13_09,13,,6,B,418825361,false,false,,0.02854913031203504,125,budget_exhausted,12.316231966018677
K13_09,13,,6,B,215858185,false,false,,0.05863068556889763,101,budget_exhausted,9.148717164993286
K13_09,13,,6,B,449904892,false,false,,0.1577303505799229,95,budget_exhausted,8.817919969558716
K13_09,13,,6,B,1667643188,false,false,,9.093872972900394e-06,63,budget_exhausted,6.726842164993286
K13_09,13,,6,A,449904892,false,false,,0.0462283632172206,777,budget_exhausted,42.382400035858154
K13_09,13,,6,A,1667643188,false,false,,0.052909904686979585,417,budget_exhausted,25.481250047683716
K13_09,13,,6,B,128182595,false,false,,8.092657403779808e-06,79,budget_exhausted,7.668113946914673
K13_09,13,,6,B,1845143962,false,false,,0.002897818550900329,119,budget_exhausted,9.861674070358276
K13_07,13,,6,A,128182595,false,false,,0.04208240551040121,211,budget_exhausted,20.859143257141113
K13_07,13,,6,A,1845143962,false,false,,0.03718167277851723,1353,budget_exhausted,131.70694398880005
K13_07,13,,6,A,1683375127,false,false,,0.5154554334436203,475,budget_exhausted,21.234852075576782
K13_07,13,,6,A,893706906,false,false,,0.7231982561693427,737,budget_exhausted,33.81523871421814
K13_10,13,,6,B,1683375127,false,false,,0.0029944443249973925,55,budget_exhausted,6.638168096542358
K13_10,13,,6,B,893706906,false,false,,0.12163369721297752,71,budget_exhausted,8.886149168014526
K13_10,13,,6,B,1753007184,false,false,,0.2400859699924856,129,budget_exhausted,10.860539197921753
K13_10,13,,6,B,2107424273,false,false,,0.14982132861300435,31,budget_exhausted,7.765489101409912
K13_09,13,,6,A,128182595,false,false,,0.0695852805830316,1075,budget_exhausted,64.49338006973267
K13_09,13,,6,A,1845143962,false,false,,7.2702077763790325e-06,63,budget_exhausted,12.083060026168823
K13_09,13,,6,A,1683375127,false,false,,0.04905988939088151,599,budget_exhausted,47.30550813674927
K13_09,13,,6,A,893706906,false,false,,0.05034398749505117,673,budget_exhausted,37.70898914337158
K13_10,13,,6,A,128182595,false,false,,0.15055098574102477,85,budget_exhausted,11.634290933609009
K13_10,13,,6,A,1845143962,true,true,8,0.0,13,converged,0.20669889450073242
K13_10,13,,6,A,1683375127,false,false,,0.15313292435293713,715,budget_exhausted,50.39775204658508
K13_10,13,,6,A,893706906,false,false,,0.0003469656212771475,825,budget_exhausted,40.355839252471924
K13_09,13,,6,A,1753007184,false,false,,0.21384354004130027,653,budget_exhausted,36.41194486618042
K13_09,13,,6,A,2107424273,false,false,,0.0036153560817695223,1217,budget_exhausted,41.75074911117554
K13_09,13,,6,A,418825361,false,false,,0.07863049833154508,571,budget_exhausted,21.566890001296997
K13_09,13,,6,A,215858185,false,false,,0.059102079646789006,273,budget_exhausted,57.71086502075195
K13_10,13,,6,B,418825361,false,false,,0.04911530409024435,93,budget_exhausted,10.849573850631714
K13_10,13,,6,B,215858185,false,false,,0.12175851617517501,71,budget_exhausted,8.040201902389526
K13_10,13,,6,B,449904892,false,false,,0.14999029048702783,29,budget_exhausted,6.43378210067749
K13_10,13,,6,B,1667643188,false,false,,0.11965237711038838,89,budget_exhausted,7.820077896118164
K13_10,13,,6,A,449904892,false,false,,0.037182069791749005,629,budget_exhausted,31.782734155654907
K13_10,13,,6,A,1667643188,false,false,,0.17890758862129025,489,budget_exhausted,30.971101999282837
K13_10,13,,6,B,128182595,false,false,,0.03796221648793978,131,budget_exhausted,9.733031034469604
K13_10,13,,6,B,1845143962,false,false,,0.23601784551385221,107,budget_exhausted,10.23607611656189
K13_11,13,,6,B,1683375127,false,false,,0.029142483085423776,81,budget_exhausted,7.27680516242981
K13_11,13,,6,B,893706906,false,false,,0.008231714083121957,85,budget_exhausted,7.836325168609619
K13_11,13,,6,B,1753007184,false,false,,0.06700417566639218,93,budget_exhausted,7.939598083496094
K13_11,13,,6,B,2107424273,true,true,65,0.0,13,converged,2.2773447036743164
K13_11,13,,6,B,418825361,false,false,,0.25290969380854694,71,budget_exhausted,7.10617208480835
K13_11,13,,6,B,215858185,false,false,,0.06604842153118844,85,budget_exhausted,7.718086004257202
K13_11,13,,6,B,449904892,false,false,,0.04006652839338437,25,budget_exhausted,7.032444715499878
K13_11,13,,6,B,1667643188,true,true,54,0.0,13,converged,2.041141986846924
K13_10,13,,6,A,1753007184,false,false,,0.2272500790036318,1003,budget_exhausted,42.049647092819214
K13_10,13,,6,A,2107424273,false,false,,0.16243867833043532,85,budget_exhausted,26.785653114318848
K13_10,13,,6,A,418825361,false,false,,0.06052112179688255,1029,budget_exhausted,39.76437211036682
K13_10,13,,6,A,215858185,false,false,,0.05447389182057302,1385,budget_exhausted,60.343937158584595
K13_11,13,,6,A,128182595,true,true,46,0.0,13,converged,0.6334679126739502
K13_11,13,,6,A,1845143962,false,false,,0.004928256341068558,1247,budget_exhausted,90.68738102912903
K13_11,13,,6,A,1683375127,false,false,,0.0009316266221965163,147,budget_exhausted,7.237355947494507
K13_11,13,,6,A,893706906,true,true,37,0.0,13,converged,0.6135337352752686
K13_12,13,,6,B,1683375127,false,false,,0.000154048652275685,109,budget_exhausted,11.694508790969849
K13_12,13,,6,B,893706906,false,false,,0.003563967510632786,105,budget_exhausted,10.712066888809204
K13_12,13,,6,B,1753007184,false,false,,0.00020782416543962802,53,budget_exhausted,5.651390314102173
K13_12,13,,6,B,2107424273,false,false,,0.0006628695111316503,25,budget_exhausted,3.743584156036377
K13_11,13,,6,A,449904892,true,true,10,0.0,13,converged,0.19055485725402832
K13_11,13,,6,A,1667643188,false,false,,0.001142185014804207,1141,budget_exhausted,110.68023777008057
K13_11,13,,6,B,128182595,false,false,,0.01208885563503769,49,budget_exhausted,4.94711709022522
K13_11,13,,6,B,1845143962,false,false,,0.0057733308156413185,47,budget_exhausted,5.4497058391571045
K13_13,13,,6,A,128182595,false,false,,0.00012282456913500855,3,budget_exhausted,0.9049439430236816
K13_13,13,,6,A,1845143962,false,false,,5.393459136854547e-06,25,budget_exhausted,2.4590489864349365
K13_13,13,,6,A,1683375127,false,false,,5.017736317831421e-06,49,budget_exhausted,5.322376012802124
K13_13,13,,6,A,893706906,false,false,,7.026567145718933e-06,283,budget_exhausted,28.57670783996582
K13_12,13,,6,B,418825361,false,false,,9.894482930710191e-06,49,budget_exhausted,6.590800762176514
K13_12,13,,6,B,215858185,false,false,,0.030931511959584268,109,budget_exhausted,10.83024001121521
K13_12,13,,6,B,449904892,false,false,,3.0649676160331194e-05,197,budget_exhausted,20.750616788864136
K13_12,13,,6,B,1667643188,false,false,,0.000906275929006055,93,budget_exhausted,12.17428183555603
K13_13,13,,6,A,449904892,false,false,,9.151490546045524e-06,17,budget_exhausted,0.8318819999694824
K13_13,13,,6,A,1667643188,false,false,,5.178556774078232e-06,51,budget_exhausted,1.9750380516052246
K13_13,13,,6,B,128182595,false,false,,0.00012282456913500855,3,budget_exhausted,5.184422016143799
K13_13,13,,6,B,1845143962,false,false,,9.996569664428333e-06,69,budget_exhausted,7.2886388301849365
K13_12,13,,6,A,449904892,false,false,,6.748899458582936e-05,853,budget_exhausted,45.51549172401428
K13_12,13,,6,A,1667643188,false,false,,0.0014210365929709001,1359,budget_exhausted,53.17980694770813
K13_12,13,,6,B,128182595,false,false,,4.067876721312532e-06,37,budget_exhausted,5.135388374328613
K13_12,13,,6,B,1845143962,false,false,,0.0039807145064447895,95,budget_exhausted,9.598146200180054
K13_13,13,,6,A,1753007184,false,false,,0.00012282456913500855,3,budget_exhausted,0.88112473487854
K13_13,13,,6,A,2107424273,false,false,,3.280339146562798e-05,589,budget_exhausted,21.712735891342163
K13_13,13,,6,A,418825361,false,false,,6.218110805366186e-06,15,budget_exhausted,1.2006661891937256
K13_13,13,,6,A,215858185,false,false,,3.5776236410430116e-05,493,budget_exhausted,18.240365028381348
K13_12,13,,6,A,1753007184,false,false,,0.00014781465929163102,467,budget_exhausted,38.72481417655945
K13_12,13,,6,A,2107424273,false,false,,0.00048386014293304644,573,budget_exhausted,33.82576012611389
K13_12,13,,6,A,418825361,false,false,,0.0005632547418863046,1247,budget_exhausted,80.38972020149231
K13_12,13,,6,A,215858185,false,false,,5.7250282544370566e-05,143,budget_exhausted,14.090718984603882
K13_13,13,,6,B,1683375127,false,false,,5.494230352623707e-06,59,budget_exhausted,6.33457088470459
K13_13,13,,6,B,893706906,false,false,,8.545754784942277e-06,77,budget_exhausted,7.462814092636108
K13_13,13,,6,B,1753007184,false,false,,2.001232162452421e-05,59,budget_exhausted,5.847306966781616
K13_13,13,,6,B,2107424273,false,false,,5.178630152434089e-06,31,budget_exhausted,8.887527227401733
K13_13,13,,6,B,418825361,false,false,,0.00012282456913500855,3,budget_exhausted,8.035392999649048
K13_13,13,,6,B,215858185,false,false,,0.00012282456913500855,3,budget_exhausted,6.731600046157837
K13_13,13,,6,B,449904892,false,false,,6.639624047676704e-06,45,budget_exhausted,6.3744797706604
K13_13,13,,6,B,1667643188,false,false,,5.178556774078232e-06,31,budget_exhausted,5.218225955963135
K13_12,13,,6,A,128182595,false,false,,6.872303802392542e-06,343,budget_exhausted,21.26944589614868
K13_12,13,,6,A,1845143962,false,false,,6.6987535131820235e-06,127,budget_exhausted,16.710476636886597
K13_12,13,,6,A,1683375127,false,false,,0.0006666516026181992,1737,budget_exhausted,136.3898630142212
K13_12,13,,6,A,893706906,false,false,,1.4028496815323881e-05,479,budget_exhausted,32.32347917556763
K13_11,13,,6,A,1753007184,false,false,,0.051915805662726834,1017,budget_exhausted,94.8123037815094
K13_11,13,,6,A,2107424273,false,false,,0.0013592544893279198,805,budget_exhausted,88.63528108596802
K13_11,13,,6,A,418825361,true,true,7,0.0,13,converged,0.14056396484375
K13_11,13,,6,A,215858185,false,false,,0.06765780663171891,667,budget_exhausted,66.75241279602051
K13_14,13,,6,B,1683375127,false,false,,0.021997712270077685,83,budget_exhausted,7.964069128036499
K13_14,13,,6,B,893706906,false,false,,0.08059187914216515,75,budget_exhausted,6.7934699058532715
K13_14,13,,6,B,1753007184,false,false,,0.012269930104900965,49,budget_exhausted,5.878451824188232
K13_14,13,,6,B,2107424273,false,false,,0.005698392731636796,113,budget_exhausted,10.44110894203186
K13_14,13,,6,B,418825361,false,false,,0.000654484329742364,57,budget_exhausted,6.172109127044678
K13_14,13,,6,B,215858185,false,false,,0.09455052341488229,63,budget_exhausted,7.811668872833252
K13_14,13,,6,B,449904892,false,false,,0.05695667007819222,187,budget_exhausted,17.48587417602539
K13_14,13,,6,B,1667643188,false,false,,0.07165494740195422,127,budget_exhausted,11.081354141235352
K13_14,13,,6,A,128182595,false,false,,0.02404452278082296,171,budget_exhausted,11.344696998596191
K13_14,13,,6,A,1845143962,false,false,,0.06603852331092695,311,budget_exhausted,40.7874960899353
K13_14,13,,6,A,1683375127,false,false,,0.00325218004811388,269,budget_exhausted,72.80496597290039
K13_14,13,,6,A,893706906,false,false,,0.004276658294531159,1639,budget_exhausted,84.60162901878357
K13_15,13,,6,A,449904892,false,false,,0.14672950869083845,463,budget_exhausted,34.8455708026886
K13_15,13,,6,A,1667643188,false,false,,0.15943149244559612,1199,budget_exhausted,75.95860600471497
K13_15,13,,6,B,128182595,false,false,,0.13190415114858847,83,budget_exhausted,7.527825832366943
K13_15,13,,6,B,1845143962,false,false,,0.046833050284125564,95,budget_exhausted,8.592912912368774
K13_14,13,,6,A,449904892,false,false,,0.051684293203240944,1727,budget_exhausted,101.27564287185669
K13_14,13,,6,A,1667643188,false,false,,0.029973254694659595,1355,budget_exhausted,85.35281300544739
K13_14,13,,6,B,128182595,false,false,,0.005166715629830492,81,budget_exhausted,7.569104909896851
K13_14,13,,6,B,1845143962,false,false,,0.0010522240425199756,107,budget_exhausted,9.039010047912598
K13_14,13,,6,A,1753007184,false,false,,0.021505408412161548,1901,budget_exhausted,67.42209887504578
K13_14,13,,6,A,2107424273,false,false,,0.08773683986499825,61,budget_exhausted,8.454832077026367
K13_14,13,,6,A,418825361,false,false,,0.003195638922869355,1477,budget_exhausted,118.13497972488403
K13_14,13,,6,A,215858185,false,false,,0.05650092552640765,451,budget_exhausted,18.82796812057495
K13_15,13,,6,B,1683375127,false,false,,0.0029802198894784034,61,budget_exhausted,6.116972923278809
K13_15,13,,6,B,893706906,false,false,,0.2677867931521955,49,budget_exhausted,6.917708158493042
K13_15,13,,6,B,1753007184,false,false,,0.18991322759393486,97,budget_exhausted,8.563693046569824
K13_15,13,,6,B,2107424273,false,false,,0.026513585584606064,73,budget_exhausted,7.542053699493408
K13_15,13,,6,B,418825361,false,false,,0.057101156170871414,93,budget_exhausted,9.274542093276978
K13_15,13,,6,B,215858185,false,false,,0.18613318069232995,63,budget_exhausted,6.162999868392944
K13_15,13,,6,B,449904892,false,false,,0.06181208685208665,53,budget_exhausted,5.697331190109253
K13_15,13,,6,B,1667643188,false,false,,0.03715312105640207,53,budget_exhausted,10.607493877410889
K13_16,13,,6,B,1683375127,false,false,,0.0025146880621358396,33,budget_exhausted,4.098645925521851
K13_16,13,,6,B,893706906,false,false,,0.22370957124092689,71,budget_exhausted,6.8802409172058105
K13_16,13,,6,B,1753007184,false,false,,0.028191912174564727,119,budget_exhausted,10.056473970413208
K13_16,13,,6,B,2107424273,false,false,,0.014243020425728142,41,budget_exhausted,4.8968589305877686
K13_16,13,,6,B,418825361,false,false,,0.04829465222646963,53,budget_exhausted,5.402133941650391
K13_16,13,,6,B,215858185,false,false,,0.014176115497812173,97,budget_exhausted,9.168933153152466
K13_16,13,,6,B,449904892,false,false,,0.15003091157147824,37,budget_exhausted,4.683035135269165
K13_16,13,,6,B,1667643188,false,false,,0.0014303416163033039,69,budget_exhausted,6.907651901245117
K13_15,13,,6,A,1753007184,false,false,,0.24320844184660476,345,budget_exhausted,48.89213991165161
K13_15,13,,6,A,2107424273,false,false,,0.4466481123316399,643,budget_exhausted,87.70838022232056
K13_15,13,,6,A,418825361,false,false,,0.0240382605060595,1723,budget_exhausted,82.76153779029846
K13_15,13,,6,A,215858185,false,false,,0.05339992337700696,527,budget_exhausted,26.61989974975586
K13_16,13,,6,A,1753007184,false,false,,0.21372034829548686,649,budget_exhausted,30.896784782409668
K13_16,13,,6,A,2107424273,false,false,,0.10165781534492734,1449,budget_exhausted,52.49371290206909
K13_16,13,,6,A,418825361,false,false,,22.27597259531566,533,budget_exhausted,28.099204063415527
K13_16,13,,6,A,215858185,false,false,,7.342878731760812,597,budget_exhausted,29.294946908950806
K13_15,13,,6,A,128182595,false,false,,0.027795059094898333,401,budget_exhausted,30.830894231796265
K13_15,13,,6,A,1845143962,false,false,,0.11646679542157008,1751,budget_exhausted,91.61870121955872
K13_15,13,,6,A,1683375127,false,false,,0.04575978596123852,1127,budget_exhausted,95.58346009254456
K13_15,13,,6,A,893706906,false,false,,0.017262292971387223,1243,budget_exhausted,113.51880598068237
K13_16,13,,6,A,449904892,false,false,,0.011991481122078193,1529,budget_exhausted,106.63702082633972
K13_16,13,,6,A,1667643188,false,false,,0.011687793126193238,443,budget_exhausted,51.06664180755615
K13_16,13,,6,B,128182595,false,false,,0.11052853569379348,55,budget_exhausted,5.8664021492004395
K13_16,13,,6,B,1845143962,false,false,,0.05932832055497655,37,budget_exhausted,6.592663049697876
K13_17,13,,6,B,1683375127,false,false,,0.00030093454312564915,89,budget_exhausted,7.501990795135498
K13_17,13,,6,B,893706906,false,false,,0.02049387559475763,63,budget_exhausted,6.693255186080933
K13_17,13,,6,B,1753007184,false,false,,0.07182379506714028,141,budget_exhausted,11.564530849456787
K13_17,13,,6,B,2107424273,false,false,,0.04591888848356348,141,budget_exhausted,13.831913948059082
K13_16,13,,6,A,128182595,false,false,,0.09257407635631272,215,budget_exhausted,16.310322999954224
K13_16,13,,6,A,1845143962,false,false,,1.3596503295486255,1379,budget_exhausted,62.83787298202515
K13_16,13,,6,A,1683375127,false,false,,0.9595505574682731,873,budget_exhausted,81.69203114509583
K13_16,13,,6,A,893706906,false,false,,0.17914137138763644,933,budget_exhausted,51.60251593589783
K13_17,13,,6,B,418825361,false,false,,0.04842437071578194,69,budget_exhausted,6.441557884216309
K13_17,13,,6,B,215858185,false,false,,0.04741139214141114,125,budget_exhausted,8.645927906036377
K13_17,13,,6,B,449904892,false,false,,0.038897213997225795,125,budget_exhausted,11.214470863342285
K13_17,13,,6,B,1667643188,false,false,,0.00025073493878846555,13,budget_exhausted,5.854134798049927
K13_17,13,,6,A,449904892,false,false,,0.030005887573883793,511,budget_exhausted,35.499361991882324
K13_17,13,,6,A,1667643188,false,false,,0.07251622351910761,355,budget_exhausted,60.65611529350281
K13_17,13,,6,B,128182595,false,false,,0.001521720192229369,183,budget_exhausted,15.826681852340698
K13_17,13,,6,B,1845143962,false,false,,0.029285561234190682,113,budget_exhausted,10.262537956237793
K13_17,13,,6,A,1753007184,false,false,,0.0005289816265829856,1017,budget_exhausted,40.13724207878113
K13_17,13,,6,A,2107424273,false,false,,0.06037427210745187,37,budget_exhausted,14.291906833648682
K13_17,13,,6,A,418825361,false,false,,0.029505824006375688,1341,budget_exhausted,81.00294876098633
K13_17,13,,6,A,215858185,false,false,,0.000812872461788784,863,budget_exhausted,51.08741116523743
K13_17,13,,6,A,128182595,false,false,,0.03452525018236381,553,budget_exhausted,67.02740788459778
K13_17,13,,6,A,1845143962,false,false,,0.030773988288261847,327,budget_exhausted,66.48506808280945
K13_17,13,,6,A,1683375127,false,false,,7.087381976960884e-06,71,budget_exhausted,8.817639112472534
K13_17,13,,6,A,893706906,false,false,,0.32224187512229474,945,budget_exhausted,60.77960705757141
K13_18,13,,6,A,449904892,false,false,,0.00039056625225695427,125,budget_exhausted,28.846230030059814
K13_18,13,,6,A,1667643188,false,false,,0.0002211803214654368,1363,budget_exhausted,19.114497900009155
K13_18,13,,6,B,128182595,false,false,,2.8766887749598258e-05,57,budget_exhausted,6.248719930648804
K13_18,13,,6,B,1845143962,false,false,,6.553107707584425e-06,37,budget_exhausted,5.143893003463745
K13_18,13,,6,B,1683375127,false,false,,0.0003905880976154587,23,budget_exhausted,3.087739944458008
K13_18,13,,6,B,893706906,false,false,,0.00017881956306699728,37,budget_exhausted,4.595155954360962
K13_18,13,,6,B,1753007184,false,false,,5.211156452803203e-05,99,budget_exhausted,8.66845417022705
K13_18,13,,6,B,2107424273,false,false,,9.446721373536645e-06,79,budget_exhausted,7.5039589405059814
K13_18,13,,6,A,1753007184,false,false,,0.00018801931633825856,735,budget_exhausted,32.71394395828247
K13_18,13,,6,A,2107424273,true,false,4,1.04416595990583e-10,15,converged,0.14603376388549805
K13_18,13,,6,A,418825361,false,false,,0.0002136247802718274,1203,budget_exhausted,49.43029808998108
K13_18,13,,6,A,215858185,true,false,6,5.83202786689375e-08,25,converged,0.15488624572753906
K13_18,13,,6,B,418825361,false,false,,5.483735991519277e-06,35,budget_exhausted,5.6721580028533936
K13_18,13,,6,B,215858185,false,false,,2.59267590623894e-06,73,budget_exhausted,9.07873010635376
K13_18,13,,6,B,449904892,false,false,,0.0003792322935653498,27,budget_exhausted,3.631504774093628
K13_18,13,,6,B,1667643188,false,false,,3.307746459473596e-05,67,budget_exhausted,6.384253978729248
K13_19,13,,6,B,1683375127,false,false,,0.002551566844605467,39,budget_exhausted,4.5229291915893555
K13_19,13,,6,B,893706906,false,false,,0.0009036843209967235,109,budget_exhausted,9.49908995628357
K13_19,13,,6,B,1753007184,false,false,,0.0003448690589291741,101,budget_exhausted,9.175745010375977
K13_19,13,,6,B,2107424273,false,false,,0.00046414274554323534,65,budget_exhausted,6.502040863037109
K13_19,13,,6,B,418825361,false,false,,8.223928744504633e-06,49,budget_exhausted,5.443617820739746
K13_19,13,,6,B,215858185,false,false,,0.0022320886151170802,69,budget_exhausted,6.916054010391235
K13_19,13,,6,B,449904892,false,false,,0.0005212479522586313,77,budget_exhausted,7.882714033126831
K13_19,13,,6,B,1667643188,false,false,,0.0044455156380524405,109,budget_exhausted,9.425847053527832
K13_18,13,,6,A,128182595,false,false,,0.00037952768158272,45,budget_exhausted,99.75449395179749
K13_18,13,,6,A,1845143962,false,false,,0.0003908774340802502,269,budget_exhausted,49.11913013458252
K13_18,13,,6,A,1683375127,false,false,,0.0002556897143206831,1061,budget_exhausted,41.253331899642944
K13_18,13,,6,A,893706906,false,false,,0.00010134782250422829,491,budget_exhausted,36.05100679397583
K13_20,13,,6,A,1753007184,false,false,,0.011754922712885578,1275,budget_exhausted,40.33082127571106
K13_20,13,,6,A,2107424273,false,false,,0.02863036505390676,511,budget_exhausted,36.06384301185608
K13_20,13,,6,A,418825361,false,false,,4.4630057997807035e-05,219,budget_exhausted,26.81790828704834
K13_20,13,,6,A,215858185,true,true,25,0.0,13,converged,0.5062527656555176
K13_19,13,,6,A,449904892,false,false,,0.0022565759314562197,1681,budget_exhausted,81.42854571342468
K13_19,13,,6,A,1667643188,false,false,,0.002185106269756066,69,budget_exhausted,57.41890096664429
K13_19,13,,6,B,128182595,false,false,,0.0007138286557667603,83,budget_exhausted,8.23651909828186
K13_19,13,,6,B,1845143962,false,false,,0.0006957032089707467,63,budget_exhausted,6.670703887939453
K13_20,13,,6,B,1683375127,true,false,50,3.045338302220643e-07,25,converged,1.4177913665771484
K13_20,13,,6,B,893706906,false,false,,0.00028741107340623704,39,budget_exhausted,5.260216951370239
K13_20,13,,6,B,1753007184,false,false,,0.003817026494179201,79,budget_exhausted,8.671374082565308
K13_20,13,,6,B,2107424273,false,false,,0.019437118337901023,59,budget_exhausted,6.864217281341553
K13_19,13,,6,A,128182595,false,false,,0.0008219967342082904,1007,budget_exhausted,30.675243139266968
K13_19,13,,6,A,1845143962,false,false,,0.0027697720715312564,1391,budget_exhausted,89.87434005737305
K13_19,13,,6,A,1683375127,false,false,,0.002203364764386964,575,budget_exhausted,31.266334056854248
K13_19,13,,6,A,893706906,false,false,,8.51272081207163e-06,215,budget_exhausted,20.689882040023804
K13_20,13,,6,A,128182595,true,true,16,0.0,13,converged,0.27803707122802734
K13_20,13,,6,A,1845143962,false,false,,0.0036803170455364195,1241,budget_exhausted,93.29874682426453
K13_20,13,,6,A,1683375127,false,false,,0.014995877161546036,1715,budget_exhausted,62.83599090576172
K13_20,13,,6,A,893706906,true,true,11,0.0,13,converged,0.29514098167419434
K13_19,13,,6,A,1753007184,false,false,,0.0010289836648900792,1599,budget_exhausted,95.57303190231323
K13_19,13,,6,A,2107424273,false,false,,0.0023853952318055698,1033,budget_exhausted,48.72448778152466
K13_19,13,,6,A,418825361,false,false,,0.006430050805581108,803,budget_exhausted,26.061177730560303
K13_19,13,,6,A,215858185,false,false,,0.0026896520637277516,419,budget_exhausted,28.61735486984253
K13_20,13,,6,B,418825361,false,false,,0.006253511102001088,147,budget_exhausted,13.385280847549438
K13_20,13,,6,B,215858185,false,false,,0.07195336265203355,135,budget_exhausted,15.385978937149048
K13_20,13,,6,B,449904892,false,false,,0.016867560017921085,113,budget_exhausted,13.551761865615845
K13_20,13,,6,B,1667643188,false,false,,0.09649481077911477,129,budget_exhausted,14.35142469406128
K13_21,13,,6,B,1683375127,false,false,,2.1668120957332895e-05,67,budget_exhausted,7.31770396232605
K13_21,13,,6,B,893706906,false,false,,1.3745798020674786e-05,65,budget_exhausted,6.862627983093262
K13_21,13,,6,B,1753007184,false,false,,0.09233804169326752,135,budget_exhausted,14.903085231781006
K13_21,13,,6,B,2107424273,false,false,,0.2523029620217612,95,budget_exhausted,10.783617734909058
K13_20,13,,6,A,449904892,false,false,,0.07479287088574174,789,budget_exhausted,48.95980167388916
K13_20,13,,6,A,1667643188,false,false,,0.010506789373788121,435,budget_exhausted,25.729145765304565
K13_20,13,,6,B,128182595,false,false,,0.006753692635417913,195,budget_exhausted,17.78038501739502
K13_20,13,,6,B,1845143962,false,false,,0.024213913378136512,71,budget_exhausted,8.014513969421387
K13_21,13,,6,B,418825361,false,false,,0.0005687769097451909,191,budget_exhausted,17.932313919067383
K13_21,13,,6,B,215858185,false,false,,0.1179524002544256,201,budget_exhausted,16.769405364990234
K13_21,13,,6,B,449904892,false,false,,0.6761848825332314,153,budget_exhausted,14.70173192024231
K13_21,13,,6,B,1667643188,false,false,,9.611214823126574e-06,11,budget_exhausted,6.158505916595459
K13_21,13,,6,A,128182595,false,false,,0.0025977847673492277,339,budget_exhausted,16.17134714126587
K13_21,13,,6,A,1845143962,false,false,,0.07755848573537218,827,budget_exhausted,75.33886623382568
K13_21,13,,6,A,1683375127,false,false,,9.40675826804979e-06,43,budget_exhausted,8.506983041763306
K13_21,13,,6,A,893706906,false,false,,5.8933712020958855e-06,193,budget_exhausted,13.453839778900146
K13_21,13,,6,A,1753007184,false,false,,6.040775608023988e-06,35,budget_exhausted,8.575587034225464
K13_21,13,,6,A,2107424273,false,false,,0.11568789422712215,377,budget_exhausted,18.675417184829712
K13_21,13,,6,A,418825361,false,false,,0.16518936953347713,383,budget_exhausted,26.66493797302246
K13_21,13,,6,A,215858185,false,false,,0.6003480000890026,625,budget_exhausted,75.50626802444458
K13_21,13,,6,A,449904892,false,false,,0.06053859661286618,1031,budget_exhausted,77.45853519439697
K13_21,13,,6,A,1667643188,false,false,,0.3619001199225121,699,budget_exhausted,32.45602297782898
K13_21,13,,6,B,128182595,false,false,,0.11032261045801486,169,budget_exhausted,13.799170017242432
K13_21,13,,6,B,1845143962,false,false,,0.0003320130183963505,129,budget_exhausted,10.95533299446106
K13_22,13,,6,B,1683375127,false,false,,6.691846316651979,15,budget_exhausted,37.45385432243347
K13_22,13,,6,B,893706906,false,false,,6.691846316651979,15,budget_exhausted,47.68368983268738
K13_22,13,,6,B,1753007184,false,false,,6.691846316651979,15,budget_exhausted,35.414363861083984
K13_22,13,,6,B,2107424273,false,false,,6.691846316651979,15,budget_exhausted,24.015761852264404
K13_22,13,,6,A,128182595,false,false,,6.691846316651979,15,budget_exhausted,50.14042901992798
K13_22,13,,6,A,1845143962,false,false,,6.691846316651979,15,budget_exhausted,51.779988050460815
K13_22,13,,6,A,1683375127,false,false,,6.691846316651979,15,budget_exhausted,68.5344409942627
K13_22,13,,6,A,893706906,false,false,,6.691846316651979,15,budget_exhausted,49.174537897109985
K13_22,13,,6,B,418825361,false,false,,6.691846316651979,15,budget_exhausted,62.186622858047485
K13_22,13,,6,B,215858185,false,false,,0.0030147075988545243,107,budget_exhausted,18.911664962768555
K13_22,13,,6,B,449904892,false,false,,6.691846316651979,15,budget_exhausted,60.935168981552124
K13_22,13,,6,B,1667643188,false,false,,0.0010337331987638582,89,budget_exhausted,35.45259404182434
K13_22,13,,6,A,449904892,false,false,,0.11332724688689365,35,budget_exhausted,35.95454406738281
K13_22,13,,6,A,1667643188,false,false,,6.691846316651979,15,budget_exhausted,44.21428108215332
K13_22,13,,6,B,128182595,false,false,,6.691846316651979,15,budget_exhausted,71.07756328582764
K13_22,13,,6,B,1845143962,false,false,,6.691846316651979,15,budget_exhausted,62.99320435523987
K13_23,13,,6,B,1683375127,false,false,,0.207000064967168,59,budget_exhausted,7.358314275741577
K13_23,13,,6,B,893706906,false,false,,0.16380045308175922,83,budget_exhausted,6.861067056655884
K13_23,13,,6,B,1753007184,false,false,,0.2801616869675169,95,budget_exhausted,13.843945980072021
K13_23,13,,6,B,2107424273,false,false,,0.08235350837951072,83,budget_exhausted,9.385708093643188
K13_23,13,,6,B,418825361,false,false,,3.9384277546688846e-05,77,budget_exhausted,9.637212991714478
K13_23,13,,6,B,215858185,false,false,,0.00010418454245708703,65,budget_exhausted,8.572658061981201
K13_23,13,,6,B,449904892,false,false,,0.13101463061238583,83,budget_exhausted,9.615480184555054
K13_23,13,,6,B,1667643188,false,false,,0.001127820653004727,131,budget_exhausted,10.59484601020813
K13_23,13,,6,A,449904892,false,false,,0.09451455306811872,207,budget_exhausted,19.332736015319824
K13_23,13,,6,A,1667643188,false,false,,0.1308687635862118,75,budget_exhausted,37.83466911315918
K13_23,13,,6,B,128182595,false,false,,0.10506314138819427,65,budget_exhausted,6.551764011383057
K13_23,13,,6,B,1845143962,false,false,,0.14633946773135129,79,budget_exhausted,7.951809883117676
K13_23,13,,6,A,128182595,false,false,,0.1631279445727822,503,budget_exhausted,32.58643412590027
K13_23,13,,6,A,1845143962,false,false,,0.0012119834442256327,889,budget_exhausted,38.29194188117981
K13_23,13,,6,A,1683375127,false,false,,0.0022086335536166107,1189,budget_exhausted,55.98905682563782
K13_23,13,,6,A,893706906,false,false,,0.000137358828176031,979,budget_exhausted,74.38980293273926
K13_22,13,,6,A,1753007184,false,false,,6.691846316651979,15,budget_exhausted,88.94267296791077
K13_22,13,,6,A,2107424273,false,false,,6.691846316651979,15,budget_exhausted,114.60508799552917
K13_22,13,,6,A,418825361,false,false,,6.691846316651979,15,budget_exhausted,31.787873029708862
K13_22,13,,6,A,215858185,false,false,,6.691846316651979,15,budget_exhausted,55.8400456905365
K13_24,13,,6,B,1683375127,false,false,,8.531273597082398e-06,23,budget_exhausted,4.363510847091675
K13_24,13,,6,B,893706906,false,false,,0.0002627957406287161,13,budget_exhausted,5.73980712890625
K13_24,13,,6,B,1753007184,false,false,,8.181969532820506e-06,65,budget_exhausted,6.935633897781372
K13_24,13,,6,B,2107424273,false,false,,0.0016532673437463982,67,budget_exhausted,7.529491186141968
K13_24,13,,6,A,1753007184,false,false,,9.074674798730831e-06,125,budget_exhausted,15.142212152481079
K13_24,13,,6,A,2107424273,false,false,,7.795908954998777e-06,37,budget_exhausted,15.678226947784424
K13_24,13,,6,A,418825361,true,true,10,0.0,13,converged,0.15651869773864746
K13_24,13,,6,A,215858185,false,false,,7.3435755087601e-06,39,budget_exhausted,8.591729879379272
K13_24,13,,6,B,418825361,false,false,,0.0014071924065955758,65,budget_exhausted,6.749346017837524
K13_24,13,,6,B,215858185,false,false,,2.861549248335183e-05,97,budget_exhausted,9.363860130310059
K13_24,13,,6,B,449904892,false,false,,0.00031297766935518265,79,budget_exhausted,6.829143047332764
K13_24,13,,6,B,1667643188,false,false,,0.0013347315483519468,93,budget_exhausted,7.81480598449707
K13_23,13,,6,A,1753007184,false,false,,0.2988470373285343,423,budget_exhausted,19.21647596359253
K13_23,13,,6,A,2107424273,false,false,,0.09309463122720263,361,budget_exhausted,33.866496086120605
K13_23,13,,6,A,418825361,false,false,,0.14599622816538874,449,budget_exhausted,51.257981300354004
K13_23,13,,6,A,215858185,false,false,,0.1555638903603365,693,budget_exhausted,34.60494685173035
K13_24,13,,6,A,449904892,false,false,,0.0019432372862471113,519,budget_exhausted,39.92951273918152
K13_24,13,,6,A,1667643188,false,false,,7.049758382028652e-06,95,budget_exhausted,10.508206844329834
K13_24,13,,6,B,128182595,false,false,,1.03141510705765e-05,41,budget_exhausted,4.746212959289551
K13_24,13,,6,B,1845143962,false,false,,7.1233044334404575e-06,31,budget_exhausted,4.335206985473633
K13_25,13,,6,B,1683375127,false,false,,0.0013693197025516114,87,budget_exhausted,10.099973917007446
K13_25,13,,6,B,893706906,false,false,,0.36283365634063003,69,budget_exhausted,7.4591779708862305
K13_25,13,,6,B,1753007184,false,false,,7.932203008094894e-06,55,budget_exhausted,5.735195159912109
K13_25,13,,6,B,2107424273,false,false,,0.00014980500119850522,63,budget_exhausted,7.919323921203613
K13_25,13,,6,B,418825361,false,false,,0.002950239104431672,67,budget_exhausted,7.233036041259766
K13_25,13,,6,B,215858185,false,false,,0.42721171384308176,135,budget_exhausted,14.984801054000854
K13_25,13,,6,B,449904892,false,false,,0.05083076065992143,93,budget_exhausted,8.94514274597168
K13_25,13,,6,B,1667643188,false,false,,2.1621798854378662e-05,95,budget_exhausted,7.837746858596802
K13_25,13,,6,A,128182595,false,false,,0.024070290536033927,729,budget_exhausted,35.799038887023926
K13_25,13,,6,A,1845143962,false,false,,9.845079272176046e-06,73,budget_exhausted,12.764953136444092
K13_25,13,,6,A,1683375127,false,false,,9.111987886685807e-06,199,budget_exhausted,13.121775150299072
K13_25,13,,6,A,893706906,false,false,,0.0004980005261171537,835,budget_exhausted,24.22547674179077
K13_26,13,,6,A,128182595,false,false,,7.789216227277128e-06,63,budget_exhausted,15.804246187210083
K13_26,13,,6,A,1845143962,false,false,,8.511408034378179e-06,19,budget_exhausted,22.769834995269775
K13_26,13,,6,A,1683375127,false,false,,7.254099956913473e-06,157,budget_exhausted,11.959383964538574
K13_26,13,,6,A,893706906,false,false,,7.623209174213195e-06,195,budget_exhausted,17.692455053329468
K13_24,13,,6,A,128182595,false,false,,7.801801586168236e-06,117,budget_exhausted,10.687918901443481
K13_24,13,,6,A,1845143962,false,false,,0.00114712739359006,1861,budget_exhausted,117.1046347618103
K13_24,13,,6,A,1683375127,true,true,159,0.0,13,converged,9.726961851119995
K13_24,13,,6,A,893706906,false,false,,6.817062558604792e-05,457,budget_exhausted,28.7894549369812
K13_25,13,,6,A,449904892,false,false,,0.0004050404470382835,897,budget_exhausted,61.285876989364624
K13_25,13,,6,A,1667643188,false,false,,0.14085569890881686,1095,budget_exhausted,54.8610999584198
K13_25,13,,6,B,128182595,false,false,,0.0006306392491880385,73,budget_exhausted,8.490251064300537
K13_25,13,,6,B,1845143962,false,false,,0.025683180163905764,63,budget_exhausted,6.984859943389893
K13_26,13,,6,B,1683375127,false,false,,6.438703902039142e-05,53,budget_exhausted,6.056586980819702
K13_26,13,,6,B,893706906,false,false,,1.888064080291937e-05,35,budget_exhausted,4.308648347854614
K13_26,13,,6,B,1753007184,false,false,,0.0002138234655220497,13,budget_exhausted,14.772258043289185
K13_26,13,,6,B,2107424273,false,false,,1.090378406247629e-05,45,budget_exhausted,5.672616004943848
K13_26,13,,6,B,418825361,false,false,,4.6822568447853736e-05,11,budget_exhausted,4.8510472774505615
K13_26,13,,6,B,215858185,false,false,,1.9982510644968855e-05,29,budget_exhausted,4.5825231075286865
K13_26,13,,6,B,449904892,false,false,,8.216899548556167e-06,39,budget_exhausted,5.6643078327178955
K13_26,13,,6,B,1667643188,false,false,,4.6822568447853736e-05,11,budget_exhausted,5.331333875656128
K13_26,13,,6,A,1753007184,false,false,,7.74576495874421e-06,49,budget_exhausted,14.344825029373169
K13_26,13,,6,A,2107424273,false,false,,7.840324457612214e-06,161,budget_exhausted,17.129040718078613
K13_26,13,,6,A,418825361,false,false,,8.428047465148358e-06,31,budget_exhausted,17.861086130142212
K13_26,13,,6,A,215858185,false,false,,6.430155783118507e-06,157,budget_exhausted,31.045352935791016
K13_27,13,,6,B,1683375127,false,false,,0.07881684728722717,25,budget_exhausted,4.201373338699341
K13_27,13,,6,B,893706906,false,false,,0.12275228327573162,95,budget_exhausted,10.464513063430786
K13_27,13,,6,B,1753007184,false,false,,0.11059930187090872,67,budget_exhausted,6.524413108825684
K13_27,13,,6,B,2107424273,false,false,,0.24049995484335557,79,budget_exhausted,8.555768013000488
K13_25,13,,6,A,1753007184,false,false,,9.644893201112121e-06,139,budget_exhausted,17.31116509437561
K13_25,13,,6,A,2107424273,false,false,,8.787884086065709e-06,823,budget_exhausted,56.26177906990051
K13_25,13,,6,A,418825361,false,false,,8.439337385223812e-06,237,budget_exhausted,21.647157907485962
K13_25,13,,6,A,215858185,false,false,,0.009092771119542715,1483,budget_exhausted,86.53391003608704
K13_27,13,,6,B,418825361,false,false,,0.1380764596834052,85,budget_exhausted,8.434061050415039
K13_27,13,,6,B,215858185,false,false,,0.05867717795235457,73,budget_exhausted,8.285259008407593
K13_27,13,,6,B,449904892,false,false,,0.09640598118618923,51,budget_exhausted,6.897165775299072
K13_27,13,,6,B,1667643188,true,true,34,0.0,21,converged,0.8403027057647705
K13_26,13,,6,A,449904892,false,false,,0.00017700091465155715,1793,budget_exhausted,112.42977595329285
K13_26,13,,6,A,1667643188,false,false,,6.9200004102302865e-06,117,budget_exhausted,53.43118929862976
K13_26,13,,6,B,128182595,false,false,,9.186215052402813e-06,23,budget_exhausted,4.122457027435303
K13_26,13,,6,B,1845143962,false,false,,8.328270556553084e-06,35,budget_exhausted,4.817265033721924
K13_27,13,,6,A,449904892,false,false,,0.4881651984166733,331,budget_exhausted,54.90026092529297
K13_27,13,,6,A,1667643188,false,false,,0.029313994788902502,1261,budget_exhausted,65.11993098258972
K13_27,13,,6,B,128182595,false,false,,0.06323159189761475,57,budget_exhausted,4.966464996337891
K13_27,13,,6,B,1845143962,false,false,,0.0406578501883168,49,budget_exhausted,5.981698036193848
K13_28,13,,6,B,1683375127,false,false,,0.017493866396419068,59,budget_exhausted,7.806524038314819
K13_28,13,,6,B,893706906,false,false,,0.007380410163470303,49,budget_exhausted,6.5612969398498535
K13_28,13,,6,B,1753007184,false,false,,0.08394116445345703,95,budget_exhausted,10.222165822982788
K13_28,13,,6,B,2107424273,false,false,,0.019769468613683602,75,budget_exhausted,6.874301910400391
K13_28,13,,6,B,418825361,false,false,,0.009904797764936434,119,budget_exhausted,11.687839984893799
K13_28,13,,6,B,215858185,false,false,,0.008744102215869997,65,budget_exhausted,7.2302939891815186
K13_28,13,,6,B,449904892,false,false,,0.02201146196387573,69,budget_exhausted,7.439741849899292
K13_28,13,,6,B,1667643188,false,false,,0.20681256957795907,85,budget_exhausted,10.024817705154419
K13_27,13,,6,A,128182595,false,false,,0.06313418019779757,295,budget_exhausted,59.38899827003479
K13_27,13,,6,A,1845143962,false,false,,0.06821989068772634,1495,budget_exhausted,82.58764433860779
K13_27,13,,6,A,1683375127,true,true,10,0.0,13,converged,0.1787090301513672
K13_27,13,,6,A,893706906,false,false,,0.05551900541827552,599,budget_exhausted,67.58046698570251
K13_28,13,,6,A,449904892,false,false,,0.014714072176475232,685,budget_exhausted,70.24678587913513
K13_28,13,,6,A,1667643188,false,false,,0.0030513269163918422,201,budget_exhausted,26.084661960601807
K13_28,13,,6,B,128182595,false,false,,0.011635935476127545,61,budget_exhausted,6.785251140594482
K13_28,13,,6,B,1845143962,false,false,,0.009603746276999312,85,budget_exhausted,9.677037000656128
K13_28,13,,6,A,1753007184,false,false,,0.0001992521536757205,827,budget_exhausted,59.24712586402893
K13_28,13,,6,A,2107424273,false,false,,0.11525820071459614,987,budget_exhausted,56.205188274383545
K13_28,13,,6,A,418825361,false,false,,0.12369960383806072,321,budget_exhausted,43.92759704589844
K13_28,13,,6,A,215858185,false,false,,0.0021688461616604106,491,budget_exhausted,32.75065803527832
K13_28,13,,6,A,128182595,false,false,,0.11018420575949846,873,budget_exhausted,60.80986714363098
K13_28,13,,6,A,1845143962,false,false,,0.0834141167139632,775,budget_exhausted,60.59449911117554
K13_28,13,,6,A,1683375127,false,false,,0.022180626800086575,891,budget_exhausted,49.05103397369385
K13_28,13,,6,A,893706906,false,false,,0.002501428863145841,1171,budget_exhausted,40.470165967941284
K13_27,13,,6,A,1753007184,false,false,,0.8632789940558516,1363,budget_exhausted,98.87039995193481
K13_27,13,,6,A,2107424273,false,false,,0.2223006690224824,1593,budget_exhausted,94.91451001167297
K13_27,13,,6,A,418825361,false,false,,0.048242285208810666,1835,budget_exhausted,54.33123302459717
K13_27,13,,6,A,215858185,false,false,,0.0234422731358705,1371,budget_exhausted,59.91858696937561
K13_29,13,,6,B,1683375127,false,false,,0.008018095519670974,139,budget_exhausted,10.683904886245728
K13_29,13,,6,B,893706906,false,false,,0.017223354052130643,141,budget_exhausted,13.590116024017334
K13_29,13,,6,B,1753007184,false,false,,0.004121479139262342,77,budget_exhausted,7.829777240753174
K13_29,13,,6,B,2107424273,false,false,,0.010334973691430252,201,budget_exhausted,22.243245124816895
K13_29,13,,6,B,418825361,false,false,,0.008097048590789151,121,budget_exhausted,10.802025079727173
K13_29,13,,6,B,215858185,false,false,,0.07306631359654309,145,budget_exhausted,14.729242086410522
K13_29,13,,6,B,449904892,false,false,,0.0582932390890031,159,budget_exhausted,18.93958306312561
K13_29,13,,6,B,1667643188,false,false,,0.005870640057217326,113,budget_exhausted,12.47568392753601
K13_29,13,,6,A,449904892,false,false,,0.0030461457448727374,149,budget_exhausted,64.10809803009033
K13_29,13,,6,A,1667643188,false,false,,0.16974637056386654,591,budget_exhausted,22.517688989639282
K13_29,13,,6,B,128182595,false,false,,0.009181129896675636,71,budget_exhausted,10.722318172454834
K13_29,13,,6,B,1845143962,false,false,,0.10683329394542,59,budget_exhausted,9.979788064956665
K15_00,15,,7,A,449904892,false,false,,5.306845462695407e-06,29,budget_exhausted,8.656231164932251
K15_00,15,,7,A,1667643188,false,false,,4.840758810603496e-06,71,budget_exhausted,10.643934965133667
K15_00,15,,7,B,128182595,false,false,,9.435776619432616e-06,55,budget_exhausted,6.140544891357422
K15_00,15,,7,B,1845143962,false,false,,1.3179722421816301e-05,43,budget_exhausted,7.3519651889801025
K15_00,15,,7,A,1753007184,false,false,,9.834962930967188e-06,149,budget_exhausted,11.412034034729004
K15_00,15,,7,A,2107424273,false,false,,4.400039795650301e-06,43,budget_exhausted,12.25606393814087
K15_00,15,,7,A,418825361,false,false,,6.441861142154807e-06,37,budget_exhausted,7.279307842254639
K15_00,15,,7,A,215858185,false,false,,6.97270957694374e-06,43,budget_exhausted,11.341352939605713
K15_00,15,,7,B,1683375127,false,false,,8.955462827202661e-06,63,budget_exhausted,8.421525001525879
K15_00,15,,7,B,893706906,false,false,,0.01280378555475377,119,budget_exhausted,11.682121992111206
K15_00,15,,7,B,1753007184,false,false,,9.64313008105916e-06,49,budget_exhausted,5.933419942855835
K15_00,15,,7,B,2107424273,false,false,,7.489695901617857e-06,107,budget_exhausted,8.827547073364258
K15_00,15,,7,B,418825361,false,false,,0.2603978168273023,75,budget_exhausted,6.977855920791626
K15_00,15,,7,B,215858185,false,false,,5.675880178493159e-06,65,budget_exhausted,7.780192852020264
K15_00,15,,7,B,449904892,false,false,,7.797309011904886e-06,63,budget_exhausted,7.551162958145142
K15_00,15,,7,B,1667643188,false,false,,1.2732580894320365e-05,67,budget_exhausted,7.3358540534973145
K15_01,15,,7,A,128182595,false,false,,0.020319811004452664,331,budget_exhausted,27.914589881896973
K15_01,15,,7,A,1845143962,true,true,32,0.0,15,converged,0.5906970500946045
K15_01,15,,7,A,1683375127,true,true,13,0.0,15,converged,0.19615411758422852
K15_01,15,,7,A,893706906,true,true,7,0.0,15,converged,0.1617889404296875
K15_01,15,,7,B,1683375127,false,false,,0.02162235155773371,27,budget_exhausted,3.638719081878662
K15_01,15,,7,B,893706906,false,false,,0.0038292793483979595,73,budget_exhausted,7.523416042327881
K15_01,15,,7,B,1753007184,false,false,,0.0001840275347638312,35,budget_exhausted,4.207881927490234
K15_01,15,,7,B,2107424273,true,true,26,0.0,15,converged,0.702509880065918
K13_29,13,,6,A,128182595,false,false,,0.07918185358914333,875,budget_exhausted,79.29374265670776
K13_29,13,,6,A,1845143962,false,false,,0.027892332382243028,489,budget_exhausted,38.00220704078674
K13_29,13,,6,A,1683375127,false,false,,0.012593135711399356,1809,budget_exhausted,54.50807809829712
K13_29,13,,6,A,893706906,false,false,,0.004510718185625579,1095,budget_exhausted,43.53663611412048
K15_01,15,,7,B,418825361,false,false,,0.023762889774111683,99,budget_exhausted,10.548154830932617
K15_01,15,,7,B,215858185,false,false,,0.004217112852171461,51,budget_exhausted,6.406263113021851
K15_01,15,,7,B,449904892,false,false,,0.021601066970695092,23,budget_exhausted,4.795741319656372
K15_01,15,,7,B,1667643188,false,false,,0.019484087264750198,69,budget_exhausted,9.093869924545288
K15_00,15,,7,A,128182595,false,false,,1.6938408815442303e-05,881,budget_exhausted,53.81601905822754
K15_00,15,,7,A,1845143962,false,false,,6.645828933074438e-06,69,budget_exhausted,37.946539878845215
K15_00,15,,7,A,1683375127,false,false,,1.2827027677242886e-05,335,budget_exhausted,31.83002495765686
K15_00,15,,7,A,893706906,false,false,,1.1582881700232278e-05,245,budget_exhausted,20.2126247882843
K15_02,15,,7,A,1753007184,true,true,10,1.0037485403530309e-26,15,converged,0.2072620391845703
K15_02,15,,7,A,2107424273,false,false,,3.504949066541223e-06,79,budget_exhausted,10.564117193222046
K15_02,15,,7,A,418825361,false,false,,4.7352582149077005e-06,65,budget_exhausted,9.04712200164795
K15_02,15,,7,A,215858185,false,false,,8.639381218563388,633,budget_exhausted,33.80056977272034
K15_01,15,,7,A,1753007184,false,false,,0.01913471184066204,189,budget_exhausted,45.725714921951294
K15_01,15,,7,A,2107424273,false,false,,0.020304887909341606,799,budget_exhausted,48.31703209877014
K15_01,15,,7,A,418825361,false,false,,0.013295011619992178,809,budget_exhausted,30.942047119140625
K15_01,15,,7,A,215858185,true,true,16,0.0,15,converged,0.30113983154296875
K15_01,15,,7,A,449904892,false,false,,0.019151839275604533,907,budget_exhausted,90.15183091163635
K15_01,15,,7,A,1667643188,false,false,,0.021856307848596993,525,budget_exhausted,28.502119064331055
K15_01,15,,7,B,128182595,false,false,,0.019540887252035604,79,budget_exhausted,7.286880016326904
K15_01,15,,7,B,1845143962,false,false,,0.02170733274753853,45,budget_exhausted,5.364659786224365
K13_29,13,,6,A,1753007184,false,false,,2.2201586079564253,1607,budget_exhausted,80.70873713493347
K13_29,13,,6,A,2107424273,false,false,,0.3547518217902679,103,budget_exhausted,38.238834857940674
K13_29,13,,6,A,418825361,false,false,,3.951777281423566e-05,471,budget_exhausted,79.42824220657349
K13_29,13,,6,A,215858185,false,false,,3.712784827326447e-05,1413,budget_exhausted,103.08219599723816
K15_02,15,,7,A,128182595,false,false,,3.262587376970578e-06,79,budget_exhausted,13.046788215637207
K15_02,15,,7,A,1845143962,false,false,,2.6198330054531754e-06,227,budget_exhausted,12.193511009216309
K15_02,15,,7,A,1683375127,true,true,12,1.0037485403530309e-26,15,converged,0.22307777404785156
K15_02,15,,7,A,893706906,false,false,,0.13121135707705492,1197,budget_exhausted,66.64974594116211
K15_02,15,,7,B,1683375127,false,false,,277.0968452982981,107,budget_exhausted,9.638922929763794
K15_02,15,,7,B,893706906,false,false,,12.109028879575758,71,budget_exhausted,7.859149932861328
K15_02,15,,7,B,1753007184,false,false,,5.380425242977193e-06,37,budget_exhausted,5.234055280685425
K15_02,15,,7,B,2107424273,false,false,,23.065963664508118,175,budget_exhausted,16.139015913009644
K15_02,15,,7,A,449904892,false,false,,3.763198181219176e-06,137,budget_exhausted,19.53756284713745
K15_02,15,,7,A,1667643188,false,false,,0.5309156617373729,1389,budget_exhausted,57.18715000152588
K15_02,15,,7,B,128182595,true,false,25,1.0363954156600431e-07,77,converged,0.9429340362548828
K15_02,15,,7,B,1845143962,false,false,,7.491613530216298e-06,47,budget_exhausted,6.545392990112305
K15_02,15,,7,B,418825361,false,false,,3.4001153613691373,23,budget_exhausted,5.707814931869507
K15_02,15,,7,B,215858185,false,false,,0.03444896909221398,113,budget_exhausted,12.079463958740234
K15_02,15,,7,B,449904892,false,false,,9.7288741240787,75,budget_exhausted,8.460041046142578
K15_02,15,,7,B,1667643188,false,false,,3.648243901637393,75,budget_exhausted,9.545644998550415
K15_03,15,,7,B,1683375127,false,false,,0.010342361406052391,55,budget_exhausted,6.957468032836914
K15_03,15,,7,B,893706906,false,false,,0.00045594791083513724,79,budget_exhausted,9.133612871170044
K15_03,15,,7,B,1753007184,false,false,,0.027734908856682568,81,budget_exhausted,8.043156147003174
K15_03,15,,7,B,2107424273,false,false,,0.0629896017672013,97,budget_exhausted,10.22370719909668
K15_03,15,,7,B,418825361,false,false,,0.02386499503753942,81,budget_exhausted,11.235755920410156
K15_03,15,,7,B,215858185,false,false,,0.03735768704559724,85,budget_exhausted,9.321656703948975
K15_03,15,,7,B,449904892,false,false,,0.004658887879144431,117,budget_exhausted,13.122825860977173
K15_03,15,,7,B,1667643188,false,false,,0.0004546345550181588,59,budget_exhausted,7.052800893783569
K15_03,15,,7,A,1753007184,false,false,,0.0005165144176019783,335,budget_exhausted,27.423553705215454
K15_03,15,,7,A,2107424273,false,false,,0.008372066412023912,47,budget_exhausted,40.26092171669006
K15_03,15,,7,A,418825361,false,false,,0.010935921474798162,111,budget_exhausted,35.387855052948
K15_03,15,,7,A,215858185,false,false,,0.030666121381640748,1237,budget_exhausted,43.082172870635986
K15_03,15,,7,A,449904892,false,false,,0.08824329261282915,1115,budget_exhausted,97.58960890769958
K15_03,15,,7,A,1667643188,false,false,,0.006854594063894616,245,budget_exhausted,51.563300132751465
K15_03,15,,7,B,128182595,false,false,,0.0013336056790000897,61,budget_exhausted,6.31838321685791
K15_03,15,,7,B,1845143962,false,false,,0.004320556495775308,81,budget_exhausted,9.215630769729614
K15_04,15,,7,A,449904892,false,false,,0.15383319653382307,141,budget_exhausted,38.00613808631897
K15_04,15,,7,A,1667643188,false,false,,0.1106001807721405,991,budget_exhausted,43.10062885284424
K15_04,15,,7,B,128182595,false,false,,0.14933636873538156,157,budget_exhausted,12.654786825180054
K15_04,15,,7,B,1845143962,false,false,,0.0542205323987807,145,budget_exhausted,15.423083066940308
K15_03,15,,7,A,128182595,false,false,,0.0072553176647860975,415,budget_exhausted,57.29197907447815
K15_03,15,,7,A,1845143962,false,false,,0.09113198933065932,561,budget_exhausted,42.90154480934143
K15_03,15,,7,A,1683375127,true,true,12,0.0,15,converged,0.25427675247192383
K15_03,15,,7,A,893706906,false,false,,0.003354944732721449,61,budget_exhausted,80.0325870513916
K15_04,15,,7,B,1683375127,false,false,,0.023954694248133238,145,budget_exhausted,12.537730932235718
K15_04,15,,7,B,893706906,false,false,,0.03156838997555128,107,budget_exhausted,10.207780122756958
K15_04,15,,7,B,1753007184,false,false,,0.0696523076411096,149,budget_exhausted,13.85563611984253
K15_04,15,,7,B,2107424273,false,false,,0.0002775312339078485,99,budget_exhausted,8.778780221939087
K15_04,15,,7,A,1753007184,false,false,,0.06452886133671723,1407,budget_exhausted,55.92649698257446
K15_04,15,,7,A,2107424273,false,false,,0.009369666410988645,351,budget_exhausted,23.87565779685974
K15_04,15,,7,A,418825361,false,false,,0.19312155531492953,445,budget_exhausted,24.400519847869873
K15_04,15,,7,A,215858185,false,false,,0.09642564148926902,427,budget_exhausted,41.26892423629761
K15_04,15,,7,A,128182595,false,false,,0.03397166053343575,1855,budget_exhausted,49.79393410682678
K15_04,15,,7,A,1845143962,false,false,,0.017865816256546537,611,budget_exhausted,40.987502098083496
K15_04,15,,7,A,1683375127,false,false,,0.05198077629094613,1653,budget_exhausted,28.501099824905396
K15_04,15,,7,A,893706906,false,false,,0.00029459715911610247,635,budget_exhausted,54.97455620765686
K15_04,15,,7,B,418825361,false,false,,0.011419477117049041,171,budget_exhausted,11.355787992477417
K15_04,15,,7,B,215858185,false,false,,0.04419790494428842,93,budget_exhausted,11.248116970062256
K15_04,15,,7,B,449904892,false,false,,0.043594984034754126,107,budget_exhausted,11.54897403717041
K15_04,15,,7,B,1667643188,false,false,,0.0013709024559139635,69,budget_exhausted,10.658102989196777
K15_05,15,,7,B,1683375127,false,false,,0.02770178254007944,105,budget_exhausted,12.67926812171936
K15_05,15,,7,B,893706906,false,false,,0.20815974376675422,137,budget_exhausted,14.715156078338623
K15_05,15,,7,B,1753007184,false,false,,0.06183979420958621,97,budget_exhausted,10.38825011253357
K15_05,15,,7,B,2107424273,false,false,,0.02670344559974109,179,budget_exhausted,15.080286026000977
K15_05,15,,7,B,418825361,false,false,,0.26669765060046413,117,budget_exhausted,13.75590991973877
K15_05,15,,7,B,215858185,false,false,,0.23157330977125334,103,budget_exhausted,11.459256172180176
K15_05,15,,7,B,449904892,false,false,,0.1444478506422424,159,budget_exhausted,15.830310106277466
K15_05,15,,7,B,1667643188,false,false,,0.202997328197921,131,budget_exhausted,13.021894931793213
K15_06,15,,7,A,128182595,false,false,,9.1459207190453e-06,183,budget_exhausted,17.268996000289917
K15_06,15,,7,A,1845143962,false,false,,4.067753530587005e-05,283,budget_exhausted,31.383391857147217
K15_06,15,,7,A,1683375127,false,false,,2.413965855836562e-05,1269,budget_exhausted,40.061474084854126
K15_06,15,,7,A,893706906,false,false,,1.0875891284973357e-05,159,budget_exhausted,9.117061853408813
K15_06,15,,7,A,449904892,false,false,,9.046762292170683e-06,115,budget_exhausted,11.0505850315094
K15_06,15,,7,A,1667643188,false,false,,0.0001037748519335782,657,budget_exhausted,38.33173704147339
K15_06,15,,7,B,128182595,false,false,,4.6009474892309416e-05,49,budget_exhausted,5.5841710567474365
K15_06,15,,7,B,1845143962,false,false,,1.7839111935422353e-05,69,budget_exhausted,6.726820230484009
K15_05,15,,7,A,128182595,false,false,,0.35707415759853117,571,budget_exhausted,56.82646703720093
K15_05,15,,7,A,1845143962,false,false,,0.8447031047100305,971,budget_exhausted,44.313111782073975
K15_05,15,,7,A,1683375127,false,false,,0.04841503864498239,453,budget_exhausted,19.562905073165894
K15_05,15,,7,A,893706906,false,false,,0.17263197181207454,493,budget_exhausted,31.155769109725952
K15_06,15,,7,A,1753007184,false,false,,9.665867142895266e-06,61,budget_exhausted,17.04516077041626
K15_06,15,,7,A,2107424273,false,false,,0.0014776108187511022,801,budget_exhausted,28.29197907447815
K15_06,15,,7,A,418825361,false,false,,5.8229070709953356e-05,287,budget_exhausted,12.943290710449219
K15_06,15,,7,A,215858185,false,false,,3.095170814899056e-05,475,budget_exhausted,24.280812978744507
K15_06,15,,7,B,1683375127,false,false,,6.259426529575427e-05,113,budget_exhausted,10.54994511604309
K15_06,15,,7,B,893706906,false,false,,8.901732438263395e-05,67,budget_exhausted,7.426199913024902
K15_06,15,,7,B,1753007184,false,false,,0.00043490604437240564,133,budget_exhausted,12.087791919708252
K15_06,15,,7,B,2107424273,false,false,,7.653730666004813e-06,45,budget_exhausted,6.414982318878174
K15_06,15,,7,B,418825361,false,false,,1.0933684816319476e-05,63,budget_exhausted,7.383452892303467
K15_06,15,,7,B,215858185,false,false,,5.559167839093208e-05,93,budget_exhausted,8.716824054718018
K15_06,15,,7,B,449904892,false,false,,0.0010414722527780902,131,budget_exhausted,10.894928693771362
K15_06,15,,7,B,1667643188,false,false,,7.653044011835864e-05,27,budget_exhausted,3.9551639556884766
K15_05,15,,7,A,449904892,false,false,,0.8788556916505678,455,budget_exhausted,78.19207501411438
K15_05,15,,7,A,1667643188,false,false,,0.6454107978508757,1327,budget_exhausted,67.28266286849976
K15_05,15,,7,B,128182595,false,false,,0.2334655919728458,59,budget_exhausted,6.862300872802734
K15_05,15,,7,B,1845143962,false,false,,0.024730914146987505,75,budget_exhausted,7.406982898712158
K15_07,15,,7,B,1683375127,false,false,,1.3494823648528331,43,budget_exhausted,5.777199983596802
K15_07,15,,7,B,893706906,false,false,,1.7589726209851027,73,budget_exhausted,6.794396877288818
K15_07,15,,7,B,1753007184,false,false,,0.7271478845909153,53,budget_exhausted,5.608690023422241
K15_07,15,,7,B,2107424273,false,false,,2.3464855189182887,49,budget_exhausted,5.229690790176392
K15_07,15,,7,B,418825361,false,false,,2.1120447881086504,65,budget_exhausted,6.835277080535889
K15_07,15,,7,B,215858185,false,false,,19.406835364332697,7,budget_exhausted,7.040989875793457
K15_07,15,,7,B,449904892,false,false,,1.7046819873458003,59,budget_exhausted,6.866923093795776
K15_07,15,,7,B,1667643188,false,false,,0.06761515470504602,85,budget_exhausted,8.373260974884033
K15_05,15,,7,A,1753007184,false,false,,0.1070612030654578,393,budget_exhausted,34.62839603424072
K15_05,15,,7,A,2107424273,false,false,,0.10067555362378176,1871,budget_exhausted,85.34834599494934
K15_05,15,,7,A,418825361,false,false,,0.17718036505115897,295,budget_exhausted,20.995257139205933
K15_05,15,,7,A,215858185,false,false,,0.19887509024930294,1803,budget_exhausted,61.35786819458008
K15_07,15,,7,A,128182595,false,false,,1.3314569835846262,65,budget_exhausted,42.209505796432495
K15_07,15,,7,A,1845143962,false,false,,1.3303451450347892,81,budget_exhausted,18.90049719810486
K15_07,15,,7,A,1683375127,false,false,,2.4715321454475583,451,budget_exhausted,48.83929896354675
K15_07,15,,7,A,893706906,false,false,,0.47774406461140295,225,budget_exhausted,17.91949701309204
K15_07,15,,7,A,449904892,false,false,,2.7219433406758524,965,budget_exhausted,41.58311605453491
K15_07,15,,7,A,1667643188,false,false,,0.10717756189270755,915,budget_exhausted,78.81869268417358
K15_07,15,,7,B,128182595,false,false,,0.3742641237541809,37,budget_exhausted,5.5978169441223145
K15_07,15,,7,B,1845143962,false,false,,0.16566194645613452,35,budget_exhausted,4.358525991439819
K15_08,15,,7,A,1753007184,false,false,,0.029550583721749242,663,budget_exhausted,29.18825602531433
K15_08,15,,7,A,2107424273,false,false,,0.013916545494555602,771,budget_exhausted,42.385149002075195
K15_08,15,,7,A,418825361,false,false,,0.040012063455603486,61,budget_exhausted,21.02015781402588
K15_08,15,,7,A,215858185,false,false,,7.0973941815457975e-06,63,budget_exhausted,10.245253801345825
K15_08,15,,7,B,1683375127,false,false,,0.21488557693433494,169,budget_exhausted,16.49129295349121
K15_08,15,,7,B,893706906,false,false,,0.00035746748031326847,261,budget_exhausted,22.406991004943848
K15_08,15,,7,B,1753007184,false,false,,0.045185737614547826,69,budget_exhausted,11.859603881835938
K15_08,15,,7,B,2107424273,false,false,,0.24647724614619676,195,budget_exhausted,18.129987955093384
K15_08,15,,7,B,418825361,false,false,,0.0004377680738313815,101,budget_exhausted,15.389585971832275
K15_08,15,,7,B,215858185,false,false,,0.0440785770039378,145,budget_exhausted,14.425018310546875
K15_08,15,,7,B,449904892,false,false,,0.003383629887892432,209,budget_exhausted,14.12359094619751
K15_08,15,,7,B,1667643188,false,false,,0.3680678996220399,185,budget_exhausted,16.394198894500732
K15_07,15,,7,A,1753007184,false,false,,0.06815968072704803,1935,budget_exhausted,57.46715998649597
K15_07,15,,7,A,2107424273,false,false,,0.1354588466896438,1297,budget_exhausted,52.92508006095886
K15_07,15,,7,A,418825361,false,false,,2.8912070092754703,83,budget_exhausted,76.25637102127075
K15_07,15,,7,A,215858185,false,false,,2.6884025161118297,435,budget_exhausted,28.547879934310913
K15_08,15,,7,A,449904892,false,false,,0.31198801518926506,1907,budget_exhausted,68.53427815437317
K15_08,15,,7,A,1667643188,false,false,,0.36535738377203164,1957,budget_exhausted,70.47103214263916
K15_08,15,,7,B,128182595,false,false,,1.0168393850137663e-05,67,budget_exhausted,9.498877048492432
K15_08,15,,7,B,1845143962,false,false,,0.027643927110347376,209,budget_exhausted,16.499205112457275
K15_09,15,,7,B,1683375127,false,false,,0.11709952152858513,47,budget_exhausted,6.136377811431885
K15_09,15,,7,B,893706906,false,false,,9.75788582674482e-06,29,budget_exhausted,3.6470460891723633
K15_09,15,,7,B,1753007184,false,false,,0.13495022459051148,49,budget_exhausted,5.459399938583374
K15_09,15,,7,B,2107424273,false,false,,7.149453050736961e-06,25,budget_exhausted,3.68705677986145
K15_09,15,,7,B,418825361,false,false,,0.00820129032906621,47,budget_exhausted,5.493905305862427
K15_09,15,,7,B,215858185,false,false,,0.021142918495827938,57,budget_exhausted,6.146405935287476
K15_09,15,,7,B,449904892,false,false,,5.811009223210989e-05,29,budget_exhausted,3.875967025756836
K15_09,15,,7,B,1667643188,false,false,,0.040645505510349116,35,budget_exhausted,5.39243221282959
K15_08,15,,7,A,128182595,false,false,,0.0013421097207057422,441,budget_exhausted,30.365407943725586
K15_08,15,,7,A,1845143962,false,false,,0.3290246865248966,1575,budget_exhausted,82.60667896270752
K15_08,15,,7,A,1683375127,false,false,,0.322279960199268,533,budget_exhausted,31.864827156066895
K15_08,15,,7,A,893706906,false,false,,0.3799801500263219,659,budget_exhausted,59.06354212760925
K15_09,15,,7,A,449904892,false,false,,2.106918665048417e-05,317,budget_exhausted,36.7747859954834
K15_09,15,,7,A,1667643188,true,true,17,0.0,15,converged,0.21783709526062012
K15_09,15,,7,B,128182595,false,false,,0.009852197211949484,55,budget_exhausted,6.130283832550049
K15_09,15,,7,B,1845143962,false,false,,0.01655962917494952,65,budget_exhausted,5.905858039855957
K15_09,15,,7,A,128182595,false,false,,2.034605563073198e-05,1037,budget_exhausted,36.81704092025757
K15_09,15,,7,A,1845143962,false,false,,0.022820826028789,661,budget_exhausted,36.198341846466064
K15_09,15,,7,A,1683375127,false,false,,0.012216473547795238,743,budget_exhausted,31.986302852630615
K15_09,15,,7,A,893706906,false,false,,0.12510001822713945,1061,budget_exhausted,18.337440013885498
K15_10,15,,7,B,1683375127,false,false,,0.09232912833264174,105,budget_exhausted,10.864019870758057
K15_10,15,,7,B,893706906,false,false,,0.5954303997545178,101,budget_exhausted,9.953112125396729
K15_10,15,,7,B,1753007184,false,false,,0.03433504078328674,133,budget_exhausted,11.113303184509277
K15_10,15,,7,B,2107424273,false,false,,0.04784822767861216,143,budget_exhausted,12.488188982009888
K15_10,15,,7,B,418825361,false,false,,0.04023685360187086,71,budget_exhausted,7.2163238525390625
K15_10,15,,7,B,215858185,false,false,,0.3350051009804317,57,budget_exhausted,5.703158140182495
K15_10,15,,7,B,449904892,false,false,,0.034257414644216985,53,budget_exhausted,7.2168052196502686
K15_10,15,,7,B,1667643188,false,false,,0.03042591293602556,95,budget_exhausted,10.40979790687561
K15_10,15,,7,A,449904892,false,false,,0.05711727975788969,299,budget_exhausted,27.20138907432556
K15_10,15,,7,A,1667643188,false,false,,0.051991186063562386,465,budget_exhausted,27.753967761993408
K15_10,15,,7,B,128182595,false,false,,0.12331670647682628,133,budget_exhausted,11.467344999313354
K15_10,15,,7,B,1845143962,false,false,,0.015546355592741902,153,budget_exhausted,12.57511281967163
K15_09,15,,7,A,1753007184,false,false,,0.24309175484982853,1747,budget_exhausted,84.3990249633789
K15_09,15,,7,A,2107424273,false,false,,1.081449475354493e-05,1645,budget_exhausted,18.7917902469635
K15_09,15,,7,A,418825361,false,false,,0.00023525962598115168,213,budget_exhausted,16.221060037612915
K15_09,15,,7,A,215858185,false,false,,0.30258237027031704,1133,budget_exhausted,27.346904039382935
K15_11,15,,7,B,1683375127,false,false,,0.056072312481738676,67,budget_exhausted,6.309212923049927
K15_11,15,,7,B,893706906,false,false,,0.14787865670907327,69,budget_exhausted,7.704379081726074
K15_11,15,,7,B,1753007184,false,false,,0.22712588876977663,99,budget_exhausted,10.331642150878906
K15_11,15,,7,B,2107424273,false,false,,0.15801897634905995,49,budget_exhausted,5.795903921127319
K15_10,15,,7,A,128182595,false,false,,0.16294155816835698,1311,budget_exhausted,45.72742986679077
K15_10,15,,7,A,1845143962,false,false,,1.228902577024655,259,budget_exhausted,33.25759315490723
K15_10,15,,7,A,1683375127,false,false,,0.03488647358458916,275,budget_exhausted,30.90522599220276
K15_10,15,,7,A,893706906,false,false,,0.05807663506038785,609,budget_exhausted,35.90628719329834
K15_12,15,,7,A,128182595,false,false,,0.31645610755826914,1,budget_exhausted,0.6106722354888916
K15_12,15,,7,A,1845143962,false,false,,0.31645610755826914,1,budget_exhausted,0.6550002098083496
K15_12,15,,7,A,1683375127,false,false,,0.31645610755826914,1,budget_exhausted,0.6201159954071045
K15_12,15,,7,A,893706906,false,false,,0.31645610755826914,1,budget_exhausted,0.6503539085388184
K15_12,15,,7,A,1753007184,false,false,,0.00347686708565459,145,budget_exhausted,26.056146144866943
K15_12,15,,7,A,2107424273,false,false,,0.31645610755826914,1,budget_exhausted,0.6366281509399414
K15_12,15,,7,A,418825361,false,false,,0.31645610755826914,1,budget_exhausted,0.6184799671173096
K15_12,15,,7,A,215858185,false,false,,0.31645610755826914,1,budget_exhausted,0.6412639617919922
K15_11,15,,7,B,418825361,false,false,,0.15296234601467534,87,budget_exhausted,7.878702878952026
K15_11,15,,7,B,215858185,false,false,,0.00044715749299147653,147,budget_exhausted,13.671381950378418
K15_11,15,,7,B,449904892,false,false,,0.14904862063608068,85,budget_exhausted,8.268295049667358
K15_11,15,,7,B,1667643188,false,false,,0.1340510211478381,103,budget_exhausted,8.545400142669678
K15_12,15,,7,A,449904892,false,false,,0.31645610755826914,1,budget_exhausted,0.6436359882354736
K15_12,15,,7,A,1667643188,false,false,,0.31645610755826914,1,budget_exhausted,0.6330130100250244
K15_12,15,,7,B,128182595,false,false,,0.03180727797798445,55,budget_exhausted,5.34502100944519
K15_12,15,,7,B,1845143962,false,false,,0.05136607548293736,67,budget_exhausted,6.7902538776397705
K15_11,15,,7,A,449904892,false,false,,0.14513477750622886,431,budget_exhausted,21.94874596595764
K15_11,15,,7,A,1667643188,false,false,,0.000943516869943635,1475,budget_exhausted,68.5744059085846
K15_11,15,,7,B,128182595,false,false,,0.0558386540347958,85,budget_exhausted,8.05237889289856
K15_11,15,,7,B,1845143962,false,false,,0.004245590660638302,83,budget_exhausted,6.765888929367065
K15_11,15,,7,A,128182595,false,false,,0.0011984286430337158,723,budget_exhausted,51.53069281578064
K15_11,15,,7,A,1845143962,false,false,,0.04001958361914168,521,budget_exhausted,49.67320513725281
K15_11,15,,7,A,1683375127,false,false,,0.1505285673145778,283,budget_exhausted,19.41027593612671
K15_11,15,,7,A,893706906,false,false,,0.15797419545761932,149,budget_exhausted,16.052130937576294
K15_12,15,,7,B,418825361,false,false,,0.002306413070009117,49,budget_exhausted,5.239214897155762
K15_12,15,,7,B,215858185,false,false,,0.0003789255724178747,81,budget_exhausted,6.9632909297943115
K15_12,15,,7,B,449904892,false,false,,0.0001276924578012446,45,budget_exhausted,6.7257139682769775
K15_12,15,,7,B,1667643188,false,false,,0.051950006697150844,59,budget_exhausted,6.81130313873291
K15_11,15,,7,A,1753007184,false,false,,0.14818867755344892,1617,budget_exhausted,64.44580698013306
K15_11,15,,7,A,2107424273,false,false,,0.15106395720263344,311,budget_exhausted,17.245041131973267
K15_11,15,,7,A,418825361,false,false,,0.14451751042708033,123,budget_exhausted,13.747012853622437
K15_11,15,,7,A,215858185,false,false,,0.1576082354203516,1457,budget_exhausted,46.17883610725403
K15_12,15,,7,B,1683375127,false,false,,0.022450328368555622,65,budget_exhausted,7.000808954238892
K15_12,15,,7,B,893706906,false,false,,0.03309504466813194,113,budget_exhausted,10.143659114837646
K15_12,15,,7,B,1753007184,false,false,,0.03456455465850136,87,budget_exhausted,12.05906891822815
K15_12,15,,7,B,2107424273,false,false,,0.034827524992786185,129,budget_exhausted,11.466701984405518
K15_13,15,,7,B,418825361,false,false,,0.007570951002543432,169,budget_exhausted,14.115657091140747
K15_13,15,,7,B,215858185,false,false,,5.737924535973786e-06,61,budget_exhausted,6.405088901519775
K15_13,15,,7,B,449904892,false,false,,0.040165388838156846,127,budget_exhausted,11.29416799545288
K15_13,15,,7,B,1667643188,false,false,,0.1805269291426999,85,budget_exhausted,9.886842966079712
K15_13,15,,7,B,1683375127,false,false,,0.042047342554289095,113,budget_exhausted,11.715344905853271
K15_13,15,,7,B,893706906,false,false,,0.041078924772302995,145,budget_exhausted,13.250117063522339
K15_13,15,,7,B,1753007184,false,false,,0.07543417768799536,135,budget_exhausted,11.154821157455444
K15_13,15,,7,B,2107424273,false,false,,0.004739084766781515,101,budget_exhausted,10.023863792419434
K15_10,15,,7,A,1753007184,false,false,,0.04834468484094014,1059,budget_exhausted,86.54688000679016
K15_10,15,,7,A,2107424273,false,false,,0.16281166809721284,1457,budget_exhausted,88.51018786430359
K15_10,15,,7,A,418825361,false,false,,1.3254641686625075,209,budget_exhausted,55.991300106048584
K15_10,15,,7,A,215858185,false,false,,0.3046631147540749,465,budget_exhausted,35.50030016899109
K15_14,15,,7,A,128182595,false,false,,1.5649105372476904,3,budget_exhausted,0.8363208770751953
K15_14,15,,7,A,1845143962,false,false,,1.4201116031698475,1519,budget_exhausted,24.107224941253662
K15_14,15,,7,A,1683375127,false,false,,1.5649105372476904,3,budget_exhausted,0.8282949924468994
K15_14,15,,7,A,893706906,false,false,,1.3295359757763405,1005,budget_exhausted,26.470738887786865
K15_14,15,,7,A,1753007184,false,false,,1.5649105372476904,3,budget_exhausted,0.8402669429779053
K15_14,15,,7,A,2107424273,false,false,,1.2724022844576988,245,budget_exhausted,17.624112844467163
K15_14,15,,7,A,418825361,false,false,,1.3764346419341356,967,budget_exhausted,33.03504800796509
K15_14,15,,7,A,215858185,false,false,,1.5649105372476904,3,budget_exhausted,0.8525969982147217
K15_13,15,,7,A,449904892,false,false,,0.006802053211076369,1273,budget_exhausted,47.72725820541382
K15_13,15,,7,A,1667643188,false,false,,0.02328990274323006,431,budget_exhausted,33.09947896003723
K15_13,15,,7,B,128182595,false,false,,0.010555776713918202,163,budget_exhausted,12.44283390045166
K15_13,15,,7,B,1845143962,false,false,,0.00876821211575941,85,budget_exhausted,7.7659831047058105
K15_14,15,,7,B,1683375127,false,false,,1.3621854586610942,59,budget_exhausted,5.965517282485962
K15_14,15,,7,B,893706906,true,false,37,1.0255905085809593e-08,43,converged,1.0037810802459717
K15_14,15,,7,B,1753007184,false,false,,1.2876269671973608,103,budget_exhausted,8.956271171569824
K15_14,15,,7,B,2107424273,false,false,,1.3314728082201408,45,budget_exhausted,6.370343923568726
K15_14,15,,7,B,418825361,false,false,,1.2961597715364235,125,budget_exhausted,10.383463144302368
K15_14,15,,7,B,215858185,false,false,,1.0886826202680064,39,budget_exhausted,4.685528039932251
K15_14,15,,7,B,449904892,false,false,,0.21614864078754364,101,budget_exhausted,9.9894700050354
K15_14,15,,7,B,1667643188,false,false,,1.3354997221524896,111,budget_exhausted,11.877063989639282
K15_13,15,,7,A,128182595,false,false,,0.016295079404194588,927,budget_exhausted,60.64609932899475
K15_13,15,,7,A,1845143962,false,false,,0.016826081222735254,247,budget_exhausted,23.758243083953857
K15_13,15,,7,A,1683375127,false,false,,0.006006196955112914,717,budget_exhausted,32.54762077331543
K15_13,15,,7,A,893706906,false,false,,0.0010649128159411659,993,budget_exhausted,42.94438195228577
K15_14,15,,7,A,449904892,false,false,,1.5649105372476904,3,budget_exhausted,0.8486049175262451
K15_14,15,,7,A,1667643188,false,false,,1.3730182568209364,1575,budget_exhausted,80.36588406562805
K15_14,15,,7,B,128182595,false,false,,0.6818252364059634,71,budget_exhausted,6.720517158508301
K15_14,15,,7,B,1845143962,false,false,,0.5772611698052706,37,budget_exhausted,4.046554803848267
K15_15,15,,7,B,1683375127,false,false,,0.002635833833503266,77,budget_exhausted,6.568262100219727
K15_15,15,,7,B,893706906,false,false,,0.0006084335384788486,119,budget_exhausted,7.872882843017578
K15_15,15,,7,B,1753007184,false,false,,0.00017028418979604296,63,budget_exhausted,6.276614189147949
K15_15,15,,7,B,2107424273,false,false,,0.009747478964263754,101,budget_exhausted,9.89619493484497
K15_15,15,,7,B,418825361,false,false,,0.001745549807210558,41,budget_exhausted,6.6755640506744385
K15_15,15,,7,B,215858185,false,false,,0.02069719449592502,121,budget_exhausted,8.844986915588379
K15_15,15,,7,B,449904892,false,false,,0.004424968743206347,89,budget_exhausted,8.033031940460205
K15_15,15,,7,B,1667643188,false,false,,0.002584594629012097,51,budget_exhausted,7.693637847900391
K15_13,15,,7,A,1753007184,false,false,,0.015586322803230176,1353,budget_exhausted,71.37745809555054
K15_13,15,,7,A,2107424273,false,false,,1.3984337234403778e-06,151,budget_exhausted,38.30557298660278
K15_13,15,,7,A,418825361,false,false,,2.9139877782257677e-05,501,budget_exhausted,54.87233209609985
K15_13,15,,7,A,215858185,false,false,,0.008170905942384371,793,budget_exhausted,64.49118900299072
K15_15,15,,7,A,1753007184,false,false,,0.0006333700036507198,997,budget_exhausted,40.91561007499695
K15_15,15,,7,A,2107424273,false,false,,0.0007981449062746216,617,budget_exhausted,36.999348878860474
K15_15,15,,7,A,418825361,false,false,,0.0018458899332086194,835,budget_exhausted,37.2145619392395
K15_15,15,,7,A,215858185,false,false,,0.0007046544608299778,641,budget_exhausted,39.53768587112427
K15_15,15,,7,A,128182595,false,false,,8.642196970607234e-05,1037,budget_exhausted,41.20416593551636
K15_15,15,,7,A,1845143962,false,false,,0.0007191545721113295,1097,budget_exhausted,56.746082067489624
K15_15,15,,7,A,1683375127,false,false,,0.0008529291943626681,979,budget_exhausted,38.62109398841858
K15_15,15,,7,A,893706906,false,false,,0.0005928638638136108,1275,budget_exhausted,41.11649513244629
K15_16,15,,7,B,1683375127,false,false,,0.009375357286229352,23,budget_exhausted,5.613205909729004
K15_16,15,,7,B,893706906,false,false,,0.020289593924914945,83,budget_exhausted,7.666269302368164
K15_16,15,,7,B,1753007184,false,false,,0.0005441476887081475,51,budget_exhausted,5.78362512588501
K15_16,15,,7,B,2107424273,false,false,,0.007631658074377935,33,budget_exhausted,4.1476757526397705
K15_15,15,,7,A,449904892,false,false,,0.0009255456507738677,1269,budget_exhausted,60.05233907699585
K15_15,15,,7,A,1667643188,false,false,,0.0014331712921961234,1383,budget_exhausted,87.40953397750854
K15_15,15,,7,B,128182595,false,false,,0.00046697698857702956,87,budget_exhausted,7.908547878265381
K15_15,15,,7,B,1845143962,false,false,,0.001641294268609154,109,budget_exhausted,8.727091789245605
K15_16,15,,7,A,1753007184,false,false,,0.01821897963936961,1081,budget_exhausted,57.22961926460266
K15_16,15,,7,A,2107424273,false,false,,0.002695417998711794,127,budget_exhausted,22.331435918807983
K15_16,15,,7,A,418825361,false,false,,0.029457036803105498,673,budget_exhausted,22.801788091659546
K15_16,15,,7,A,215858185,false,false,,0.012570319454722876,497,budget_exhausted,21.652278900146484
K15_16,15,,7,B,418825361,false,false,,0.0086362628418133,29,budget_exhausted,3.8336222171783447
K15_16,15,,7,B,215858185,false,false,,0.012962959684623531,101,budget_exhausted,9.256560802459717
K15_16,15,,7,B,449904892,false,false,,0.050999067991695686,65,budget_exhausted,7.163696050643921
K15_16,15,,7,B,1667643188,false,false,,0.04306184061440125,85,budget_exhausted,6.862254858016968
K15_16,15,,7,A,449904892,false,false,,0.009969813846798029,983,budget_exhausted,39.00872778892517
K15_16,15,,7,A,1667643188,false,false,,0.004754519108992013,265,budget_exhausted,45.67054104804993
K15_16,15,,7,B,128182595,false,false,,0.007641141585986023,97,budget_exhausted,9.516839981079102
K15_16,15,,7,B,1845143962,false,false,,0.009047836934981958,53,budget_exhausted,5.89159083366394
K15_16,15,,7,A,128182595,false,false,,0.009036172476162594,1295,budget_exhausted,61.269022941589355
K15_16,15,,7,A,1845143962,false,false,,0.003529057479703965,567,budget_exhausted,55.88873100280762
K15_16,15,,7,A,1683375127,false,false,,0.007646269159444329,717,budget_exhausted,25.908733129501343
K15_16,15,,7,A,893706906,false,false,,0.0016404508947615102,465,budget_exhausted,26.466820240020752
K15_17,15,,7,B,1683375127,false,false,,0.03166009093761089,61,budget_exhausted,6.463926076889038
K15_17,15,,7,B,893706906,false,false,,0.026357734466601255,61,budget_exhausted,5.946378946304321
K15_17,15,,7,B,1753007184,false,false,,0.07963911941555718,179,budget_exhausted,14.529453754425049
K15_17,15,,7,B,2107424273,false,false,,0.052871175766187516,123,budget_exhausted,10.986231088638306
K15_17,15,,7,A,128182595,false,false,,0.0846669134230368,287,budget_exhausted,29.38876700401306
K15_17,15,,7,A,1845143962,true,true,26,0.0,15,converged,0.4721190929412842
K15_17,15,,7,A,1683375127,false,false,,9.011682438862764e-06,47,budget_exhausted,10.455711841583252
K15_17,15,,7,A,893706906,false,false,,0.035102309451978335,367,budget_exhausted,20.718042850494385
K15_18,15,,7,A,128182595,false,false,,0.8778072444689928,5,budget_exhausted,1.268848180770874
K15_18,15,,7,A,1845143962,false,false,,0.8778072444689928,5,budget_exhausted,1.1544079780578613
K15_18,15,,7,A,1683375127,false,false,,0.8778072444689928,5,budget_exhausted,1.4119939804077148
K15_18,15,,7,A,893706906,false,false,,1.560249732397795e-05,613,budget_exhausted,21.920570135116577
K15_17,15,,7,B,418825361,false,false,,0.0575140391621621,139,budget_exhausted,10.450408935546875
K15_17,15,,7,B,215858185,false,false,,0.02122547412357512,199,budget_exhausted,18.70612907409668
K15_17,15,,7,B,449904892,false,false,,0.13548039604704945,173,budget_exhausted,20.769121646881104
K15_17,15,,7,B,1667643188,false,false,,0.035543409690290136,67,budget_exhausted,7.290953874588013
K15_18,15,,7,B,1683375127,false,false,,1782.0331599401525,115,budget_exhausted,10.787085056304932
K15_18,15,,7,B,893706906,false,false,,0.8778072444689928,5,budget_exhausted,6.944753885269165
K15_18,15,,7,B,1753007184,false,false,,0.8778072444689928,5,budget_exhausted,8.312895059585571
K15_18,15,,7,B,2107424273,false,false,,0.8778072444689928,5,budget_exhausted,9.43907880783081
K15_18,15,,7,B,418825361,false,false,,114.39741525334425,61,budget_exhausted,7.516479969024658
K15_18,15,,7,B,215858185,false,false,,0.8186112508300495,27,budget_exhausted,4.646704912185669
K15_18,15,,7,B,449904892,false,false,,0.8778072444689928,5,budget_exhausted,12.487498044967651
K15_18,15,,7,B,1667643188,false,false,,3809.205454584146,89,budget_exhausted,11.294442176818848
K15_18,15,,7,A,449904892,false,false,,0.8778072444689928,5,budget_exhausted,1.1742761135101318
K15_18,15,,7,A,1667643188,false,false,,0.00042235522940900163,859,budget_exhausted,48.77706503868103
K15_18,15,,7,B,128182595,false,false,,53.192813946475844,45,budget_exhausted,6.769216060638428
K15_18,15,,7,B,1845143962,false,false,,2.0789877526413583,81,budget_exhausted,9.72245717048645
K15_18,15,,7,A,1753007184,false,false,,0.0020406651502775475,139,budget_exhausted,20.19103693962097
K15_18,15,,7,A,2107424273,false,false,,2.1941754462770472e-05,887,budget_exhausted,30.97233295440674
K15_18,15,,7,A,418825361,false,false,,0.00968354358502109,289,budget_exhausted,32.797508001327515
K15_18,15,,7,A,215858185,true,true,154,0.0,15,converged,1.095217227935791
K15_17,15,,7,A,449904892,false,false,,0.007208969844292995,343,budget_exhausted,34.16300702095032
K15_17,15,,7,A,1667643188,false,false,,0.014296870282471114,599,budget_exhausted,79.38896322250366
K15_17,15,,7,B,128182595,false,false,,0.06138916721712745,51,budget_exhausted,6.633616209030151
K15_17,15,,7,B,1845143962,false,false,,0.027344503738733445,103,budget_exhausted,11.114177942276001
K15_17,15,,7,A,1753007184,false,false,,0.0019497249186804357,715,budget_exhausted,19.850379943847656
K15_17,15,,7,A,2107424273,false,false,,0.01660786723379114,481,budget_exhausted,39.38296699523926
K15_17,15,,7,A,418825361,false,false,,8.642781174365796e-06,69,budget_exhausted,9.285979986190796
K15_17,15,,7,A,215858185,false,false,,0.009304252225010646,371,budget_exhausted,75.27769613265991
K15_19,15,,7,B,418825361,false,false,,2.011936152762425e-05,23,budget_exhausted,3.9751570224761963
K15_19,15,,7,B,215858185,false,false,,0.0018480163430408779,45,budget_exhausted,5.6224870681762695
K15_19,15,,7,B,449904892,false,false,,1.3301000072594219e-05,37,budget_exhausted,5.597533941268921
K15_19,15,,7,B,1667643188,false,false,,0.0019238300133362241,27,budget_exhausted,4.072920083999634
K15_19,15,,7,B,1683375127,false,false,,0.00010425830332823233,39,budget_exhausted,5.858824968338013
K15_19,15,,7,B,893706906,false,false,,0.0002462135815170553,95,budget_exhausted,9.222517967224121
K15_19,15,,7,B,1753007184,false,false,,5.347854637290388e-05,31,budget_exhausted,4.6178600788116455
K15_19,15,,7,B,2107424273,false,false,,0.019978179767395784,101,budget_exhausted,11.763915061950684
K15_19,15,,7,A,128182595,false,false,,0.00018052712215732293,1011,budget_exhausted,39.73308181762695
K15_19,15,,7,A,1845143962,true,true,17,0.0,15,converged,0.29441189765930176
K15_19,15,,7,A,1683375127,true,true,117,0.0,15,converged,8.237125158309937
K15_19,15,,7,A,893706906,false,false,,0.0002359059840726794,669,budget_exhausted,36.01665019989014
K15_19,15,,7,A,449904892,false,false,,0.011027628428492026,573,budget_exhausted,49.189050912857056
K15_19,15,,7,A,1667643188,false,false,,1.4426956814300017e-05,643,budget_exhausted,31.63446307182312
K15_19,15,,7,B,128182595,false,false,,0.0004279666866205006,21,budget_exhausted,8.200727939605713
K15_19,15,,7,B,1845143962,false,false,,0.0001055124206586723,27,budget_exhausted,4.417922735214233
K15_19,15,,7,A,1753007184,false,false,,0.008631141052947414,313,budget_exhausted,97.0516767501831
K15_19,15,,7,A,2107424273,true,true,15,0.0,15,converged,0.21789193153381348
K15_19,15,,7,A,418825361,true,true,2,0.0,15,converged,0.11815094947814941
K15_19,15,,7,A,215858185,false,false,,0.33898055738050925,585,budget_exhausted,30.227539777755737
K15_20,15,,7,B,1683375127,false,false,,1.5753377485187718,137,budget_exhausted,14.550323963165283
K15_20,15,,7,B,893706906,false,false,,0.002406774122284981,61,budget_exhausted,7.419481039047241
K15_20,15,,7,B,1753007184,false,false,,0.13642074190649944,225,budget_exhausted,22.840657949447632
K15_20,15,,7,B,2107424273,false,false,,0.06640848974409234,151,budget_exhausted,14.942224979400635
K15_20,15,,7,A,449904892,false,false,,0.5726287475006265,341,budget_exhausted,24.174265146255493
K15_20,15,,7,A,1667643188,false,false,,0.02245614155774425,337,budget_exhausted,45.94563388824463
K15_20,15,,7,B,128182595,false,false,,0.07456357221908994,167,budget_exhausted,15.435948133468628
K15_20,15,,7,B,1845143962,false,false,,0.020871465306176763,47,budget_exhausted,5.746397018432617
K15_20,15,,7,B,418825361,false,false,,1.192475304580806,47,budget_exhausted,6.6977739334106445
K15_20,15,,7,B,215858185,false,false,,0.05920025996312779,185,budget_exhausted,17.459250926971436
K15_20,15,,7,B,449904892,false,false,,0.2870593896209535,139,budget_exhausted,16.636992931365967
K15_20,15,,7,B,1667643188,false,false,,0.1340708997510033,189,budget_exhausted,19.87277889251709
K15_20,15,,7,A,128182595,false,false,,0.06859749199864448,507,budget_exhausted,14.283900737762451
K15_20,15,,7,A,1845143962,false,false,,0.0159544725627954,1911,budget_exhausted,101.65898609161377
K15_20,15,,7,A,1683375127,false,false,,0.0018556775485221806,751,budget_exhausted,25.11465811729431
K15_20,15,,7,A,893706906,false,false,,0.001859989063359122,37,budget_exhausted,46.12333607673645
K15_20,15,,7,A,1753007184,false,false,,0.33827448503024177,893,budget_exhausted,70.17449808120728
K15_20,15,,7,A,2107424273,false,false,,0.09879923558497954,1021,budget_exhausted,68.50928211212158
K15_20,15,,7,A,418825361,false,false,,0.002361374542273932,137,budget_exhausted,13.179696083068848
K15_20,15,,7,A,215858185,false,false,,0.14883756304808604,397,budget_exhausted,27.398728847503662
K15_21,15,,7,B,1683375127,false,false,,0.8876046904708954,15,budget_exhausted,42.195038080215454
K15_21,15,,7,B,893706906,false,false,,0.8876046904708954,15,budget_exhausted,51.702791929244995
K15_21,15,,7,B,1753007184,false,false,,0.8876046904708954,15,budget_exhausted,38.16436314582825
K15_21,15,,7,B,2107424273,false,false,,0.8876046904708954,15,budget_exhausted,26.838085174560547
K15_21,15,,7,A,128182595,false,false,,0.8876046904708954,15,budget_exhausted,51.55586314201355
K15_21,15,,7,A,1845143962,false,false,,0.8876046904708954,15,budget_exhausted,58.975868940353394
K15_21,15,,7,A,1683375127,false,false,,0.8876046904708954,15,budget_exhausted,75.86515402793884
K15_21,15,,7,A,893706906,false,false,,0.8876046904708954,15,budget_exhausted,57.377772092819214
K15_21,15,,7,A,449904892,false,false,,0.8876046904708954,15,budget_exhausted,39.63799285888672
K15_21,15,,7,A,1667643188,false,false,,0.8876046904708954,15,budget_exhausted,49.02608394622803
K15_21,15,,7,B,128182595,false,false,,0.8876046904708954,15,budget_exhausted,77.87241196632385
K15_21,15,,7,B,1845143962,false,false,,0.8876046904708954,15,budget_exhausted,70.80868697166443
K15_22,15,,7,A,128182595,false,false,,0.003905179640420706,973,budget_exhausted,79.92723894119263
K15_22,15,,7,A,1845143962,false,false,,0.0030984451898552774,261,budget_exhausted,16.568525075912476
K15_22,15,,7,A,1683375127,false,false,,0.0014659408784998508,371,budget_exhausted,28.579120874404907
K15_22,15,,7,A,893706906,false,false,,0.0027439682654064094,939,budget_exhausted,75.6747829914093
K15_22,15,,7,B,1683375127,false,false,,0.0031156089133295337,109,budget_exhausted,10.203524827957153
K15_22,15,,7,B,893706906,false,false,,0.00019646558522391135,63,budget_exhausted,8.389484167098999
K15_22,15,,7,B,1753007184,false,false,,0.18650851171737,89,budget_exhausted,16.2725031375885
K15_22,15,,7,B,2107424273,false,false,,0.2785333767900096,125,budget_exhausted,12.839457988739014
K15_21,15,,7,B,418825361,false,false,,0.8876046904708954,15,budget_exhausted,69.47662210464478
K15_21,15,,7,B,215858185,false,false,,0.8876046904708954,15,budget_exhausted,27.367976903915405
K15_21,15,,7,B,449904892,false,false,,0.8876046904708954,15,budget_exhausted,69.01134729385376
K15_21,15,,7,B,1667643188,false,false,,0.8876046904708954,15,budget_exhausted,62.601905822753906
K15_21,15,,7,A,1753007184,false,false,,0.8876046904708954,15,budget_exhausted,95.12385702133179
K15_21,15,,7,A,2107424273,false,false,,0.8876046904708954,15,budget_exhausted,126.49630522727966
K15_21,15,,7,A,418825361,false,false,,0.8876046904708954,15,budget_exhausted,37.68990182876587
K15_21,15,,7,A,215858185,false,false,,0.8876046904708954,15,budget_exhausted,62.45044732093811
K15_22,15,,7,A,449904892,false,false,,0.003983166684144741,399,budget_exhausted,43.13423824310303
K15_22,15,,7,A,1667643188,false,false,,0.0009669322307656751,319,budget_exhausted,28.05057430267334
K15_22,15,,7,B,128182595,false,false,,0.001782155109571431,121,budget_exhausted,13.665093898773193
K15_22,15,,7,B,1845143962,false,false,,0.001515356439266434,101,budget_exhausted,9.210932970046997
K15_22,15,,7,B,418825361,false,false,,0.0014016986018366424,125,budget_exhausted,12.26030683517456
K15_22,15,,7,B,215858185,false,false,,0.0516095150104793,117,budget_exhausted,9.889264106750488
K15_22,15,,7,B,449904892,false,false,,0.006401516496355073,85,budget_exhausted,9.594244956970215
K15_22,15,,7,B,1667643188,false,false,,0.0016656622691831337,133,budget_exhausted,12.092342138290405
K15_22,15,,7,A,1753007184,false,false,,0.00815823156785042,393,budget_exhausted,35.33663725852966
K15_22,15,,7,A,2107424273,false,false,,0.005930433564071405,351,budget_exhausted,29.823540925979614
K15_22,15,,7,A,418825361,false,false,,0.0067688910629550405,1721,budget_exhausted,89.81045317649841
K15_22,15,,7,A,215858185,false,false,,0.04053202318302794,781,budget_exhausted,15.546404123306274
K15_24,15,,7,A,128182595,true,true,2,1.3936785910148123e-32,7,converged,0.1346759796142578
K15_24,15,,7,A,1845143962,true,true,3,1.3936785910148123e-32,7,converged,0.16019105911254883
K15_24,15,,7,A,1683375127,true,true,2,1.3936785910148123e-32,7,converged,0.12969493865966797
K15_24,15,,7,A,893706906,true,true,2,1.3936785910148123e-32,7,converged,0.15970897674560547
K15_23,15,,7,B,418825361,false,false,,0.00013181638801407208,53,budget_exhausted,6.532191038131714
K15_23,15,,7,B,215858185,false,false,,0.03132059232086555,103,budget_exhausted,10.718791007995605
K15_23,15,,7,B,449904892,false,false,,0.0016904454100891927,99,budget_exhausted,10.218400001525879
K15_23,15,,7,B,1667643188,false,false,,0.10882978511453133,93,budget_exhausted,8.659639835357666
K15_23,15,,7,B,1683375127,false,false,,0.012821273401984714,103,budget_exhausted,11.569485902786255
K15_23,15,,7,B,893706906,false,false,,0.058565788242477365,111,budget_exhausted,11.535059928894043
K15_23,15,,7,B,1753007184,false,false,,0.00011282151221271626,43,budget_exhausted,5.126661777496338
K15_23,15,,7,B,2107424273,false,false,,0.036402829769701085,147,budget_exhausted,14.08202862739563
K15_24,15,,7,B,1683375127,false,false,,1.3414872118158683e-05,11,budget_exhausted,4.289042949676514
K15_24,15,,7,B,893706906,true,true,7,1.3936785910148123e-32,7,converged,0.3167858123779297
K15_24,15,,7,B,1753007184,true,true,91,1.3936785910148123e-32,7,converged,2.293520927429199
K15_24,15,,7,B,2107424273,true,true,11,1.3936785910148123e-32,7,converged,0.377349853515625
K15_24,15,,7,A,1753007184,true,true,7,1.3936785910148123e-32,7,converged,0.17188000679016113
K15_24,15,,7,A,2107424273,true,true,4,1.3936785910148123e-32,7,converged,0.1743628978729248
K15_24,15,,7,A,418825361,false,false,,9.480325784292622e-06,65,budget_exhausted,10.672631025314331
K15_24,15,,7,A,215858185,false,false,,9.71289485187484e-06,119,budget_exhausted,13.745825052261353
K15_24,15,,7,B,418825361,false,false,,8.024997815812282e-06,17,budget_exhausted,3.4017910957336426
K15_24,15,,7,B,215858185,false,false,,0.04779641603520227,109,budget_exhausted,10.775211811065674
K15_24,15,,7,B,449904892,true,true,71,1.3936785910148123e-32,7,converged,1.9113349914550781
K15_24,15,,7,B,1667643188,true,true,148,1.3936785910148123e-32,7,converged,3.152902841567993
K15_23,15,,7,A,449904892,false,false,,0.044226695883792515,1151,budget_exhausted,48.59084177017212
K15_23,15,,7,A,1667643188,false,false,,0.02144143610332618,847,budget_exhausted,35.017868995666504
K15_23,15,,7,B,128182595,false,false,,0.0686198424020285,95,budget_exhausted,6.9118218421936035
K15_23,15,,7,B,1845143962,false,false,,0.0003104897737262117,67,budget_exhausted,5.3582799434661865
K15_24,15,,7,A,449904892,false,false,,1.1074335121048919e-05,41,budget_exhausted,40.76116991043091
K15_24,15,,7,A,1667643188,true,true,2,1.3936785910148123e-32,7,converged,0.1103827953338623
K15_24,15,,7,B,128182595,false,false,,1.1656642102120116e-05,89,budget_exhausted,6.8268210887908936
K15_24,15,,7,B,1845143962,false,false,,8.634900781165938e-06,41,budget_exhausted,4.578567981719971
K15_25,15,,7,A,128182595,false,false,,3.6671263139052494e-05,1793,budget_exhausted,11.489339828491211
K15_25,15,,7,A,1845143962,false,false,,1.066088224084799e-05,321,budget_exhausted,14.14163589477539
K15_25,15,,7,A,1683375127,false,false,,0.8837149797761068,3,budget_exhausted,0.6641530990600586
K15_25,15,,7,A,893706906,false,false,,0.0002710556597150906,163,budget_exhausted,22.097320318222046
K15_25,15,,7,B,1683375127,false,false,,0.7891237333115071,23,budget_exhausted,6.312949895858765
K15_25,15,,7,B,893706906,false,false,,0.8837149797761068,3,budget_exhausted,7.8287811279296875
K15_25,15,,7,B,1753007184,false,false,,0.488164349974878,63,budget_exhausted,6.615684270858765
K15_25,15,,7,B,2107424273,false,false,,0.5150132731887301,81,budget_exhausted,10.165539026260376
K15_25,15,,7,A,449904892,false,false,,0.8837149797761068,3,budget_exhausted,0.9222970008850098
K15_25,15,,7,A,1667643188,false,false,,9.73131666642995e-06,93,budget_exhausted,23.342595100402832
K15_25,15,,7,B,128182595,false,false,,0.00016618319002959544,39,budget_exhausted,5.336039066314697
K15_25,15,,7,B,1845143962,false,false,,0.0001969308541550734,45,budget_exhausted,4.94690728187561
K15_25,15,,7,B,418825361,false,false,,0.8837149797761068,3,budget_exhausted,9.235492944717407
K15_25,15,,7,B,215858185,false,false,,0.8837149797761068,3,budget_exhausted,4.851480007171631
K15_25,15,,7,B,449904892,false,false,,0.8837149797761068,3,budget_exhausted,7.993185043334961
K15_25,15,,7,B,1667643188,false,false,,0.8837149797761068,3,budget_exhausted,8.73206114768982
K15_25,15,,7,A,1753007184,false,false,,0.0002627943406644187,1077,budget_exhausted,16.803951025009155
K15_25,15,,7,A,2107424273,false,false,,0.0007005072215110193,1101,budget_exhausted,26.39895510673523
K15_25,15,,7,A,418825361,false,false,,7.292731990349569e-05,545,budget_exhausted,24.066182136535645
K15_25,15,,7,A,215858185,false,false,,0.0011072447990581413,197,budget_exhausted,2.999785900115967
K15_23,15,,7,A,1753007184,false,false,,0.0067207535336412765,487,budget_exhausted,34.02321100234985
K15_23,15,,7,A,2107424273,false,false,,0.06644193091211517,383,budget_exhausted,42.05100607872009
K15_23,15,,7,A,418825361,false,false,,0.24136668332646877,1867,budget_exhausted,62.171358823776245
K15_23,15,,7,A,215858185,false,false,,9.92422646108147e-06,349,budget_exhausted,22.525826930999756
K15_26,15,,7,B,1683375127,false,false,,0.1259794851548176,113,budget_exhausted,12.115636825561523
K15_26,15,,7,B,893706906,false,false,,0.021316178316959197,95,budget_exhausted,9.45239806175232
K15_26,15,,7,B,1753007184,false,false,,0.10644378265116067,121,budget_exhausted,12.132652997970581
K15_26,15,,7,B,2107424273,false,false,,0.40791486179165515,35,budget_exhausted,6.238579988479614
K15_26,15,,7,B,418825361,false,false,,0.07242232230515233,105,budget_exhausted,11.769171237945557
K15_26,15,,7,B,215858185,false,false,,0.148834939215931,103,budget_exhausted,9.924499988555908
K15_26,15,,7,B,449904892,false,false,,0.06142197981167776,187,budget_exhausted,13.055847883224487
K15_26,15,,7,B,1667643188,false,false,,0.001519212692607577,91,budget_exhausted,9.893719911575317
K15_26,15,,7,A,449904892,false,false,,0.03844689146029122,719,budget_exhausted,15.434566259384155
K15_26,15,,7,A,1667643188,false,false,,0.01259095172910923,501,budget_exhausted,25.450273036956787
K15_26,15,,7,B,128182595,false,false,,0.007999863336049327,89,budget_exhausted,7.882698059082031
K15_26,15,,7,B,1845143962,false,false,,0.8888625836543188,47,budget_exhausted,8.826192140579224
K15_23,15,,7,A,128182595,false,false,,0.1122570857779208,835,budget_exhausted,95.72405314445496
K15_23,15,,7,A,1845143962,false,false,,9.372036080828415e-06,193,budget_exhausted,25.116561889648438
K15_23,15,,7,A,1683375127,false,false,,0.008516130655528862,933,budget_exhausted,81.92546010017395
K15_23,15,,7,A,893706906,false,false,,0.0384404016800824,449,budget_exhausted,82.82803797721863
K15_27,15,,7,B,1683375127,false,false,,0.022740414395963686,71,budget_exhausted,8.484530210494995
K15_27,15,,7,B,893706906,false,false,,0.18005094802840302,39,budget_exhausted,4.361286163330078
K15_27,15,,7,B,1753007184,false,false,,0.09387931619541062,79,budget_exhausted,6.903840065002441
K15_27,15,,7,B,2107424273,false,false,,0.09360519527161447,93,budget_exhausted,7.972373723983765
K15_27,15,,7,B,418825361,false,false,,0.0008199710735723296,59,budget_exhausted,4.882865905761719
K15_27,15,,7,B,215858185,false,false,,0.0035746137177816327,73,budget_exhausted,6.093297004699707
K15_27,15,,7,B,449904892,false,false,,0.7871365506323668,69,budget_exhausted,7.847293853759766
K15_27,15,,7,B,1667643188,false,false,,0.09311352756915385,91,budget_exhausted,8.282259941101074
K15_27,15,,7,A,449904892,false,false,,0.01861699485165853,459,budget_exhausted,24.312397003173828
K15_27,15,,7,A,1667643188,false,false,,0.0008517006937952306,1643,budget_exhausted,79.4363420009613
K15_27,15,,7,B,128182595,false,false,,0.4216424608073139,35,budget_exhausted,4.198909282684326
K15_27,15,,7,B,1845143962,false,false,,0.003176708590882076,33,budget_exhausted,4.699907064437866
K15_26,15,,7,A,128182595,false,false,,0.0004047956005311251,1551,budget_exhausted,61.93672800064087
K15_26,15,,7,A,1845143962,false,false,,0.002295902405012361,685,budget_exhausted,27.356348037719727
K15_26,15,,7,A,1683375127,false,false,,0.003947043849344423,665,budget_exhausted,45.46419310569763
K15_26,15,,7,A,893706906,false,false,,0.0030529664942290785,931,budget_exhausted,53.62294912338257
K15_27,15,,7,A,1753007184,false,false,,0.17918875820398916,1403,budget_exhausted,52.609135150909424
K15_27,15,,7,A,2107424273,false,false,,0.01857379148093456,91,budget_exhausted,12.037002086639404
K15_27,15,,7,A,418825361,false,false,,0.0001634351720770449,691,budget_exhausted,50.14361310005188
K15_27,15,,7,A,215858185,false,false,,4.4209079462654504e-05,1869,budget_exhausted,75.07815718650818
K15_27,15,,7,A,128182595,false,false,,0.007350556785390151,375,budget_exhausted,14.881235837936401
K15_27,15,,7,A,1845143962,false,false,,0.005631797393851874,99,budget_exhausted,34.68128514289856
K15_27,15,,7,A,1683375127,false,false,,0.00022570009137679804,913,budget_exhausted,63.13627314567566
K15_27,15,,7,A,893706906,false,false,,0.0007399290447214595,1253,budget_exhausted,97.8254508972168
K15_26,15,,7,A,1753007184,false,false,,0.10932859238264729,1103,budget_exhausted,80.27676391601562
K15_26,15,,7,A,2107424273,false,false,,0.005084871168215393,471,budget_exhausted,28.150758028030396
K15_26,15,,7,A,418825361,false,false,,1.0716953611701059,1935,budget_exhausted,116.56339478492737
K15_26,15,,7,A,215858185,false,false,,0.3076490484242234,1497,budget_exhausted,71.50095891952515
K15_28,15,,7,A,449904892,false,false,,0.11121961323625948,15,budget_exhausted,37.077433824539185
K15_28,15,,7,A,1667643188,false,false,,0.11121961323625948,15,budget_exhausted,55.16295886039734
K15_28,15,,7,B,128182595,false,false,,0.11121961323625948,15,budget_exhausted,69.80230808258057
K15_28,15,,7,B,1845143962,false,false,,4.451073277726832e-05,65,budget_exhausted,30.42379903793335
K15_28,15,,7,A,128182595,false,false,,0.11121961323625948,15,budget_exhausted,46.775151014328
K15_28,15,,7,A,1845143962,false,false,,0.11121961323625948,15,budget_exhausted,50.0221471786499
K15_28,15,,7,A,1683375127,false,false,,0.11121961323625948,15,budget_exhausted,65.6962730884552
K15_28,15,,7,A,893706906,false,false,,0.11121961323625948,15,budget_exhausted,51.050171852111816
K15_28,15,,7,B,1683375127,false,false,,0.11121961323625948,15,budget_exhausted,35.20172905921936
K15_28,15,,7,B,893706906,false,false,,0.11121961323625948,15,budget_exhausted,46.010833740234375
K15_28,15,,7,B,1753007184,false,false,,0.11121961323625948,15,budget_exhausted,34.31383180618286
K15_28,15,,7,B,2107424273,false,false,,0.11121961323625948,15,budget_exhausted,23.561084270477295
K15_29,15,,7,B,1683375127,false,false,,0.001809157127689002,69,budget_exhausted,5.956331968307495
K15_29,15,,7,B,893706906,false,false,,0.0013418667774040597,41,budget_exhausted,4.779328107833862
K15_29,15,,7,B,1753007184,false,false,,4.86117495272108e-06,25,budget_exhausted,3.568171977996826
K15_29,15,,7,B,2107424273,false,false,,0.08139425566182137,7,budget_exhausted,7.994754791259766
K15_28,15,,7,A,1753007184,false,false,,0.11121961323625948,15,budget_exhausted,84.35102796554565
K15_28,15,,7,A,2107424273,false,false,,0.11121961323625948,15,budget_exhausted,113.37636208534241
K15_28,15,,7,A,418825361,false,false,,0.11121961323625948,15,budget_exhausted,31.438021183013916
K15_28,15,,7,A,215858185,false,false,,0.11010748026842872,27,budget_exhausted,18.376471042633057
K15_29,15,,7,B,418825361,false,false,,0.029258388128025888,37,budget_exhausted,5.251769065856934
K15_29,15,,7,B,215858185,false,false,,0.17168193502568518,147,budget_exhausted,13.978754043579102
K15_29,15,,7,B,449904892,false,false,,1.0007238239620083e-05,17,budget_exhausted,3.6900055408477783
K15_29,15,,7,B,1667643188,false,false,,0.008628751413683662,63,budget_exhausted,6.666321754455566
K15_28,15,,7,B,418825361,false,false,,0.11121961323625948,15,budget_exhausted,58.920615911483765
K15_28,15,,7,B,215858185,false,false,,0.11121961323625948,15,budget_exhausted,26.32019877433777
K15_28,15,,7,B,449904892,false,false,,0.11121961323625948,15,budget_exhausted,58.96890878677368
K15_28,15,,7,B,1667643188,false,false,,0.11121961323625948,15,budget_exhausted,49.75809192657471
K15_29,15,,7,A,128182595,false,false,,0.005747138181366289,513,budget_exhausted,26.877361059188843
K15_29,15,,7,A,1845143962,false,false,,0.0007270873866648702,617,budget_exhausted,47.413822174072266
K15_29,15,,7,A,1683375127,false,false,,0.003895255675357786,851,budget_exhausted,45.17682886123657
K15_29,15,,7,A,893706906,false,false,,0.0021289944601510517,1319,budget_exhausted,81.94192385673523
K15_29,15,,7,A,449904892,false,false,,0.016283396584547756,193,budget_exhausted,34.212575912475586
K15_29,15,,7,A,1667643188,false,false,,0.001154786493859183,1039,budget_exhausted,68.41660714149475
K15_29,15,,7,B,128182595,false,false,,1.0007238239620083e-05,17,budget_exhausted,3.308830976486206
K15_29,15,,7,B,1845143962,false,false,,0.006966859045266677,35,budget_exhausted,4.204402208328247
K17_00,17,,8,B,1683375127,false,false,,0.01290566316843754,93,budget_exhausted,8.762359857559204
K17_00,17,,8,B,893706906,false,false,,0.06223020932830476,121,budget_exhausted,10.20271372795105
K17_00,17,,8,B,1753007184,false,false,,0.0017248405471332958,67,budget_exhausted,8.825141906738281
K17_00,17,,8,B,2107424273,false,false,,0.09537900977870144,75,budget_exhausted,7.909108877182007
K17_00,17,,8,B,418825361,false,false,,0.0012703327037938532,81,budget_exhausted,7.343731164932251
K17_00,17,,8,B,215858185,false,false,,0.0711860910146571,103,budget_exhausted,11.262514114379883
K17_00,17,,8,B,449904892,false,false,,0.034306682112907494,131,budget_exhausted,10.6564359664917
K17_00,17,,8,B,1667643188,false,false,,0.01595171611495426,129,budget_exhausted,10.579294919967651
K17_00,17,,8,A,449904892,false,false,,0.05980186492445973,717,budget_exhausted,42.257587909698486
K17_00,17,,8,A,1667643188,false,false,,0.09147618094811298,663,budget_exhausted,35.51812386512756
K17_00,17,,8,B,128182595,false,false,,0.011233408901768776,107,budget_exhausted,7.835432767868042
K17_00,17,,8,B,1845143962,false,false,,0.0155497686356767,111,budget_exhausted,8.736146926879883
K17_00,17,,8,A,128182595,false,false,,0.06254878814311264,555,budget_exhausted,32.513872146606445
K17_00,17,,8,A,1845143962,false,false,,0.014087279430767378,581,budget_exhausted,53.220571994781494
K17_00,17,,8,A,1683375127,false,false,,0.5535757247279433,507,budget_exhausted,21.903286933898926
K17_00,17,,8,A,893706906,false,false,,0.00344286689999984,957,budget_exhausted,23.23589324951172
K17_00,17,,8,A,1753007184,false,false,,0.008887358070955578,565,budget_exhausted,32.27658486366272
K17_00,17,,8,A,2107424273,false,false,,0.038895937548538,531,budget_exhausted,24.588346242904663
K17_00,17,,8,A,418825361,false,false,,0.044627151565049185,453,budget_exhausted,38.8816921710968
K17_00,17,,8,A,215858185,false,false,,0.0035445670741223833,469,budget_exhausted,32.60481786727905
K17_01,17,,8,B,1683375127,false,false,,8.284240339210296e-06,39,budget_exhausted,3.733876943588257
K17_01,17,,8,B,893706906,false,false,,0.013338926830482802,59,budget_exhausted,5.351133108139038
K17_01,17,,8,B,1753007184,false,false,,0.00025277093636213337,67,budget_exhausted,5.372374057769775
K17_01,17,,8,B,2107424273,false,false,,0.06750284377142984,177,budget_exhausted,10.723002910614014
K17_01,17,,8,B,418825361,false,false,,0.024662358714844387,5,budget_exhausted,4.30422568321228
K17_01,17,,8,B,215858185,false,false,,0.006295758117732231,67,budget_exhausted,5.677126169204712
K17_01,17,,8,B,449904892,false,false,,0.011480609193129999,197,budget_exhausted,14.70918083190918
K17_01,17,,8,B,1667643188,false,false,,3.241027453566022e-06,25,budget_exhausted,3.8815059661865234
K17_01,17,,8,A,449904892,false,false,,1.113223729908496e-05,279,budget_exhausted,16.47373628616333
K17_01,17,,8,A,1667643188,false,false,,0.0011800624184643243,981,budget_exhausted,38.22503328323364
K17_01,17,,8,B,128182595,false,false,,2.2630729198561337e-05,53,budget_exhausted,4.771542072296143
K17_01,17,,8,B,1845143962,false,false,,0.0014747238192834152,27,budget_exhausted,2.9918720722198486
K15_29,15,,7,A,1753007184,false,false,,0.018504331840188494,1967,budget_exhausted,133.45878791809082
K15_29,15,,7,A,2107424273,false,false,,0.0005757178877159907,655,budget_exhausted,82.13469409942627
K15_29,15,,7,A,418825361,false,false,,0.00603244131465376,513,budget_exhausted,22.443710803985596
K15_29,15,,7,A,215858185,false,false,,0.000589363188167168,217,budget_exhausted,30.723159074783325
K17_02,17,,8,B,1683375127,false,false,,0.3369869355581551,29,budget_exhausted,3.1212120056152344
K17_02,17,,8,B,893706906,false,false,,8.033144305578679e-06,35,budget_exhausted,3.8425490856170654
K17_02,17,,8,B,1753007184,false,false,,0.7239453291930424,45,budget_exhausted,4.399477005004883
K17_02,17,,8,B,2107424273,false,false,,0.015686952890189995,51,budget_exhausted,4.971431732177734
K17_02,17,,8,B,418825361,false,false,,0.031736593284455744,35,budget_exhausted,3.7144970893859863
K17_02,17,,8,B,215858185,false,false,,0.020051234196664117,39,budget_exhausted,3.7855288982391357
K17_02,17,,8,B,449904892,false,false,,2.9285630155497975e-05,37,budget_exhausted,3.785315752029419
K17_02,17,,8,B,1667643188,false,false,,1.0893708949206538,59,budget_exhausted,5.392132759094238
K17_02,17,,8,A,1753007184,false,false,,0.23974049104944073,239,budget_exhausted,17.75425887107849
K17_02,17,,8,A,2107424273,false,false,,0.22005404443627424,315,budget_exhausted,28.63242506980896
K17_02,17,,8,A,418825361,false,false,,1.0212274399004804,39,budget_exhausted,26.226133108139038
K17_02,17,,8,A,215858185,false,false,,0.433105783881855,213,budget_exhausted,14.358273983001709
K17_02,17,,8,A,128182595,false,false,,0.24442695446652588,451,budget_exhausted,8.956519842147827
K17_02,17,,8,A,1845143962,false,false,,0.284337797727405,635,budget_exhausted,25.723655939102173
K17_02,17,,8,A,1683375127,false,false,,0.23891223437348158,97,budget_exhausted,21.294739961624146
K17_02,17,,8,A,893706906,false,false,,0.29472793929021335,627,budget_exhausted,56.02220797538757
K17_02,17,,8,A,449904892,false,false,,0.23312424258396344,327,budget_exhausted,26.85206413269043
K17_02,17,,8,A,1667643188,false,false,,0.018610147276531087,1339,budget_exhausted,50.910977840423584
K17_02,17,,8,B,128182595,false,false,,0.010668319366344743,61,budget_exhausted,5.573767900466919
K17_02,17,,8,B,1845143962,false,false,,0.3047174791313154,61,budget_exhausted,4.483799934387207
K17_01,17,,8,A,128182595,false,false,,0.00328593663690065,1443,budget_exhausted,54.417335748672485
K17_01,17,,8,A,1845143962,false,false,,0.016356587111938086,989,budget_exhausted,61.84697127342224
K17_01,17,,8,A,1683375127,true,true,45,0.0,17,converged,0.27603888511657715
K17_01,17,,8,A,893706906,false,false,,0.0181652478990392,601,budget_exhausted,80.8580219745636
K17_03,17,,8,B,1683375127,false,false,,1.4567723460357427,25,budget_exhausted,2.914803981781006
K17_03,17,,8,B,893706906,false,false,,1.3620818462877424,125,budget_exhausted,9.791762113571167
K17_03,17,,8,B,1753007184,false,false,,0.009310419019715152,163,budget_exhausted,11.531585693359375
K17_03,17,,8,B,2107424273,false,false,,0.1596191630341001,185,budget_exhausted,12.739983797073364
K17_03,17,,8,B,418825361,false,false,,0.1761747293148515,105,budget_exhausted,7.396224021911621
K17_03,17,,8,B,215858185,false,false,,0.22132824269367068,143,budget_exhausted,11.838994026184082
K17_03,17,,8,B,449904892,false,false,,0.19153582322149346,157,budget_exhausted,11.032478094100952
K17_03,17,,8,B,1667643188,false,false,,0.17738640900976915,131,budget_exhausted,8.757913827896118
K17_03,17,,8,A,449904892,false,false,,0.17003038083323088,1459,budget_exhausted,40.4773530960083
K17_03,17,,8,A,1667643188,false,false,,0.15806170459109375,495,budget_exhausted,21.936067819595337
K17_03,17,,8,B,128182595,false,false,,0.24662332596075429,67,budget_exhausted,5.621747970581055
K17_03,17,,8,B,1845143962,false,false,,1.4344625632313928,41,budget_exhausted,4.159596681594849
K17_03,17,,8,A,1753007184,false,false,,1.447970149751345,609,budget_exhausted,22.446383237838745
K17_03,17,,8,A,2107424273,false,false,,0.36252585362851175,293,budget_exhausted,18.924718141555786
K17_03,17,,8,A,418825361,false,false,,1.4344201762925846,29,budget_exhausted,14.945085048675537
K17_03,17,,8,A,215858185,false,false,,0.28310039200705467,1033,budget_exhausted,59.50296926498413
K17_04,17,,8,B,1683375127,false,false,,0.013608770215050789,95,budget_exhausted,6.231502056121826
K17_04,17,,8,B,893706906,false,false,,0.06872107064877299,141,budget_exhausted,8.705307006835938
K17_04,17,,8,B,1753007184,false,false,,0.0321374948213036,95,budget_exhausted,7.9468841552734375
K17_04,17,,8,B,2107424273,false,false,,0.016783731577728347,157,budget_exhausted,11.190135717391968
K17_01,17,,8,A,1753007184,false,false,,0.0017026669219620772,1543,budget_exhausted,78.24059581756592
K17_01,17,,8,A,2107424273,false,false,,0.001161682400555815,1017,budget_exhausted,59.65250205993652
K17_01,17,,8,A,418825361,false,false,,0.010196843181869683,1193,budget_exhausted,80.34257674217224
K17_01,17,,8,A,215858185,false,false,,0.012818377455086846,1245,budget_exhausted,86.03218412399292
K17_03,17,,8,A,128182595,false,false,,0.8966546152976709,307,budget_exhausted,61.31317186355591
K17_03,17,,8,A,1845143962,false,false,,0.04498768821981799,779,budget_exhausted,27.703859090805054
K17_03,17,,8,A,1683375127,false,false,,0.86368230149415,245,budget_exhausted,56.484967947006226
K17_03,17,,8,A,893706906,false,false,,0.11025795304810136,497,budget_exhausted,21.83168387413025
K17_04,17,,8,A,128182595,false,false,,0.10124301482049941,631,budget_exhausted,24.819511890411377
K17_04,17,,8,A,1845143962,false,false,,0.011318189539208092,1305,budget_exhausted,45.65838122367859
K17_04,17,,8,A,1683375127,false,false,,0.1674941053370762,1085,budget_exhausted,31.916275024414062
K17_04,17,,8,A,893706906,false,false,,0.013486598750122095,479,budget_exhausted,18.297425985336304
K17_04,17,,8,A,449904892,false,false,,0.037329205271139816,831,budget_exhausted,47.86565685272217
K17_04,17,,8,A,1667643188,false,false,,0.05829135042755402,1031,budget_exhausted,39.151615142822266
K17_04,17,,8,B,128182595,false,false,,0.05333689784357537,149,budget_exhausted,10.086834907531738
K17_04,17,,8,B,1845143962,false,false,,0.01384703337846925,77,budget_exhausted,6.364427804946899
K17_04,17,,8,B,418825361,false,false,,0.19710253432996394,101,budget_exhausted,7.587688207626343
K17_04,17,,8,B,215858185,false,false,,0.03367413606272366,205,budget_exhausted,14.053596019744873
K17_04,17,,8,B,449904892,false,false,,0.06473566908010556,119,budget_exhausted,9.866811037063599
K17_04,17,,8,B,1667643188,false,false,,0.13033370941921052,95,budget_exhausted,7.2723588943481445
K17_04,17,,8,A,1753007184,false,false,,3.0469397389987123e-06,31,budget_exhausted,13.080716609954834
K17_04,17,,8,A,2107424273,false,false,,0.01958790412532343,1313,budget_exhausted,39.14492416381836
K17_04,17,,8,A,418825361,false,false,,0.06905348409668934,849,budget_exhausted,34.088255882263184
K17_04,17,,8,A,215858185,false,false,,0.06608662760224827,151,budget_exhausted,38.539016008377075
K17_05,17,,8,B,1683375127,false,false,,10.253555753364209,63,budget_exhausted,5.669704914093018
K17_05,17,,8,B,893706906,false,false,,0.7798664403332471,73,budget_exhausted,5.58433198928833
K17_05,17,,8,B,1753007184,false,false,,11.808620232676198,59,budget_exhausted,4.761170148849487
K17_05,17,,8,B,2107424273,false,false,,0.4871763740603972,95,budget_exhausted,6.7815399169921875
K17_05,17,,8,B,418825361,false,false,,0.08034141370328206,39,budget_exhausted,3.8543620109558105
K17_05,17,,8,B,215858185,false,false,,10.429624674426305,51,budget_exhausted,5.199339151382446
K17_05,17,,8,B,449904892,false,false,,0.011158266214985588,23,budget_exhausted,2.7969632148742676
K17_05,17,,8,B,1667643188,false,false,,16.211037885486125,3,budget_exhausted,8.757801055908203
K17_05,17,,8,A,449904892,false,false,,8.700595711584976,1139,budget_exhausted,27.284234046936035
K17_05,17,,8,A,1667643188,false,false,,14.318660014047937,1021,budget_exhausted,25.363924980163574
K17_05,17,,8,B,128182595,false,false,,0.179374357208598,87,budget_exhausted,7.357901096343994
K17_05,17,,8,B,1845143962,false,false,,16.211037885486125,11,budget_exhausted,5.5552589893341064
K17_05,17,,8,A,1753007184,false,false,,16.211037885486125,3,budget_exhausted,0.6749181747436523
K17_05,17,,8,A,2107424273,false,false,,0.004169278110058262,1543,budget_exhausted,49.46094083786011
K17_05,17,,8,A,418825361,false,false,,0.037182461719430356,441,budget_exhausted,16.429665088653564
K17_05,17,,8,A,215858185,false,false,,12.464084605806166,427,budget_exhausted,19.86616802215576
K17_06,17,,8,B,1683375127,false,false,,0.0018753934461811343,75,budget_exhausted,6.322420120239258
K17_06,17,,8,B,893706906,false,false,,0.16396062095611166,91,budget_exhausted,6.683304786682129
K17_06,17,,8,B,1753007184,false,false,,0.11268107789915574,85,budget_exhausted,6.458813905715942
K17_06,17,,8,B,2107424273,false,false,,0.015619396927515067,101,budget_exhausted,6.839356184005737
K17_05,17,,8,A,128182595,false,false,,0.0019303639055380836,335,budget_exhausted,8.97234320640564
K17_05,17,,8,A,1845143962,false,false,,10.104714337304053,1495,budget_exhausted,20.10753297805786
K17_05,17,,8,A,1683375127,false,false,,10.745447763697884,551,budget_exhausted,36.36780071258545
K17_05,17,,8,A,893706906,false,false,,8.171844838440187,1273,budget_exhausted,43.153924226760864
K17_06,17,,8,B,418825361,false,false,,0.044906422225461456,57,budget_exhausted,4.998327970504761
K17_06,17,,8,B,215858185,false,false,,0.00011209236610577246,97,budget_exhausted,7.497956037521362
K17_06,17,,8,B,449904892,false,false,,0.14607909013000225,101,budget_exhausted,7.186239004135132
K17_06,17,,8,B,1667643188,false,false,,0.002310456085635447,79,budget_exhausted,5.600870132446289
K17_06,17,,8,A,449904892,false,false,,0.0128692736854271,1453,budget_exhausted,32.16210198402405
K17_06,17,,8,A,1667643188,false,false,,0.2252767296649816,1159,budget_exhausted,46.668996810913086
K17_06,17,,8,B,128182595,false,false,,0.7805612916531899,53,budget_exhausted,4.898905277252197
K17_06,17,,8,B,1845143962,false,false,,0.007348732064673136,123,budget_exhausted,7.223191976547241
K17_07,17,,8,A,449904892,false,false,,1.0060110996519549e-05,137,budget_exhausted,12.340648174285889
K17_07,17,,8,A,1667643188,false,false,,9.497517956052301e-06,107,budget_exhausted,16.70709800720215
K17_07,17,,8,B,128182595,false,false,,0.00013084611421546112,41,budget_exhausted,4.0963099002838135
K17_07,17,,8,B,1845143962,false,false,,0.14589392143788113,65,budget_exhausted,5.516656160354614
K17_06,17,,8,A,128182595,true,true,17,0.0,17,converged,0.19956564903259277
K17_06,17,,8,A,1845143962,false,false,,1.3951938505782302e-05,575,budget_exhausted,28.437933206558228
K17_06,17,,8,A,1683375127,false,false,,9.73901228061969e-06,1379,budget_exhausted,58.00922393798828
K17_06,17,,8,A,893706906,false,false,,9.787967788236011e-06,369,budget_exhausted,26.225749969482422
K17_07,17,,8,B,1683375127,false,false,,5.708130404450509e-05,35,budget_exhausted,3.381242036819458
K17_07,17,,8,B,893706906,false,false,,0.24435437362418874,87,budget_exhausted,6.699316024780273
K17_07,17,,8,B,1753007184,false,false,,3.562102657250145e-05,95,budget_exhausted,7.2050371170043945
K17_07,17,,8,B,2107424273,false,false,,6.062358816523766e-05,25,budget_exhausted,3.4466660022735596
K17_07,17,,8,B,418825361,false,false,,0.0001628453708112066,67,budget_exhausted,4.7297868728637695
K17_07,17,,8,B,215858185,false,false,,1.0197561793959867e-05,69,budget_exhausted,5.2810821533203125
K17_07,17,,8,B,449904892,false,false,,0.0589732284785308,105,budget_exhausted,6.583525896072388
K17_07,17,,8,B,1667643188,false,false,,6.887254144664261e-05,51,budget_exhausted,4.297215938568115
K17_07,17,,8,A,1753007184,false,false,,1.151048203046858e-05,869,budget_exhausted,37.75271797180176
K17_07,17,,8,A,2107424273,false,false,,9.543437474157826e-06,385,budget_exhausted,22.634825944900513
K17_07,17,,8,A,418825361,false,false,,8.664020078011768e-06,119,budget_exhausted,17.058485984802246
K17_07,17,,8,A,215858185,false,false,,3.674738048338637e-05,1291,budget_exhausted,42.09583926200867
K17_07,17,,8,A,128182595,false,false,,0.004375145319506415,1125,budget_exhausted,77.90075182914734
K17_07,17,,8,A,1845143962,false,false,,1.7577359369997175e-05,371,budget_exhausted,25.739525079727173
K17_07,17,,8,A,1683375127,false,false,,7.454747666146488e-06,129,budget_exhausted,12.465210676193237
K17_07,17,,8,A,893706906,false,false,,9.678809486275414e-06,179,budget_exhausted,9.228006839752197
K17_08,17,,8,B,1683375127,false,false,,0.48243815364929604,65,budget_exhausted,5.277878999710083
K17_08,17,,8,B,893706906,false,false,,0.07144318308755795,63,budget_exhausted,5.370239973068237
K17_08,17,,8,B,1753007184,false,false,,0.46884458009382873,49,budget_exhausted,5.5594611167907715
K17_08,17,,8,B,2107424273,false,false,,0.05361167835637095,31,budget_exhausted,3.0872950553894043
K17_08,17,,8,B,418825361,false,false,,0.455708029604254,79,budget_exhausted,5.481397867202759
K17_08,17,,8,B,215858185,false,false,,0.10870582926039399,101,budget_exhausted,8.457971811294556
K17_08,17,,8,B,449904892,false,false,,0.10801393395115466,75,budget_exhausted,5.190180778503418
K17_08,17,,8,B,1667643188,false,false,,0.0034888150267450148,49,budget_exhausted,4.374190092086792
K17_09,17,,8,A,1753007184,false,false,,0.3426106360315942,413,budget_exhausted,4.510027885437012
K17_09,17,,8,A,2107424273,false,false,,0.003934084012507286,321,budget_exhausted,11.605478048324585
K17_09,17,,8,A,418825361,false,false,,0.18905706593449964,111,budget_exhausted,0.8925790786743164
K17_09,17,,8,A,215858185,false,false,,0.00745995505089583,73,budget_exhausted,1.2148821353912354
K17_08,17,,8,A,449904892,false,false,,0.323707207735931,903,budget_exhausted,59.65592694282532
K17_08,17,,8,A,1667643188,false,false,,0.4689402168954885,539,budget_exhausted,42.49629092216492
K17_08,17,,8,B,128182595,false,false,,0.012337227084164714,47,budget_exhausted,4.002798080444336
K17_08,17,,8,B,1845143962,false,false,,0.006838365440548428,57,budget_exhausted,4.9144697189331055
K17_08,17,,8,A,128182595,false,false,,0.11601909266556389,1471,budget_exhausted,21.012080907821655
K17_08,17,,8,A,1845143962,false,false,,0.4444132402217481,1309,budget_exhausted,48.70989418029785
K17_08,17,,8,A,1683375127,false,false,,0.0035928066294626734,897,budget_exhausted,52.69216465950012
K17_08,17,,8,A,893706906,false,false,,0.4386949981299306,409,budget_exhausted,19.967570066452026
K17_09,17,,8,B,1683375127,false,false,,0.031169999210594095,47,budget_exhausted,4.7159130573272705
K17_09,17,,8,B,893706906,false,false,,9.481415551101495,133,budget_exhausted,9.114908933639526
K17_09,17,,8,B,1753007184,false,false,,0.181046604602598,35,budget_exhausted,3.6400420665740967
K17_09,17,,8,B,2107424273,false,false,,0.0468366334406802,59,budget_exhausted,5.129431962966919
K17_09,17,,8,A,449904892,false,false,,0.009904966291189261,793,budget_exhausted,9.129842281341553
K17_09,17,,8,A,1667643188,false,false,,0.0115034004902568,809,budget_exhausted,25.229581832885742
K17_09,17,,8,B,128182595,false,false,,0.038168317864168556,61,budget_exhausted,4.99907922744751
K17_09,17,,8,B,1845143962,false,false,,0.24320846963278073,53,budget_exhausted,5.240677118301392
K17_09,17,,8,B,418825361,false,false,,0.0009925655989527962,63,budget_exhausted,5.423946857452393
K17_09,17,,8,B,215858185,false,false,,0.8041551262281732,5,budget_exhausted,6.008830785751343
K17_09,17,,8,B,449904892,false,false,,0.04942397889204343,97,budget_exhausted,7.201527833938599
K17_09,17,,8,B,1667643188,false,false,,0.04382249877206492,37,budget_exhausted,4.632112741470337
K17_08,17,,8,A,1753007184,false,false,,0.42941256984765447,1709,budget_exhausted,33.97449707984924
K17_08,17,,8,A,2107424273,false,false,,0.016421745563151173,1293,budget_exhausted,17.86511993408203
K17_08,17,,8,A,418825361,false,false,,15.768810758562125,937,budget_exhausted,63.75456500053406
K17_08,17,,8,A,215858185,false,false,,0.5604732707262003,1263,budget_exhausted,51.29074001312256
K17_06,17,,8,A,1753007184,false,false,,0.00017891687818558644,1799,budget_exhausted,97.39769387245178
K17_06,17,,8,A,2107424273,false,false,,0.0008043122338704129,911,budget_exhausted,66.99241900444031
K17_06,17,,8,A,418825361,false,false,,3.041426611031066e-05,1137,budget_exhausted,76.19641709327698
K17_06,17,,8,A,215858185,false,false,,2.1513114680054226e-05,1297,budget_exhausted,62.81018781661987
K17_10,17,,8,B,1683375127,false,false,,0.032219999207021344,95,budget_exhausted,7.808377981185913
K17_10,17,,8,B,893706906,false,false,,0.0014831364113856466,85,budget_exhausted,7.577276945114136
K17_10,17,,8,B,1753007184,false,false,,0.01747176359769135,65,budget_exhausted,6.839214086532593
K17_10,17,,8,B,2107424273,false,false,,0.6146439783818829,107,budget_exhausted,8.387896060943604
K17_09,17,,8,A,128182595,false,false,,0.013810213416747217,1845,budget_exhausted,57.0679190158844
K17_09,17,,8,A,1845143962,false,false,,0.0009495127260826961,1609,budget_exhausted,75.78052711486816
K17_09,17,,8,A,1683375127,false,false,,0.8041551262281732,5,budget_exhausted,0.836022138595581
K17_09,17,,8,A,893706906,false,false,,0.029958412459282702,291,budget_exhausted,2.9349050521850586
K17_10,17,,8,B,418825361,false,false,,0.01100634304033312,101,budget_exhausted,8.282049894332886
K17_10,17,,8,B,215858185,false,false,,0.0032246119653214977,101,budget_exhausted,8.037687063217163
K17_10,17,,8,B,449904892,false,false,,0.015148628348967332,113,budget_exhausted,9.096863985061646
K17_10,17,,8,B,1667643188,false,false,,0.1493020276667224,91,budget_exhausted,7.661771059036255
K17_10,17,,8,A,449904892,false,false,,0.0019537993070461506,189,budget_exhausted,55.013526916503906
K17_10,17,,8,A,1667643188,false,false,,0.005034969158495482,103,budget_exhausted,11.796075820922852
K17_10,17,,8,B,128182595,false,false,,0.02871474956679719,109,budget_exhausted,7.785518169403076
K17_10,17,,8,B,1845143962,false,false,,0.004918367097834184,109,budget_exhausted,6.404288053512573
K17_11,17,,8,B,1683375127,false,false,,0.01373067311528591,53,budget_exhausted,4.74620795249939
K17_11,17,,8,B,893706906,false,false,,0.0008950339763597947,41,budget_exhausted,4.23948335647583
K17_11,17,,8,B,1753007184,false,false,,0.0009473768936630055,99,budget_exhausted,8.474817037582397
K17_11,17,,8,B,2107424273,false,false,,0.017252751781170632,79,budget_exhausted,6.26017427444458
K17_11,17,,8,A,449904892,false,false,,0.0011580467132118939,107,budget_exhausted,18.826759338378906
K17_11,17,,8,A,1667643188,false,false,,0.0008027696675091818,597,budget_exhausted,30.153316974639893
K17_11,17,,8,B,128182595,false,false,,0.007652673830030925,63,budget_exhausted,4.597522020339966
K17_11,17,,8,B,1845143962,false,false,,0.003527182627476514,61,budget_exhausted,5.454533100128174
K17_11,17,,8,B,418825361,false,false,,0.016131369448044486,73,budget_exhausted,4.589303016662598
K17_11,17,,8,B,215858185,false,false,,0.01567279760818689,77,budget_exhausted,5.8570942878723145
K17_11,17,,8,B,449904892,false,false,,0.008129760833264395,59,budget_exhausted,4.794101715087891
K17_11,17,,8,B,1667643188,false,false,,0.00674046674856577,41,budget_exhausted,4.111407995223999
K17_12,17,,8,A,128182595,false,false,,0.009258902664828837,151,budget_exhausted,26.165390014648438
K17_12,17,,8,A,1845143962,true,true,7,2.502917887305148e-28,9,converged,0.15243005752563477
K17_12,17,,8,A,1683375127,true,true,4,2.502917887305148e-28,9,converged,0.11638593673706055
K17_12,17,,8,A,893706906,true,true,7,2.502917887305148e-28,9,converged,0.1507570743560791
K17_10,17,,8,A,1753007184,false,false,,0.3707473785491038,295,budget_exhausted,33.26864004135132
K17_10,17,,8,A,2107424273,false,false,,0.009390624491172587,1063,budget_exhausted,78.06348514556885
K17_10,17,,8,A,418825361,false,false,,0.008904395766695708,477,budget_exhausted,23.411006927490234
K17_10,17,,8,A,215858185,false,false,,0.043177847501799135,487,budget_exhausted,35.24818301200867
K17_11,17,,8,A,128182595,false,false,,0.006579630190102203,341,budget_exhausted,49.12948560714722
K17_11,17,,8,A,1845143962,false,false,,0.011835982349220609,403,budget_exhausted,21.63857412338257
K17_11,17,,8,A,1683375127,false,false,,0.02473108619035266,1377,budget_exhausted,36.66865277290344
K17_11,17,,8,A,893706906,false,false,,0.0011410311611613384,481,budget_exhausted,33.323363065719604
K17_12,17,,8,B,1683375127,false,false,,0.0031838267693426775,13,budget_exhausted,4.004446983337402
K17_12,17,,8,B,893706906,false,false,,2.6801753827785864e-06,59,budget_exhausted,5.224295139312744
K17_12,17,,8,B,1753007184,false,false,,0.00022566472301569743,137,budget_exhausted,8.609871864318848
K17_12,17,,8,B,2107424273,true,false,149,8.652706428021091e-08,19,converged,3.338834047317505
K17_10,17,,8,A,128182595,false,false,,0.0002502098656002786,827,budget_exhausted,23.533149003982544
K17_10,17,,8,A,1845143962,false,false,,0.0010888209274197058,1125,budget_exhausted,62.56975197792053
K17_10,17,,8,A,1683375127,false,false,,0.16612862843032802,681,budget_exhausted,33.6629478931427
K17_10,17,,8,A,893706906,false,false,,0.09658041932924626,1941,budget_exhausted,88.16027498245239
K17_12,17,,8,B,418825361,true,false,8,2.7285629129279956e-07,23,converged,0.23533987998962402
K17_12,17,,8,B,215858185,true,true,22,2.502917887305148e-28,9,converged,0.5160098075866699
K17_12,17,,8,B,449904892,false,false,,0.8289377824783796,107,budget_exhausted,8.283390998840332
K17_12,17,,8,B,1667643188,false,false,,6.181632009029867e-06,57,budget_exhausted,4.123595952987671
K17_11,17,,8,A,1753007184,false,false,,0.0012568127606849436,1457,budget_exhausted,67.45894193649292
K17_11,17,,8,A,2107424273,false,false,,0.00015758889553544982,1007,budget_exhausted,48.569380044937134
K17_11,17,,8,A,418825361,false,false,,0.006180644156251425,1305,budget_exhausted,20.884528875350952
K17_11,17,,8,A,215858185,false,false,,0.0008991270833770917,247,budget_exhausted,10.458651065826416
K17_13,17,,8,B,1683375127,false,false,,0.027305448916603997,115,budget_exhausted,9.040280103683472
K17_13,17,,8,B,893706906,false,false,,7.958486600142494e-06,65,budget_exhausted,5.327904939651489
K17_13,17,,8,B,1753007184,false,false,,0.0043710764270287845,43,budget_exhausted,4.236181735992432
K17_13,17,,8,B,2107424273,false,false,,0.03821515817193046,101,budget_exhausted,8.286438941955566
K17_12,17,,8,A,449904892,false,false,,0.0018976296656875724,1099,budget_exhausted,84.59881687164307
K17_12,17,,8,A,1667643188,true,true,12,2.502917887305148e-28,9,converged,0.17272305488586426
K17_12,17,,8,B,128182595,true,false,77,3.808837427487511e-08,21,converged,1.7013568878173828
K17_12,17,,8,B,1845143962,true,true,3,2.502917887305148e-28,9,converged,0.19199681282043457
K17_13,17,,8,B,418825361,false,false,,0.017935546911174688,37,budget_exhausted,3.3535101413726807
K17_13,17,,8,B,215858185,false,false,,5.29069183940902e-06,33,budget_exhausted,3.3152430057525635
K17_13,17,,8,B,449904892,false,false,,0.012436031297375576,121,budget_exhausted,7.762517929077148
K17_13,17,,8,B,1667643188,false,false,,0.0067863685881060535,99,budget_exhausted,7.196660995483398
K17_12,17,,8,A,1753007184,false,false,,2.75504365633132e-05,1335,budget_exhausted,42.808521032333374
K17_12,17,,8,A,2107424273,true,true,15,2.5043303691828596e-28,17,converged,0.18516111373901367
K17_12,17,,8,A,418825361,true,true,2,2.502917887305148e-28,9,converged,0.10055208206176758
K17_12,17,,8,A,215858185,false,false,,0.001018515545947678,1463,budget_exhausted,95.38274884223938
K17_13,17,,8,A,128182595,false,false,,1.2338621934810389e-05,1455,budget_exhausted,59.71856999397278
K17_13,17,,8,A,1845143962,false,false,,1.2867042007083373e-05,293,budget_exhausted,8.005226135253906
K17_13,17,,8,A,1683375127,false,false,,9.723143044538354e-06,587,budget_exhausted,19.54349184036255
K17_13,17,,8,A,893706906,false,false,,1.8074640069710192e-05,1183,budget_exhausted,74.4300286769867
K17_13,17,,8,A,449904892,false,false,,0.05171100300896222,585,budget_exhausted,85.7313437461853
K17_13,17,,8,A,1667643188,false,false,,2.2053383215884874e-05,1169,budget_exhausted,62.235697984695435
K17_13,17,,8,B,128182595,false,false,,0.008233234375761726,61,budget_exhausted,5.421066045761108
K17_13,17,,8,B,1845143962,false,false,,9.624191338488542e-06,33,budget_exhausted,3.257322072982788
K17_13,17,,8,A,1753007184,false,false,,0.01893495878538075,431,budget_exhausted,43.881370067596436
K17_13,17,,8,A,2107424273,false,false,,4.423994949983128e-06,269,budget_exhausted,14.620921850204468
K17_13,17,,8,A,418825361,false,false,,0.09692171303994604,1561,budget_exhausted,72.87772297859192
K17_13,17,,8,A,215858185,false,false,,1.2535347525742724e-05,623,budget_exhausted,29.265347719192505
K17_14,17,,8,B,1683375127,false,false,,0.052373475160131785,49,budget_exhausted,4.824354887008667
K17_14,17,,8,B,893706906,false,false,,0.16461511209567503,33,budget_exhausted,4.059072971343994
K17_14,17,,8,B,1753007184,false,false,,0.10368713360500545,67,budget_exhausted,5.091593980789185
K17_14,17,,8,B,2107424273,false,false,,0.06240845990929386,131,budget_exhausted,8.878071069717407
K17_14,17,,8,B,418825361,false,false,,0.33443309886782985,53,budget_exhausted,5.441726922988892
K17_14,17,,8,B,215858185,false,false,,0.0333309414235383,161,budget_exhausted,10.895682096481323
K17_14,17,,8,B,449904892,false,false,,0.013424575677946608,53,budget_exhausted,4.981042385101318
K17_14,17,,8,B,1667643188,false,false,,0.18477269581194572,39,budget_exhausted,3.6798107624053955
K17_14,17,,8,A,449904892,false,false,,0.022989928486475866,1787,budget_exhausted,68.97806692123413
K17_14,17,,8,A,1667643188,false,false,,0.1802651806720981,1055,budget_exhausted,54.124199867248535
K17_14,17,,8,B,128182595,false,false,,0.24615026468592702,111,budget_exhausted,7.416239023208618
K17_14,17,,8,B,1845143962,false,false,,0.07294080537369418,57,budget_exhausted,4.515570163726807
K17_14,17,,8,A,128182595,false,false,,0.15854448434182272,291,budget_exhausted,39.26743412017822
K17_14,17,,8,A,1845143962,false,false,,0.16693359888464188,1237,budget_exhausted,45.38844919204712
K17_14,17,,8,A,1683375127,false,false,,0.1355508835813446,1085,budget_exhausted,32.66304588317871
K17_14,17,,8,A,893706906,false,false,,0.0215285383386146,1173,budget_exhausted,62.42048501968384
K17_15,17,,8,B,1683375127,false,false,,0.3687852949777355,47,budget_exhausted,4.411016941070557
K17_15,17,,8,B,893706906,false,false,,0.0029892424851565734,75,budget_exhausted,6.089210033416748
K17_15,17,,8,B,1753007184,false,false,,0.0025362032909744914,99,budget_exhausted,7.9678099155426025
K17_15,17,,8,B,2107424273,false,false,,0.058838891882214646,41,budget_exhausted,3.848870277404785
K17_15,17,,8,A,128182595,false,false,,0.0016318266295389445,931,budget_exhausted,30.88365602493286
K17_15,17,,8,A,1845143962,false,false,,1.0172627086435254e-05,569,budget_exhausted,19.101480960845947
K17_15,17,,8,A,1683375127,false,false,,0.16006513053625848,205,budget_exhausted,18.738697052001953
K17_15,17,,8,A,893706906,false,false,,0.003119129766460541,205,budget_exhausted,18.4609477519989
K17_15,17,,8,B,418825361,false,false,,0.01233417943406677,81,budget_exhausted,6.570873260498047
K17_15,17,,8,B,215858185,false,false,,0.0029747047670517115,87,budget_exhausted,6.567490100860596
K17_15,17,,8,B,449904892,false,false,,0.009720909715106975,119,budget_exhausted,7.405580043792725
K17_15,17,,8,B,1667643188,false,false,,0.17816685523477374,91,budget_exhausted,6.783167123794556
K17_15,17,,8,A,1753007184,false,false,,3.5942308827069924e-05,609,budget_exhausted,16.97191309928894
K17_15,17,,8,A,2107424273,false,false,,0.1304196771579409,597,budget_exhausted,30.272681951522827
K17_15,17,,8,A,418825361,false,false,,0.04367109142307339,169,budget_exhausted,9.681421041488647
K17_15,17,,8,A,215858185,false,false,,0.16882622545768924,203,budget_exhausted,18.431206226348877
K17_15,17,,8,A,449904892,false,false,,0.017899943017635842,39,budget_exhausted,21.641837120056152
K17_15,17,,8,A,1667643188,false,false,,0.09350351052575695,1779,budget_exhausted,45.405998945236206
K17_15,17,,8,B,128182595,false,false,,0.004604337704588123,35,budget_exhausted,3.581568956375122
K17_15,17,,8,B,1845143962,false,false,,0.16686617024028694,75,budget_exhausted,6.0931549072265625
K17_16,17,,8,A,449904892,false,false,,1.1126343367032405,1,budget_exhausted,0.5182991027832031
K17_16,17,,8,A,1667643188,false,false,,1.1126343367032405,1,budget_exhausted,0.4988899230957031
K17_16,17,,8,B,128182595,false,false,,0.013325722214100529,61,budget_exhausted,5.146757125854492
K17_16,17,,8,B,1845143962,false,false,,0.3236940462845011,115,budget_exhausted,9.589684009552002
K17_14,17,,8,A,1753007184,false,false,,0.2096089121735696,1583,budget_exhausted,99.64856910705566
K17_14,17,,8,A,2107424273,false,false,,0.16844146023612294,133,budget_exhausted,38.62870693206787
K17_14,17,,8,A,418825361,false,false,,0.15313155247703536,921,budget_exhausted,52.80059218406677
K17_14,17,,8,A,215858185,false,false,,0.1287946555978592,143,budget_exhausted,25.670602798461914
K17_16,17,,8,B,1683375127,false,false,,0.0003957823748118567,103,budget_exhausted,8.396485805511475
K17_16,17,,8,B,893706906,false,false,,0.3306227666951978,95,budget_exhausted,8.59695291519165
K17_16,17,,8,B,1753007184,false,false,,0.9410598716518516,119,budget_exhausted,7.7216949462890625
K17_16,17,,8,B,2107424273,false,false,,0.951238870166016,47,budget_exhausted,6.724370956420898
K17_16,17,,8,B,418825361,false,false,,0.0057320766667981905,81,budget_exhausted,6.059218883514404
K17_16,17,,8,B,215858185,false,false,,0.005592705070671653,95,budget_exhausted,7.45215106010437
K17_16,17,,8,B,449904892,false,false,,0.05580016156775373,101,budget_exhausted,7.573393106460571
K17_16,17,,8,B,1667643188,false,false,,0.00528777471109527,81,budget_exhausted,5.429659128189087
K17_16,17,,8,A,128182595,false,false,,3.075619147658575e-05,1559,budget_exhausted,58.33841800689697
K17_16,17,,8,A,1845143962,false,false,,0.005443407159817925,99,budget_exhausted,2.780369281768799
K17_16,17,,8,A,1683375127,false,false,,1.1126343367032405,1,budget_exhausted,0.5127108097076416
K17_16,17,,8,A,893706906,false,false,,1.0366566059521962,11,budget_exhausted,0.5341818332672119
K17_17,17,,8,B,1683375127,false,false,,0.01744325801524797,85,budget_exhausted,4.314697027206421
K17_17,17,,8,B,893706906,false,false,,0.2479364803062311,89,budget_exhausted,6.129431247711182
K17_17,17,,8,B,1753007184,false,false,,0.29550183381578676,105,budget_exhausted,7.4586169719696045
K17_17,17,,8,B,2107424273,false,false,,0.009342260109057579,105,budget_exhausted,7.13208794593811
K17_17,17,,8,B,418825361,false,false,,0.1385402715676743,69,budget_exhausted,5.044873952865601
K17_17,17,,8,B,215858185,false,false,,0.10001479125853584,65,budget_exhausted,5.0176100730896
K17_17,17,,8,B,449904892,false,false,,0.09545734539684661,97,budget_exhausted,7.671790838241577
K17_17,17,,8,B,1667643188,false,false,,0.04720151898402852,117,budget_exhausted,8.640844106674194
K17_16,17,,8,A,1753007184,false,false,,1.0833008460543567,11,budget_exhausted,0.5163230895996094
K17_16,17,,8,A,2107424273,false,false,,0.05954794472574947,1887,budget_exhausted,53.90768623352051
K17_16,17,,8,A,418825361,false,false,,0.08391724248985963,1611,budget_exhausted,45.57695293426514
K17_16,17,,8,A,215858185,false,false,,1.1126343367032405,1,budget_exhausted,0.5124289989471436
K17_18,17,,8,A,128182595,true,false,27,6.862028472396395e-07,37,converged,0.40020298957824707
K17_18,17,,8,A,1845143962,false,false,,0.06742929890930668,1253,budget_exhausted,35.35241222381592
K17_18,17,,8,A,1683375127,true,false,61,8.742753277429372e-07,25,converged,1.238063097000122
K17_18,17,,8,A,893706906,true,false,24,7.338230543089153e-08,19,converged,0.3376739025115967
K17_18,17,,8,B,1683375127,false,false,,0.013795281314417925,83,budget_exhausted,5.952048063278198
K17_18,17,,8,B,893706906,false,false,,1.0345419955785867e-05,71,budget_exhausted,6.470983028411865
K17_18,17,,8,B,1753007184,false,false,,0.2313528269374996,111,budget_exhausted,7.378567934036255
K17_18,17,,8,B,2107424273,false,false,,1.21351677054327e-06,51,budget_exhausted,4.377639055252075
K17_18,17,,8,B,418825361,false,false,,0.00808315615134069,93,budget_exhausted,9.953449964523315
K17_18,17,,8,B,215858185,false,false,,0.00909118239759283,91,budget_exhausted,6.010948896408081
K17_18,17,,8,B,449904892,false,false,,0.4078104790549568,83,budget_exhausted,6.259756088256836
K17_18,17,,8,B,1667643188,true,false,105,5.029961741626778e-07,29,converged,2.1503989696502686
K17_18,17,,8,A,449904892,true,false,29,2.78966736386353e-07,33,converged,0.4521770477294922
K17_18,17,,8,A,1667643188,false,false,,0.02198447298304122,713,budget_exhausted,42.03995084762573
K17_18,17,,8,B,128182595,false,false,,4.9748523302887214e-06,57,budget_exhausted,4.597028017044067
K17_18,17,,8,B,1845143962,false,false,,1.9192837546573883e-06,55,budget_exhausted,5.360011100769043
K17_17,17,,8,A,128182595,false,false,,0.018880705723570354,1007,budget_exhausted,60.28495788574219
K17_17,17,,8,A,1845143962,false,false,,0.43152370231539594,205,budget_exhausted,29.963460206985474
K17_17,17,,8,A,1683375127,false,false,,0.14462560836628147,1211,budget_exhausted,55.67623209953308
K17_17,17,,8,A,893706906,false,false,,0.0722621655309988,225,budget_exhausted,17.657104015350342
K17_17,17,,8,A,449904892,false,false,,0.006339878957587953,775,budget_exhausted,43.34182810783386
K17_17,17,,8,A,1667643188,false,false,,0.019566207669733802,1927,budget_exhausted,100.0476381778717
K17_17,17,,8,B,128182595,false,false,,0.05994953890796744,61,budget_exhausted,4.527427911758423
K17_17,17,,8,B,1845143962,false,false,,0.4376591029539083,31,budget_exhausted,3.2016379833221436
K17_19,17,,8,B,1683375127,false,false,,0.16505258497832173,67,budget_exhausted,5.207458972930908
K17_19,17,,8,B,893706906,false,false,,0.061978571786628266,73,budget_exhausted,6.871285915374756
K17_19,17,,8,B,1753007184,false,false,,0.0028449868796727815,71,budget_exhausted,5.511276006698608
K17_19,17,,8,B,2107424273,false,false,,0.009015268789134369,53,budget_exhausted,4.387133836746216
K17_17,17,,8,A,1753007184,false,false,,0.3931613037967358,833,budget_exhausted,36.370211124420166
K17_17,17,,8,A,2107424273,false,false,,0.058721244613469004,323,budget_exhausted,46.45531606674194
K17_17,17,,8,A,418825361,false,false,,0.12368085168381768,107,budget_exhausted,54.042885065078735
K17_17,17,,8,A,215858185,false,false,,0.35073312844878746,1407,budget_exhausted,57.904518365859985
K17_19,17,,8,B,418825361,false,false,,0.02816312022216475,95,budget_exhausted,7.612937927246094
K17_19,17,,8,B,215858185,false,false,,0.09671004085985516,53,budget_exhausted,4.579085826873779
K17_19,17,,8,B,449904892,false,false,,0.19361606714560073,85,budget_exhausted,6.932517051696777
K17_19,17,,8,B,1667643188,false,false,,0.14350881656297335,117,budget_exhausted,8.800833940505981
K17_18,17,,8,A,1753007184,false,false,,0.5450345870344543,1385,budget_exhausted,64.8698959350586
K17_18,17,,8,A,2107424273,false,false,,0.017571542515553543,559,budget_exhausted,39.75114703178406
K17_18,17,,8,A,418825361,false,false,,0.1502871407332917,1957,budget_exhausted,55.52610111236572
K17_18,17,,8,A,215858185,false,false,,0.5531549158922195,273,budget_exhausted,11.606591939926147
K17_20,17,,8,A,449904892,false,false,,0.0004051570598285247,1241,budget_exhausted,17.37944984436035
K17_20,17,,8,A,1667643188,false,false,,6.399466503053928e-06,109,budget_exhausted,12.598814964294434
K17_20,17,,8,B,128182595,false,false,,0.000850265618894888,53,budget_exhausted,5.1672139167785645
K17_20,17,,8,B,1845143962,false,false,,0.20558865089108075,45,budget_exhausted,4.687290906906128
K17_20,17,,8,B,1683375127,false,false,,0.4354082465872302,47,budget_exhausted,4.307889938354492
K17_20,17,,8,B,893706906,false,false,,0.040761763123852074,37,budget_exhausted,4.25056266784668
K17_20,17,,8,B,1753007184,false,false,,0.0011293325100611511,55,budget_exhausted,4.792625188827515
K17_20,17,,8,B,2107424273,false,false,,0.7293260108983043,31,budget_exhausted,3.225637912750244
K17_20,17,,8,A,128182595,false,false,,4.989436901335883e-05,519,budget_exhausted,23.759241104125977
K17_20,17,,8,A,1845143962,false,false,,6.110241087827513e-05,1247,budget_exhausted,8.395288705825806
K17_20,17,,8,A,1683375127,false,false,,0.03608540515757456,1255,budget_exhausted,46.98430776596069
K17_20,17,,8,A,893706906,false,false,,0.00015217751158460376,321,budget_exhausted,7.159386873245239
K17_20,17,,8,B,418825361,false,false,,174.53504269652782,47,budget_exhausted,3.700775146484375
K17_20,17,,8,B,215858185,false,false,,0.519433488136972,49,budget_exhausted,4.675379991531372
K17_20,17,,8,B,449904892,false,false,,0.00010999136511143899,35,budget_exhausted,4.225823879241943
K17_20,17,,8,B,1667643188,false,false,,0.00012318813226475648,41,budget_exhausted,4.376094818115234
K17_19,17,,8,A,128182595,false,false,,0.32432968482950153,1311,budget_exhausted,62.837539196014404
K17_19,17,,8,A,1845143962,false,false,,0.0027692618432402396,647,budget_exhausted,38.36014175415039
K17_19,17,,8,A,1683375127,false,false,,0.010789874790014375,507,budget_exhausted,49.06748604774475
K17_19,17,,8,A,893706906,false,false,,0.616175406760304,431,budget_exhausted,33.16437602043152
K17_19,17,,8,A,449904892,false,false,,0.46349641603722513,23,budget_exhausted,91.45306491851807
K17_19,17,,8,A,1667643188,false,false,,0.0005717974529214409,1795,budget_exhausted,66.24190998077393
K17_19,17,,8,B,128182595,false,false,,0.008437778965610779,57,budget_exhausted,5.081218004226685
K17_19,17,,8,B,1845143962,false,false,,0.019497298595773836,45,budget_exhausted,4.436125993728638
K17_19,17,,8,A,1753007184,false,false,,0.0001179479629926944,1343,budget_exhausted,41.27380394935608
K17_19,17,,8,A,2107424273,false,false,,0.0010802900121129758,777,budget_exhausted,47.07526707649231
K17_19,17,,8,A,418825361,false,false,,0.0031043520114173214,1229,budget_exhausted,59.711236000061035
K17_19,17,,8,A,215858185,false,false,,0.0034635274552190826,367,budget_exhausted,51.85780882835388
K17_20,17,,8,A,1753007184,false,false,,0.7124025876695231,277,budget_exhausted,7.800057888031006
K17_20,17,,8,A,2107424273,false,false,,4.177365647600335e-06,165,budget_exhausted,22.038289070129395
K17_20,17,,8,A,418825361,false,false,,9.507608279017685e-06,123,budget_exhausted,4.1889801025390625
K17_20,17,,8,A,215858185,false,false,,0.2325037480788495,1939,budget_exhausted,84.18603801727295
K17_21,17,,8,B,1683375127,false,false,,0.014840238340766714,119,budget_exhausted,8.467933893203735
K17_21,17,,8,B,893706906,false,false,,0.01313258046258399,133,budget_exhausted,10.701492071151733
K17_21,17,,8,B,1753007184,false,false,,0.006078628104519687,111,budget_exhausted,8.446608781814575
K17_21,17,,8,B,2107424273,false,false,,0.1417738394398028,127,budget_exhausted,9.720834016799927
K17_21,17,,8,B,418825361,false,false,,0.001550230621943388,67,budget_exhausted,6.8057169914245605
K17_21,17,,8,B,215858185,false,false,,0.000636207414649431,105,budget_exhausted,7.837333917617798
K17_21,17,,8,B,449904892,false,false,,0.02320106309955681,221,budget_exhausted,15.740582942962646
K17_21,17,,8,B,1667643188,false,false,,0.004283322567839438,151,budget_exhausted,8.796489953994751
K17_21,17,,8,A,449904892,false,false,,0.004550509615509389,593,budget_exhausted,18.38656711578369
K17_21,17,,8,A,1667643188,false,false,,7.657031157293604e-05,167,budget_exhausted,50.227216720581055
K17_21,17,,8,B,128182595,false,false,,0.050575675911250687,133,budget_exhausted,9.842223882675171
K17_21,17,,8,B,1845143962,false,false,,5.8021235548240234e-05,65,budget_exhausted,5.106529235839844
K17_22,17,,8,B,1683375127,false,false,,0.05043423057148265,71,budget_exhausted,6.940284967422485
K17_22,17,,8,B,893706906,false,false,,6.5428952555599946e-06,67,budget_exhausted,5.933599233627319
K17_22,17,,8,B,1753007184,false,false,,0.006178536642996347,99,budget_exhausted,7.5667078495025635
K17_22,17,,8,B,2107424273,false,false,,0.0047316114633300455,113,budget_exhausted,7.4897589683532715
K17_21,17,,8,A,128182595,false,false,,0.0006044852668902529,595,budget_exhausted,22.673509120941162
K17_21,17,,8,A,1845143962,false,false,,0.0001579608646799453,1755,budget_exhausted,50.1122989654541
K17_21,17,,8,A,1683375127,false,false,,0.00040942181518547537,671,budget_exhausted,53.831748723983765
K17_21,17,,8,A,893706906,false,false,,0.0007156088728516726,599,budget_exhausted,22.62516498565674
K17_22,17,,8,B,418825361,false,false,,0.1178095908233774,69,budget_exhausted,5.663329124450684
K17_22,17,,8,B,215858185,false,false,,0.00024075109629337257,127,budget_exhausted,10.524818897247314
K17_22,17,,8,B,449904892,false,false,,0.0006970242338495796,161,budget_exhausted,14.464905023574829
K17_22,17,,8,B,1667643188,false,false,,6.272856313017607e-06,51,budget_exhausted,4.738777160644531
K17_21,17,,8,A,1753007184,false,false,,0.0013225747797421933,303,budget_exhausted,26.226489067077637
K17_21,17,,8,A,2107424273,false,false,,0.0017867049732003947,205,budget_exhausted,44.18133187294006
K17_21,17,,8,A,418825361,false,false,,0.05039144717163606,1365,budget_exhausted,49.09872508049011
K17_21,17,,8,A,215858185,false,false,,0.0016494558440803045,683,budget_exhausted,46.117674827575684
K17_22,17,,8,A,449904892,false,false,,3.992141140750017e-06,195,budget_exhausted,9.843560218811035
K17_22,17,,8,A,1667643188,false,false,,0.0002217934102443765,1595,budget_exhausted,68.95125722885132
K17_22,17,,8,B,128182595,false,false,,0.004710044682850371,121,budget_exhausted,9.049259901046753
K17_22,17,,8,B,1845143962,false,false,,0.09934773352700335,113,budget_exhausted,8.01137900352478
K17_23,17,,8,A,449904892,false,false,,0.023450461398815053,3,budget_exhausted,0.8510251045227051
K17_23,17,,8,A,1667643188,false,false,,0.023450461398815053,3,budget_exhausted,0.747391939163208
K17_23,17,,8,B,128182595,false,false,,0.0013817129623454648,41,budget_exhausted,3.452303886413574
K17_23,17,,8,B,1845143962,false,false,,0.004728118086381518,71,budget_exhausted,7.283163070678711
K17_23,17,,8,B,1683375127,false,false,,0.0008931904398349411,51,budget_exhausted,4.478291034698486
K17_23,17,,8,B,893706906,false,false,,0.0025494037565892526,77,budget_exhausted,6.460772752761841
K17_23,17,,8,B,1753007184,false,false,,0.01904153025466299,77,budget_exhausted,7.332007884979248
K17_23,17,,8,B,2107424273,false,false,,0.0001697671966967029,55,budget_exhausted,4.371707916259766
K17_22,17,,8,A,1753007184,false,false,,0.0008809532531562611,677,budget_exhausted,60.90817618370056
K17_22,17,,8,A,2107424273,false,false,,2.8669645179433035e-06,85,budget_exhausted,7.780512094497681
K17_22,17,,8,A,418825361,false,false,,0.0029692650588545376,1427,budget_exhausted,48.58405518531799
K17_22,17,,8,A,215858185,false,false,,3.993714458591436e-06,43,budget_exhausted,7.67512321472168
K17_23,17,,8,A,128182595,false,false,,0.023450461398815053,3,budget_exhausted,0.6791810989379883
K17_23,17,,8,A,1845143962,false,false,,0.023450461398815053,3,budget_exhausted,0.7682750225067139
K17_23,17,,8,A,1683375127,false,false,,0.023450461398815053,3,budget_exhausted,0.6679489612579346
K17_23,17,,8,A,893706906,false,false,,0.0037482935213819673,1411,budget_exhausted,51.91522407531738
K17_23,17,,8,B,418825361,false,false,,0.012820679440159657,51,budget_exhausted,4.831258773803711
K17_23,17,,8,B,215858185,false,false,,0.004008878077874338,79,budget_exhausted,7.104308128356934
K17_23,17,,8,B,449904892,false,false,,0.006556113720938138,79,budget_exhausted,6.40924072265625
K17_23,17,,8,B,1667643188,false,false,,0.016083958631154825,69,budget_exhausted,5.515706777572632
K17_23,17,,8,A,1753007184,false,false,,0.0016647050303355158,1335,budget_exhausted,52.62711024284363
K17_23,17,,8,A,2107424273,false,false,,0.023450461398815053,3,budget_exhausted,0.7344479560852051
K17_23,17,,8,A,418825361,false,false,,0.023450461398815053,3,budget_exhausted,0.818112850189209
K17_23,17,,8,A,215858185,false,false,,0.023450461398815053,3,budget_exhausted,0.7439272403717041
K17_24,17,,8,B,1683375127,false,false,,0.00011327577847418548,37,budget_exhausted,3.9654078483581543
K17_24,17,,8,B,893706906,false,false,,0.009082413893799645,93,budget_exhausted,7.340682029724121
K17_24,17,,8,B,1753007184,false,false,,0.02487294761079648,95,budget_exhausted,6.518224716186523
K17_24,17,,8,B,2107424273,false,false,,0.1249918540002319,63,budget_exhausted,7.157778263092041
K17_25,17,,8,A,128182595,false,false,,0.8636262525206868,1,budget_exhausted,0.5304172039031982
K17_25,17,,8,A,1845143962,false,false,,0.8636262525206868,1,budget_exhausted,0.5768730640411377
K17_25,17,,8,A,1683375127,false,false,,0.8636262525206868,1,budget_exhausted,0.5849857330322266
K17_25,17,,8,A,893706906,false,false,,0.8636262525206868,1,budget_exhausted,0.5464928150177002
K17_22,17,,8,A,128182595,false,false,,2.550200985644724e-06,165,budget_exhausted,9.880481958389282
K17_22,17,,8,A,1845143962,false,false,,0.00011638157862542846,1157,budget_exhausted,84.85795879364014
K17_22,17,,8,A,1683375127,false,false,,0.00018048075559058883,473,budget_exhausted,31.486581802368164
K17_22,17,,8,A,893706906,false,false,,0.0001688445441350432,495,budget_exhausted,65.76026916503906
K17_24,17,,8,B,418825361,false,false,,0.00014069979091807823,69,budget_exhausted,5.641312122344971
K17_24,17,,8,B,215858185,false,false,,0.011836151786169723,99,budget_exhausted,7.744735956192017
K17_24,17,,8,B,449904892,false,false,,0.0019562180998738505,77,budget_exhausted,6.811034202575684
K17_24,17,,8,B,1667643188,false,false,,0.034814438665436244,131,budget_exhausted,9.680655002593994
K17_25,17,,8,A,449904892,false,false,,0.8636262525206868,1,budget_exhausted,0.6058728694915771
K17_25,17,,8,A,1667643188,false,false,,2.682574231430753e-06,203,budget_exhausted,11.768453121185303
K17_25,17,,8,B,128182595,false,false,,0.8405802720521146,49,budget_exhausted,6.968100070953369
K17_25,17,,8,B,1845143962,false,false,,0.03689067828416061,97,budget_exhausted,7.446000814437866
K17_24,17,,8,A,449904892,false,false,,0.3032129102862686,151,budget_exhausted,37.80854606628418
K17_24,17,,8,A,1667643188,false,false,,0.020191681505729246,181,budget_exhausted,10.969506025314331
K17_24,17,,8,B,128182595,false,false,,0.07285704034818442,115,budget_exhausted,7.786706924438477
K17_24,17,,8,B,1845143962,false,false,,0.1480634109195311,75,budget_exhausted,6.9355690479278564
K17_25,17,,8,B,1683375127,false,false,,5.485962964929288e-05,105,budget_exhausted,7.174263000488281
K17_25,17,,8,B,893706906,false,false,,0.38405820082537045,101,budget_exhausted,6.297399044036865
K17_25,17,,8,B,1753007184,false,false,,0.01264084151858257,77,budget_exhausted,5.386822938919067
K17_25,17,,8,B,2107424273,false,false,,2.7381535755508994,31,budget_exhausted,3.4923031330108643
K17_25,17,,8,B,418825361,false,false,,0.6658735279581182,47,budget_exhausted,4.158551216125488
K17_25,17,,8,B,215858185,false,false,,0.0006307779458476985,81,budget_exhausted,5.910330772399902
K17_25,17,,8,B,449904892,false,false,,0.7743335925273307,53,budget_exhausted,4.73828387260437
K17_25,17,,8,B,1667643188,false,false,,0.013748533875423396,67,budget_exhausted,6.054118871688843
K17_24,17,,8,A,128182595,false,false,,0.009198184228739654,861,budget_exhausted,30.946810960769653
K17_24,17,,8,A,1845143962,false,false,,0.21761162583997204,333,budget_exhausted,29.807911157608032
K17_24,17,,8,A,1683375127,false,false,,0.13651947615478785,167,budget_exhausted,17.868946075439453
K17_24,17,,8,A,893706906,false,false,,0.07641217347124787,1717,budget_exhausted,28.48323702812195
K17_26,17,,8,B,1683375127,false,false,,0.27672037316403925,51,budget_exhausted,5.203600883483887
K17_26,17,,8,B,893706906,false,false,,2.1201247727757044,99,budget_exhausted,8.928905963897705
K17_26,17,,8,B,1753007184,false,false,,0.03410265012973246,85,budget_exhausted,8.540201902389526
K17_26,17,,8,B,2107424273,false,false,,0.032494900747242296,181,budget_exhausted,14.324228286743164
K17_24,17,,8,A,1753007184,false,false,,0.04293563902518666,67,budget_exhausted,57.334683895111084
K17_24,17,,8,A,2107424273,false,false,,0.021128811098494998,1621,budget_exhausted,64.4947919845581
K17_24,17,,8,A,418825361,false,false,,0.0460978271433191,171,budget_exhausted,14.070829153060913
K17_24,17,,8,A,215858185,false,false,,0.002867546252105093,383,budget_exhausted,18.67003321647644
K17_25,17,,8,A,1753007184,false,false,,1.5640767521117523e-05,1249,budget_exhausted,88.22334480285645
K17_25,17,,8,A,2107424273,false,false,,0.8636262525206868,1,budget_exhausted,0.6476049423217773
K17_25,17,,8,A,418825361,false,false,,0.05332848251100784,405,budget_exhausted,35.48421120643616
K17_25,17,,8,A,215858185,false,false,,0.8636262525206868,1,budget_exhausted,0.5540649890899658
K17_26,17,,8,B,418825361,false,false,,0.004365580848612061,89,budget_exhausted,7.272168159484863
K17_26,17,,8,B,215858185,false,false,,0.043392636075285575,119,budget_exhausted,9.48432207107544
K17_26,17,,8,B,449904892,false,false,,0.6789673893886624,93,budget_exhausted,7.344427108764648
K17_26,17,,8,B,1667643188,false,false,,0.02017333066449682,103,budget_exhausted,6.912312746047974
K17_26,17,,8,A,128182595,false,false,,0.8604604990485937,307,budget_exhausted,25.252734899520874
K17_26,17,,8,A,1845143962,false,false,,0.38331706663475995,1161,budget_exhausted,44.779675006866455
K17_26,17,,8,A,1683375127,false,false,,0.015321177019650955,713,budget_exhausted,34.46494913101196
K17_26,17,,8,A,893706906,false,false,,0.26105921340421057,141,budget_exhausted,18.392559051513672
K17_26,17,,8,A,449904892,false,false,,0.013160104023573718,1269,budget_exhausted,61.18448805809021
K17_26,17,,8,A,1667643188,false,false,,0.019814671050796366,749,budget_exhausted,35.888314962387085
K17_26,17,,8,B,128182595,false,false,,0.02090376995243849,123,budget_exhausted,9.462622165679932
K17_26,17,,8,B,1845143962,false,false,,0.15542651298184304,79,budget_exhausted,6.7131431102752686
K17_27,17,,8,B,1683375127,false,false,,0.0015662756016683605,55,budget_exhausted,5.062644958496094
K17_27,17,,8,B,893706906,false,false,,0.0018850200933452578,57,budget_exhausted,5.6268861293792725
K17_27,17,,8,B,1753007184,false,false,,0.0008970340959741235,107,budget_exhausted,7.870915174484253
K17_27,17,,8,B,2107424273,false,false,,0.001415892631407715,73,budget_exhausted,5.468006134033203
K17_27,17,,8,B,418825361,false,false,,6.621700273329239e-05,73,budget_exhausted,5.832118034362793
K17_27,17,,8,B,215858185,false,false,,0.0016182570992526169,65,budget_exhausted,5.768340110778809
K17_27,17,,8,B,449904892,false,false,,0.0018494441772900307,51,budget_exhausted,4.826530933380127
K17_27,17,,8,B,1667643188,false,false,,0.0018565663296455416,45,budget_exhausted,3.872462034225464
K17_26,17,,8,A,1753007184,false,false,,0.19516909034020166,451,budget_exhausted,19.141730070114136
K17_26,17,,8,A,2107424273,false,false,,0.005661503547506457,1239,budget_exhausted,30.549993991851807
K17_26,17,,8,A,418825361,false,false,,0.0228518885212838,619,budget_exhausted,49.89207315444946
K17_26,17,,8,A,215858185,false,false,,0.39189370058457396,1667,budget_exhausted,69.11769318580627
K17_27,17,,8,A,449904892,false,false,,0.0012065389714756949,895,budget_exhausted,32.42514777183533
K17_27,17,,8,A,1667643188,false,false,,0.0006225458451049123,427,budget_exhausted,49.600619077682495
K17_27,17,,8,B,128182595,false,false,,0.0018605727872171842,103,budget_exhausted,7.884156227111816
K17_27,17,,8,B,1845143962,false,false,,0.000285566638514858,81,budget_exhausted,6.136975049972534
K17_28,17,,8,B,1683375127,false,false,,0.01806648007113851,15,budget_exhausted,6.470696926116943
K17_28,17,,8,B,893706906,false,false,,0.025528973672251473,87,budget_exhausted,7.614256143569946
K17_28,17,,8,B,1753007184,false,false,,0.002750162287675749,59,budget_exhausted,5.738854169845581
K17_28,17,,8,B,2107424273,false,false,,0.008535790193547686,199,budget_exhausted,13.047729253768921
K17_28,17,,8,A,128182595,false,false,,7.796056466898936e-06,73,budget_exhausted,8.216528177261353
K17_28,17,,8,A,1845143962,false,false,,9.733868214048977e-06,31,budget_exhausted,10.159668922424316
K17_28,17,,8,A,1683375127,false,false,,7.802696581049406e-06,133,budget_exhausted,13.757193088531494
K17_28,17,,8,A,893706906,false,false,,0.008758259819434884,1571,budget_exhausted,54.79006099700928
K17_27,17,,8,A,128182595,false,false,,0.0005695501276222792,815,budget_exhausted,50.979761838912964
K17_27,17,,8,A,1845143962,false,false,,0.005857175671937473,1093,budget_exhausted,61.43263101577759
K17_27,17,,8,A,1683375127,false,false,,7.474513702193879e-05,591,budget_exhausted,14.62290620803833
K17_27,17,,8,A,893706906,false,false,,0.0009683052769967667,877,budget_exhausted,22.500335931777954
K17_28,17,,8,B,418825361,false,false,,0.02314208135011509,83,budget_exhausted,5.451678037643433
K17_28,17,,8,B,215858185,false,false,,0.007894357162465495,181,budget_exhausted,11.797613859176636
K17_28,17,,8,B,449904892,false,false,,0.0006322146950988887,109,budget_exhausted,8.158257246017456
K17_28,17,,8,B,1667643188,false,false,,0.5948121803418184,39,budget_exhausted,4.178454160690308
K17_28,17,,8,A,1753007184,false,false,,7.917734856267575e-06,69,budget_exhausted,8.720772981643677
K17_28,17,,8,A,2107424273,false,false,,0.09905448791746145,255,budget_exhausted,46.4055700302124
K17_28,17,,8,A,418825361,false,false,,0.011905129898240364,919,budget_exhausted,44.442688941955566
K17_28,17,,8,A,215858185,false,false,,7.054965786682556e-06,27,budget_exhausted,15.715966939926147
K17_28,17,,8,A,449904892,false,false,,0.0005966788631043933,579,budget_exhausted,68.72789311408997
K17_28,17,,8,A,1667643188,false,false,,0.1475742667814676,407,budget_exhausted,18.711416959762573
K17_28,17,,8,B,128182595,false,false,,1.084972878169268e-05,15,budget_exhausted,3.7903239727020264
K17_28,17,,8,B,1845143962,false,false,,0.014587887280909519,85,budget_exhausted,6.105709075927734
K17_29,17,,8,B,1683375127,false,false,,0.0034645303175580484,39,budget_exhausted,3.5256810188293457
K17_29,17,,8,B,893706906,false,false,,0.0011835119502658184,33,budget_exhausted,3.4058542251586914
K17_29,17,,8,B,1753007184,false,false,,0.01967421987683359,73,budget_exhausted,6.063704013824463
K17_29,17,,8,B,2107424273,false,false,,0.03667441320350269,147,budget_exhausted,10.10912013053894
K17_27,17,,8,A,1753007184,false,false,,0.0012895681838051773,1613,budget_exhausted,46.10283899307251
K17_27,17,,8,A,2107424273,false,false,,0.0015138777101457643,1539,budget_exhausted,108.10233402252197
K17_27,17,,8,A,418825361,false,false,,0.0013118351783209118,199,budget_exhausted,46.37639808654785
K17_27,17,,8,A,215858185,false,false,,3.5135582497362272e-06,45,budget_exhausted,8.406144618988037
K17_29,17,,8,B,418825361,false,false,,0.01418565530236032,85,budget_exhausted,7.119910955429077
K17_29,17,,8,B,215858185,false,false,,0.0016667772054465106,37,budget_exhausted,3.9154460430145264
K17_29,17,,8,B,449904892,false,false,,0.03055644898678473,125,budget_exhausted,9.214775085449219
K17_29,17,,8,B,1667643188,false,false,,0.08622586351087726,97,budget_exhausted,8.16380000114441
K17_29,17,,8,A,449904892,false,false,,0.004949176898685955,1597,budget_exhausted,29.080224752426147
K17_29,17,,8,A,1667643188,false,false,,0.00016138242618089774,1291,budget_exhausted,37.66313695907593
K17_29,17,,8,B,128182595,false,false,,0.0009241245188860213,43,budget_exhausted,5.442684888839722
K17_29,17,,8,B,1845143962,false,false,,0.001177114251075912,35,budget_exhausted,4.576834201812744
K19_00,19,,9,B,1683375127,false,false,,0.046280762545481226,45,budget_exhausted,6.061543941497803
K19_00,19,,9,B,893706906,false,false,,0.025669793824155032,77,budget_exhausted,8.66649317741394
K19_00,19,,9,B,1753007184,false,false,,0.045559203076857666,107,budget_exhausted,9.63747501373291
K19_00,19,,9,B,2107424273,false,false,,0.009882107458679125,63,budget_exhausted,6.066983938217163
K19_00,19,,9,A,449904892,false,false,,0.044569247905403245,457,budget_exhausted,23.258913040161133
K19_00,19,,9,A,1667643188,false,false,,0.032563009150277857,361,budget_exhausted,52.33173608779907
K19_00,19,,9,B,128182595,false,false,,0.07080342309483598,71,budget_exhausted,6.265042066574097
K19_00,19,,9,B,1845143962,false,false,,0.019693192193894288,113,budget_exhausted,10.404233932495117
K19_00,19,,9,B,418825361,false,false,,0.04644617107773141,35,budget_exhausted,4.652527809143066
K19_00,19,,9,B,215858185,false,false,,0.04490052149625858,73,budget_exhausted,7.044693946838379
K19_00,19,,9,B,449904892,false,false,,0.0574287906718844,65,budget_exhausted,7.8601579666137695
K19_00,19,,9,B,1667643188,false,false,,1.8998645758087384e-05,65,budget_exhausted,7.349341154098511
K19_00,19,,9,A,128182595,false,false,,0.06908513253289024,227,budget_exhausted,24.992834091186523
K19_00,19,,9,A,1845143962,false,false,,0.0016785805212117051,155,budget_exhausted,42.53728008270264
K19_00,19,,9,A,1683375127,false,false,,0.1304324503118362,59,budget_exhausted,30.88064193725586
K19_00,19,,9,A,893706906,false,false,,0.0010150877900802877,319,budget_exhausted,21.896684646606445
K17_29,17,,8,A,128182595,false,false,,0.0007420133803440795,1501,budget_exhausted,47.26443004608154
K17_29,17,,8,A,1845143962,false,false,,0.0009620036376496072,805,budget_exhausted,66.51585292816162
K17_29,17,,8,A,1683375127,false,false,,0.039608502495788955,1865,budget_exhausted,35.88872575759888
K17_29,17,,8,A,893706906,false,false,,8.267351002308465e-06,1485,budget_exhausted,68.42972469329834
K19_00,19,,9,A,1753007184,false,false,,0.0708328633044699,61,budget_exhausted,20.755632162094116
K19_00,19,,9,A,2107424273,false,false,,0.006807986644589246,331,budget_exhausted,24.666903972625732
K19_00,19,,9,A,418825361,false,false,,0.07009517947914883,319,budget_exhausted,49.65468096733093
K19_00,19,,9,A,215858185,false,false,,0.038399471750779825,1123,budget_exhausted,67.93248391151428
K19_01,19,,9,A,449904892,false,false,,0.3546095582903587,117,budget_exhausted,13.256525993347168
K19_01,19,,9,A,1667643188,false,false,,0.0008214204802793864,663,budget_exhausted,44.009730100631714
K19_01,19,,9,B,128182595,false,false,,0.3389053351912111,91,budget_exhausted,10.740665912628174
K19_01,19,,9,B,1845143962,false,false,,0.0021501446905203333,73,budget_exhausted,9.565765857696533
K19_01,19,,9,B,1683375127,false,false,,0.011769624465917776,111,budget_exhausted,10.835089921951294
K19_01,19,,9,B,893706906,false,false,,0.006915967783929753,63,budget_exhausted,8.231560945510864
K19_01,19,,9,B,1753007184,false,false,,0.3576311696345515,99,budget_exhausted,10.609036922454834
K19_01,19,,9,B,2107424273,false,false,,0.003058816966170925,87,budget_exhausted,9.81676983833313
K19_01,19,,9,B,418825361,false,false,,6.535399820744264e-05,25,budget_exhausted,4.367182731628418
K19_01,19,,9,B,215858185,false,false,,0.2861024960410115,127,budget_exhausted,12.53213620185852
K19_01,19,,9,B,449904892,false,false,,0.3564279762726701,105,budget_exhausted,10.266210794448853
K19_01,19,,9,B,1667643188,false,false,,0.008467357129246525,77,budget_exhausted,7.362109899520874
K17_29,17,,8,A,1753007184,false,false,,3.625763142853227e-05,1459,budget_exhausted,77.01646423339844
K17_29,17,,8,A,2107424273,false,false,,5.9016178861552155e-05,1597,budget_exhausted,87.14316582679749
K17_29,17,,8,A,418825361,false,false,,0.034303941095883875,801,budget_exhausted,53.53343486785889
K17_29,17,,8,A,215858185,false,false,,5.6450946759773664e-05,1665,budget_exhausted,73.56726670265198
K19_01,19,,9,A,1753007184,false,false,,0.3146554821519466,625,budget_exhausted,35.85464119911194
K19_01,19,,9,A,2107424273,false,false,,0.00042623686700796074,877,budget_exhausted,54.26346802711487
K19_01,19,,9,A,418825361,false,false,,0.00441697778850691,167,budget_exhausted,21.714690923690796
K19_01,19,,9,A,215858185,false,false,,0.011368882013847956,351,budget_exhausted,41.7980010509491
K19_02,19,,9,B,1683375127,false,false,,0.12158324723530038,189,budget_exhausted,18.08624005317688
K19_02,19,,9,B,893706906,false,false,,0.00018922534147707972,83,budget_exhausted,8.176101922988892
K19_02,19,,9,B,1753007184,false,false,,0.06187849939737175,45,budget_exhausted,7.016991853713989
K19_02,19,,9,B,2107424273,false,false,,4.192814717477248,87,budget_exhausted,8.700751066207886
K19_02,19,,9,B,418825361,false,false,,0.0018806474226208938,71,budget_exhausted,7.69283390045166
K19_02,19,,9,B,215858185,false,false,,0.05627394474030519,39,budget_exhausted,6.643378973007202
K19_02,19,,9,B,449904892,false,false,,0.05150411884017353,67,budget_exhausted,7.8008270263671875
K19_02,19,,9,B,1667643188,false,false,,0.2121495396045779,117,budget_exhausted,10.789191007614136
K19_02,19,,9,A,449904892,false,false,,3.134544901964637,1145,budget_exhausted,38.59858798980713
K19_02,19,,9,A,1667643188,false,false,,0.00857767096277071,1603,budget_exhausted,81.34894895553589
K19_02,19,,9,B,128182595,false,false,,0.6097094853649784,133,budget_exhausted,13.574148893356323
K19_02,19,,9,B,1845143962,false,false,,1.4190294576644842,71,budget_exhausted,8.798024892807007
K19_02,19,,9,A,1753007184,false,false,,2.04968120054,457,budget_exhausted,38.81102204322815
K19_02,19,,9,A,2107424273,false,false,,0.12954720529479039,555,budget_exhausted,24.074876070022583
K19_02,19,,9,A,418825361,false,false,,0.08244443914808004,269,budget_exhausted,45.90341019630432
K19_02,19,,9,A,215858185,false,false,,0.009227393768129146,245,budget_exhausted,69.43610215187073
K19_03,19,,9,A,128182595,false,false,,0.0024087621091467082,553,budget_exhausted,28.410152912139893
K19_03,19,,9,A,1845143962,false,false,,0.012465373081252383,371,budget_exhausted,33.580222845077515
K19_03,19,,9,A,1683375127,false,false,,0.08446457706220908,275,budget_exhausted,36.010018825531006
K19_03,19,,9,A,893706906,false,false,,0.000217199464940325,529,budget_exhausted,30.935123205184937
K19_03,19,,9,B,1683375127,false,false,,0.0015394469629951074,59,budget_exhausted,6.108433246612549
K19_03,19,,9,B,893706906,false,false,,6.9234183203455946e-06,55,budget_exhausted,6.880800008773804
K19_03,19,,9,B,1753007184,false,false,,2.791168465894539e-05,55,budget_exhausted,5.916347980499268
K19_03,19,,9,B,2107424273,false,false,,0.06017349252961322,207,budget_exhausted,16.050754070281982
K19_02,19,,9,A,128182595,false,false,,0.03037574014091905,1303,budget_exhausted,63.29729986190796
K19_02,19,,9,A,1845143962,false,false,,0.19832311660778237,163,budget_exhausted,26.32553505897522
K19_02,19,,9,A,1683375127,false,false,,0.15480592539596952,1719,budget_exhausted,105.52307891845703
K19_02,19,,9,A,893706906,false,false,,0.00045620238795395326,929,budget_exhausted,41.96795868873596
K19_01,19,,9,A,128182595,false,false,,0.10224868751351768,315,budget_exhausted,48.90416479110718
K19_01,19,,9,A,1845143962,false,false,,0.005865822687328139,1575,budget_exhausted,143.35746216773987
K19_01,19,,9,A,1683375127,false,false,,0.23219444994751484,1919,budget_exhausted,103.86641097068787
K19_01,19,,9,A,893706906,false,false,,0.0011746191338936384,313,budget_exhausted,39.99983310699463
K19_03,19,,9,B,418825361,false,false,,0.012181848334611809,143,budget_exhausted,10.483885765075684
K19_03,19,,9,B,215858185,false,false,,0.09262166823702807,135,budget_exhausted,15.228512048721313
K19_03,19,,9,B,449904892,false,false,,0.0033991400400511843,155,budget_exhausted,14.372222900390625
K19_03,19,,9,B,1667643188,false,false,,0.05913060719636052,131,budget_exhausted,12.06429386138916
K19_03,19,,9,A,449904892,false,false,,0.11047050048203691,995,budget_exhausted,67.06140685081482
K19_03,19,,9,A,1667643188,false,false,,2.5027083436337544e-05,125,budget_exhausted,39.479020833969116
K19_03,19,,9,B,128182595,false,false,,0.008225435929014237,159,budget_exhausted,14.826565742492676
K19_03,19,,9,B,1845143962,false,false,,0.02886295805361803,115,budget_exhausted,10.349809885025024
K19_04,19,,9,B,1683375127,false,false,,0.0058749572922874305,105,budget_exhausted,9.775524854660034
K19_04,19,,9,B,893706906,false,false,,0.0036532317624336608,39,budget_exhausted,6.102901935577393
K19_04,19,,9,B,1753007184,false,false,,0.018465032193266194,51,budget_exhausted,5.779757022857666
K19_04,19,,9,B,2107424273,false,false,,0.0013468796415288763,49,budget_exhausted,6.0424439907073975
K19_04,19,,9,B,418825361,false,false,,0.027975248664924235,61,budget_exhausted,7.139280080795288
K19_04,19,,9,B,215858185,false,false,,0.04383655756852182,147,budget_exhausted,13.683763027191162
K19_04,19,,9,B,449904892,false,false,,0.0008239184382695051,85,budget_exhausted,8.934721946716309
K19_04,19,,9,B,1667643188,false,false,,0.011915161043528744,89,budget_exhausted,8.644270896911621
K19_03,19,,9,A,1753007184,false,false,,0.10358788720144345,387,budget_exhausted,41.57393836975098
K19_03,19,,9,A,2107424273,false,false,,0.003121416484118238,803,budget_exhausted,68.63284087181091
K19_03,19,,9,A,418825361,false,false,,0.0023973408930921644,1213,budget_exhausted,46.46325969696045
K19_03,19,,9,A,215858185,false,false,,0.019422960008770425,1975,budget_exhausted,94.19840002059937
K19_04,19,,9,A,449904892,false,false,,0.0021965808390846113,1335,budget_exhausted,85.97730898857117
K19_04,19,,9,A,1667643188,false,false,,0.003634471163284398,269,budget_exhausted,25.38740611076355
K19_04,19,,9,B,128182595,false,false,,0.017875759928652188,53,budget_exhausted,4.80899715423584
K19_04,19,,9,B,1845143962,false,false,,0.00620055638388075,73,budget_exhausted,7.849245071411133
K19_05,19,,9,B,1683375127,false,false,,0.015756508834109454,69,budget_exhausted,7.55952000617981
K19_05,19,,9,B,893706906,false,false,,0.0044688551953847985,91,budget_exhausted,8.10884404182434
K19_05,19,,9,B,1753007184,false,false,,0.40364506500368147,79,budget_exhausted,8.897395849227905
K19_05,19,,9,B,2107424273,false,false,,0.0055986127942078325,73,budget_exhausted,6.898022890090942
K19_04,19,,9,A,128182595,false,false,,0.003193340642951644,237,budget_exhausted,30.970997095108032
K19_04,19,,9,A,1845143962,false,false,,0.031042636491104638,319,budget_exhausted,33.324615240097046
K19_04,19,,9,A,1683375127,false,false,,0.019022476213700464,997,budget_exhausted,49.79571294784546
K19_04,19,,9,A,893706906,false,false,,1.133994619855414e-05,873,budget_exhausted,69.44536089897156
K19_05,19,,9,B,418825361,false,false,,0.006324332606255245,55,budget_exhausted,6.897952079772949
K19_05,19,,9,B,215858185,false,false,,0.0182552108272339,159,budget_exhausted,14.82561469078064
K19_05,19,,9,B,449904892,false,false,,0.04999583874815825,79,budget_exhausted,8.079062938690186
K19_05,19,,9,B,1667643188,false,false,,0.0038631944331022927,95,budget_exhausted,8.845623016357422
K19_04,19,,9,A,1753007184,false,false,,0.0009418420122537121,1031,budget_exhausted,55.79702401161194
K19_04,19,,9,A,2107424273,false,false,,0.0009467146538463031,605,budget_exhausted,19.93439221382141
K19_04,19,,9,A,418825361,false,false,,0.004766778807160205,41,budget_exhausted,84.82398200035095
K19_04,19,,9,A,215858185,false,false,,0.0013886830759653758,467,budget_exhausted,43.42670679092407
K19_05,19,,9,A,128182595,false,false,,0.16727718083848758,821,budget_exhausted,69.56301808357239
K19_05,19,,9,A,1845143962,false,false,,0.028548949443074897,539,budget_exhausted,32.82758593559265
K19_05,19,,9,A,1683375127,false,false,,0.003438769984383227,555,budget_exhausted,73.27412390708923
K19_05,19,,9,A,893706906,false,false,,0.003002497063504188,373,budget_exhausted,31.670183897018433
K19_05,19,,9,A,449904892,false,false,,0.07120835802178904,1669,budget_exhausted,119.73377823829651
K19_05,19,,9,A,1667643188,false,false,,0.02107033503317128,215,budget_exhausted,28.387962818145752
K19_05,19,,9,B,128182595,false,false,,0.003044438745307209,83,budget_exhausted,7.8633201122283936
K19_05,19,,9,B,1845143962,false,false,,0.005928647487196522,53,budget_exhausted,5.898593187332153
K19_06,19,,9,B,1683375127,false,false,,0.019969837384906257,75,budget_exhausted,6.143494129180908
K19_06,19,,9,B,893706906,false,false,,0.004838383408241135,103,budget_exhausted,9.10567593574524
K19_06,19,,9,B,1753007184,false,false,,0.018538708658309273,67,budget_exhausted,7.575657844543457
K19_06,19,,9,B,2107424273,false,false,,0.0219740840859327,77,budget_exhausted,7.349853277206421
K19_05,19,,9,A,1753007184,false,false,,0.6791141490538535,303,budget_exhausted,22.3699152469635
K19_05,19,,9,A,2107424273,false,false,,0.0645028213613869,359,budget_exhausted,27.647552967071533
K19_05,19,,9,A,418825361,false,false,,0.04865916033222211,1237,budget_exhausted,77.39958810806274
K19_05,19,,9,A,215858185,false,false,,0.001208117928725704,1709,budget_exhausted,87.44871497154236
K19_06,19,,9,B,418825361,false,false,,0.003971493419495708,83,budget_exhausted,7.47278094291687
K19_06,19,,9,B,215858185,false,false,,0.02161018347291335,57,budget_exhausted,6.425325632095337
K19_06,19,,9,B,449904892,false,false,,0.019976304928344922,81,budget_exhausted,7.368249893188477
K19_06,19,,9,B,1667643188,false,false,,0.01819648019265715,83,budget_exhausted,7.996531963348389
K19_06,19,,9,A,449904892,false,false,,0.037044941778569346,487,budget_exhausted,63.668627977371216
K19_06,19,,9,A,1667643188,false,false,,0.017956334218906373,1283,budget_exhausted,37.79326605796814
K19_06,19,,9,B,128182595,false,false,,0.02169337901838494,67,budget_exhausted,7.1408851146698
K19_06,19,,9,B,1845143962,false,false,,0.01927419231788234,81,budget_exhausted,7.614315032958984
K19_07,19,,9,B,1683375127,false,false,,0.018012070542660064,75,budget_exhausted,11.785696983337402
K19_07,19,,9,B,893706906,false,false,,0.058174866879660045,115,budget_exhausted,11.237006187438965
K19_07,19,,9,B,1753007184,false,false,,0.007870027940919358,109,budget_exhausted,9.652595281600952
K19_07,19,,9,B,2107424273,false,false,,0.025721506467383977,137,budget_exhausted,12.716758012771606
K19_06,19,,9,A,128182595,false,false,,0.1672222330577251,603,budget_exhausted,68.92472386360168
K19_06,19,,9,A,1845143962,false,false,,0.15175666183484965,561,budget_exhausted,35.42991805076599
K19_06,19,,9,A,1683375127,false,false,,0.020287647396357668,71,budget_exhausted,36.49358105659485
K19_06,19,,9,A,893706906,false,false,,0.014696694252201608,493,budget_exhausted,69.00068712234497
K19_07,19,,9,B,418825361,false,false,,0.02819286233824279,115,budget_exhausted,11.230119228363037
K19_07,19,,9,B,215858185,false,false,,0.08710511029917757,93,budget_exhausted,9.351532936096191
K19_07,19,,9,B,449904892,false,false,,0.037858037998715816,127,budget_exhausted,9.19283390045166
K19_07,19,,9,B,1667643188,false,false,,0.009960869663420833,103,budget_exhausted,10.370036363601685
K19_06,19,,9,A,1753007184,false,false,,0.03019509458112872,1321,budget_exhausted,49.6790931224823
K19_06,19,,9,A,2107424273,false,false,,0.012319511163120104,847,budget_exhausted,47.10214185714722
K19_06,19,,9,A,418825361,false,false,,0.2570021877043069,1075,budget_exhausted,75.94291400909424
K19_06,19,,9,A,215858185,false,false,,0.01667986907114232,523,budget_exhausted,41.25859713554382
K19_07,19,,9,A,449904892,false,false,,0.003087017784766459,1557,budget_exhausted,92.40372371673584
K19_07,19,,9,A,1667643188,false,false,,0.04584833164014793,523,budget_exhausted,43.129014015197754
K19_07,19,,9,B,128182595,false,false,,0.004973419643613724,93,budget_exhausted,8.302205324172974
K19_07,19,,9,B,1845143962,false,false,,0.050079097526889445,77,budget_exhausted,8.874402046203613
K19_08,19,,9,A,128182595,false,false,,0.11455281016447101,361,budget_exhausted,32.04757809638977
K19_08,19,,9,A,1845143962,false,false,,0.3391255495720314,81,budget_exhausted,27.006696939468384
K19_08,19,,9,A,1683375127,false,false,,0.4923801401950242,25,budget_exhausted,16.109487056732178
K19_08,19,,9,A,893706906,false,false,,0.27824785833094257,1003,budget_exhausted,19.9503390789032
K19_08,19,,9,B,1683375127,false,false,,0.44303776762325014,87,budget_exhausted,6.847326993942261
K19_08,19,,9,B,893706906,false,false,,0.21003780393945926,63,budget_exhausted,9.06932806968689
K19_08,19,,9,B,1753007184,false,false,,0.4591746915632428,95,budget_exhausted,9.43654489517212
K19_08,19,,9,B,2107424273,false,false,,0.15327214901497094,39,budget_exhausted,5.258435964584351
K19_07,19,,9,A,1753007184,false,false,,0.02538828839210697,887,budget_exhausted,60.07680416107178
K19_07,19,,9,A,2107424273,false,false,,0.012414653347512907,329,budget_exhausted,68.52135992050171
K19_07,19,,9,A,418825361,false,false,,0.006889154682579495,769,budget_exhausted,42.93508195877075
K19_07,19,,9,A,215858185,false,false,,0.13249551021993963,217,budget_exhausted,22.205376148223877
K19_08,19,,9,B,418825361,false,false,,0.267214854089261,107,budget_exhausted,9.016700267791748
K19_08,19,,9,B,215858185,false,false,,0.05390650939435657,129,budget_exhausted,10.662988185882568
K19_08,19,,9,B,449904892,false,false,,0.2577760477487916,61,budget_exhausted,6.5914530754089355
K19_08,19,,9,B,1667643188,false,false,,0.05497384228143898,119,budget_exhausted,9.443932056427002
K19_08,19,,9,A,449904892,false,false,,0.10940346232645114,535,budget_exhausted,61.307066917419434
K19_08,19,,9,A,1667643188,false,false,,0.010585655050816531,1551,budget_exhausted,66.65183997154236
K19_08,19,,9,B,128182595,false,false,,0.2148021125202955,197,budget_exhausted,16.526438236236572
K19_08,19,,9,B,1845143962,false,false,,0.31545588346953973,51,budget_exhausted,4.805884838104248
K19_07,19,,9,A,128182595,false,false,,0.00029419307292010457,1717,budget_exhausted,95.3899199962616
K19_07,19,,9,A,1845143962,false,false,,0.046820718487719466,823,budget_exhausted,39.020143032073975
K19_07,19,,9,A,1683375127,false,false,,0.05559775705319731,1081,budget_exhausted,67.16838502883911
K19_07,19,,9,A,893706906,false,false,,0.05969659387509874,1773,budget_exhausted,75.69155383110046
K19_09,19,,9,B,1683375127,false,false,,0.015248713971039858,91,budget_exhausted,6.5111000537872314
K19_09,19,,9,B,893706906,false,false,,0.03317891229590673,67,budget_exhausted,6.399647951126099
K19_09,19,,9,B,1753007184,false,false,,0.003982324709714103,59,budget_exhausted,6.125303030014038
K19_09,19,,9,B,2107424273,false,false,,0.14621890817425257,57,budget_exhausted,4.91900897026062
K19_09,19,,9,B,418825361,false,false,,0.07087549978551352,55,budget_exhausted,5.822193145751953
K19_09,19,,9,B,215858185,false,false,,0.010857801384041618,51,budget_exhausted,5.574952840805054
K19_09,19,,9,B,449904892,false,false,,0.006045113518747249,25,budget_exhausted,4.962631940841675
K19_09,19,,9,B,1667643188,false,false,,0.0023464970596818752,107,budget_exhausted,10.740415811538696
K19_08,19,,9,A,1753007184,false,false,,0.7565158077593914,19,budget_exhausted,76.41071271896362
K19_08,19,,9,A,2107424273,false,false,,0.02210325243608407,321,budget_exhausted,62.141170263290405
K19_08,19,,9,A,418825361,false,false,,0.11525104517626548,437,budget_exhausted,45.55766201019287
K19_08,19,,9,A,215858185,false,false,,0.39126798900443904,191,budget_exhausted,15.818871021270752
K19_09,19,,9,A,449904892,false,false,,0.3592644757782732,913,budget_exhausted,67.43612599372864
K19_09,19,,9,A,1667643188,false,false,,0.2893390712423066,685,budget_exhausted,47.35579204559326
K19_09,19,,9,B,128182595,false,false,,0.33750366529191356,63,budget_exhausted,5.948528051376343
K19_09,19,,9,B,1845143962,false,false,,0.014681690179683961,41,budget_exhausted,4.7720489501953125
K19_09,19,,9,A,128182595,false,false,,0.0013826592949816592,505,budget_exhausted,35.36138701438904
K19_09,19,,9,A,1845143962,false,false,,0.02015751357664884,1561,budget_exhausted,44.97259020805359
K19_09,19,,9,A,1683375127,false,false,,0.07860064115552758,915,budget_exhausted,52.64611196517944
K19_09,19,,9,A,893706906,false,false,,0.3642532336175742,1655,budget_exhausted,29.320279121398926
K19_10,19,,9,B,1683375127,false,false,,0.2745801505994048,99,budget_exhausted,8.369582891464233
K19_10,19,,9,B,893706906,false,false,,0.27557694006472805,83,budget_exhausted,6.5550127029418945
K19_10,19,,9,B,1753007184,false,false,,0.20281812354186543,27,budget_exhausted,3.8953542709350586
K19_10,19,,9,B,2107424273,false,false,,0.27139633132967955,81,budget_exhausted,6.6020348072052
K19_10,19,,9,A,449904892,false,false,,0.19365931385432889,149,budget_exhausted,18.017173051834106
K19_10,19,,9,A,1667643188,false,false,,0.2813797300132747,483,budget_exhausted,20.050053119659424
K19_10,19,,9,B,128182595,false,false,,0.02648357779483807,61,budget_exhausted,4.987827777862549
K19_10,19,,9,B,1845143962,false,false,,0.2584743735620718,89,budget_exhausted,8.54158091545105
K19_10,19,,9,A,1753007184,false,false,,0.24090323715916845,387,budget_exhausted,22.19537115097046
K19_10,19,,9,A,2107424273,false,false,,0.27623865348868054,63,budget_exhausted,14.436794757843018
K19_10,19,,9,A,418825361,false,false,,0.03655803811816464,749,budget_exhausted,25.540462732315063
K19_10,19,,9,A,215858185,false,false,,0.29099243146192527,219,budget_exhausted,18.14797616004944
K19_10,19,,9,B,418825361,false,false,,0.06188814018093956,55,budget_exhausted,4.836883783340454
K19_10,19,,9,B,215858185,false,false,,0.20010734749307027,41,budget_exhausted,5.005111217498779
K19_10,19,,9,B,449904892,false,false,,0.005867477466499461,103,budget_exhausted,10.38375997543335
K19_10,19,,9,B,1667643188,false,false,,0.2710739138102436,103,budget_exhausted,9.645243167877197
K19_09,19,,9,A,1753007184,false,false,,0.4271986962332137,1179,budget_exhausted,75.02181482315063
K19_09,19,,9,A,2107424273,false,false,,0.17415284702748718,1137,budget_exhausted,71.55065488815308
K19_09,19,,9,A,418825361,false,false,,0.27858827009137166,421,budget_exhausted,27.345731735229492
K19_09,19,,9,A,215858185,false,false,,0.004167410824603889,485,budget_exhausted,44.277732849121094
K19_11,19,,9,B,1683375127,false,false,,0.05265901196948034,123,budget_exhausted,10.027729988098145
K19_11,19,,9,B,893706906,false,false,,0.016456854390971047,161,budget_exhausted,12.864624738693237
K19_11,19,,9,B,1753007184,false,false,,0.4138208082781992,69,budget_exhausted,7.0049519538879395
K19_11,19,,9,B,2107424273,false,false,,0.2069500805340397,89,budget_exhausted,9.253984689712524
K19_11,19,,9,B,418825361,false,false,,0.04278258960676,109,budget_exhausted,8.795289754867554
K19_11,19,,9,B,215858185,false,false,,0.003745407785187326,71,budget_exhausted,8.482357025146484
K19_11,19,,9,B,449904892,false,false,,0.10735786143490819,105,budget_exhausted,9.64420199394226
K19_11,19,,9,B,1667643188,false,false,,0.13955676052969798,113,budget_exhausted,7.355598211288452
K19_10,19,,9,A,128182595,false,false,,0.018923109377465285,781,budget_exhausted,77.44675397872925
K19_10,19,,9,A,1845143962,false,false,,0.2909929378166816,1381,budget_exhausted,42.94846057891846
K19_10,19,,9,A,1683375127,false,false,,0.25308425351810065,637,budget_exhausted,48.16619920730591
K19_10,19,,9,A,893706906,false,false,,0.06506327918113937,185,budget_exhausted,16.132586002349854
K19_11,19,,9,A,449904892,false,false,,0.007775017358246965,563,budget_exhausted,34.76520299911499
K19_11,19,,9,A,1667643188,false,false,,0.20403451724457286,1787,budget_exhausted,76.98331689834595
K19_11,19,,9,B,128182595,false,false,,0.021464839039822974,89,budget_exhausted,8.335929155349731
K19_11,19,,9,B,1845143962,false,false,,0.018109103182136734,83,budget_exhausted,8.661602020263672
K19_11,19,,9,A,128182595,false,false,,0.05290410710794526,609,budget_exhausted,23.01035189628601
K19_11,19,,9,A,1845143962,false,false,,0.06789104429970723,621,budget_exhausted,35.57177782058716
K19_11,19,,9,A,1683375127,false,false,,0.0021630688878980175,1593,budget_exhausted,70.0362069606781
K19_11,19,,9,A,893706906,false,false,,1.1510250748358304,659,budget_exhausted,32.0314040184021
K19_11,19,,9,A,1753007184,false,false,,0.01076805993917061,1373,budget_exhausted,48.47155570983887
K19_11,19,,9,A,2107424273,false,false,,0.011488047687384057,831,budget_exhausted,52.778173208236694
K19_11,19,,9,A,418825361,false,false,,0.01618452936205108,791,budget_exhausted,23.648322105407715
K19_11,19,,9,A,215858185,false,false,,0.03200249910840741,299,budget_exhausted,41.35491609573364
K19_12,19,,9,B,1683375127,false,false,,5.459982571283532e-05,63,budget_exhausted,6.432034015655518
K19_12,19,,9,B,893706906,false,false,,0.0001119551807282251,67,budget_exhausted,6.510334014892578
K19_12,19,,9,B,1753007184,false,false,,8.155236830228677e-06,71,budget_exhausted,9.173552989959717
K19_12,19,,9,B,2107424273,false,false,,8.028130413012613e-05,95,budget_exhausted,8.206674098968506
K19_12,19,,9,B,418825361,false,false,,0.00023567741428303022,81,budget_exhausted,7.601347923278809
K19_12,19,,9,B,215858185,false,false,,0.00027559585331214507,35,budget_exhausted,5.1121392250061035
K19_12,19,,9,B,449904892,false,false,,0.00010334901014724073,87,budget_exhausted,7.751046895980835
K19_12,19,,9,B,1667643188,false,false,,8.076975818007246e-06,81,budget_exhausted,8.169725894927979
K19_12,19,,9,A,128182595,false,false,,0.0004315859361515233,237,budget_exhausted,23.41789984703064
K19_12,19,,9,A,1845143962,false,false,,0.00028518059383015877,559,budget_exhausted,42.04093909263611
K19_12,19,,9,A,1683375127,false,false,,0.00030054906838320535,359,budget_exhausted,34.453701972961426
K19_12,19,,9,A,893706906,false,false,,0.0003071048853205943,327,budget_exhausted,29.10936999320984
K19_12,19,,9,A,449904892,false,false,,8.672692440088265e-05,269,budget_exhausted,34.23331809043884
K19_12,19,,9,A,1667643188,false,false,,0.0002689356910503488,621,budget_exhausted,35.97145915031433
K19_12,19,,9,B,128182595,false,false,,8.321054703160083e-06,53,budget_exhausted,5.731450796127319
K19_12,19,,9,B,1845143962,false,false,,0.00041566081245142963,57,budget_exhausted,6.225631952285767
K19_12,19,,9,A,1753007184,false,false,,8.520610743011287e-06,289,budget_exhausted,14.709350824356079
K19_12,19,,9,A,2107424273,false,false,,0.0003425267354998248,571,budget_exhausted,36.96400308609009
K19_12,19,,9,A,418825361,false,false,,0.0003006198357297957,1027,budget_exhausted,47.633617877960205
K19_12,19,,9,A,215858185,false,false,,9.708190980820275e-05,629,budget_exhausted,22.17656683921814
K19_13,19,,9,B,1683375127,false,false,,8.738636617753543e-05,73,budget_exhausted,8.16537094116211
K19_13,19,,9,B,893706906,false,false,,1.239448238506212e-05,23,budget_exhausted,3.729523181915283
K19_13,19,,9,B,1753007184,false,false,,0.022191059586099043,107,budget_exhausted,9.160797834396362
K19_13,19,,9,B,2107424273,false,false,,0.03407508464356293,131,budget_exhausted,13.00962781906128
K19_13,19,,9,B,418825361,false,false,,0.05865366428475288,107,budget_exhausted,10.521605968475342
K19_13,19,,9,B,215858185,false,false,,0.29864043946872876,61,budget_exhausted,6.807039022445679
K19_13,19,,9,B,449904892,false,false,,0.0001321616068137195,111,budget_exhausted,10.173394918441772
K19_13,19,,9,B,1667643188,false,false,,0.2980933205275427,49,budget_exhausted,6.01289701461792
K19_13,19,,9,A,449904892,false,false,,1.912467971966843e-05,95,budget_exhausted,36.2925009727478
K19_13,19,,9,A,1667643188,false,false,,0.0002898360918799626,431,budget_exhausted,33.371971130371094
K19_13,19,,9,B,128182595,false,false,,0.2639524094156991,87,budget_exhausted,8.234312057495117
K19_13,19,,9,B,1845143962,false,false,,0.013936569389290682,77,budget_exhausted,7.87737512588501
K19_13,19,,9,A,128182595,false,false,,3.891911274565463e-06,221,budget_exhausted,26.396082878112793
K19_13,19,,9,A,1845143962,false,false,,0.05686512006456333,939,budget_exhausted,102.65475606918335
K19_13,19,,9,A,1683375127,false,false,,2.7037515326847755e-06,51,budget_exhausted,15.274111032485962
K19_13,19,,9,A,893706906,false,false,,2.618764847114043e-06,161,budget_exhausted,13.879922866821289
K19_14,19,,9,B,1683375127,false,false,,0.0071935894997755085,121,budget_exhausted,15.937742233276367
K19_14,19,,9,B,893706906,false,false,,0.2137627177641424,103,budget_exhausted,11.319318771362305
K19_14,19,,9,B,1753007184,false,false,,0.11065210720664263,163,budget_exhausted,13.396668910980225
K19_14,19,,9,B,2107424273,false,false,,0.028311145619455035,187,budget_exhausted,13.511544942855835
K19_13,19,,9,A,1753007184,false,false,,0.31001478025365914,1317,budget_exhausted,64.48035407066345
K19_13,19,,9,A,2107424273,false,false,,0.26075013153375187,801,budget_exhausted,64.62225198745728
K19_13,19,,9,A,418825361,false,false,,0.00010770262969698598,399,budget_exhausted,14.073307752609253
K19_13,19,,9,A,215858185,false,false,,0.0005545639280427328,621,budget_exhausted,22.03777003288269
K19_14,19,,9,A,449904892,false,false,,0.07646341709239945,411,budget_exhausted,36.21467685699463
K19_14,19,,9,A,1667643188,false,false,,0.1579311748039279,1111,budget_exhausted,73.1364049911499
K19_14,19,,9,B,128182595,false,false,,0.005502522175408165,117,budget_exhausted,9.48902416229248
K19_14,19,,9,B,1845143962,false,false,,0.00030542987862013977,93,budget_exhausted,10.113215923309326
K19_14,19,,9,B,418825361,false,false,,0.023777016278321645,57,budget_exhausted,6.440735101699829
K19_14,19,,9,B,215858185,false,false,,0.12376733630642883,185,budget_exhausted,15.77620816230774
K19_14,19,,9,B,449904892,false,false,,0.11810671565273487,117,budget_exhausted,11.671814203262329
K19_14,19,,9,B,1667643188,false,false,,0.06178568030181068,157,budget_exhausted,13.61871075630188
K19_15,19,,9,B,1683375127,false,false,,0.003910063933674469,59,budget_exhausted,6.73077392578125
K19_15,19,,9,B,893706906,false,false,,0.0018511128050123478,91,budget_exhausted,7.359163045883179
K19_15,19,,9,B,1753007184,false,false,,0.003620217271326085,101,budget_exhausted,8.556281089782715
K19_15,19,,9,B,2107424273,false,false,,0.00955671912986242,135,budget_exhausted,11.258042812347412
K19_14,19,,9,A,1753007184,false,false,,0.03053745253957461,1533,budget_exhausted,65.1247730255127
K19_14,19,,9,A,2107424273,false,false,,0.23920152212029858,709,budget_exhausted,30.83937907218933
K19_14,19,,9,A,418825361,false,false,,0.012046650827289191,209,budget_exhausted,28.914077043533325
K19_14,19,,9,A,215858185,false,false,,0.059687073358840076,621,budget_exhausted,63.65541696548462
K19_15,19,,9,B,418825361,false,false,,0.002251916638511822,123,budget_exhausted,10.284467935562134
K19_15,19,,9,B,215858185,false,false,,0.05953200286497765,71,budget_exhausted,7.005696058273315
K19_15,19,,9,B,449904892,false,false,,0.006461395145972792,167,budget_exhausted,16.371083974838257
K19_15,19,,9,B,1667643188,false,false,,0.018330947543637496,81,budget_exhausted,8.407485008239746
K19_15,19,,9,A,128182595,false,false,,0.12739042445131446,587,budget_exhausted,41.388872385025024
K19_15,19,,9,A,1845143962,false,false,,0.10060607915239958,399,budget_exhausted,31.336927890777588
K19_15,19,,9,A,1683375127,false,false,,0.001101729020947202,69,budget_exhausted,37.00365495681763
K19_15,19,,9,A,893706906,false,false,,0.004250260017999549,501,budget_exhausted,17.620415925979614
K19_15,19,,9,A,449904892,false,false,,0.18925823419394067,73,budget_exhausted,25.723478078842163
K19_15,19,,9,A,1667643188,false,false,,0.006526495664919616,695,budget_exhausted,50.77939581871033
K19_15,19,,9,B,128182595,false,false,,0.04152960050337712,175,budget_exhausted,15.23386001586914
K19_15,19,,9,B,1845143962,false,false,,0.0146248058565306,107,budget_exhausted,10.443288803100586
K19_14,19,,9,A,128182595,false,false,,0.01382159389409968,387,budget_exhausted,55.734771966934204
K19_14,19,,9,A,1845143962,false,false,,0.00555517146796248,735,budget_exhausted,61.70016622543335
K19_14,19,,9,A,1683375127,false,false,,2.3950261261264897e-05,1303,budget_exhausted,76.56166791915894
K19_14,19,,9,A,893706906,false,false,,0.0019225316085452404,785,budget_exhausted,80.12048196792603
K19_16,19,,9,B,1683375127,false,false,,0.005058415369954524,57,budget_exhausted,5.866472005844116
K19_16,19,,9,B,893706906,false,false,,0.06666964418018084,119,budget_exhausted,11.206265687942505
K19_16,19,,9,B,1753007184,false,false,,1.936320025947209,51,budget_exhausted,5.861027956008911
K19_16,19,,9,B,2107424273,false,false,,0.013240823823525838,57,budget_exhausted,6.5216498374938965
K19_15,19,,9,A,1753007184,false,false,,0.0023279017326354257,1979,budget_exhausted,81.004319190979
K19_15,19,,9,A,2107424273,false,false,,0.001966130141481989,165,budget_exhausted,26.45217204093933
K19_15,19,,9,A,418825361,true,true,80,4.805408010980042e-29,19,converged,1.9764270782470703
K19_15,19,,9,A,215858185,false,false,,0.08638132430599241,1711,budget_exhausted,50.48976397514343
K19_16,19,,9,A,449904892,false,false,,0.0009845029473338999,193,budget_exhausted,28.34145998954773
K19_16,19,,9,A,1667643188,false,false,,0.0011444113212498387,335,budget_exhausted,13.534768104553223
K19_16,19,,9,B,128182595,false,false,,0.0011935686403020018,113,budget_exhausted,10.13660216331482
K19_16,19,,9,B,1845143962,false,false,,0.36667735495314474,73,budget_exhausted,7.253171920776367
K19_16,19,,9,B,418825361,false,false,,0.002558805794981005,115,budget_exhausted,9.320005893707275
K19_16,19,,9,B,215858185,false,false,,0.0019847182667193266,65,budget_exhausted,6.977124214172363
K19_16,19,,9,B,449904892,false,false,,0.02650497983183609,43,budget_exhausted,6.1663498878479
K19_16,19,,9,B,1667643188,false,false,,0.0007452536663735515,71,budget_exhausted,7.03441309928894
K19_16,19,,9,A,128182595,false,false,,0.03953711226298974,143,budget_exhausted,24.47032380104065
K19_16,19,,9,A,1845143962,false,false,,0.0017356065078812848,73,budget_exhausted,44.403361082077026
K19_16,19,,9,A,1683375127,false,false,,1.0242352634219459e-05,229,budget_exhausted,20.101091146469116
K19_16,19,,9,A,893706906,false,false,,0.0007239221975602916,1395,budget_exhausted,50.91806411743164
K19_17,19,,9,B,1683375127,false,false,,0.01639937668730593,169,budget_exhausted,14.305928945541382
K19_17,19,,9,B,893706906,false,false,,0.013576631178014742,173,budget_exhausted,13.963019132614136
K19_17,19,,9,B,1753007184,false,false,,0.011144435959542124,187,budget_exhausted,16.28057098388672
K19_17,19,,9,B,2107424273,false,false,,0.03029562432467,169,budget_exhausted,10.911626815795898
K19_17,19,,9,B,418825361,false,false,,0.017809483379382707,155,budget_exhausted,12.641184091567993
K19_17,19,,9,B,215858185,false,false,,0.007028912853301464,201,budget_exhausted,16.78044319152832
K19_17,19,,9,B,449904892,false,false,,0.0034063950822961825,125,budget_exhausted,11.785661935806274
K19_17,19,,9,B,1667643188,false,false,,0.02533579932936435,205,budget_exhausted,14.816882848739624
K19_16,19,,9,A,1753007184,false,false,,0.07839264209316729,97,budget_exhausted,23.222671031951904
K19_16,19,,9,A,2107424273,false,false,,0.045780261572955984,665,budget_exhausted,54.97256016731262
K19_16,19,,9,A,418825361,false,false,,0.08121597831375324,515,budget_exhausted,29.84730315208435
K19_16,19,,9,A,215858185,false,false,,0.0007449020707009803,589,budget_exhausted,53.55918526649475
K19_17,19,,9,A,1753007184,false,false,,0.030592139127455696,1421,budget_exhausted,50.974153995513916
K19_17,19,,9,A,2107424273,false,false,,0.038034266820383335,1341,budget_exhausted,62.401480197906494
K19_17,19,,9,A,418825361,false,false,,0.002419321234752663,297,budget_exhausted,22.73582625389099
K19_17,19,,9,A,215858185,false,false,,0.042580358674134906,285,budget_exhausted,21.637027978897095
K19_17,19,,9,A,449904892,false,false,,0.010955637017448788,843,budget_exhausted,65.84732294082642
K19_17,19,,9,A,1667643188,false,false,,0.02175919102556793,165,budget_exhausted,55.28220510482788
K19_17,19,,9,B,128182595,false,false,,0.0365214471043818,159,budget_exhausted,11.664175748825073
K19_17,19,,9,B,1845143962,false,false,,0.005544030376818647,171,budget_exhausted,15.22842812538147
K19_18,19,,9,A,449904892,false,false,,0.6133610005848592,297,budget_exhausted,21.048709869384766
K19_18,19,,9,A,1667643188,false,false,,0.780589728331162,147,budget_exhausted,21.858102083206177
K19_18,19,,9,B,128182595,false,false,,0.004236574680087289,37,budget_exhausted,4.56300687789917
K19_18,19,,9,B,1845143962,false,false,,0.6856983348703376,89,budget_exhausted,8.73833417892456
K19_18,19,,9,A,128182595,false,false,,0.400665789184338,611,budget_exhausted,30.185908794403076
K19_18,19,,9,A,1845143962,false,false,,0.7805106299887707,91,budget_exhausted,23.17715311050415
K19_18,19,,9,A,1683375127,false,false,,0.778677517005346,47,budget_exhausted,14.569560050964355
K19_18,19,,9,A,893706906,false,false,,0.7805898259400759,27,budget_exhausted,32.10250687599182
K19_17,19,,9,A,128182595,false,false,,1.720055939667974e-05,745,budget_exhausted,30.855509042739868
K19_17,19,,9,A,1845143962,false,false,,0.037515433254801445,419,budget_exhausted,69.70015096664429
K19_17,19,,9,A,1683375127,false,false,,0.030344499652447763,389,budget_exhausted,17.833001852035522
K19_17,19,,9,A,893706906,false,false,,0.02753606031039029,795,budget_exhausted,75.20656895637512
K19_18,19,,9,B,1683375127,false,false,,0.000404209219040486,35,budget_exhausted,4.461322069168091
K19_18,19,,9,B,893706906,false,false,,0.7805898259400759,27,budget_exhausted,11.118669033050537
K19_18,19,,9,B,1753007184,false,false,,0.00792054935272941,31,budget_exhausted,4.465848922729492
K19_18,19,,9,B,2107424273,false,false,,0.6068953414589978,107,budget_exhausted,12.239459991455078
K19_18,19,,9,B,418825361,false,false,,0.7805898259400759,19,budget_exhausted,12.644148826599121
K19_18,19,,9,B,215858185,false,false,,0.6454234664903324,145,budget_exhausted,12.09128189086914
K19_18,19,,9,B,449904892,false,false,,0.6064687628005764,123,budget_exhausted,12.2274169921875
K19_18,19,,9,B,1667643188,false,false,,0.6042709711947516,91,budget_exhausted,8.356157064437866
K19_19,19,,9,B,1683375127,false,false,,0.070008935032424,99,budget_exhausted,8.788604021072388
K19_19,19,,9,B,893706906,false,false,,0.0007166476936773601,113,budget_exhausted,10.519004821777344
K19_19,19,,9,B,1753007184,false,false,,0.016027334077318434,95,budget_exhausted,8.685378074645996
K19_19,19,,9,B,2107424273,false,false,,0.033578885428871115,85,budget_exhausted,8.231149911880493
K19_19,19,,9,B,418825361,false,false,,0.03924553864247973,91,budget_exhausted,7.871020078659058
K19_19,19,,9,B,215858185,false,false,,0.022531246708471182,117,budget_exhausted,10.000878810882568
K19_19,19,,9,B,449904892,false,false,,0.05492401677055245,35,budget_exhausted,9.863693952560425
K19_19,19,,9,B,1667643188,false,false,,0.0004954942549619714,87,budget_exhausted,7.762816905975342
K19_19,19,,9,A,449904892,false,false,,0.009462468500680249,513,budget_exhausted,60.06986403465271
K19_19,19,,9,A,1667643188,false,false,,0.19470044943599657,185,budget_exhausted,36.542243003845215
K19_19,19,,9,B,128182595,false,false,,0.03276081184058782,127,budget_exhausted,11.650110960006714
K19_19,19,,9,B,1845143962,false,false,,0.009681801424656482,145,budget_exhausted,13.9700448513031
K19_18,19,,9,A,1753007184,false,false,,0.7805898259400759,31,budget_exhausted,44.65628504753113
K19_18,19,,9,A,2107424273,false,false,,0.7805898259400759,31,budget_exhausted,46.65763187408447
K19_18,19,,9,A,418825361,false,false,,0.1662174296298397,407,budget_exhausted,85.28601384162903
K19_18,19,,9,A,215858185,false,false,,0.780239085469066,301,budget_exhausted,23.970052003860474
K19_20,19,,9,B,1683375127,false,false,,0.00014835898000430532,73,budget_exhausted,7.0796051025390625
K19_20,19,,9,B,893706906,false,false,,0.0003036109505563267,31,budget_exhausted,4.0130369663238525
K19_20,19,,9,B,1753007184,false,false,,1.1230707049967891e-05,37,budget_exhausted,4.382127046585083
K19_20,19,,9,B,2107424273,false,false,,1.177828323188601e-05,35,budget_exhausted,4.19037389755249
K19_20,19,,9,A,128182595,false,false,,8.949451543798387e-06,85,budget_exhausted,19.67167901992798
K19_20,19,,9,A,1845143962,false,false,,8.036016413268516e-06,281,budget_exhausted,10.931085109710693
K19_20,19,,9,A,1683375127,false,false,,7.5293878678218875e-06,45,budget_exhausted,13.150150775909424
K19_20,19,,9,A,893706906,false,false,,0.0012690399293611343,465,budget_exhausted,55.91252613067627
K19_20,19,,9,B,418825361,false,false,,2.0133122049752095e-05,35,budget_exhausted,4.26924204826355
K19_20,19,,9,B,215858185,false,false,,2.013594822480634e-05,19,budget_exhausted,4.040679931640625
K19_20,19,,9,B,449904892,false,false,,1.8045482695038024e-05,77,budget_exhausted,7.837072849273682
K19_20,19,,9,B,1667643188,false,false,,0.06826400594562669,117,budget_exhausted,11.254986047744751
K19_20,19,,9,A,1753007184,false,false,,0.0006823470119697668,1489,budget_exhausted,39.91683626174927
K19_20,19,,9,A,2107424273,false,false,,7.4084947125846685e-06,51,budget_exhausted,34.463523149490356
K19_20,19,,9,A,418825361,false,false,,2.013594822480634e-05,19,budget_exhausted,45.72644090652466
K19_20,19,,9,A,215858185,false,false,,8.665842881911834e-06,163,budget_exhausted,10.843155145645142
K19_20,19,,9,A,449904892,false,false,,0.0014620688016887687,1395,budget_exhausted,43.719703912734985
K19_20,19,,9,A,1667643188,false,false,,0.0020012245082551617,477,budget_exhausted,24.151068925857544
K19_20,19,,9,B,128182595,false,false,,1.451989274280783e-05,35,budget_exhausted,4.325406074523926
K19_20,19,,9,B,1845143962,false,false,,0.000427631257781627,79,budget_exhausted,7.972560167312622
K19_21,19,,9,B,1683375127,false,false,,0.36814120334065203,67,budget_exhausted,5.760498046875
K19_21,19,,9,B,893706906,false,false,,1.0741271770236414e-05,49,budget_exhausted,4.981107950210571
K19_21,19,,9,B,1753007184,false,false,,0.19223149147727916,71,budget_exhausted,6.8012120723724365
K19_21,19,,9,B,2107424273,false,false,,0.0001698981281382887,69,budget_exhausted,6.230081081390381
K19_19,19,,9,A,128182595,false,false,,0.0022345433280955528,1341,budget_exhausted,94.82883095741272
K19_19,19,,9,A,1845143962,false,false,,0.00043580642914902297,395,budget_exhausted,36.56809329986572
K19_19,19,,9,A,1683375127,false,false,,0.003475292612201894,1977,budget_exhausted,104.54256796836853
K19_19,19,,9,A,893706906,false,false,,0.05273291064073002,199,budget_exhausted,18.80515217781067
K19_19,19,,9,A,1753007184,false,false,,0.040482612912289336,1443,budget_exhausted,67.43938088417053
K19_19,19,,9,A,2107424273,false,false,,0.018231536613279087,775,budget_exhausted,76.90651297569275
K19_19,19,,9,A,418825361,false,false,,0.0012516885596812984,369,budget_exhausted,42.08126497268677
K19_19,19,,9,A,215858185,false,false,,0.012044857399342794,787,budget_exhausted,76.41320896148682
K19_21,19,,9,B,418825361,false,false,,0.03270341635998949,121,budget_exhausted,11.50277304649353
K19_21,19,,9,B,215858185,false,false,,0.0035385510176333145,89,budget_exhausted,8.859386920928955
K19_21,19,,9,B,449904892,false,false,,0.03665065483514917,95,budget_exhausted,8.597301006317139
K19_21,19,,9,B,1667643188,false,false,,0.4587357790055119,37,budget_exhausted,4.238326072692871
K19_21,19,,9,A,449904892,false,false,,0.008716524026981904,1079,budget_exhausted,38.37160587310791
K19_21,19,,9,A,1667643188,false,false,,0.24710236587882986,231,budget_exhausted,27.31595206260681
K19_21,19,,9,B,128182595,false,false,,0.10630666772140636,73,budget_exhausted,6.979811906814575
K19_21,19,,9,B,1845143962,false,false,,0.06979979885893974,55,budget_exhausted,5.6152777671813965
K19_22,19,,9,B,1683375127,false,false,,0.001289472852089729,45,budget_exhausted,4.734886169433594
K19_22,19,,9,B,893706906,false,false,,0.08648411966304204,45,budget_exhausted,5.450699090957642
K19_22,19,,9,B,1753007184,false,false,,0.005978222477128862,53,budget_exhausted,6.897651195526123
K19_22,19,,9,B,2107424273,false,false,,0.04481640628489141,89,budget_exhausted,7.645013093948364
K19_22,19,,9,B,418825361,false,false,,0.006044822192960031,69,budget_exhausted,7.490988731384277
K19_22,19,,9,B,215858185,false,false,,0.019968175070321118,53,budget_exhausted,5.895665884017944
K19_22,19,,9,B,449904892,false,false,,0.021122052789757016,101,budget_exhausted,9.051537036895752
K19_22,19,,9,B,1667643188,false,false,,0.01445265565249744,37,budget_exhausted,6.414035081863403
K19_21,19,,9,A,128182595,false,false,,0.08137558622241195,877,budget_exhausted,50.60389232635498
K19_21,19,,9,A,1845143962,false,false,,2.4088151734798866,801,budget_exhausted,48.072717905044556
K19_21,19,,9,A,1683375127,false,false,,0.24331677665034787,45,budget_exhausted,24.26229500770569
K19_21,19,,9,A,893706906,false,false,,0.019267656372569948,1085,budget_exhausted,66.55612707138062
K19_22,19,,9,A,449904892,false,false,,0.0002367463189001795,823,budget_exhausted,28.582989931106567
K19_22,19,,9,A,1667643188,false,false,,0.0034392840299890585,75,budget_exhausted,59.68392872810364
K19_22,19,,9,B,128182595,false,false,,0.01234866074822333,87,budget_exhausted,8.780044078826904
K19_22,19,,9,B,1845143962,false,false,,0.008766514931880496,91,budget_exhausted,8.557329177856445
K19_23,19,,9,A,1753007184,false,false,,4.468930129976796e-05,381,budget_exhausted,27.47057294845581
K19_23,19,,9,A,2107424273,false,false,,0.8845109235916755,3,budget_exhausted,0.8994579315185547
K19_23,19,,9,A,418825361,false,false,,0.0002054555235586339,1773,budget_exhausted,26.329628229141235
K19_23,19,,9,A,215858185,false,false,,0.0009462698805807301,463,budget_exhausted,3.6546568870544434
K19_23,19,,9,A,128182595,false,false,,0.0005426023169850874,445,budget_exhausted,17.301957845687866
K19_23,19,,9,A,1845143962,false,false,,3.29343784744217e-05,383,budget_exhausted,32.744028091430664
K19_23,19,,9,A,1683375127,false,false,,0.8845109235916755,3,budget_exhausted,0.8407530784606934
K19_23,19,,9,A,893706906,false,false,,0.0005741560671954875,1133,budget_exhausted,22.213513135910034
K19_22,19,,9,A,128182595,false,false,,0.08717777429787889,945,budget_exhausted,53.81653714179993
K19_22,19,,9,A,1845143962,false,false,,0.000557664071460977,839,budget_exhausted,36.743109941482544
K19_22,19,,9,A,1683375127,false,false,,0.08391479150893118,1311,budget_exhausted,63.61849761009216
K19_22,19,,9,A,893706906,false,false,,0.08454787465224939,143,budget_exhausted,25.529155731201172
K19_21,19,,9,A,1753007184,false,false,,0.977416258915992,275,budget_exhausted,39.83598709106445
K19_21,19,,9,A,2107424273,false,false,,0.058292985703365705,407,budget_exhausted,41.7369658946991
K19_21,19,,9,A,418825361,false,false,,0.03961018923419726,1549,budget_exhausted,59.45396399497986
K19_21,19,,9,A,215858185,false,false,,0.9235033681244929,1749,budget_exhausted,112.13638401031494
K19_23,19,,9,B,1683375127,false,false,,0.8651425780911873,33,budget_exhausted,5.182264089584351
K19_23,19,,9,B,893706906,false,false,,0.8845109235916755,3,budget_exhausted,7.441281080245972
K19_23,19,,9,B,1753007184,false,false,,2.8702813808313348e-05,75,budget_exhausted,7.5926618576049805
K19_23,19,,9,B,2107424273,false,false,,0.06979351228765852,103,budget_exhausted,10.390360832214355
K19_23,19,,9,B,418825361,false,false,,10990.560916974584,157,budget_exhausted,14.847917079925537
K19_23,19,,9,B,215858185,false,false,,0.8845109235916755,3,budget_exhausted,4.8532819747924805
K19_23,19,,9,B,449904892,false,false,,0.0025275166717953824,41,budget_exhausted,5.330070972442627
K19_23,19,,9,B,1667643188,false,false,,0.8845109235916755,3,budget_exhausted,9.062572002410889
K19_23,19,,9,A,449904892,false,false,,0.8845109235916755,3,budget_exhausted,0.9020271301269531
K19_23,19,,9,A,1667643188,false,false,,7.245020035392566e-05,1183,budget_exhausted,64.48199510574341
K19_23,19,,9,B,128182595,false,false,,0.0582249502355065,95,budget_exhausted,9.779545783996582
K19_23,19,,9,B,1845143962,false,false,,0.8845109235916755,3,budget_exhausted,4.9196391105651855
K19_24,19,,9,B,1683375127,false,false,,0.09599487674846102,79,budget_exhausted,7.947827100753784
K19_24,19,,9,B,893706906,false,false,,0.026819015178851394,121,budget_exhausted,10.161540746688843
K19_24,19,,9,B,1753007184,false,false,,0.01452121425740289,103,budget_exhausted,10.11226511001587
K19_24,19,,9,B,2107424273,false,false,,0.27857930374169704,71,budget_exhausted,8.232619047164917
K19_24,19,,9,B,418825361,false,false,,0.013428809556598791,129,budget_exhausted,10.8363938331604
K19_24,19,,9,B,215858185,false,false,,0.06243208240775489,79,budget_exhausted,7.513962030410767
K19_24,19,,9,B,449904892,false,false,,0.00899224516904226,91,budget_exhausted,6.7511210441589355
K19_24,19,,9,B,1667643188,false,false,,0.03162122286581397,133,budget_exhausted,9.969198942184448
K19_24,19,,9,A,449904892,false,false,,0.021781576799111572,833,budget_exhausted,66.80913782119751
K19_24,19,,9,A,1667643188,false,false,,0.2783683744867451,319,budget_exhausted,20.66192102432251
K19_24,19,,9,B,128182595,false,false,,0.04331287371417205,117,budget_exhausted,11.440434217453003
K19_24,19,,9,B,1845143962,false,false,,0.03269200071656638,129,budget_exhausted,11.981338739395142
K19_24,19,,9,A,1753007184,false,false,,0.017259812920137108,469,budget_exhausted,41.11163687705994
K19_24,19,,9,A,2107424273,false,false,,0.0772821446160325,463,budget_exhausted,25.233577966690063
K19_24,19,,9,A,418825361,false,false,,0.07056911368704293,415,budget_exhausted,50.84506702423096
K19_24,19,,9,A,215858185,false,false,,0.27927190737888846,603,budget_exhausted,27.742550134658813
K19_25,19,,9,B,1683375127,false,false,,0.0038686904667347435,89,budget_exhausted,8.551820039749146
K19_25,19,,9,B,893706906,false,false,,0.055305115297711926,71,budget_exhausted,8.51589560508728
K19_25,19,,9,B,1753007184,false,false,,0.011910321269958382,89,budget_exhausted,9.996962070465088
K19_25,19,,9,B,2107424273,false,false,,0.01357714416779716,55,budget_exhausted,6.860338926315308
K19_25,19,,9,A,449904892,false,false,,0.000263690352263597,859,budget_exhausted,37.714569330215454
K19_25,19,,9,A,1667643188,false,false,,0.02000588496132721,673,budget_exhausted,24.370067834854126
K19_25,19,,9,B,128182595,false,false,,0.003701633813762483,93,budget_exhausted,12.437895774841309
K19_25,19,,9,B,1845143962,false,false,,0.0046184373681333905,97,budget_exhausted,8.512625217437744
K19_22,19,,9,A,1753007184,false,false,,4.501508249924237e-05,1155,budget_exhausted,75.83636903762817
K19_22,19,,9,A,2107424273,false,false,,9.677186265894258e-05,203,budget_exhausted,31.570037364959717
K19_22,19,,9,A,418825361,false,false,,0.0046909982088974905,1627,budget_exhausted,115.18755722045898
K19_22,19,,9,A,215858185,false,false,,0.030483854028011896,1969,budget_exhausted,154.4426658153534
K19_25,19,,9,B,418825361,false,false,,0.00642859264919178,67,budget_exhausted,7.231309175491333
K19_25,19,,9,B,215858185,false,false,,0.00886662958594244,81,budget_exhausted,8.491486072540283
K19_25,19,,9,B,449904892,false,false,,0.0019238926087169288,71,budget_exhausted,7.596603870391846
K19_25,19,,9,B,1667643188,false,false,,0.034284404342497736,137,budget_exhausted,10.912976026535034
K19_25,19,,9,A,128182595,false,false,,0.013411129740561767,809,budget_exhausted,41.330459117889404
K19_25,19,,9,A,1845143962,false,false,,0.00870514765096141,395,budget_exhausted,72.06358098983765
K19_25,19,,9,A,1683375127,false,false,,0.061182091207724415,229,budget_exhausted,18.992080211639404
K19_25,19,,9,A,893706906,false,false,,0.05832804598380562,17,budget_exhausted,65.18720412254333
K19_25,19,,9,A,1753007184,false,false,,0.037709260466023256,1077,budget_exhausted,33.306034088134766
K19_25,19,,9,A,2107424273,false,false,,0.0031700600749799005,697,budget_exhausted,56.486706256866455
K19_25,19,,9,A,418825361,false,false,,0.012241081515341699,967,budget_exhausted,47.68771696090698
K19_25,19,,9,A,215858185,false,false,,0.0156412760573165,505,budget_exhausted,82.22626399993896
K19_26,19,,9,B,1683375127,false,false,,0.004407788611582666,49,budget_exhausted,5.429502010345459
K19_26,19,,9,B,893706906,false,false,,0.02722448027939295,131,budget_exhausted,11.272969007492065
K19_26,19,,9,B,1753007184,false,false,,0.0049665200782441415,229,budget_exhausted,19.949199199676514
K19_26,19,,9,B,2107424273,false,false,,0.011766543067392795,57,budget_exhausted,6.214877367019653
K19_26,19,,9,B,418825361,false,false,,0.026739936791537047,37,budget_exhausted,4.879598140716553
K19_26,19,,9,B,215858185,false,false,,0.018088438782811096,63,budget_exhausted,7.885601997375488
K19_26,19,,9,B,449904892,false,false,,0.02100645139249299,91,budget_exhausted,9.9775710105896
K19_26,19,,9,B,1667643188,false,false,,0.2593591832903825,77,budget_exhausted,8.232023000717163
K19_24,19,,9,A,128182595,false,false,,0.018461687686957523,1449,budget_exhausted,74.56113910675049
K19_24,19,,9,A,1845143962,false,false,,0.2860778667999784,861,budget_exhausted,66.10146594047546
K19_24,19,,9,A,1683375127,false,false,,0.048233462694418465,913,budget_exhausted,105.77930402755737
K19_24,19,,9,A,893706906,false,false,,0.005911781309924784,429,budget_exhausted,79.96252918243408
K19_27,19,,9,A,128182595,false,false,,0.0032534924478177935,1661,budget_exhausted,34.297969341278076
K19_27,19,,9,A,1845143962,false,false,,0.012080025871905804,101,budget_exhausted,9.959382057189941
K19_27,19,,9,A,1683375127,true,true,41,0.0,19,converged,0.6383368968963623
K19_27,19,,9,A,893706906,false,false,,0.02276331571750505,229,budget_exhausted,112.6196858882904
K19_27,19,,9,A,449904892,false,false,,0.1641057442094618,161,budget_exhausted,24.769108057022095
K19_27,19,,9,A,1667643188,false,false,,0.002246063357480258,577,budget_exhausted,120.44123077392578
K19_27,19,,9,B,128182595,false,false,,54.3224534000017,81,budget_exhausted,8.016617059707642
K19_27,19,,9,B,1845143962,false,false,,2.1585380119383575,27,budget_exhausted,5.494856834411621
K19_27,19,,9,B,1683375127,false,false,,25.17255409950167,95,budget_exhausted,10.051594018936157
K19_27,19,,9,B,893706906,false,false,,2.1899754621417458,129,budget_exhausted,10.86755895614624
K19_27,19,,9,B,1753007184,false,false,,16.830144499397992,117,budget_exhausted,10.19164228439331
K19_27,19,,9,B,2107424273,false,false,,0.0475546976930389,65,budget_exhausted,6.575955152511597
K19_26,19,,9,A,449904892,false,false,,0.002677880499081459,1897,budget_exhausted,94.86742496490479
K19_26,19,,9,A,1667643188,false,false,,0.011855566063940075,1051,budget_exhausted,159.15881514549255
K19_26,19,,9,B,128182595,false,false,,0.04253246839240084,87,budget_exhausted,8.494118213653564
K19_26,19,,9,B,1845143962,false,false,,0.026368613376603376,55,budget_exhausted,4.146265745162964
K19_27,19,,9,B,418825361,false,false,,2.7612787175570523,57,budget_exhausted,6.011536121368408
K19_27,19,,9,B,215858185,false,false,,7.105611975388019,93,budget_exhausted,8.711981058120728
K19_27,19,,9,B,449904892,false,false,,0.010792649403189917,27,budget_exhausted,3.9605281352996826
K19_27,19,,9,B,1667643188,false,false,,184.65072235075422,51,budget_exhausted,5.538018703460693
K19_26,19,,9,A,1753007184,false,false,,0.1151646358171066,165,budget_exhausted,15.087508201599121
K19_26,19,,9,A,2107424273,false,false,,0.002862265693397043,807,budget_exhausted,88.91138195991516
K19_26,19,,9,A,418825361,false,false,,0.0006459438034447086,1683,budget_exhausted,155.4072539806366
K19_26,19,,9,A,215858185,false,false,,0.5382759404785808,1167,budget_exhausted,45.1645941734314
K19_28,19,,9,B,1683375127,false,false,,0.00018618877541163125,47,budget_exhausted,5.857074022293091
K19_28,19,,9,B,893706906,false,false,,9.181709307733972e-05,97,budget_exhausted,10.313906908035278
K19_28,19,,9,B,1753007184,false,false,,0.0007498424635930382,53,budget_exhausted,5.389780044555664
K19_28,19,,9,B,2107424273,false,false,,0.0009722001543780759,47,budget_exhausted,5.616869926452637
K19_26,19,,9,A,128182595,false,false,,0.00025789032819400576,1633,budget_exhausted,64.26782417297363
K19_26,19,,9,A,1845143962,false,false,,0.006781217500073302,721,budget_exhausted,211.82526469230652
K19_26,19,,9,A,1683375127,false,false,,0.004569309218468055,1207,budget_exhausted,25.71902823448181
K19_26,19,,9,A,893706906,false,false,,0.0026629020120587767,977,budget_exhausted,48.28570294380188
K19_28,19,,9,B,418825361,false,false,,0.0023587222914491037,93,budget_exhausted,8.66721796989441
K19_28,19,,9,B,215858185,false,false,,0.00356460026255393,73,budget_exhausted,7.024325132369995
K19_28,19,,9,B,449904892,false,false,,0.000964273708844932,59,budget_exhausted,6.345828056335449
K19_28,19,,9,B,1667643188,false,false,,0.002143001892623174,131,budget_exhausted,13.665761947631836
K19_28,19,,9,A,1753007184,false,false,,0.00024350584106656517,365,budget_exhausted,29.493860960006714
K19_28,19,,9,A,2107424273,false,false,,0.0025631256021492323,569,budget_exhausted,25.242933988571167
K19_28,19,,9,A,418825361,false,false,,0.0009634839733211627,349,budget_exhausted,27.71379780769348
K19_28,19,,9,A,215858185,false,false,,0.0009476751279904453,151,budget_exhausted,17.115354776382446
K19_28,19,,9,A,449904892,false,false,,1.8405631817758245e-05,1343,budget_exhausted,52.3169059753418
K19_28,19,,9,A,1667643188,false,false,,0.0007715960359090147,207,budget_exhausted,39.555732011795044
K19_28,19,,9,B,128182595,false,false,,0.0010086109708622377,85,budget_exhausted,7.721200942993164
K19_28,19,,9,B,1845143962,false,false,,0.001238517709395326,45,budget_exhausted,6.102614879608154
K19_29,19,,9,B,1683375127,false,false,,0.24941833188079085,75,budget_exhausted,7.470067977905273
K19_29,19,,9,B,893706906,false,false,,0.380934423802636,53,budget_exhausted,6.032806873321533
K19_29,19,,9,B,1753007184,false,false,,0.25006082106676414,65,budget_exhausted,7.87204122543335
K19_29,19,,9,B,2107424273,false,false,,0.12052277148337612,29,budget_exhausted,3.558022975921631
K19_27,19,,9,A,1753007184,false,false,,0.034680877808301466,1875,budget_exhausted,208.31619310379028
K19_27,19,,9,A,2107424273,false,false,,0.23835882976091413,801,budget_exhausted,58.050180196762085
K19_27,19,,9,A,418825361,false,false,,0.008149030422669632,279,budget_exhausted,34.93872690200806
K19_27,19,,9,A,215858185,false,false,,0.03337221360595829,1989,budget_exhausted,47.814911127090454
K19_29,19,,9,B,418825361,false,false,,0.25200070243901024,51,budget_exhausted,6.112087726593018
K19_29,19,,9,B,215858185,false,false,,0.10244735821641186,27,budget_exhausted,3.975207805633545
K19_29,19,,9,B,449904892,false,false,,0.10534369899424793,21,budget_exhausted,4.092688798904419
K19_29,19,,9,B,1667643188,false,false,,0.07396249040909807,151,budget_exhausted,14.453118085861206
K19_28,19,,9,A,128182595,false,false,,0.0010748402331602104,977,budget_exhausted,45.12758183479309
K19_28,19,,9,A,1845143962,false,false,,0.0002993593784754126,695,budget_exhausted,45.03955602645874
K19_28,19,,9,A,1683375127,false,false,,0.0008796151202817902,995,budget_exhausted,38.13616585731506
K19_28,19,,9,A,893706906,false,false,,0.002733412481401213,75,budget_exhausted,72.40630292892456
K19_29,19,,9,A,449904892,false,false,,0.21423714012113965,1467,budget_exhausted,54.41909885406494
K19_29,19,,9,A,1667643188,false,false,,0.17604469136688988,1079,budget_exhausted,61.96197819709778
K19_29,19,,9,B,128182595,false,false,,0.25255444324929543,11,budget_exhausted,6.049924850463867
K19_29,19,,9,B,1845143962,false,false,,0.25509177234583164,63,budget_exhausted,6.618880987167358
K19_29,19,,9,A,128182595,false,false,,0.03168886922492128,715,budget_exhausted,74.44407415390015
K19_29,19,,9,A,1845143962,false,false,,0.06503163925025911,905,budget_exhausted,35.67404103279114
K19_29,19,,9,A,1683375127,false,false,,0.2519666413104962,963,budget_exhausted,46.46155500411987
K19_29,19,,9,A,893706906,false,false,,0.25387359796697523,645,budget_exhausted,24.445868968963623
K21_00,21,,10,B,1683375127,false,false,,0.007973926724792595,79,budget_exhausted,6.779102087020874
K21_00,21,,10,B,893706906,false,false,,0.00953210039901258,115,budget_exhausted,9.961635112762451
K21_00,21,,10,B,1753007184,false,false,,0.06901954503946661,87,budget_exhausted,10.019574165344238
K21_00,21,,10,B,2107424273,false,false,,0.09379903713333494,147,budget_exhausted,14.725066900253296
K21_00,21,,10,B,418825361,false,false,,0.3428064744847504,49,budget_exhausted,6.3053812980651855
K21_00,21,,10,B,215858185,false,false,,0.14594726934122018,131,budget_exhausted,10.586997032165527
K21_00,21,,10,B,449904892,false,false,,0.010060386083311558,109,budget_exhausted,11.987387895584106
K21_00,21,,10,B,1667643188,false,false,,0.07795447056849919,141,budget_exhausted,14.657413244247437
K21_00,21,,10,A,449904892,false,false,,0.0077611877012322755,1335,budget_exhausted,52.71150088310242
K21_00,21,,10,A,1667643188,false,false,,0.029005476168558666,1235,budget_exhausted,28.92137908935547
K21_00,21,,10,B,128182595,false,false,,0.026883252381498187,81,budget_exhausted,7.306133985519409
K21_00,21,,10,B,1845143962,false,false,,0.03517033071470792,177,budget_exhausted,12.089309930801392
K21_01,21,,10,A,128182595,true,true,43,1.6641171457270233e-31,13,converged,1.1505460739135742
K21_01,21,,10,A,1845143962,true,false,14,7.729636799893231e-07,15,converged,0.3109300136566162
K21_01,21,,10,A,1683375127,false,false,,1.8855971613216977e-05,1253,budget_exhausted,47.64154100418091
K21_01,21,,10,A,893706906,false,false,,0.0038622652019954288,137,budget_exhausted,18.791870832443237
K19_29,19,,9,A,1753007184,false,false,,0.24394702032625187,1041,budget_exhausted,59.38718795776367
K19_29,19,,9,A,2107424273,false,false,,0.2501804294564807,1015,budget_exhausted,40.18941521644592
K19_29,19,,9,A,418825361,false,false,,0.060531987190036406,645,budget_exhausted,67.84398794174194
K19_29,19,,9,A,215858185,false,false,,0.17213206524667643,839,budget_exhausted,84.98722290992737
K21_01,21,,10,A,1753007184,false,false,,0.0004753033962123046,529,budget_exhausted,29.532625913619995
K21_01,21,,10,A,2107424273,false,false,,0.07305561290381689,513,budget_exhausted,36.96856999397278
K21_01,21,,10,A,418825361,true,false,7,7.729636799893231e-07,15,converged,0.15019893646240234
K21_01,21,,10,A,215858185,true,false,27,4.6545565916011635e-07,29,converged,0.4061589241027832
K21_01,21,,10,B,1683375127,false,false,,0.041653570406890834,121,budget_exhausted,10.940849781036377
K21_01,21,,10,B,893706906,false,false,,0.0022892869397763077,111,budget_exhausted,11.755349159240723
K21_01,21,,10,B,1753007184,true,true,113,1.6641171457270233e-31,13,converged,3.9456682205200195
K21_01,21,,10,B,2107424273,true,false,34,7.729636799893231e-07,15,converged,1.2862727642059326
K21_01,21,,10,A,449904892,false,false,,0.09678057445391636,235,budget_exhausted,15.049829006195068
K21_01,21,,10,A,1667643188,false,false,,0.010937399153468376,187,budget_exhausted,31.721883296966553
K21_01,21,,10,B,128182595,false,false,,0.00764863355389556,83,budget_exhausted,7.956564903259277
K21_01,21,,10,B,1845143962,false,false,,0.030919186760757212,127,budget_exhausted,12.505953073501587
K21_01,21,,10,B,418825361,true,true,58,1.6641171457270233e-31,13,converged,1.5592119693756104
K21_01,21,,10,B,215858185,false,false,,0.09531815729316478,111,budget_exhausted,10.586626052856445
K21_01,21,,10,B,449904892,false,false,,0.03101643720265702,107,budget_exhausted,10.404875993728638
K21_01,21,,10,B,1667643188,true,false,74,6.964877527087803e-07,55,converged,2.400681972503662
K21_00,21,,10,A,1753007184,false,false,,0.19562131137562203,89,budget_exhausted,52.787065267562866
K21_00,21,,10,A,2107424273,false,false,,0.09778510612403622,1439,budget_exhausted,62.92937898635864
K21_00,21,,10,A,418825361,false,false,,0.07592199667080735,565,budget_exhausted,41.162904024124146
K21_00,21,,10,A,215858185,false,false,,0.11417241602258107,913,budget_exhausted,40.65760898590088
K21_00,21,,10,A,128182595,false,false,,0.07588420874715031,949,budget_exhausted,46.542386054992676
K21_00,21,,10,A,1845143962,false,false,,0.05228736637290113,1607,budget_exhausted,79.75730109214783
K21_00,21,,10,A,1683375127,false,false,,0.10905551299254534,1215,budget_exhausted,54.592448711395264
K21_00,21,,10,A,893706906,false,false,,0.002802135554743001,249,budget_exhausted,25.86112403869629
K21_02,21,,10,B,1683375127,false,false,,0.0025191815461298385,97,budget_exhausted,8.212884902954102
K21_02,21,,10,B,893706906,false,false,,0.009032155636698062,25,budget_exhausted,4.906078100204468
K21_02,21,,10,B,1753007184,false,false,,0.20663683028312116,153,budget_exhausted,12.396296977996826
K21_02,21,,10,B,2107424273,false,false,,0.006524227010675892,67,budget_exhausted,6.848100900650024
K21_02,21,,10,B,418825361,false,false,,4.191990267342955e-06,61,budget_exhausted,6.871567249298096
K21_02,21,,10,B,215858185,false,false,,0.013542801318829144,67,budget_exhausted,8.992354154586792
K21_02,21,,10,B,449904892,false,false,,0.004649330479648107,123,budget_exhausted,11.698569059371948
K21_02,21,,10,B,1667643188,false,false,,0.07585727905393284,119,budget_exhausted,11.164716005325317
K21_03,21,,10,A,449904892,false,false,,0.009101063611937594,211,budget_exhausted,35.41890096664429
K21_03,21,,10,A,1667643188,false,false,,0.1389537874898136,225,budget_exhausted,23.32736110687256
K21_03,21,,10,B,128182595,false,false,,0.016789121930860396,109,budget_exhausted,9.748414039611816
K21_03,21,,10,B,1845143962,false,false,,0.014959959971274613,125,budget_exhausted,11.442881107330322
K21_02,21,,10,A,128182595,false,false,,0.007972344844117756,101,budget_exhausted,24.010372161865234
K21_02,21,,10,A,1845143962,false,false,,7.338254299738104e-05,729,budget_exhausted,36.53120183944702
K21_02,21,,10,A,1683375127,false,false,,0.011107819034493486,1063,budget_exhausted,39.287014961242676
K21_02,21,,10,A,893706906,false,false,,0.0049384164602449135,1791,budget_exhausted,58.45131182670593
K21_02,21,,10,A,449904892,false,false,,0.0011685491772953432,1611,budget_exhausted,72.61872506141663
K21_02,21,,10,A,1667643188,false,false,,0.001552595301996428,607,budget_exhausted,67.5513961315155
K21_02,21,,10,B,128182595,false,false,,0.004241818099859473,111,budget_exhausted,9.1463041305542
K21_02,21,,10,B,1845143962,false,false,,0.011667365975681429,101,budget_exhausted,9.233003854751587
K21_02,21,,10,A,1753007184,false,false,,0.01676408038949864,1609,budget_exhausted,91.28073215484619
K21_02,21,,10,A,2107424273,false,false,,0.05754584940580019,495,budget_exhausted,25.21381902694702
K21_02,21,,10,A,418825361,false,false,,5.6576498456131935e-06,25,budget_exhausted,10.294809103012085
K21_02,21,,10,A,215858185,false,false,,0.027448716969368514,505,budget_exhausted,35.975192070007324
K21_03,21,,10,B,1683375127,false,false,,0.016284212300202723,65,budget_exhausted,6.1708149909973145
K21_03,21,,10,B,893706906,false,false,,0.26126583359152944,67,budget_exhausted,6.664589166641235
K21_03,21,,10,B,1753007184,false,false,,0.013955293978102308,179,budget_exhausted,13.554784059524536
K21_03,21,,10,B,2107424273,false,false,,0.2545899666738298,99,budget_exhausted,8.022141933441162
K21_03,21,,10,B,418825361,false,false,,0.09329139222805476,51,budget_exhausted,5.27593207359314
K21_03,21,,10,B,215858185,false,false,,0.35145727847167413,139,budget_exhausted,13.824126243591309
K21_03,21,,10,B,449904892,false,false,,0.26126579958983276,57,budget_exhausted,6.7557549476623535
K21_03,21,,10,B,1667643188,false,false,,0.13628363917746997,47,budget_exhausted,7.104056119918823
K21_03,21,,10,A,128182595,false,false,,0.022858243540608864,1823,budget_exhausted,92.75875473022461
K21_03,21,,10,A,1845143962,false,false,,0.4245337805017669,97,budget_exhausted,69.4048662185669
K21_03,21,,10,A,1683375127,false,false,,0.23646091238029746,1395,budget_exhausted,31.241362810134888
K21_03,21,,10,A,893706906,false,false,,0.24443165193323352,729,budget_exhausted,32.41643190383911
K21_04,21,,10,B,1683375127,false,false,,1.6795876289445365e-05,131,budget_exhausted,11.404196739196777
K21_04,21,,10,B,893706906,false,false,,0.019455320295265133,15,budget_exhausted,43.43332505226135
K21_04,21,,10,B,1753007184,false,false,,7.455746810603893e-06,45,budget_exhausted,17.623826026916504
K21_04,21,,10,B,2107424273,false,false,,6.150103417248449e-06,51,budget_exhausted,17.63316297531128
K21_04,21,,10,A,128182595,false,false,,3.1114152419362815e-06,17,budget_exhausted,9.77012300491333
K21_04,21,,10,A,1845143962,false,false,,0.019455320295265133,15,budget_exhausted,47.1013069152832
K21_04,21,,10,A,1683375127,false,false,,2.4370429142329423e-06,27,budget_exhausted,18.633687019348145
K21_04,21,,10,A,893706906,false,false,,0.019455320295265133,15,budget_exhausted,47.12589907646179
K21_04,21,,10,A,449904892,false,false,,1.76716945457955e-05,175,budget_exhausted,29.16219711303711
K21_04,21,,10,A,1667643188,false,false,,0.019455320295265133,15,budget_exhausted,52.46937298774719
K21_04,21,,10,B,128182595,false,false,,4.086890808140253e-06,33,budget_exhausted,6.8648717403411865
K21_04,21,,10,B,1845143962,false,false,,0.019455320295265133,15,budget_exhausted,59.25127601623535
K21_04,21,,10,A,1753007184,false,false,,5.0275538645807346e-06,31,budget_exhausted,21.30437707901001
K21_04,21,,10,A,2107424273,false,false,,0.019455320295265133,15,budget_exhausted,105.54251527786255
K21_04,21,,10,A,418825361,false,false,,1.6436789142878211e-06,181,budget_exhausted,14.585887908935547
K21_04,21,,10,A,215858185,false,false,,7.666366988077545e-06,211,budget_exhausted,17.585875272750854
K21_03,21,,10,A,1753007184,false,false,,0.0331773741722485,425,budget_exhausted,18.141626834869385
K21_03,21,,10,A,2107424273,false,false,,0.00952993723829671,1051,budget_exhausted,65.99194121360779
K21_03,21,,10,A,418825361,false,false,,1.0470173783588317,1711,budget_exhausted,119.86244320869446
K21_03,21,,10,A,215858185,false,false,,0.09690358773317599,1949,budget_exhausted,91.49361181259155
K21_05,21,,10,B,1683375127,false,false,,0.01861630199680994,31,budget_exhausted,3.753896951675415
K21_05,21,,10,B,893706906,false,false,,0.014234790135967776,61,budget_exhausted,5.828979969024658
K21_05,21,,10,B,1753007184,false,false,,0.014876586809798871,49,budget_exhausted,6.520416021347046
K21_05,21,,10,B,2107424273,false,false,,0.027596804587317312,31,budget_exhausted,6.1859612464904785
K21_04,21,,10,B,418825361,false,false,,3.2794185260928626e-05,85,budget_exhausted,28.833688020706177
K21_04,21,,10,B,215858185,false,false,,2.638614942705439e-06,43,budget_exhausted,7.962739944458008
K21_04,21,,10,B,449904892,false,false,,0.019455320295265133,15,budget_exhausted,56.22109818458557
K21_04,21,,10,B,1667643188,false,false,,2.9282165199487604e-06,19,budget_exhausted,8.804303884506226
K21_05,21,,10,B,418825361,false,false,,0.022177829980986136,45,budget_exhausted,5.170492172241211
K21_05,21,,10,B,215858185,false,false,,0.010289134430807327,45,budget_exhausted,5.336962699890137
K21_05,21,,10,B,449904892,false,false,,0.007991060634879112,183,budget_exhausted,16.871560096740723
K21_05,21,,10,B,1667643188,false,false,,0.009749513978619716,67,budget_exhausted,6.986294984817505
K21_05,21,,10,A,449904892,false,false,,0.012330522309241327,137,budget_exhausted,30.184387922286987
K21_05,21,,10,A,1667643188,false,false,,0.008227120725449105,677,budget_exhausted,50.6348659992218
K21_05,21,,10,B,128182595,false,false,,0.006076839162882881,53,budget_exhausted,5.335442304611206
K21_05,21,,10,B,1845143962,false,false,,0.017045753737278572,41,budget_exhausted,4.317799091339111
K21_06,21,,10,B,1683375127,false,false,,0.03531876661228523,55,budget_exhausted,5.458021879196167
K21_06,21,,10,B,893706906,false,false,,0.2682936485700217,29,budget_exhausted,4.754293918609619
K21_06,21,,10,B,1753007184,false,false,,0.7491014707931574,85,budget_exhausted,8.866081953048706
K21_06,21,,10,B,2107424273,false,false,,1.021413710370068,9,budget_exhausted,6.201191186904907
K21_06,21,,10,A,449904892,false,false,,0.019543486053067063,1915,budget_exhausted,45.57933473587036
K21_06,21,,10,A,1667643188,false,false,,0.05791350261189256,1157,budget_exhausted,31.52333688735962
K21_06,21,,10,B,128182595,false,false,,0.06845385727245011,41,budget_exhausted,5.706317663192749
K21_06,21,,10,B,1845143962,false,false,,0.04197377464173252,63,budget_exhausted,6.240257024765015
K21_06,21,,10,B,418825361,false,false,,0.04394044448182402,55,budget_exhausted,4.719868183135986
K21_06,21,,10,B,215858185,false,false,,0.030323598552356786,77,budget_exhausted,7.334841966629028
K21_06,21,,10,B,449904892,false,false,,0.5188014034253917,99,budget_exhausted,9.331708192825317
K21_06,21,,10,B,1667643188,false,false,,0.2109540024113577,31,budget_exhausted,4.591080188751221
K21_05,21,,10,A,1753007184,false,false,,0.0032467752000182805,1365,budget_exhausted,45.809282064437866
K21_05,21,,10,A,2107424273,false,false,,0.004854967573957862,1549,budget_exhausted,48.56929612159729
K21_05,21,,10,A,418825361,false,false,,0.011467035130896405,977,budget_exhausted,61.14577507972717
K21_05,21,,10,A,215858185,false,false,,0.014803029460535366,981,budget_exhausted,73.01715993881226
K21_06,21,,10,A,128182595,false,false,,0.2664232749329612,27,budget_exhausted,43.02705502510071
K21_06,21,,10,A,1845143962,false,false,,0.004639796975069955,551,budget_exhausted,24.736175060272217
K21_06,21,,10,A,1683375127,false,false,,0.25933416259494574,1055,budget_exhausted,51.054914712905884
K21_06,21,,10,A,893706906,false,false,,8.893480525554164,457,budget_exhausted,54.294819831848145
K21_05,21,,10,A,128182595,false,false,,0.0025459142328157357,1737,budget_exhausted,110.57951998710632
K21_05,21,,10,A,1845143962,false,false,,0.02295846856092012,787,budget_exhausted,39.295100927352905
K21_05,21,,10,A,1683375127,false,false,,0.021932548471263143,733,budget_exhausted,41.8099410533905
K21_05,21,,10,A,893706906,false,false,,0.016480069053432987,249,budget_exhausted,58.83380722999573
K21_06,21,,10,A,1753007184,false,false,,0.01908003140046092,1675,budget_exhausted,87.36069297790527
K21_06,21,,10,A,2107424273,false,false,,0.008835765105300394,765,budget_exhausted,60.83087730407715
K21_06,21,,10,A,418825361,false,false,,0.43027850133359064,207,budget_exhausted,15.724099159240723
K21_06,21,,10,A,215858185,false,false,,0.2618718371881604,261,budget_exhausted,14.659811973571777
K21_07,21,,10,B,418825361,false,false,,0.010084926131326853,161,budget_exhausted,13.851960897445679
K21_07,21,,10,B,215858185,false,false,,0.006034041006660662,195,budget_exhausted,16.10663080215454
K21_07,21,,10,B,449904892,false,false,,0.03822317716286331,67,budget_exhausted,6.9797468185424805
K21_07,21,,10,B,1667643188,false,false,,0.000246836220631366,65,budget_exhausted,9.44274377822876
K21_07,21,,10,B,1683375127,false,false,,0.011847322277320238,181,budget_exhausted,15.335198879241943
K21_07,21,,10,B,893706906,false,false,,0.025908087618040233,211,budget_exhausted,14.45138692855835
K21_07,21,,10,B,1753007184,false,false,,0.013024215593779469,131,budget_exhausted,13.007041931152344
K21_07,21,,10,B,2107424273,false,false,,0.020640328501194842,109,budget_exhausted,9.329344034194946
K21_07,21,,10,A,449904892,false,false,,0.0021450272999760937,209,budget_exhausted,11.557310819625854
K21_07,21,,10,A,1667643188,false,false,,0.03461489401146253,475,budget_exhausted,26.117241859436035
K21_07,21,,10,B,128182595,false,false,,0.022050326354984804,185,budget_exhausted,14.164275169372559
K21_07,21,,10,B,1845143962,false,false,,0.009897256761562829,151,budget_exhausted,11.364694833755493
K21_07,21,,10,A,128182595,false,false,,0.046305434829163196,177,budget_exhausted,44.71298289299011
K21_07,21,,10,A,1845143962,false,false,,0.009950410072455285,575,budget_exhausted,30.0404212474823
K21_07,21,,10,A,1683375127,false,false,,0.061309699438690496,647,budget_exhausted,30.12598204612732
K21_07,21,,10,A,893706906,false,false,,0.036059581802236965,549,budget_exhausted,27.530418157577515
K21_08,21,,10,B,1683375127,false,false,,0.0017765793668872432,43,budget_exhausted,5.274953842163086
K21_08,21,,10,B,893706906,false,false,,0.0023471933705560386,79,budget_exhausted,6.474973201751709
K21_08,21,,10,B,1753007184,false,false,,0.008609593822224775,47,budget_exhausted,5.880059242248535
K21_08,21,,10,B,2107424273,false,false,,9.252199502062133e-05,81,budget_exhausted,7.38600492477417
K21_08,21,,10,B,418825361,false,false,,0.00021772284643163474,35,budget_exhausted,6.182206153869629
K21_08,21,,10,B,215858185,false,false,,0.0023443614954014994,47,budget_exhausted,5.26539421081543
K21_08,21,,10,B,449904892,false,false,,0.19604170433577955,53,budget_exhausted,6.74232292175293
K21_08,21,,10,B,1667643188,false,false,,0.03380784657718647,101,budget_exhausted,8.691684007644653
K21_07,21,,10,A,1753007184,false,false,,0.004448362504084383,405,budget_exhausted,23.28511095046997
K21_07,21,,10,A,2107424273,false,false,,0.043412657323177305,183,budget_exhausted,57.04346489906311
K21_07,21,,10,A,418825361,false,false,,0.03626787498821255,1721,budget_exhausted,73.09650993347168
K21_07,21,,10,A,215858185,false,false,,0.0013655834565666535,761,budget_exhausted,53.60968375205994
K21_08,21,,10,A,449904892,false,false,,0.0005693574184628347,487,budget_exhausted,35.133533000946045
K21_08,21,,10,A,1667643188,false,false,,0.004009584599694161,1477,budget_exhausted,46.73368000984192
K21_08,21,,10,B,128182595,false,false,,0.036595195574277754,81,budget_exhausted,8.394171953201294
K21_08,21,,10,B,1845143962,false,false,,0.05648857905255432,85,budget_exhausted,7.791997909545898
K21_08,21,,10,A,1753007184,false,false,,0.1793230052649734,301,budget_exhausted,28.89634609222412
K21_08,21,,10,A,2107424273,false,false,,0.05219572646532041,787,budget_exhausted,53.71794009208679
K21_08,21,,10,A,418825361,false,false,,9.423007631885434e-05,263,budget_exhausted,18.559830904006958
K21_08,21,,10,A,215858185,false,false,,0.0969341908226485,647,budget_exhausted,27.68481206893921
K21_09,21,,10,B,1683375127,false,false,,0.017304197698836808,135,budget_exhausted,12.412687301635742
K21_09,21,,10,B,893706906,false,false,,0.0011587662355293912,103,budget_exhausted,9.465254783630371
K21_09,21,,10,B,1753007184,false,false,,0.009152529117063983,127,budget_exhausted,13.739106893539429
K21_09,21,,10,B,2107424273,false,false,,0.0005876790175549324,109,budget_exhausted,10.115553140640259
K21_09,21,,10,A,128182595,false,false,,0.0016223968895380375,553,budget_exhausted,19.24755311012268
K21_09,21,,10,A,1845143962,false,false,,0.005610552926728797,281,budget_exhausted,16.455475091934204
K21_09,21,,10,A,1683375127,false,false,,9.272368839176797e-05,1297,budget_exhausted,55.23222994804382
K21_09,21,,10,A,893706906,false,false,,0.0007117857949179863,395,budget_exhausted,24.54540491104126
K21_08,21,,10,A,128182595,false,false,,8.334805455521641e-06,251,budget_exhausted,16.101003885269165
K21_08,21,,10,A,1845143962,false,false,,0.22401957617335716,1931,budget_exhausted,73.65255784988403
K21_08,21,,10,A,1683375127,false,false,,0.35933600891256434,1033,budget_exhausted,63.831602811813354
K21_08,21,,10,A,893706906,false,false,,0.04454091697467886,721,budget_exhausted,45.746580839157104
K21_09,21,,10,A,449904892,false,false,,8.130364893209547e-05,81,budget_exhausted,17.360315084457397
K21_09,21,,10,A,1667643188,false,false,,0.0006960696588467192,801,budget_exhausted,32.005932092666626
K21_09,21,,10,B,128182595,false,false,,0.008380418706830095,93,budget_exhausted,10.151691198348999
K21_09,21,,10,B,1845143962,false,false,,0.0017514758754861215,105,budget_exhausted,8.926573038101196
K21_09,21,,10,B,418825361,false,false,,0.0013930397553607475,111,budget_exhausted,13.635821104049683
K21_09,21,,10,B,215858185,false,false,,0.0028523482698885683,139,budget_exhausted,10.458388805389404
K21_09,21,,10,B,449904892,false,false,,4.709388058010244e-05,141,budget_exhausted,12.580635070800781
K21_09,21,,10,B,1667643188,false,false,,0.0005741140613292441,95,budget_exhausted,8.576565027236938
K21_09,21,,10,A,1753007184,false,false,,0.006164475783864631,263,budget_exhausted,38.434911012649536
K21_09,21,,10,A,2107424273,false,false,,0.012217100524409248,597,budget_exhausted,32.07433605194092
K21_09,21,,10,A,418825361,false,false,,0.019244802258923548,375,budget_exhausted,26.773063898086548
K21_09,21,,10,A,215858185,false,false,,0.00010340610506575973,857,budget_exhausted,33.528900146484375
K21_10,21,,10,B,1683375127,false,false,,0.00029703169888455424,139,budget_exhausted,11.009093999862671
K21_10,21,,10,B,893706906,false,false,,0.0002994674542035229,127,budget_exhausted,12.504256010055542
K21_10,21,,10,B,1753007184,false,false,,0.0007088081743414608,133,budget_exhausted,10.600696086883545
K21_10,21,,10,B,2107424273,false,false,,0.0002765255780319775,163,budget_exhausted,12.208240747451782
K21_10,21,,10,B,418825361,false,false,,0.0004270744447675041,235,budget_exhausted,16.74929714202881
K21_10,21,,10,B,215858185,false,false,,0.0002856111480857236,69,budget_exhausted,6.812609910964966
K21_10,21,,10,B,449904892,false,false,,0.0004014988087908955,123,budget_exhausted,11.718878030776978
K21_10,21,,10,B,1667643188,false,false,,0.06472311464601324,133,budget_exhausted,11.205080032348633
K21_10,21,,10,A,449904892,false,false,,0.00035433325382218557,177,budget_exhausted,12.372823715209961
K21_10,21,,10,A,1667643188,false,false,,0.0039793384362180745,773,budget_exhausted,31.941848039627075
K21_10,21,,10,B,128182595,false,false,,0.0006791631290262246,109,budget_exhausted,10.454667091369629
K21_10,21,,10,B,1845143962,false,false,,0.0003206650345774942,209,budget_exhausted,16.791050910949707
K21_10,21,,10,A,128182595,false,false,,8.623475558960938e-06,469,budget_exhausted,15.004518270492554
K21_10,21,,10,A,1845143962,false,false,,0.007086033017789266,391,budget_exhausted,21.550076961517334
K21_10,21,,10,A,1683375127,false,false,,1.0365877299800746e-05,81,budget_exhausted,15.337910890579224
K21_10,21,,10,A,893706906,false,false,,1.0967870859902566e-05,717,budget_exhausted,58.11007499694824
K21_11,21,,10,B,1683375127,false,false,,0.265634021881092,151,budget_exhausted,12.853426218032837
K21_11,21,,10,B,893706906,false,false,,0.06796399508944138,139,budget_exhausted,10.804903745651245
K21_11,21,,10,B,1753007184,false,false,,0.1744234697091509,139,budget_exhausted,10.949533939361572
K21_11,21,,10,B,2107424273,false,false,,0.12528064035312922,137,budget_exhausted,10.432286024093628
K21_10,21,,10,A,1753007184,false,false,,0.0004135819804347603,417,budget_exhausted,45.009318113327026
K21_10,21,,10,A,2107424273,false,false,,1.2783690112781968e-05,549,budget_exhausted,37.05847096443176
K21_10,21,,10,A,418825361,false,false,,0.004028824320743914,623,budget_exhausted,56.22468614578247
K21_10,21,,10,A,215858185,false,false,,4.4995757049857426e-05,169,budget_exhausted,14.229532241821289
K21_11,21,,10,B,418825361,false,false,,0.12538429801001566,177,budget_exhausted,13.649592876434326
K21_11,21,,10,B,215858185,false,false,,0.4906180791711635,97,budget_exhausted,10.971534729003906
K21_11,21,,10,B,449904892,false,false,,0.1179601085163653,173,budget_exhausted,16.936166048049927
K21_11,21,,10,B,1667643188,false,false,,8.637119578198216e-06,91,budget_exhausted,8.69409728050232
K21_11,21,,10,A,128182595,false,false,,0.03519364575087304,501,budget_exhausted,28.110907793045044
K21_11,21,,10,A,1845143962,false,false,,0.002652225964111689,351,budget_exhausted,18.952619075775146
K21_11,21,,10,A,1683375127,false,false,,0.002730595215039348,875,budget_exhausted,57.0121910572052
K21_11,21,,10,A,893706906,false,false,,0.48303209571511124,193,budget_exhausted,26.491201162338257
K21_12,21,,10,A,128182595,false,false,,0.0001781107015516523,539,budget_exhausted,3.902160882949829
K21_12,21,,10,A,1845143962,false,false,,7.955099047433133e-05,429,budget_exhausted,11.461100101470947
K21_12,21,,10,A,1683375127,false,false,,3.1206707894262133e-06,43,budget_exhausted,20.57422375679016
K21_12,21,,10,A,893706906,false,false,,0.8626407413633934,3,budget_exhausted,0.857586145401001
K21_12,21,,10,A,1753007184,false,false,,0.8626407413633934,3,budget_exhausted,0.828463077545166
K21_12,21,,10,A,2107424273,false,false,,0.8626407413633934,3,budget_exhausted,0.8178520202636719
K21_12,21,,10,A,418825361,false,false,,0.8626407413633934,3,budget_exhausted,0.826693058013916
K21_12,21,,10,A,215858185,false,false,,3.6380052272433354e-06,61,budget_exhausted,7.0014097690582275
K21_12,21,,10,B,1683375127,false,false,,0.8626407413633934,15,budget_exhausted,5.524261951446533
K21_12,21,,10,B,893706906,false,false,,0.8626407413633934,3,budget_exhausted,7.855443000793457
K21_12,21,,10,B,1753007184,false,false,,8.66781573182525e-06,47,budget_exhausted,4.989366054534912
K21_12,21,,10,B,2107424273,false,false,,0.7926260103523214,27,budget_exhausted,5.703108787536621
K21_12,21,,10,A,449904892,false,false,,3.49606638896182e-06,163,budget_exhausted,6.668337821960449
K21_12,21,,10,A,1667643188,false,false,,6.3723461083180235e-06,55,budget_exhausted,7.912668228149414
K21_12,21,,10,B,128182595,false,false,,6.03997681056022e-05,45,budget_exhausted,5.464927911758423
K21_12,21,,10,B,1845143962,false,false,,0.0007882100163631658,61,budget_exhausted,5.899568319320679
K21_12,21,,10,B,418825361,false,false,,0.8626407413633934,3,budget_exhausted,13.74255895614624
K21_12,21,,10,B,215858185,false,false,,0.8626407413633934,3,budget_exhausted,4.256040096282959
K21_12,21,,10,B,449904892,false,false,,0.0812732132615997,83,budget_exhausted,6.385565996170044
K21_12,21,,10,B,1667643188,false,false,,7.835038399916861e-05,45,budget_exhausted,4.80099892616272
K21_11,21,,10,A,449904892,false,false,,0.08553639842932333,1533,budget_exhausted,75.96236896514893
K21_11,21,,10,A,1667643188,false,false,,0.1797846954394944,1075,budget_exhausted,39.24723720550537
K21_11,21,,10,B,128182595,false,false,,0.16126655806588405,155,budget_exhausted,13.175608158111572
K21_11,21,,10,B,1845143962,false,false,,0.4220921023152087,61,budget_exhausted,7.711881875991821
K21_11,21,,10,A,1753007184,false,false,,0.33046567926297454,671,budget_exhausted,32.377933979034424
K21_11,21,,10,A,2107424273,false,false,,0.17928616529831315,1721,budget_exhausted,109.51279902458191
K21_11,21,,10,A,418825361,false,false,,0.4697964858426434,33,budget_exhausted,11.930932998657227
K21_11,21,,10,A,215858185,false,false,,0.1390569628714222,221,budget_exhausted,15.58681607246399
K21_13,21,,10,B,1683375127,false,false,,0.3095806052037445,123,budget_exhausted,12.922295093536377
K21_13,21,,10,B,893706906,false,false,,0.07102414578821585,145,budget_exhausted,11.50032091140747
K21_13,21,,10,B,1753007184,false,false,,0.0016351964263054805,101,budget_exhausted,10.509315013885498
K21_13,21,,10,B,2107424273,false,false,,0.0008588573517601356,179,budget_exhausted,14.307418823242188
K21_13,21,,10,B,418825361,false,false,,0.12523036443869057,175,budget_exhausted,14.654775142669678
K21_13,21,,10,B,215858185,false,false,,0.08605992055024941,147,budget_exhausted,11.292136907577515
K21_13,21,,10,B,449904892,false,false,,0.0063827676687632385,133,budget_exhausted,11.29958701133728
K21_13,21,,10,B,1667643188,false,false,,0.010807328309944695,135,budget_exhausted,11.287844181060791
K21_13,21,,10,A,449904892,false,false,,0.0051832870629931384,927,budget_exhausted,36.67823004722595
K21_13,21,,10,A,1667643188,false,false,,0.00565749505895703,187,budget_exhausted,24.003044843673706
K21_13,21,,10,B,128182595,false,false,,0.0006112241881535276,113,budget_exhausted,9.155786991119385
K21_13,21,,10,B,1845143962,false,false,,0.002632397586669794,135,budget_exhausted,12.155941247940063
K21_14,21,,10,B,1683375127,false,false,,0.026290239444309554,69,budget_exhausted,7.8761327266693115
K21_14,21,,10,B,893706906,false,false,,0.00026076108188268084,57,budget_exhausted,6.378754138946533
K21_14,21,,10,B,1753007184,false,false,,0.13304594239002493,115,budget_exhausted,11.258223056793213
K21_14,21,,10,B,2107424273,false,false,,0.003615791090035119,81,budget_exhausted,8.8474440574646
K21_14,21,,10,B,418825361,false,false,,0.18935768688481291,67,budget_exhausted,6.382899045944214
K21_14,21,,10,B,215858185,false,false,,0.13018184816557513,81,budget_exhausted,8.93014407157898
K21_14,21,,10,B,449904892,false,false,,0.20138415254655861,141,budget_exhausted,11.934828996658325
K21_14,21,,10,B,1667643188,false,false,,0.007974007910223386,45,budget_exhausted,5.212956190109253
K21_14,21,,10,A,449904892,false,false,,0.0007213376231203386,1211,budget_exhausted,37.605587005615234
K21_14,21,,10,A,1667643188,false,false,,0.11767632898031784,659,budget_exhausted,31.374701023101807
K21_14,21,,10,B,128182595,false,false,,0.18791552233772396,89,budget_exhausted,8.154026985168457
K21_14,21,,10,B,1845143962,false,false,,0.00513033696713076,49,budget_exhausted,5.7959558963775635
K21_13,21,,10,A,128182595,false,false,,0.06707649905770974,519,budget_exhausted,35.527608156204224
K21_13,21,,10,A,1845143962,false,false,,0.013552834834405869,1015,budget_exhausted,37.83614206314087
K21_13,21,,10,A,1683375127,false,false,,0.0010044943285845648,1307,budget_exhausted,40.085015058517456
K21_13,21,,10,A,893706906,false,false,,0.0008854919359994313,935,budget_exhausted,80.43539190292358
K21_13,21,,10,A,1753007184,false,false,,0.003601471022764962,1225,budget_exhausted,24.59414505958557
K21_13,21,,10,A,2107424273,false,false,,0.030421468840227686,1323,budget_exhausted,48.88768482208252
K21_13,21,,10,A,418825361,false,false,,0.044833624061132005,1881,budget_exhausted,122.41817593574524
K21_13,21,,10,A,215858185,false,false,,0.0011655413800270224,1111,budget_exhausted,44.39240503311157
K21_14,21,,10,A,1753007184,false,false,,0.00484405810069605,1649,budget_exhausted,86.60637712478638
K21_14,21,,10,A,2107424273,false,false,,0.15454070765530797,685,budget_exhausted,26.737765073776245
K21_14,21,,10,A,418825361,false,false,,0.00034169767733367186,743,budget_exhausted,37.272019147872925
K21_14,21,,10,A,215858185,false,false,,0.21382808788750143,287,budget_exhausted,43.41073513031006
K21_15,21,,10,A,1753007184,false,false,,0.004866830118802215,177,budget_exhausted,18.129432678222656
K21_15,21,,10,A,2107424273,false,false,,0.01790146414583298,575,budget_exhausted,42.64641809463501
K21_15,21,,10,A,418825361,false,false,,0.32013799903725,241,budget_exhausted,11.87730598449707
K21_15,21,,10,A,215858185,false,false,,0.08334673062483683,1269,budget_exhausted,33.360405921936035
K21_14,21,,10,A,128182595,false,false,,6.903881901730966e-06,369,budget_exhausted,20.235920906066895
K21_14,21,,10,A,1845143962,false,false,,0.16387258939256805,351,budget_exhausted,81.88473701477051
K21_14,21,,10,A,1683375127,false,false,,0.22220694706152266,299,budget_exhausted,48.91857290267944
K21_14,21,,10,A,893706906,false,false,,0.0767066698805104,1415,budget_exhausted,79.28455209732056
K21_15,21,,10,A,449904892,false,false,,0.02179130107477745,569,budget_exhausted,14.778946161270142
K21_15,21,,10,A,1667643188,false,false,,0.12843153932583948,1155,budget_exhausted,72.98220205307007
K21_15,21,,10,B,128182595,false,false,,0.3224182200847319,109,budget_exhausted,10.002192258834839
K21_15,21,,10,B,1845143962,false,false,,0.0016754958168786838,99,budget_exhausted,9.017802953720093
K21_15,21,,10,B,418825361,false,false,,0.032110210180496014,69,budget_exhausted,6.494791030883789
K21_15,21,,10,B,215858185,true,false,23,2.025001857253692e-13,29,converged,0.7402260303497314
K21_15,21,,10,B,449904892,false,false,,0.09101711334792052,103,budget_exhausted,12.085027933120728
K21_15,21,,10,B,1667643188,false,false,,0.21771497752088378,147,budget_exhausted,11.927010774612427
K21_15,21,,10,A,128182595,false,false,,0.051211025272011025,325,budget_exhausted,23.454832077026367
K21_15,21,,10,A,1845143962,false,false,,0.057476813102292856,355,budget_exhausted,42.0223650932312
K21_15,21,,10,A,1683375127,false,false,,0.09944545969791112,473,budget_exhausted,35.8908429145813
K21_15,21,,10,A,893706906,false,false,,0.0007669027234828297,871,budget_exhausted,34.1660680770874
K21_15,21,,10,B,1683375127,false,false,,0.3651142061993744,149,budget_exhausted,13.7671480178833
K21_15,21,,10,B,893706906,false,false,,0.34462398273557954,215,budget_exhausted,17.56997585296631
K21_15,21,,10,B,1753007184,false,false,,0.004041399811321361,107,budget_exhausted,9.170135974884033
K21_15,21,,10,B,2107424273,false,false,,0.2658374247289302,139,budget_exhausted,12.736563920974731
K21_16,21,,10,B,1683375127,false,false,,0.21409952335514376,25,budget_exhausted,3.8126890659332275
K21_16,21,,10,B,893706906,false,false,,0.07168975442978975,101,budget_exhausted,9.580097675323486
K21_16,21,,10,B,1753007184,false,false,,0.0753076238156122,87,budget_exhausted,8.203716278076172
K21_16,21,,10,B,2107424273,false,false,,0.05923162114582641,37,budget_exhausted,7.015122175216675
K21_16,21,,10,B,418825361,false,false,,0.13892722348548353,111,budget_exhausted,9.2568519115448
K21_16,21,,10,B,215858185,false,false,,0.3870386604959292,67,budget_exhausted,6.9285619258880615
K21_16,21,,10,B,449904892,false,false,,0.04403361041628381,111,budget_exhausted,10.67709732055664
K21_16,21,,10,B,1667643188,false,false,,0.09703603026696547,41,budget_exhausted,5.38597297668457
K21_16,21,,10,A,449904892,false,false,,0.019632736837604765,821,budget_exhausted,60.77874183654785
K21_16,21,,10,A,1667643188,false,false,,0.5968365921276588,115,budget_exhausted,38.21285009384155
K21_16,21,,10,B,128182595,false,false,,0.06110597370128158,67,budget_exhausted,7.432307004928589
K21_16,21,,10,B,1845143962,false,false,,0.19673922553616688,85,budget_exhausted,7.187741994857788
K21_17,21,,10,B,1683375127,false,false,,0.15084206300109132,85,budget_exhausted,7.559821128845215
K21_17,21,,10,B,893706906,false,false,,0.006843729914645201,45,budget_exhausted,6.339792966842651
K21_17,21,,10,B,1753007184,false,false,,0.012440823593117689,55,budget_exhausted,6.0539000034332275
K21_17,21,,10,B,2107424273,false,false,,0.023183647451677565,83,budget_exhausted,7.497269868850708
K21_17,21,,10,B,418825361,false,false,,0.060137433781317313,89,budget_exhausted,8.452380895614624
K21_17,21,,10,B,215858185,false,false,,0.01837560454883894,77,budget_exhausted,7.67303991317749
K21_17,21,,10,B,449904892,false,false,,0.08588128008654133,121,budget_exhausted,11.521819829940796
K21_17,21,,10,B,1667643188,false,false,,0.26599710241790275,85,budget_exhausted,8.567112922668457
K21_17,21,,10,A,128182595,false,false,,0.05613359876056479,1179,budget_exhausted,36.76794481277466
K21_17,21,,10,A,1845143962,false,false,,0.0045453967984181755,1039,budget_exhausted,29.199811935424805
K21_17,21,,10,A,1683375127,false,false,,0.012094543878143127,773,budget_exhausted,54.749178886413574
K21_17,21,,10,A,893706906,false,false,,0.34258020439581793,135,budget_exhausted,49.438807249069214
K21_17,21,,10,A,449904892,false,false,,0.00971074903901671,1385,budget_exhausted,84.25018191337585
K21_17,21,,10,A,1667643188,false,false,,0.00534687564686653,1747,budget_exhausted,52.90952110290527
K21_17,21,,10,B,128182595,false,false,,0.09816578910749443,81,budget_exhausted,7.905879020690918
K21_17,21,,10,B,1845143962,false,false,,0.08645138240742418,97,budget_exhausted,8.3106689453125
K21_16,21,,10,A,1753007184,false,false,,0.07918127823748722,1025,budget_exhausted,44.814313888549805
K21_16,21,,10,A,2107424273,false,false,,0.09116437727911782,745,budget_exhausted,50.62669897079468
K21_16,21,,10,A,418825361,false,false,,0.10841314333135259,813,budget_exhausted,59.894667863845825
K21_16,21,,10,A,215858185,false,false,,0.0070775807394105415,1527,budget_exhausted,50.16977620124817
K21_17,21,,10,A,1753007184,false,false,,0.10675230731950298,813,budget_exhausted,47.14770984649658
K21_17,21,,10,A,2107424273,false,false,,0.0011164694022591337,449,budget_exhausted,70.45070791244507
K21_17,21,,10,A,418825361,false,false,,0.2900251923381879,523,budget_exhausted,40.707375049591064
K21_17,21,,10,A,215858185,false,false,,0.009251857522302197,559,budget_exhausted,29.325990915298462
K21_16,21,,10,A,128182595,false,false,,0.11378507389193712,1189,budget_exhausted,73.0920078754425
K21_16,21,,10,A,1845143962,false,false,,0.10802114687236344,881,budget_exhausted,41.92328691482544
K21_16,21,,10,A,1683375127,false,false,,0.15988923458742482,1717,budget_exhausted,94.7777328491211
K21_16,21,,10,A,893706906,false,false,,0.1526525765481731,1719,budget_exhausted,98.44022393226624
K21_18,21,,10,B,1683375127,false,false,,0.00865614987928291,15,budget_exhausted,33.757999897003174
K21_18,21,,10,B,893706906,false,false,,0.00865614987928291,15,budget_exhausted,42.998507022857666
K21_18,21,,10,B,1753007184,false,false,,0.00865614987928291,15,budget_exhausted,31.203320026397705
K21_18,21,,10,B,2107424273,false,false,,0.00865614987928291,15,budget_exhausted,22.849942207336426
K21_18,21,,10,A,128182595,false,false,,0.00865614987928291,15,budget_exhausted,43.54906892776489
K21_18,21,,10,A,1845143962,false,false,,0.00865614987928291,15,budget_exhausted,47.31758499145508
K21_18,21,,10,A,1683375127,false,false,,0.00865614987928291,15,budget_exhausted,61.61766719818115
K21_18,21,,10,A,893706906,false,false,,0.00865614987928291,15,budget_exhausted,47.31287407875061
K21_18,21,,10,A,449904892,false,false,,0.00865614987928291,15,budget_exhausted,34.63205814361572
K21_18,21,,10,A,1667643188,false,false,,0.00865614987928291,15,budget_exhausted,52.53686761856079
K21_18,21,,10,B,128182595,false,false,,0.00865614987928291,15,budget_exhausted,64.13791823387146
K21_18,21,,10,B,1845143962,false,false,,0.00865614987928291,15,budget_exhausted,59.66305088996887
K21_18,21,,10,B,418825361,false,false,,0.00865614987928291,15,budget_exhausted,56.56800103187561
K21_18,21,,10,B,215858185,false,false,,0.00865614987928291,15,budget_exhausted,23.055095672607422
K21_18,21,,10,B,449904892,false,false,,0.00865614987928291,15,budget_exhausted,56.33273005485535
K21_18,21,,10,B,1667643188,false,false,,0.00865614987928291,15,budget_exhausted,48.28468108177185
K21_19,21,,10,A,449904892,false,false,,0.015103510159706684,433,budget_exhausted,26.18258810043335
K21_19,21,,10,A,1667643188,false,false,,0.0005559200944487333,193,budget_exhausted,15.835635900497437
K21_19,21,,10,B,128182595,false,false,,0.004788553818398178,83,budget_exhausted,6.966328144073486
K21_19,21,,10,B,1845143962,false,false,,0.012864123258312541,65,budget_exhausted,8.02174687385559
K21_19,21,,10,A,128182595,false,false,,0.00024002992386612952,169,budget_exhausted,18.906943798065186
K21_19,21,,10,A,1845143962,false,false,,0.005195678974547865,537,budget_exhausted,40.698198080062866
K21_19,21,,10,A,1683375127,false,false,,0.0019217521606633473,737,budget_exhausted,59.34401726722717
K21_19,21,,10,A,893706906,false,false,,0.0016306238270720036,429,budget_exhausted,22.004807233810425
K21_19,21,,10,B,418825361,false,false,,0.014295696831792926,121,budget_exhausted,8.05721926689148
K21_19,21,,10,B,215858185,false,false,,0.008162510219005352,95,budget_exhausted,9.254379034042358
K21_19,21,,10,B,449904892,false,false,,0.007123760248332446,111,budget_exhausted,9.486700057983398
K21_19,21,,10,B,1667643188,false,false,,0.004590741374012746,129,budget_exhausted,9.85549283027649
K21_19,21,,10,B,1683375127,false,false,,0.007277763259716554,139,budget_exhausted,10.693454265594482
K21_19,21,,10,B,893706906,false,false,,0.004448926194913803,117,budget_exhausted,9.080476760864258
K21_19,21,,10,B,1753007184,false,false,,0.006187554266968826,113,budget_exhausted,9.609153032302856
K21_19,21,,10,B,2107424273,false,false,,0.006654488650276265,135,budget_exhausted,8.616281032562256
K21_18,21,,10,A,1753007184,false,false,,0.00865614987928291,15,budget_exhausted,78.66318607330322
K21_18,21,,10,A,2107424273,false,false,,0.00865614987928291,15,budget_exhausted,105.279865026474
K21_18,21,,10,A,418825361,false,false,,0.00865614987928291,15,budget_exhausted,30.560184001922607
K21_18,21,,10,A,215858185,false,false,,0.00865614987928291,15,budget_exhausted,48.37801694869995
K21_20,21,,10,B,1683375127,false,false,,0.005220934589247247,77,budget_exhausted,7.856656074523926
K21_20,21,,10,B,893706906,false,false,,0.022007991480261904,73,budget_exhausted,9.533509016036987
K21_20,21,,10,B,1753007184,false,false,,0.06100488277163959,71,budget_exhausted,6.972269058227539
K21_20,21,,10,B,2107424273,false,false,,0.011826183391205577,187,budget_exhausted,15.722303867340088
K21_20,21,,10,B,418825361,false,false,,0.12049274267151207,71,budget_exhausted,7.57000207901001
K21_20,21,,10,B,215858185,false,false,,0.012686898016593359,131,budget_exhausted,8.928272008895874
K21_20,21,,10,B,449904892,false,false,,0.06392496483988017,117,budget_exhausted,10.235673904418945
K21_20,21,,10,B,1667643188,false,false,,0.04763426174690505,103,budget_exhausted,8.923487901687622
K21_19,21,,10,A,1753007184,false,false,,0.006989849507848938,1303,budget_exhausted,85.59326720237732
K21_19,21,,10,A,2107424273,false,false,,0.0014121799859262447,775,budget_exhausted,46.536624908447266
K21_19,21,,10,A,418825361,false,false,,0.007441612816454875,1347,budget_exhausted,42.948898792266846
K21_19,21,,10,A,215858185,false,false,,0.004599641721172071,1017,budget_exhausted,56.97675323486328
K21_20,21,,10,A,1753007184,false,false,,0.09440409346069295,1175,budget_exhausted,85.19819283485413
K21_20,21,,10,A,2107424273,false,false,,5.243125729201137e-05,217,budget_exhausted,18.347848892211914
K21_20,21,,10,A,418825361,false,false,,0.11017597700767676,401,budget_exhausted,16.482290983200073
K21_20,21,,10,A,215858185,false,false,,0.09417888649096194,1157,budget_exhausted,55.66697096824646
K21_20,21,,10,A,449904892,false,false,,0.5241476314175971,1969,budget_exhausted,110.3923110961914
K21_20,21,,10,A,1667643188,false,false,,0.08284606186927167,1401,budget_exhausted,53.377904176712036
K21_20,21,,10,B,128182595,false,false,,0.002429862279494375,49,budget_exhausted,4.966559171676636
K21_20,21,,10,B,1845143962,false,false,,0.10076316095025416,43,budget_exhausted,4.269715070724487
K21_21,21,,10,A,128182595,false,false,,2.7726938842825466,787,budget_exhausted,45.49839782714844
K21_21,21,,10,A,1845143962,false,false,,473.3680514351667,497,budget_exhausted,29.110837936401367
K21_21,21,,10,A,1683375127,false,false,,27.505653968190835,151,budget_exhausted,18.77770686149597
K21_21,21,,10,A,893706906,false,false,,317.2560259259691,83,budget_exhausted,48.20323610305786
K21_20,21,,10,A,128182595,false,false,,0.04563127211238236,137,budget_exhausted,55.96948289871216
K21_20,21,,10,A,1845143962,false,false,,0.06742273367036403,1801,budget_exhausted,62.89025402069092
K21_20,21,,10,A,1683375127,false,false,,0.001627117275396783,299,budget_exhausted,30.662750005722046
K21_20,21,,10,A,893706906,false,false,,0.003300865952485148,1265,budget_exhausted,47.27182388305664
K21_21,21,,10,B,1683375127,false,false,,0.09306061599941662,109,budget_exhausted,11.313416957855225
K21_21,21,,10,B,893706906,false,false,,87.28496146466638,129,budget_exhausted,10.255120992660522
K21_21,21,,10,B,1753007184,false,false,,0.4112381131255389,119,budget_exhausted,12.724776983261108
K21_21,21,,10,B,2107424273,false,false,,759.8199947391091,119,budget_exhausted,11.578515768051147
K21_21,21,,10,B,418825361,false,false,,0.03191145172964921,87,budget_exhausted,8.60338282585144
K21_21,21,,10,B,215858185,false,false,,1359.6274445995791,125,budget_exhausted,10.49200987815857
K21_21,21,,10,B,449904892,false,false,,1.4038999636381302,111,budget_exhausted,11.29056167602539
K21_21,21,,10,B,1667643188,false,false,,0.1730269710833546,187,budget_exhausted,14.506617784500122
K21_21,21,,10,A,1753007184,false,false,,202698.6003242954,935,budget_exhausted,53.10613703727722
K21_21,21,,10,A,2107424273,false,false,,3.211131512189259,475,budget_exhausted,19.637101888656616
K21_21,21,,10,A,418825361,false,false,,8659.506976934226,561,budget_exhausted,26.720067977905273
K21_21,21,,10,A,215858185,false,false,,939.5568534296686,1487,budget_exhausted,99.05462718009949
K21_22,21,,10,B,1683375127,false,false,,0.052158581971126515,87,budget_exhausted,8.020587921142578
K21_22,21,,10,B,893706906,false,false,,2.9033083994041385e-05,57,budget_exhausted,5.225135803222656
K21_22,21,,10,B,1753007184,false,false,,7.736956026249995e-06,33,budget_exhausted,5.5593438148498535
K21_22,21,,10,B,2107424273,false,false,,4.655206864026533e-05,113,budget_exhausted,9.230616807937622
K21_21,21,,10,A,449904892,false,false,,12.004954845392653,1631,budget_exhausted,66.68676590919495
K21_21,21,,10,A,1667643188,false,false,,0.22061686394170144,289,budget_exhausted,39.98413372039795
K21_21,21,,10,B,128182595,false,false,,0.20630267886663134,95,budget_exhausted,9.601870059967041
K21_21,21,,10,B,1845143962,false,false,,0.3496759997810394,105,budget_exhausted,10.195888757705688
K21_22,21,,10,A,449904892,false,false,,8.469210544265754e-06,51,budget_exhausted,9.207295894622803
K21_22,21,,10,A,1667643188,false,false,,0.7576567321384121,105,budget_exhausted,25.25787925720215
K21_22,21,,10,B,128182595,false,false,,1.9928640619055243e-05,37,budget_exhausted,4.08296275138855
K21_22,21,,10,B,1845143962,false,false,,7.1117223967137146e-06,39,budget_exhausted,4.436152696609497
K21_22,21,,10,B,418825361,false,false,,0.2223141603861898,73,budget_exhausted,7.099291086196899
K21_22,21,,10,B,215858185,false,false,,1.0085620326160504e-05,47,budget_exhausted,4.462859153747559
K21_22,21,,10,B,449904892,false,false,,0.032063518493318316,77,budget_exhausted,8.020978927612305
K21_22,21,,10,B,1667643188,false,false,,0.4589086051979417,71,budget_exhausted,7.338679075241089
K21_22,21,,10,A,128182595,false,false,,8.500165833639806e-06,617,budget_exhausted,25.88609004020691
K21_22,21,,10,A,1845143962,false,false,,0.14662555611175898,659,budget_exhausted,43.63583207130432
K21_22,21,,10,A,1683375127,false,false,,1.0818982646470394e-05,141,budget_exhausted,14.943182229995728
K21_22,21,,10,A,893706906,false,false,,6.208923819252048e-06,111,budget_exhausted,12.116199016571045
K21_23,21,,10,B,1683375127,false,false,,0.0020086350907002662,99,budget_exhausted,8.702351808547974
K21_23,21,,10,B,893706906,false,false,,0.0019687736281135773,95,budget_exhausted,7.937978029251099
K21_23,21,,10,B,1753007184,false,false,,0.001977931372305347,83,budget_exhausted,9.769387006759644
K21_23,21,,10,B,2107424273,false,false,,0.0012630495810593738,67,budget_exhausted,7.943562984466553
K21_24,21,,10,A,128182595,false,false,,0.8801413722370778,7,budget_exhausted,1.1852490901947021
K21_24,21,,10,A,1845143962,false,false,,0.8801413722370778,7,budget_exhausted,1.194819688796997
K21_24,21,,10,A,1683375127,false,false,,0.8801413722370778,7,budget_exhausted,1.209108829498291
K21_24,21,,10,A,893706906,false,false,,0.8801413722370778,7,budget_exhausted,1.3640828132629395
K21_23,21,,10,B,418825361,false,false,,6.016933619603671,93,budget_exhausted,10.48501181602478
K21_23,21,,10,B,215858185,false,false,,0.0013108287748976617,83,budget_exhausted,8.021301984786987
K21_23,21,,10,B,449904892,false,false,,0.002736212289123917,55,budget_exhausted,5.060990810394287
K21_23,21,,10,B,1667643188,false,false,,6.195740536727386,101,budget_exhausted,8.664905786514282
K21_24,21,,10,A,449904892,false,false,,0.7118548348371007,1529,budget_exhausted,42.70761203765869
K21_24,21,,10,A,1667643188,false,false,,0.8801413722370778,7,budget_exhausted,1.1810309886932373
K21_24,21,,10,B,128182595,false,false,,0.8801413722370778,7,budget_exhausted,5.233250141143799
K21_24,21,,10,B,1845143962,false,false,,0.7636955651604892,29,budget_exhausted,3.959108829498291
K21_24,21,,10,A,1753007184,false,false,,0.8801413722370778,7,budget_exhausted,1.2026281356811523
K21_24,21,,10,A,2107424273,false,false,,0.8801413722370778,7,budget_exhausted,1.228431224822998
K21_24,21,,10,A,418825361,false,false,,3.980456895614242e-06,1031,budget_exhausted,65.08446598052979
K21_24,21,,10,A,215858185,false,false,,0.8801413722370778,7,budget_exhausted,1.1759998798370361
K21_23,21,,10,A,1753007184,false,false,,0.001063915380510545,107,budget_exhausted,26.42617106437683
K21_23,21,,10,A,2107424273,false,false,,0.00030165427417284577,1161,budget_exhausted,40.19052982330322
K21_23,21,,10,A,418825361,false,false,,0.025493429080349697,99,budget_exhausted,13.08106803894043
K21_23,21,,10,A,215858185,false,false,,1.9325852083437924,79,budget_exhausted,45.06493091583252
K21_24,21,,10,B,1683375127,false,false,,0.8801413722370778,7,budget_exhausted,5.957422733306885
K21_24,21,,10,B,893706906,false,false,,0.0004013573864045971,25,budget_exhausted,3.9425928592681885
K21_24,21,,10,B,1753007184,false,false,,0.8801413722370778,7,budget_exhausted,4.985460996627808
K21_24,21,,10,B,2107424273,false,false,,0.8733085781364314,35,budget_exhausted,4.622364044189453
K21_24,21,,10,B,418825361,false,false,,0.8801413722370778,7,budget_exhausted,3.503556966781616
K21_24,21,,10,B,215858185,false,false,,0.8801413722370778,7,budget_exhausted,3.9162678718566895
K21_24,21,,10,B,449904892,false,false,,0.0004013573864045971,25,budget_exhausted,3.714595079421997
K21_24,21,,10,B,1667643188,false,false,,0.02150824588010448,45,budget_exhausted,4.79177188873291
K21_23,21,,10,A,449904892,false,false,,0.0009219649543723338,199,budget_exhausted,109.52575612068176
K21_23,21,,10,A,1667643188,false,false,,4.781838844748162,139,budget_exhausted,23.852550268173218
K21_23,21,,10,B,128182595,false,false,,0.0012400799331289203,133,budget_exhausted,10.299302816390991
K21_23,21,,10,B,1845143962,false,false,,0.0010358142545564468,115,budget_exhausted,9.094399213790894
K21_22,21,,10,A,1753007184,false,false,,1.0924630946296509e-05,423,budget_exhausted,22.526060104370117
K21_22,21,,10,A,2107424273,false,false,,1.3092133445973143e-05,1139,budget_exhausted,41.9932918548584
K21_22,21,,10,A,418825361,false,false,,1.4720959159495867e-05,799,budget_exhausted,75.91770195960999
K21_22,21,,10,A,215858185,false,false,,4.9665960532145595e-05,63,budget_exhausted,96.48927807807922
K21_25,21,,10,B,1683375127,false,false,,0.11726660823307636,169,budget_exhausted,14.584743738174438
K21_25,21,,10,B,893706906,false,false,,0.04339439547606742,165,budget_exhausted,15.809966087341309
K21_25,21,,10,B,1753007184,false,false,,0.14700150550215924,163,budget_exhausted,12.692481994628906
K21_25,21,,10,B,2107424273,false,false,,0.017941243972497987,109,budget_exhausted,10.587289094924927
K21_25,21,,10,A,449904892,false,false,,0.004451044864405025,263,budget_exhausted,20.645957708358765
K21_25,21,,10,A,1667643188,false,false,,0.05411447077826614,281,budget_exhausted,26.108980894088745
K21_25,21,,10,B,128182595,false,false,,0.597102571058602,121,budget_exhausted,11.981574058532715
K21_25,21,,10,B,1845143962,false,false,,0.30165833282414684,171,budget_exhausted,14.883152961730957
K21_25,21,,10,B,418825361,false,false,,0.269227425245984,161,budget_exhausted,15.091837882995605
K21_25,21,,10,B,215858185,false,false,,0.2991719393106975,181,budget_exhausted,14.964538812637329
K21_25,21,,10,B,449904892,false,false,,0.049393609975356856,119,budget_exhausted,9.731747150421143
K21_25,21,,10,B,1667643188,false,false,,0.004752760904241569,111,budget_exhausted,10.779688119888306
K21_23,21,,10,A,128182595,false,false,,0.05596490178148087,471,budget_exhausted,44.46579313278198
K21_23,21,,10,A,1845143962,false,false,,0.04981913660887155,199,budget_exhausted,38.82208204269409
K21_23,21,,10,A,1683375127,false,false,,4.033953344634493,1891,budget_exhausted,128.18528509140015
K21_23,21,,10,A,893706906,false,false,,0.003854250006944378,983,budget_exhausted,69.40182614326477
K21_25,21,,10,A,1753007184,false,false,,0.24845996845074544,183,budget_exhausted,13.99199891090393
K21_25,21,,10,A,2107424273,false,false,,0.4563282363913974,1905,budget_exhausted,38.87805104255676
K21_25,21,,10,A,418825361,false,false,,1.5156093823842856,273,budget_exhausted,53.927542209625244
K21_25,21,,10,A,215858185,false,false,,0.3365875538165514,941,budget_exhausted,43.80207085609436
K21_25,21,,10,A,128182595,false,false,,0.29690609352416547,545,budget_exhausted,42.42247200012207
K21_25,21,,10,A,1845143962,false,false,,0.5991402680920591,983,budget_exhausted,61.16476798057556
K21_25,21,,10,A,1683375127,false,false,,8.51195626857534e-06,71,budget_exhausted,10.117283821105957
K21_25,21,,10,A,893706906,false,false,,0.3919261128631726,1159,budget_exhausted,55.77477717399597
K21_26,21,,10,B,1683375127,false,false,,0.0005544205069925016,135,budget_exhausted,12.477510213851929
K21_26,21,,10,B,893706906,false,false,,0.007281401720569855,37,budget_exhausted,3.8762118816375732
K21_26,21,,10,B,1753007184,false,false,,0.0032779188405819624,133,budget_exhausted,11.134514808654785
K21_26,21,,10,B,2107424273,false,false,,0.0015611298356664781,75,budget_exhausted,7.143086910247803
K21_26,21,,10,A,449904892,false,false,,0.010239252036004008,145,budget_exhausted,22.307950735092163
K21_26,21,,10,A,1667643188,false,false,,0.0117990279141057,1329,budget_exhausted,50.63790321350098
K21_26,21,,10,B,128182595,false,false,,0.00585367331137389,81,budget_exhausted,7.257528066635132
K21_26,21,,10,B,1845143962,false,false,,0.00028360220148193393,39,budget_exhausted,5.072563886642456
K21_26,21,,10,B,418825361,false,false,,0.0006271336345362386,141,budget_exhausted,12.77734899520874
K21_26,21,,10,B,215858185,false,false,,0.00016441535594454267,57,budget_exhausted,6.01862096786499
K21_26,21,,10,B,449904892,false,false,,0.006582979829140501,73,budget_exhausted,7.422603607177734
K21_26,21,,10,B,1667643188,false,false,,0.00935308438128248,85,budget_exhausted,6.40248703956604
K21_26,21,,10,A,128182595,false,false,,0.009929143594913979,289,budget_exhausted,26.469602823257446
K21_26,21,,10,A,1845143962,false,false,,0.010533956214708977,407,budget_exhausted,19.29725694656372
K21_26,21,,10,A,1683375127,false,false,,0.011801932693916842,999,budget_exhausted,47.959983825683594
K21_26,21,,10,A,893706906,false,false,,0.00021122378712046572,659,budget_exhausted,21.88757610321045
K21_27,21,,10,B,1683375127,false,false,,0.3084667021969837,63,budget_exhausted,6.445780992507935
K21_27,21,,10,B,893706906,false,false,,0.160560450577617,115,budget_exhausted,10.751889944076538
K21_27,21,,10,B,1753007184,false,false,,0.3860197636470965,57,budget_exhausted,5.9398558139801025
K21_27,21,,10,B,2107424273,false,false,,0.30293797861838223,61,budget_exhausted,6.8969199657440186
K21_27,21,,10,B,418825361,false,false,,0.024014875282993165,101,budget_exhausted,7.973381280899048
K21_27,21,,10,B,215858185,false,false,,0.49949870132523844,57,budget_exhausted,7.049202919006348
K21_27,21,,10,B,449904892,false,false,,3.8612519183566916e-06,43,budget_exhausted,6.544404983520508
K21_27,21,,10,B,1667643188,false,false,,0.07733603402397311,53,budget_exhausted,5.467962741851807
K21_27,21,,10,A,449904892,false,false,,0.614410946443891,1885,budget_exhausted,68.19555592536926
K21_27,21,,10,A,1667643188,false,false,,0.24346312812113474,1679,budget_exhausted,28.636307954788208
K21_27,21,,10,B,128182595,false,false,,0.28487821116353773,33,budget_exhausted,4.751551866531372
K21_27,21,,10,B,1845143962,false,false,,0.3634991745449662,41,budget_exhausted,4.824092864990234
K21_26,21,,10,A,1753007184,false,false,,0.0004528476953248052,1219,budget_exhausted,43.208677768707275
K21_26,21,,10,A,2107424273,false,false,,0.00534671635437158,601,budget_exhausted,35.38959717750549
K21_26,21,,10,A,418825361,false,false,,0.01083812764904109,1777,budget_exhausted,122.20016193389893
K21_26,21,,10,A,215858185,false,false,,0.009996325920654473,347,budget_exhausted,21.308934211730957
K21_27,21,,10,A,128182595,false,false,,0.49278989225685643,209,budget_exhausted,20.164855003356934
K21_27,21,,10,A,1845143962,false,false,,0.33950361468080587,267,budget_exhausted,39.49417495727539
K21_27,21,,10,A,1683375127,false,false,,1.0651153350819504,889,budget_exhausted,66.67514991760254
K21_27,21,,10,A,893706906,false,false,,0.5334011518215,665,budget_exhausted,45.38467597961426
K21_28,21,,10,B,1683375127,false,false,,0.0014331528313297484,83,budget_exhausted,8.646849870681763
K21_28,21,,10,B,893706906,false,false,,0.0007798060449807504,65,budget_exhausted,7.713408946990967
K21_28,21,,10,B,1753007184,false,false,,0.05907865230209487,165,budget_exhausted,14.832333087921143
K21_28,21,,10,B,2107424273,false,false,,0.07236519590649744,133,budget_exhausted,8.999687910079956
K21_27,21,,10,A,1753007184,false,false,,0.491899176492117,923,budget_exhausted,35.50075697898865
K21_27,21,,10,A,2107424273,false,false,,0.025744055091334365,249,budget_exhausted,23.17029905319214
K21_27,21,,10,A,418825361,false,false,,0.3070785375504308,1481,budget_exhausted,55.79527711868286
K21_27,21,,10,A,215858185,false,false,,1.7343219330894692,933,budget_exhausted,53.766180992126465
K21_28,21,,10,A,449904892,false,false,,0.009666798735742322,333,budget_exhausted,32.19299817085266
K21_28,21,,10,A,1667643188,false,false,,0.013499096052608487,199,budget_exhausted,33.34622621536255
K21_28,21,,10,B,128182595,false,false,,0.0013621341698819094,103,budget_exhausted,9.492300033569336
K21_28,21,,10,B,1845143962,false,false,,0.03047816550539128,103,budget_exhausted,10.29937219619751
K21_28,21,,10,B,418825361,false,false,,0.020094814712927997,99,budget_exhausted,9.838102102279663
K21_28,21,,10,B,215858185,false,false,,0.0013944366511709407,107,budget_exhausted,9.811950922012329
K21_28,21,,10,B,449904892,false,false,,0.003704511265043603,101,budget_exhausted,9.035189151763916
K21_28,21,,10,B,1667643188,false,false,,0.054528777689543236,131,budget_exhausted,8.989500045776367
K21_29,21,,10,B,1683375127,false,false,,0.04700575894634578,57,budget_exhausted,6.123633146286011
K21_29,21,,10,B,893706906,false,false,,9.177619747180415,159,budget_exhausted,12.650042057037354
K21_29,21,,10,B,1753007184,false,false,,0.0017277262230249782,47,budget_exhausted,4.894563913345337
K21_29,21,,10,B,2107424273,false,false,,0.029806447255036443,91,budget_exhausted,8.680067300796509
K21_28,21,,10,A,1753007184,false,false,,0.0006122866312591101,425,budget_exhausted,18.681171417236328
K21_28,21,,10,A,2107424273,false,false,,0.09803050725463322,667,budget_exhausted,64.78813886642456
K21_28,21,,10,A,418825361,false,false,,0.0016148517490195931,437,budget_exhausted,44.742568254470825
K21_28,21,,10,A,215858185,false,false,,0.34078354314286957,1051,budget_exhausted,61.21577024459839
K21_28,21,,10,A,128182595,false,false,,0.005542333894816122,367,budget_exhausted,91.34197115898132
K21_28,21,,10,A,1845143962,false,false,,0.0006192481952977005,725,budget_exhausted,39.646849155426025
K21_28,21,,10,A,1683375127,false,false,,0.001440811694159838,665,budget_exhausted,44.047016859054565
K21_28,21,,10,A,893706906,false,false,,0.0018502570453718396,559,budget_exhausted,29.948477745056152
K21_29,21,,10,B,418825361,false,false,,0.08855630027637848,129,budget_exhausted,10.331046104431152
K21_29,21,,10,B,215858185,false,false,,11.133722157466451,95,budget_exhausted,8.43790602684021
K21_29,21,,10,B,449904892,false,false,,517.7363298540212,117,budget_exhausted,11.35968804359436
K21_29,21,,10,B,1667643188,false,false,,139.7441713117186,105,budget_exhausted,9.080243825912476
K21_29,21,,10,A,128182595,false,false,,0.5441208754870869,215,budget_exhausted,10.382096290588379
K21_29,21,,10,A,1845143962,false,false,,0.1147994810214722,559,budget_exhausted,38.121432065963745
K21_29,21,,10,A,1683375127,false,false,,0.010035303659223907,591,budget_exhausted,25.265907049179077
K21_29,21,,10,A,893706906,false,false,,0.00245220081411978,1055,budget_exhausted,33.8949031829834
K21_29,21,,10,A,449904892,false,false,,0.0045469356704422835,417,budget_exhausted,23.557960987091064
K21_29,21,,10,A,1667643188,false,false,,4.083736226634505,427,budget_exhausted,59.48954176902771
K21_29,21,,10,B,128182595,false,false,,500.8493747728572,81,budget_exhausted,7.858553886413574
K21_29,21,,10,B,1845143962,false,false,,0.0068891481873151715,69,budget_exhausted,6.540986061096191
K23_00,23,,11,B,1683375127,false,false,,0.001223045463657185,169,budget_exhausted,14.697623014450073
K23_00,23,,11,B,893706906,false,false,,0.000126540491127018,69,budget_exhausted,5.833822011947632
K23_00,23,,11,B,1753007184,false,false,,0.0004950957268713484,117,budget_exhausted,10.509982109069824
K23_00,23,,11,B,2107424273,false,false,,6.267937916893586e-05,113,budget_exhausted,10.424783945083618
K21_29,21,,10,A,1753007184,false,false,,79.95627635506888,877,budget_exhausted,35.72360110282898
K21_29,21,,10,A,2107424273,false,false,,0.061655575258856114,897,budget_exhausted,35.48069190979004
K21_29,21,,10,A,418825361,false,false,,7.438644751274549,283,budget_exhausted,63.34799790382385
K21_29,21,,10,A,215858185,false,false,,0.0090710500311739,137,budget_exhausted,16.524667024612427
K23_00,23,,11,B,418825361,false,false,,0.00023755101712262747,77,budget_exhausted,7.545721054077148
K23_00,23,,11,B,215858185,false,false,,6.631677322206482e-05,101,budget_exhausted,8.876045227050781
K23_00,23,,11,B,449904892,false,false,,0.0004976536983621122,107,budget_exhausted,10.082835912704468
K23_00,23,,11,B,1667643188,false,false,,0.0002268229302893252,101,budget_exhausted,8.365717649459839
K23_00,23,,11,A,128182595,false,false,,6.12755760007864e-05,57,budget_exhausted,28.07435393333435
K23_00,23,,11,A,1845143962,false,false,,0.0002856770520847304,733,budget_exhausted,33.99870800971985
K23_00,23,,11,A,1683375127,false,false,,4.807006399350427e-05,335,budget_exhausted,19.323696851730347
K23_00,23,,11,A,893706906,false,false,,0.00029237553734281656,847,budget_exhausted,41.84713912010193
K23_00,23,,11,A,449904892,false,false,,9.922732371413764e-06,87,budget_exhausted,17.003203868865967
K23_00,23,,11,A,1667643188,false,false,,0.0003399325776523233,1109,budget_exhausted,53.02957606315613
K23_00,23,,11,B,128182595,false,false,,7.690089811883803e-05,133,budget_exhausted,10.98173999786377
K23_00,23,,11,B,1845143962,false,false,,0.003416011764030616,145,budget_exhausted,13.002985000610352
K23_01,23,,11,A,449904892,false,false,,0.055305580989898094,419,budget_exhausted,19.21798801422119
K23_01,23,,11,A,1667643188,false,false,,0.2709385386630671,287,budget_exhausted,20.087623119354248
K23_01,23,,11,B,128182595,false,false,,0.26419991272678994,109,budget_exhausted,10.791852951049805
K23_01,23,,11,B,1845143962,false,false,,0.09938132103788784,135,budget_exhausted,10.635164022445679
K23_01,23,,11,B,418825361,false,false,,0.23474576136816305,59,budget_exhausted,6.042062044143677
K23_01,23,,11,B,215858185,false,false,,0.4771964679571847,65,budget_exhausted,7.268156051635742
K23_01,23,,11,B,449904892,false,false,,0.44134756278161436,115,budget_exhausted,9.44144582748413
K23_01,23,,11,B,1667643188,false,false,,0.09841912233592537,113,budget_exhausted,10.172248125076294
K23_01,23,,11,B,1683375127,false,false,,0.24160839068668385,115,budget_exhausted,10.101622104644775
K23_01,23,,11,B,893706906,false,false,,0.31406715830132614,103,budget_exhausted,8.906123161315918
K23_01,23,,11,B,1753007184,false,false,,0.5117758588828106,147,budget_exhausted,12.259108066558838
K23_01,23,,11,B,2107424273,false,false,,0.19515289671992195,89,budget_exhausted,7.260375022888184
K23_00,23,,11,A,1753007184,false,false,,0.000263854038176443,435,budget_exhausted,25.606342792510986
K23_00,23,,11,A,2107424273,false,false,,0.002894960158672844,805,budget_exhausted,74.36301898956299
K23_00,23,,11,A,418825361,false,false,,0.00010539208470929825,747,budget_exhausted,41.00521779060364
K23_00,23,,11,A,215858185,false,false,,0.00018155859292911484,191,budget_exhausted,22.57028889656067
K23_02,23,,11,B,1683375127,false,false,,0.059348937186222424,115,budget_exhausted,9.54151201248169
K23_02,23,,11,B,893706906,false,false,,0.764411689679245,89,budget_exhausted,9.658221960067749
K23_02,23,,11,B,1753007184,false,false,,0.7854749782791857,65,budget_exhausted,7.394369840621948
K23_02,23,,11,B,2107424273,false,false,,0.03329021168386868,31,budget_exhausted,5.098491907119751
K23_02,23,,11,A,1753007184,false,false,,0.5508312156926083,529,budget_exhausted,29.125187873840332
K23_02,23,,11,A,2107424273,true,false,55,5.510059944053355e-07,21,converged,0.9256129264831543
K23_02,23,,11,A,418825361,true,false,20,5.510059944053355e-07,21,converged,0.23255586624145508
K23_02,23,,11,A,215858185,false,false,,0.04900731082133146,775,budget_exhausted,30.594117164611816
K23_02,23,,11,B,418825361,false,false,,0.11341387214076296,85,budget_exhausted,7.618075847625732
K23_02,23,,11,B,215858185,false,false,,0.02256277935206308,113,budget_exhausted,10.476829767227173
K23_02,23,,11,B,449904892,false,false,,0.39317414155436203,125,budget_exhausted,14.48146390914917
K23_02,23,,11,B,1667643188,false,false,,0.008677322791156341,155,budget_exhausted,13.065362930297852
K23_01,23,,11,A,128182595,false,false,,0.04154044486440382,831,budget_exhausted,56.05482816696167
K23_01,23,,11,A,1845143962,false,false,,0.27478458210008616,1039,budget_exhausted,43.84908199310303
K23_01,23,,11,A,1683375127,false,false,,0.2603803417769361,735,budget_exhausted,28.768198013305664
K23_01,23,,11,A,893706906,false,false,,0.20265863958038166,705,budget_exhausted,43.546809911727905
K23_02,23,,11,A,128182595,false,false,,7.37361465930537e-06,65,budget_exhausted,14.999063968658447
K23_02,23,,11,A,1845143962,false,false,,0.0029292437659267064,1045,budget_exhausted,59.48377323150635
K23_02,23,,11,A,1683375127,false,false,,0.0017515856421447288,623,budget_exhausted,26.921788215637207
K23_02,23,,11,A,893706906,true,false,72,5.510059944053355e-07,21,converged,4.024310827255249
K23_02,23,,11,A,449904892,false,false,,0.5525866762022693,287,budget_exhausted,20.786241054534912
K23_02,23,,11,A,1667643188,false,false,,0.0016321873098075529,1405,budget_exhausted,53.66714310646057
K23_02,23,,11,B,128182595,false,false,,0.9179853811898818,105,budget_exhausted,9.676227807998657
K23_02,23,,11,B,1845143962,false,false,,0.35774634949145345,127,budget_exhausted,11.36270785331726
K23_01,23,,11,A,1753007184,false,false,,0.14210922983910138,575,budget_exhausted,28.96884298324585
K23_01,23,,11,A,2107424273,false,false,,0.4956721291704943,1371,budget_exhausted,65.71634197235107
K23_01,23,,11,A,418825361,false,false,,0.34041447359153937,181,budget_exhausted,47.345268964767456
K23_01,23,,11,A,215858185,false,false,,0.0418042577320321,297,budget_exhausted,33.12897729873657
K23_03,23,,11,B,1683375127,false,false,,0.000459616920162422,69,budget_exhausted,6.711385011672974
K23_03,23,,11,B,893706906,false,false,,0.03566137127779606,29,budget_exhausted,6.529284238815308
K23_03,23,,11,B,1753007184,false,false,,0.0003609723643588272,77,budget_exhausted,6.983295917510986
K23_03,23,,11,B,2107424273,false,false,,0.001114341760367079,47,budget_exhausted,5.458688020706177
K23_03,23,,11,B,418825361,false,false,,0.001264069850604043,65,budget_exhausted,7.565500974655151
K23_03,23,,11,B,215858185,false,false,,0.003931618373562392,35,budget_exhausted,4.2096381187438965
K23_03,23,,11,B,449904892,false,false,,0.00038947257266092153,97,budget_exhausted,9.344429969787598
K23_03,23,,11,B,1667643188,false,false,,0.0076691796100149656,59,budget_exhausted,6.402122974395752
K23_03,23,,11,A,449904892,false,false,,0.001134522816517768,165,budget_exhausted,46.096484899520874
K23_03,23,,11,A,1667643188,false,false,,0.0010751563538923753,71,budget_exhausted,9.737751960754395
K23_03,23,,11,B,128182595,false,false,,0.003653381794523634,47,budget_exhausted,5.283637046813965
K23_03,23,,11,B,1845143962,false,false,,0.00042602979917298904,53,budget_exhausted,6.106023073196411
K23_03,23,,11,A,128182595,false,false,,0.0012903434067164925,543,budget_exhausted,36.27067422866821
K23_03,23,,11,A,1845143962,false,false,,0.006216654028621362,283,budget_exhausted,32.42693519592285
K23_03,23,,11,A,1683375127,false,false,,0.0006340630155066609,385,budget_exhausted,16.1494038105011
K23_03,23,,11,A,893706906,false,false,,0.0014983738041343608,67,budget_exhausted,20.475789785385132
K23_04,23,,11,B,1683375127,false,false,,0.009646122090455511,107,budget_exhausted,9.499615907669067
K23_04,23,,11,B,893706906,false,false,,0.02649723435999973,39,budget_exhausted,5.087620973587036
K23_04,23,,11,B,1753007184,false,false,,0.0452436939382148,5,budget_exhausted,3.8455350399017334
K23_04,23,,11,B,2107424273,false,false,,0.04386440577767431,115,budget_exhausted,7.982890844345093
K23_05,23,,11,A,128182595,false,false,,0.7893779986762347,1,budget_exhausted,0.6442170143127441
K23_05,23,,11,A,1845143962,false,false,,0.7893779986762347,1,budget_exhausted,0.6569550037384033
K23_05,23,,11,A,1683375127,false,false,,0.7893779986762347,1,budget_exhausted,0.6388018131256104
K23_05,23,,11,A,893706906,false,false,,0.7893779986762347,1,budget_exhausted,0.6576578617095947
K23_04,23,,11,B,418825361,false,false,,0.038811733419833135,27,budget_exhausted,5.292295932769775
K23_04,23,,11,B,215858185,false,false,,0.005044171775363945,47,budget_exhausted,6.136946201324463
K23_04,23,,11,B,449904892,false,false,,0.04344913887099432,47,budget_exhausted,4.913326025009155
K23_04,23,,11,B,1667643188,false,false,,0.049082161389200456,117,budget_exhausted,11.474961757659912
K23_04,23,,11,A,449904892,false,false,,0.043495997456671064,573,budget_exhausted,51.84741282463074
K23_04,23,,11,A,1667643188,false,false,,0.0038940097195770047,477,budget_exhausted,19.755550146102905
K23_04,23,,11,B,128182595,false,false,,0.020146627008610838,17,budget_exhausted,4.13447904586792
K23_04,23,,11,B,1845143962,false,false,,0.011456712744127349,17,budget_exhausted,3.939627170562744
K23_05,23,,11,A,449904892,false,false,,0.7893779986762347,1,budget_exhausted,0.6595189571380615
K23_05,23,,11,A,1667643188,false,false,,0.7893779986762347,1,budget_exhausted,0.6634700298309326
K23_05,23,,11,B,128182595,false,false,,0.7853376961858789,79,budget_exhausted,8.401777744293213
K23_05,23,,11,B,1845143962,false,false,,0.04195186224014526,55,budget_exhausted,7.057438850402832
K23_05,23,,11,A,1753007184,false,false,,0.0037243629913763883,639,budget_exhausted,26.08037304878235
K23_05,23,,11,A,2107424273,false,false,,0.7893779986762347,1,budget_exhausted,0.6515059471130371
K23_05,23,,11,A,418825361,false,false,,0.7893779986762347,1,budget_exhausted,0.6323080062866211
K23_05,23,,11,A,215858185,false,false,,0.7893779986762347,1,budget_exhausted,0.679365873336792
K23_05,23,,11,B,1683375127,false,false,,0.0334506246788509,57,budget_exhausted,6.53572416305542
K23_05,23,,11,B,893706906,false,false,,0.7668812296214598,43,budget_exhausted,4.966458797454834
K23_05,23,,11,B,1753007184,false,false,,0.0173306707093741,123,budget_exhausted,9.841739177703857
K23_05,23,,11,B,2107424273,false,false,,5503.8156500524,53,budget_exhausted,5.746872663497925
K23_05,23,,11,B,418825361,false,false,,11155.376036402058,25,budget_exhausted,4.3884406089782715
K23_05,23,,11,B,215858185,false,false,,0.7893779986762347,9,budget_exhausted,6.148239850997925
K23_05,23,,11,B,449904892,false,false,,0.03143710948978625,111,budget_exhausted,9.758442878723145
K23_05,23,,11,B,1667643188,false,false,,0.018752438560618853,77,budget_exhausted,6.608742952346802
K23_04,23,,11,A,1753007184,false,false,,0.016257847170123137,405,budget_exhausted,20.470432996749878
K23_04,23,,11,A,2107424273,false,false,,0.0033027261989819414,439,budget_exhausted,32.71011924743652
K23_04,23,,11,A,418825361,false,false,,0.02006742537059813,225,budget_exhausted,50.628621101379395
K23_04,23,,11,A,215858185,false,false,,0.0007682861704283358,467,budget_exhausted,42.987239837646484
K23_03,23,,11,A,1753007184,false,false,,0.002857073811326686,1833,budget_exhausted,104.56465792655945
K23_03,23,,11,A,2107424273,false,false,,0.0011013082139596083,573,budget_exhausted,23.985677242279053
K23_03,23,,11,A,418825361,false,false,,0.0015098096863390162,389,budget_exhausted,24.78296422958374
K23_03,23,,11,A,215858185,false,false,,0.001538381123445376,1099,budget_exhausted,40.7793447971344
K23_06,23,,11,B,1683375127,false,false,,0.12223769066875645,63,budget_exhausted,6.36654806137085
K23_06,23,,11,B,893706906,false,false,,0.0006833304838281684,61,budget_exhausted,6.378445863723755
K23_06,23,,11,B,1753007184,false,false,,0.10927833247463194,43,budget_exhausted,4.8908538818359375
K23_06,23,,11,B,2107424273,false,false,,0.34479307330338793,101,budget_exhausted,9.375686168670654
K23_06,23,,11,B,418825361,false,false,,0.2390114285315425,53,budget_exhausted,6.157651901245117
K23_06,23,,11,B,215858185,false,false,,0.008392827348345198,33,budget_exhausted,4.383302927017212
K23_06,23,,11,B,449904892,false,false,,0.13991229956874254,23,budget_exhausted,4.37582802772522
K23_06,23,,11,B,1667643188,false,false,,0.29930599337588015,45,budget_exhausted,5.4526331424713135
K23_04,23,,11,A,128182595,false,false,,0.036570856128819156,375,budget_exhausted,19.725609302520752
K23_04,23,,11,A,1845143962,false,false,,0.005181830315802215,1177,budget_exhausted,45.672967195510864
K23_04,23,,11,A,1683375127,false,false,,0.04335717668422014,1369,budget_exhausted,96.05120277404785
K23_04,23,,11,A,893706906,false,false,,0.04308561343914667,457,budget_exhausted,42.17933893203735
K23_07,23,,11,A,128182595,false,false,,0.13083297198212207,385,budget_exhausted,21.95090103149414
K23_07,23,,11,A,1845143962,false,false,,0.39470669592781166,627,budget_exhausted,26.0763840675354
K23_07,23,,11,A,1683375127,false,false,,0.4145109572455753,749,budget_exhausted,25.692609786987305
K23_07,23,,11,A,893706906,false,false,,0.4048709922034905,725,budget_exhausted,29.3464298248291
K23_06,23,,11,A,449904892,false,false,,0.1689371073593341,143,budget_exhausted,93.98530793190002
K23_06,23,,11,A,1667643188,false,false,,0.2999296611474393,475,budget_exhausted,61.921600103378296
K23_06,23,,11,B,128182595,false,false,,1.196153564927503,113,budget_exhausted,9.259928941726685
K23_06,23,,11,B,1845143962,false,false,,0.1401535522850178,23,budget_exhausted,3.8359851837158203
K23_07,23,,11,A,449904892,false,false,,0.5758885851548744,71,budget_exhausted,89.30831408500671
K23_07,23,,11,A,1667643188,false,false,,0.4022032800195901,95,budget_exhausted,15.59579610824585
K23_07,23,,11,B,128182595,false,false,,0.031656978257669784,113,budget_exhausted,8.246468782424927
K23_07,23,,11,B,1845143962,false,false,,0.406665590376024,55,budget_exhausted,5.475111961364746
K23_07,23,,11,B,418825361,false,false,,0.4025611635049326,51,budget_exhausted,5.516948938369751
K23_07,23,,11,B,215858185,false,false,,0.4170199271874543,45,budget_exhausted,4.699397087097168
K23_07,23,,11,B,449904892,false,false,,0.4090553161575043,57,budget_exhausted,5.19957709312439
K23_07,23,,11,B,1667643188,false,false,,0.07673750296171213,89,budget_exhausted,8.05068325996399
K23_07,23,,11,A,1753007184,false,false,,0.10119137381156491,83,budget_exhausted,31.78557276725769
K23_07,23,,11,A,2107424273,false,false,,0.06598268027755855,433,budget_exhausted,28.299105882644653
K23_07,23,,11,A,418825361,false,false,,0.3874562081570229,487,budget_exhausted,22.51460313796997
K23_07,23,,11,A,215858185,false,false,,0.34262147419869454,837,budget_exhausted,48.34812808036804
K23_07,23,,11,B,1683375127,false,false,,0.2893817698996649,83,budget_exhausted,6.76694393157959
K23_07,23,,11,B,893706906,false,false,,0.29662617418869625,97,budget_exhausted,7.474802017211914
K23_07,23,,11,B,1753007184,false,false,,0.24563387092051386,135,budget_exhausted,9.516547203063965
K23_07,23,,11,B,2107424273,false,false,,0.3976453281774383,147,budget_exhausted,12.158761978149414
K23_06,23,,11,A,1753007184,false,false,,0.006028891827290813,407,budget_exhausted,40.105796813964844
K23_06,23,,11,A,2107424273,false,false,,0.029014378319497634,1007,budget_exhausted,50.524595975875854
K23_06,23,,11,A,418825361,false,false,,0.11965504915307722,773,budget_exhausted,51.83379817008972
K23_06,23,,11,A,215858185,false,false,,0.09945266022081167,333,budget_exhausted,69.36114501953125
K23_08,23,,11,B,1683375127,false,false,,0.30581874890383864,9,budget_exhausted,6.42531681060791
K23_08,23,,11,B,893706906,false,false,,1.1304796302506812,127,budget_exhausted,9.797744989395142
K23_08,23,,11,B,1753007184,false,false,,0.16856621509149491,69,budget_exhausted,6.537631988525391
K23_08,23,,11,B,2107424273,false,false,,0.00936927919273443,39,budget_exhausted,4.2320051193237305
K23_08,23,,11,B,418825361,false,false,,0.16264267729339252,65,budget_exhausted,5.881881952285767
K23_08,23,,11,B,215858185,false,false,,0.012217301230827014,51,budget_exhausted,5.437669277191162
K23_08,23,,11,B,449904892,false,false,,1.125813620550895,77,budget_exhausted,6.731866121292114
K23_08,23,,11,B,1667643188,false,false,,0.21541023313188395,41,budget_exhausted,4.412198066711426
K23_06,23,,11,A,128182595,false,false,,0.027863193366761137,199,budget_exhausted,97.04125595092773
K23_06,23,,11,A,1845143962,false,false,,0.22351805378050021,1235,budget_exhausted,26.268816709518433
K23_06,23,,11,A,1683375127,false,false,,0.1116207063491532,211,budget_exhausted,39.04176473617554
K23_06,23,,11,A,893706906,false,false,,0.21268173687556344,1299,budget_exhausted,90.15985298156738
K23_08,23,,11,A,449904892,false,false,,0.0033715470041029818,1897,budget_exhausted,58.321452140808105
K23_08,23,,11,A,1667643188,false,false,,1.2835923069944541,1221,budget_exhausted,86.85289645195007
K23_08,23,,11,B,128182595,false,false,,0.032249657635085055,41,budget_exhausted,4.601916074752808
K23_08,23,,11,B,1845143962,false,false,,0.005179505638501363,41,budget_exhausted,5.4113850593566895
K23_09,23,,11,A,449904892,false,false,,0.028390057200863756,69,budget_exhausted,72.24861216545105
K23_09,23,,11,A,1667643188,false,false,,0.09372210855822781,809,budget_exhausted,46.292370319366455
K23_09,23,,11,B,128182595,false,false,,0.03387545321431696,71,budget_exhausted,7.632255792617798
K23_09,23,,11,B,1845143962,false,false,,0.020049572671056202,89,budget_exhausted,8.493466138839722
K23_08,23,,11,A,128182595,false,false,,0.8868847170488138,717,budget_exhausted,33.79944682121277
K23_08,23,,11,A,1845143962,false,false,,0.0017155566534937479,1229,budget_exhausted,71.23083424568176
K23_08,23,,11,A,1683375127,false,false,,0.018948971113946295,1015,budget_exhausted,59.243870973587036
K23_08,23,,11,A,893706906,false,false,,1.1028960166252122,759,budget_exhausted,34.65825009346008
K23_08,23,,11,A,1753007184,false,false,,0.22243431960045285,991,budget_exhausted,41.45133304595947
K23_08,23,,11,A,2107424273,false,false,,1.0827221879789537,645,budget_exhausted,34.109768867492676
K23_08,23,,11,A,418825361,false,false,,0.010447509522424552,1389,budget_exhausted,59.55297613143921
K23_08,23,,11,A,215858185,false,false,,1.1233763098021692,1017,budget_exhausted,59.67575192451477
K23_09,23,,11,B,1683375127,false,false,,0.049686829785205965,87,budget_exhausted,8.18450117111206
K23_09,23,,11,B,893706906,false,false,,0.035835883133729284,101,budget_exhausted,9.745843887329102
K23_09,23,,11,B,1753007184,false,false,,0.011649819934795337,123,budget_exhausted,12.660557270050049
K23_09,23,,11,B,2107424273,false,false,,0.011831398339005138,73,budget_exhausted,7.74884295463562
K23_09,23,,11,B,418825361,false,false,,0.010486092450913026,99,budget_exhausted,9.804541110992432
K23_09,23,,11,B,215858185,false,false,,0.0035154220077717228,49,budget_exhausted,5.805898904800415
K23_09,23,,11,B,449904892,false,false,,0.027788083597879182,73,budget_exhausted,7.760213136672974
K23_09,23,,11,B,1667643188,false,false,,0.033675939379998236,93,budget_exhausted,9.855782985687256
K23_09,23,,11,A,1753007184,false,false,,0.08736024437342114,223,budget_exhausted,31.540665864944458
K23_09,23,,11,A,2107424273,false,false,,0.013284745661320789,113,budget_exhausted,44.88083100318909
K23_09,23,,11,A,418825361,false,false,,0.04526426569229101,1563,budget_exhausted,72.09990215301514
K23_09,23,,11,A,215858185,false,false,,0.05648354474973152,491,budget_exhausted,24.779327154159546
K23_09,23,,11,A,128182595,false,false,,0.08612907990418797,91,budget_exhausted,27.18466281890869
K23_09,23,,11,A,1845143962,false,false,,0.020413738075134486,577,budget_exhausted,20.553786277770996
K23_09,23,,11,A,1683375127,false,false,,0.06871184839503872,751,budget_exhausted,50.99964427947998
K23_09,23,,11,A,893706906,false,false,,0.04151809550539514,1525,budget_exhausted,80.42717814445496
K23_10,23,,11,B,1683375127,false,false,,0.06650550241928861,85,budget_exhausted,8.12134313583374
K23_10,23,,11,B,893706906,false,false,,0.008251601304893478,105,budget_exhausted,9.82888412475586
K23_10,23,,11,B,1753007184,false,false,,0.03124834529474112,79,budget_exhausted,7.734943151473999
K23_10,23,,11,B,2107424273,false,false,,0.2970674665373536,45,budget_exhausted,4.667986869812012
K23_10,23,,11,B,418825361,false,false,,0.009988057101294133,81,budget_exhausted,8.864104986190796
K23_10,23,,11,B,215858185,false,false,,0.022255405174943572,77,budget_exhausted,7.7195329666137695
K23_10,23,,11,B,449904892,false,false,,0.04917266287359045,37,budget_exhausted,4.912198066711426
K23_10,23,,11,B,1667643188,false,false,,0.9488283465111301,65,budget_exhausted,7.0738019943237305
K23_10,23,,11,A,449904892,false,false,,0.13837093078696266,377,budget_exhausted,13.395395040512085
K23_10,23,,11,A,1667643188,false,false,,0.008318514662146902,1329,budget_exhausted,45.41080713272095
K23_10,23,,11,B,128182595,false,false,,0.13325030182774356,27,budget_exhausted,3.6045119762420654
K23_10,23,,11,B,1845143962,false,false,,0.08428890152734969,75,budget_exhausted,6.466846227645874
K23_11,23,,11,B,1683375127,false,false,,239.13862092152988,11,budget_exhausted,4.356014966964722
K23_11,23,,11,B,893706906,false,false,,9.80914307443742,95,budget_exhausted,8.254153966903687
K23_11,23,,11,B,1753007184,false,false,,140.20735999779896,95,budget_exhausted,8.271407127380371
K23_11,23,,11,B,2107424273,false,false,,9.74469790295669,45,budget_exhausted,5.2953269481658936
K23_11,23,,11,B,418825361,false,false,,887.5066377878068,59,budget_exhausted,6.807554244995117
K23_11,23,,11,B,215858185,false,false,,5.824546394944929,95,budget_exhausted,8.092139959335327
K23_11,23,,11,B,449904892,false,false,,230.90281362686702,29,budget_exhausted,3.8006672859191895
K23_11,23,,11,B,1667643188,false,false,,3777.479541456089,95,budget_exhausted,8.481557846069336
K23_10,23,,11,A,128182595,false,false,,0.03073876247068899,1041,budget_exhausted,57.15729784965515
K23_10,23,,11,A,1845143962,false,false,,0.13610884331734885,365,budget_exhausted,18.446236848831177
K23_10,23,,11,A,1683375127,false,false,,0.025936595179788847,599,budget_exhausted,49.586185932159424
K23_10,23,,11,A,893706906,false,false,,0.059177545859140514,627,budget_exhausted,33.79320192337036
K23_10,23,,11,A,1753007184,false,false,,0.21083186004488677,91,budget_exhausted,70.0853807926178
K23_10,23,,11,A,2107424273,false,false,,0.014814907939904849,611,budget_exhausted,41.44501304626465
K23_10,23,,11,A,418825361,false,false,,0.02713779645682095,1057,budget_exhausted,39.39258289337158
K23_10,23,,11,A,215858185,false,false,,0.18600367811793408,159,budget_exhausted,32.14849901199341
K23_11,23,,11,A,449904892,false,false,,0.09967822023876304,693,budget_exhausted,37.97842216491699
K23_11,23,,11,A,1667643188,false,false,,30.87690958343321,1129,budget_exhausted,98.63372993469238
K23_11,23,,11,B,128182595,false,false,,1388.6264651209133,25,budget_exhausted,3.6571619510650635
K23_11,23,,11,B,1845143962,false,false,,239.13862092152988,11,budget_exhausted,9.034351110458374
K23_11,23,,11,A,128182595,false,false,,1062.4600813244915,1555,budget_exhausted,103.13536977767944
K23_11,23,,11,A,1845143962,false,false,,1.0702799599902397,127,budget_exhausted,59.885741233825684
K23_11,23,,11,A,1683375127,false,false,,0.026217721968299346,33,budget_exhausted,3.125168800354004
K23_11,23,,11,A,893706906,false,false,,0.009175192561217783,1169,budget_exhausted,19.205357789993286
K23_11,23,,11,A,1753007184,false,false,,0.3669136633178528,1729,budget_exhausted,47.61595892906189
K23_11,23,,11,A,2107424273,false,false,,1.0761665088055172,51,budget_exhausted,36.077534914016724
K23_11,23,,11,A,418825361,false,false,,3392.1147895761737,69,budget_exhausted,60.941060066223145
K23_11,23,,11,A,215858185,false,false,,0.011384629321712025,693,budget_exhausted,31.610118865966797
K23_12,23,,11,B,1683375127,false,false,,0.0520471954557373,97,budget_exhausted,7.1140830516815186
K23_12,23,,11,B,893706906,false,false,,0.06525786871195537,89,budget_exhausted,7.656944990158081
K23_12,23,,11,B,1753007184,false,false,,0.06031856055428925,143,budget_exhausted,12.054430961608887
K23_12,23,,11,B,2107424273,false,false,,0.05697127735472913,83,budget_exhausted,7.3303961753845215
K23_12,23,,11,B,418825361,false,false,,0.08814390807383801,79,budget_exhausted,6.905030012130737
K23_12,23,,11,B,215858185,false,false,,0.14297610736670519,87,budget_exhausted,8.364194869995117
K23_12,23,,11,B,449904892,false,false,,0.04531909177475425,107,budget_exhausted,9.391937971115112
K23_12,23,,11,B,1667643188,false,false,,0.11080664124076388,101,budget_exhausted,8.236687183380127
K23_12,23,,11,A,449904892,false,false,,0.05565474861482622,795,budget_exhausted,25.295942068099976
K23_12,23,,11,A,1667643188,false,false,,0.04348063987554931,781,budget_exhausted,53.5544650554657
K23_12,23,,11,B,128182595,false,false,,0.046753637464414265,71,budget_exhausted,6.398416042327881
K23_12,23,,11,B,1845143962,false,false,,0.06046302806856823,105,budget_exhausted,8.352488994598389
K23_12,23,,11,A,128182595,false,false,,0.12479066097792606,49,budget_exhausted,26.359637022018433
K23_12,23,,11,A,1845143962,false,false,,0.07378344790813031,871,budget_exhausted,31.045292854309082
K23_12,23,,11,A,1683375127,false,false,,0.15933095107611767,1779,budget_exhausted,87.62806820869446
K23_12,23,,11,A,893706906,false,false,,0.16923252197311792,599,budget_exhausted,35.573309898376465
K23_13,23,,11,B,1683375127,false,false,,0.0021154184661065804,61,budget_exhausted,6.4687819480896
K23_13,23,,11,B,893706906,false,false,,0.0022924145120236726,93,budget_exhausted,7.971099853515625
K23_13,23,,11,B,1753007184,false,false,,0.0014134020683785706,105,budget_exhausted,9.292125940322876
K23_13,23,,11,B,2107424273,false,false,,3.3939894872388086e-05,77,budget_exhausted,7.366469860076904
K23_13,23,,11,A,449904892,false,false,,0.0005149947876866584,29,budget_exhausted,60.30941605567932
K23_13,23,,11,A,1667643188,false,false,,0.006169795938792873,37,budget_exhausted,19.792433738708496
K23_13,23,,11,B,128182595,false,false,,0.011577100868710829,55,budget_exhausted,7.930985927581787
K23_13,23,,11,B,1845143962,false,false,,0.0016881836990239923,87,budget_exhausted,6.7185959815979
K23_13,23,,11,B,418825361,false,false,,0.04713526061193687,43,budget_exhausted,4.665251016616821
K23_13,23,,11,B,215858185,false,false,,0.0015982909657319244,93,budget_exhausted,7.496363878250122
K23_13,23,,11,B,449904892,false,false,,0.12298671627555019,109,budget_exhausted,9.915034055709839
K23_13,23,,11,B,1667643188,false,false,,0.015942300023555178,153,budget_exhausted,13.136669158935547
K23_13,23,,11,A,128182595,false,false,,0.011895046987309163,819,budget_exhausted,54.99732708930969
K23_13,23,,11,A,1845143962,false,false,,8.101584773168176e-06,39,budget_exhausted,14.575650215148926
K23_13,23,,11,A,1683375127,false,false,,0.03133808762023065,343,budget_exhausted,20.003620147705078
K23_13,23,,11,A,893706906,false,false,,0.3216315154123669,545,budget_exhausted,30.805492877960205
K23_13,23,,11,A,1753007184,false,false,,0.0008125767038306278,1719,budget_exhausted,74.68941307067871
K23_13,23,,11,A,2107424273,false,false,,4.9603700912067015e-06,85,budget_exhausted,16.191682815551758
K23_13,23,,11,A,418825361,false,false,,0.005467059061814545,509,budget_exhausted,23.584269046783447
K23_13,23,,11,A,215858185,false,false,,5.5313966102360235e-06,79,budget_exhausted,11.465878009796143
K23_14,23,,11,B,418825361,false,false,,0.11204405113331634,89,budget_exhausted,7.994591951370239
K23_14,23,,11,B,215858185,false,false,,0.04009559487151171,115,budget_exhausted,10.27356481552124
K23_14,23,,11,B,449904892,false,false,,0.05775273732930218,37,budget_exhausted,4.353343963623047
K23_14,23,,11,B,1667643188,false,false,,0.3403788468738164,47,budget_exhausted,5.292500257492065
K23_14,23,,11,B,1683375127,false,false,,0.11220321279524167,129,budget_exhausted,12.376366138458252
K23_14,23,,11,B,893706906,false,false,,0.0428075120672244,123,budget_exhausted,10.72156286239624
K23_14,23,,11,B,1753007184,false,false,,0.007030448002253068,113,budget_exhausted,10.803242921829224
K23_14,23,,11,B,2107424273,false,false,,0.009809079784720114,67,budget_exhausted,7.6312971115112305
K23_12,23,,11,A,1753007184,false,false,,0.02949326380273972,1695,budget_exhausted,76.59070992469788
K23_12,23,,11,A,2107424273,false,false,,0.06834142321238831,947,budget_exhausted,25.140445947647095
K23_12,23,,11,A,418825361,false,false,,0.14005724698388272,215,budget_exhausted,59.38891005516052
K23_12,23,,11,A,215858185,false,false,,0.13044645215064815,1431,budget_exhausted,70.62972593307495
K23_14,23,,11,A,449904892,false,false,,0.11123047052978158,329,budget_exhausted,25.61809468269348
K23_14,23,,11,A,1667643188,false,false,,0.3431080608802102,15,budget_exhausted,12.025962114334106
K23_14,23,,11,B,128182595,false,false,,0.0001003981918863581,111,budget_exhausted,10.219612121582031
K23_14,23,,11,B,1845143962,false,false,,0.05772073436888873,93,budget_exhausted,6.7280659675598145
K23_15,23,,11,B,1683375127,false,false,,0.03514800076141042,45,budget_exhausted,5.165431022644043
K23_15,23,,11,B,893706906,false,false,,0.004404906238733599,77,budget_exhausted,7.26003098487854
K23_15,23,,11,B,1753007184,false,false,,0.011992606414574197,127,budget_exhausted,8.576924085617065
K23_15,23,,11,B,2107424273,false,false,,0.050256069154583305,105,budget_exhausted,10.155057907104492
K23_15,23,,11,B,418825361,false,false,,0.003906450137766613,103,budget_exhausted,9.377945184707642
K23_15,23,,11,B,215858185,false,false,,0.029340579050961622,109,budget_exhausted,10.120619773864746
K23_15,23,,11,B,449904892,false,false,,0.13712101689930128,85,budget_exhausted,9.006746768951416
K23_15,23,,11,B,1667643188,false,false,,0.1488911853769132,75,budget_exhausted,10.713434219360352
K23_15,23,,11,A,449904892,false,false,,0.378141527633328,781,budget_exhausted,45.86339783668518
K23_15,23,,11,A,1667643188,false,false,,0.00013102470817766466,853,budget_exhausted,39.38605999946594
K23_15,23,,11,B,128182595,false,false,,0.015108421522884101,113,budget_exhausted,9.210752010345459
K23_15,23,,11,B,1845143962,false,false,,0.012003499857145768,79,budget_exhausted,9.775810241699219
K23_14,23,,11,A,128182595,false,false,,0.3402932636508129,41,budget_exhausted,58.012286901474
K23_14,23,,11,A,1845143962,false,false,,0.3431831863427339,1839,budget_exhausted,70.38845014572144
K23_14,23,,11,A,1683375127,false,false,,0.2412760772909135,377,budget_exhausted,44.18270707130432
K23_14,23,,11,A,893706906,false,false,,0.012283841538573839,561,budget_exhausted,28.575801134109497
K23_14,23,,11,A,1753007184,false,false,,0.3412391165190562,51,budget_exhausted,63.99306011199951
K23_14,23,,11,A,2107424273,false,false,,0.20238302052827623,33,budget_exhausted,10.445271015167236
K23_14,23,,11,A,418825361,false,false,,0.0028980437556071523,603,budget_exhausted,41.151304960250854
K23_14,23,,11,A,215858185,false,false,,0.0552258245206432,1261,budget_exhausted,72.75972294807434
K23_15,23,,11,A,128182595,false,false,,0.06809047008127263,1557,budget_exhausted,60.98857593536377
K23_15,23,,11,A,1845143962,false,false,,1.2253913721740013,1,budget_exhausted,0.6622898578643799
K23_15,23,,11,A,1683375127,false,false,,0.01789337055434836,399,budget_exhausted,4.474103212356567
K23_15,23,,11,A,893706906,false,false,,1.0279239721123343,1815,budget_exhausted,82.32774877548218
K23_16,23,,11,B,1683375127,false,false,,0.00012303419800534834,61,budget_exhausted,6.087262153625488
K23_16,23,,11,B,893706906,false,false,,0.0024997097989345046,143,budget_exhausted,12.276340246200562
K23_16,23,,11,B,1753007184,false,false,,3.613332502744836e-05,79,budget_exhausted,9.066235303878784
K23_16,23,,11,B,2107424273,false,false,,0.0006941787822663347,117,budget_exhausted,10.814326047897339
K23_15,23,,11,A,1753007184,false,false,,0.9832422837703768,599,budget_exhausted,29.137204885482788
K23_15,23,,11,A,2107424273,false,false,,0.07104419162436852,615,budget_exhausted,65.0818681716919
K23_15,23,,11,A,418825361,false,false,,0.003685233725852953,1609,budget_exhausted,75.80775713920593
K23_15,23,,11,A,215858185,false,false,,0.16893090808660233,297,budget_exhausted,10.773113012313843
K23_16,23,,11,B,418825361,false,false,,0.0013117129143485104,147,budget_exhausted,12.987263917922974
K23_16,23,,11,B,215858185,false,false,,0.0010853557529572448,135,budget_exhausted,11.178424835205078
K23_16,23,,11,B,449904892,false,false,,2.612731823415466e-05,103,budget_exhausted,9.648432970046997
K23_16,23,,11,B,1667643188,false,false,,0.0007460035501151135,101,budget_exhausted,9.244670867919922
K23_16,23,,11,A,1753007184,false,false,,0.00015994221767876498,285,budget_exhausted,13.961967945098877
K23_16,23,,11,A,2107424273,false,false,,0.0008646839774183649,1261,budget_exhausted,36.53885889053345
K23_16,23,,11,A,418825361,false,false,,0.0006333360303221939,185,budget_exhausted,17.98267698287964
K23_16,23,,11,A,215858185,false,false,,0.00017509128776802297,641,budget_exhausted,15.874186038970947
K23_16,23,,11,A,449904892,false,false,,0.0027369847253496233,1027,budget_exhausted,33.190346240997314
K23_16,23,,11,A,1667643188,false,false,,4.7899824446990065e-05,389,budget_exhausted,19.615265130996704
K23_16,23,,11,B,128182595,false,false,,0.00013801319803723446,115,budget_exhausted,10.806659936904907
K23_16,23,,11,B,1845143962,false,false,,0.0006550877867514429,139,budget_exhausted,11.537129163742065
K23_16,23,,11,A,128182595,false,false,,0.0008692607500959019,529,budget_exhausted,34.947081089019775
K23_16,23,,11,A,1845143962,false,false,,0.0018107776744179349,693,budget_exhausted,45.34332084655762
K23_16,23,,11,A,1683375127,false,false,,1.1566374640476811e-05,1291,budget_exhausted,17.576428651809692
K23_16,23,,11,A,893706906,false,false,,0.0009174276086104139,277,budget_exhausted,24.285712957382202
K23_17,23,,11,B,1683375127,false,false,,0.016719341113898188,105,budget_exhausted,9.490116834640503
K23_17,23,,11,B,893706906,false,false,,0.030177366403102843,111,budget_exhausted,8.477224111557007
K23_17,23,,11,B,1753007184,false,false,,0.07696991235053544,113,budget_exhausted,9.116082191467285
K23_17,23,,11,B,2107424273,false,false,,0.0033975479036656587,111,budget_exhausted,9.61869215965271
K23_17,23,,11,B,418825361,false,false,,0.306549485717096,83,budget_exhausted,8.473339080810547
K23_17,23,,11,B,215858185,false,false,,0.4207453953592429,161,budget_exhausted,12.208959102630615
K23_17,23,,11,B,449904892,false,false,,0.0033081009392471735,81,budget_exhausted,7.767524242401123
K23_17,23,,11,B,1667643188,false,false,,0.1491594148456943,51,budget_exhausted,5.76297402381897
K23_17,23,,11,A,1753007184,false,false,,0.06559276522747634,547,budget_exhausted,22.174336910247803
K23_17,23,,11,A,2107424273,false,false,,0.06563684917457892,53,budget_exhausted,11.628285884857178
K23_17,23,,11,A,418825361,false,false,,0.010208606892803864,283,budget_exhausted,25.38119602203369
K23_17,23,,11,A,215858185,false,false,,3.0569418912795094,155,budget_exhausted,54.673245906829834
K23_18,23,,11,A,449904892,false,false,,0.00011519217351395223,161,budget_exhausted,7.2585039138793945
K23_18,23,,11,A,1667643188,false,false,,0.2579584816685494,799,budget_exhausted,50.411911964416504
K23_18,23,,11,B,128182595,false,false,,0.9720503539756207,55,budget_exhausted,6.7367918491363525
K23_18,23,,11,B,1845143962,false,false,,0.004830924009692259,95,budget_exhausted,9.133142948150635
K23_18,23,,11,B,1683375127,false,false,,0.29902359479259416,79,budget_exhausted,6.4034528732299805
K23_18,23,,11,B,893706906,false,false,,0.15788461314754676,103,budget_exhausted,9.042638063430786
K23_18,23,,11,B,1753007184,false,false,,1.0031128979105428,91,budget_exhausted,9.01900601387024
K23_18,23,,11,B,2107424273,false,false,,0.5109423145197958,81,budget_exhausted,7.471323251724243
K23_17,23,,11,A,128182595,false,false,,0.02908519050152817,739,budget_exhausted,55.76286482810974
K23_17,23,,11,A,1845143962,false,false,,2.569794673858412,405,budget_exhausted,33.82068395614624
K23_17,23,,11,A,1683375127,false,false,,0.643805600243553,55,budget_exhausted,24.418884992599487
K23_17,23,,11,A,893706906,false,false,,0.006920866718207154,763,budget_exhausted,43.993155002593994
K23_18,23,,11,B,418825361,false,false,,0.10883138234403733,81,budget_exhausted,7.612640142440796
K23_18,23,,11,B,215858185,false,false,,0.2028530187660436,119,budget_exhausted,9.388041019439697
K23_18,23,,11,B,449904892,false,false,,0.07797609216035996,77,budget_exhausted,6.486303806304932
K23_18,23,,11,B,1667643188,false,false,,0.08391210318399164,79,budget_exhausted,7.856494903564453
K23_17,23,,11,A,449904892,false,false,,0.41084464367973456,1747,budget_exhausted,116.75573492050171
K23_17,23,,11,A,1667643188,false,false,,0.44562401614730557,295,budget_exhausted,20.005465030670166
K23_17,23,,11,B,128182595,false,false,,0.41231127583181526,107,budget_exhausted,10.51264476776123
K23_17,23,,11,B,1845143962,false,false,,0.004506326766401185,99,budget_exhausted,8.759996175765991
K23_18,23,,11,A,128182595,false,false,,0.6225691382385585,651,budget_exhausted,18.450315952301025
K23_18,23,,11,A,1845143962,false,false,,0.27077594698293356,1991,budget_exhausted,84.75077390670776
K23_18,23,,11,A,1683375127,false,false,,0.13724229085394224,325,budget_exhausted,24.978697061538696
K23_18,23,,11,A,893706906,false,false,,0.005416226296024592,407,budget_exhausted,26.589404821395874
K23_18,23,,11,A,1753007184,false,false,,0.3830015290716154,615,budget_exhausted,25.861606121063232
K23_18,23,,11,A,2107424273,false,false,,0.6755061648582793,751,budget_exhausted,53.809154748916626
K23_18,23,,11,A,418825361,false,false,,0.011417027072997766,1153,budget_exhausted,33.729169845581055
K23_18,23,,11,A,215858185,false,false,,0.24731560754052964,1369,budget_exhausted,47.52638792991638
K23_19,23,,11,B,1683375127,false,false,,0.04769181661679411,99,budget_exhausted,10.060660362243652
K23_19,23,,11,B,893706906,false,false,,0.08341828046532647,159,budget_exhausted,13.824625968933105
K23_19,23,,11,B,1753007184,false,false,,0.34925368421757796,115,budget_exhausted,10.476633071899414
K23_19,23,,11,B,2107424273,false,false,,0.19787368509135603,115,budget_exhausted,9.882439136505127
K23_19,23,,11,B,418825361,false,false,,0.16292646863427035,115,budget_exhausted,11.335678100585938
K23_19,23,,11,B,215858185,false,false,,0.10991310215542822,149,budget_exhausted,11.343736171722412
K23_19,23,,11,B,449904892,false,false,,0.13218626797339048,115,budget_exhausted,11.075668811798096
K23_19,23,,11,B,1667643188,false,false,,0.04678187026233546,91,budget_exhausted,7.65175724029541
K23_20,23,,11,A,449904892,false,false,,0.014117660520634514,135,budget_exhausted,13.585411071777344
K23_20,23,,11,A,1667643188,false,false,,0.033255703868653744,135,budget_exhausted,37.83803987503052
K23_20,23,,11,B,128182595,false,false,,0.0017833240981220352,129,budget_exhausted,10.784394025802612
K23_20,23,,11,B,1845143962,false,false,,0.0005166613261359682,71,budget_exhausted,7.8649468421936035
K23_20,23,,11,A,1753007184,false,false,,0.002544336696529455,693,budget_exhausted,25.903062105178833
K23_20,23,,11,A,2107424273,false,false,,0.011149932474029475,775,budget_exhausted,19.918407201766968
K23_20,23,,11,A,418825361,false,false,,0.04869071130750544,341,budget_exhausted,23.040426015853882
K23_20,23,,11,A,215858185,false,false,,0.01605319275739302,237,budget_exhausted,13.572743892669678
K23_20,23,,11,B,1683375127,false,false,,0.008234605994981995,107,budget_exhausted,9.69475507736206
K23_20,23,,11,B,893706906,false,false,,0.0025859975656342374,151,budget_exhausted,11.678241968154907
K23_20,23,,11,B,1753007184,false,false,,0.001215687810795643,107,budget_exhausted,10.482518911361694
K23_20,23,,11,B,2107424273,false,false,,0.044352269256541337,93,budget_exhausted,7.850863933563232
K23_20,23,,11,B,418825361,false,false,,0.024783829111137707,141,budget_exhausted,16.48524308204651
K23_20,23,,11,B,215858185,false,false,,4.822662366313087e-05,101,budget_exhausted,8.457060813903809
K23_20,23,,11,B,449904892,false,false,,0.011909757466945796,85,budget_exhausted,7.594494104385376
K23_20,23,,11,B,1667643188,false,false,,0.002932886879524779,109,budget_exhausted,10.005566835403442
K23_19,23,,11,A,449904892,false,false,,0.9463246856506309,519,budget_exhausted,38.88934397697449
K23_19,23,,11,A,1667643188,false,false,,0.6490479253185294,1973,budget_exhausted,133.63047909736633
K23_19,23,,11,B,128182595,false,false,,0.5265263245539055,81,budget_exhausted,8.04820728302002
K23_19,23,,11,B,1845143962,false,false,,0.4601186621059991,81,budget_exhausted,8.114161968231201
K23_20,23,,11,A,128182595,false,false,,0.007216594035097704,515,budget_exhausted,29.46152687072754
K23_20,23,,11,A,1845143962,false,false,,0.00011850524958225083,901,budget_exhausted,20.37530207633972
K23_20,23,,11,A,1683375127,false,false,,0.041024999917816884,1531,budget_exhausted,59.04637002944946
K23_20,23,,11,A,893706906,false,false,,0.00012493325080242343,1369,budget_exhausted,31.088624954223633
K23_19,23,,11,A,1753007184,false,false,,0.11427974060799943,423,budget_exhausted,35.70862913131714
K23_19,23,,11,A,2107424273,false,false,,0.03081769299043137,1707,budget_exhausted,58.81310701370239
K23_19,23,,11,A,418825361,false,false,,0.6902477378910165,1935,budget_exhausted,84.4475429058075
K23_19,23,,11,A,215858185,false,false,,0.14122869580545594,1425,budget_exhausted,31.18763518333435
K23_19,23,,11,A,128182595,false,false,,0.4951720172276442,1651,budget_exhausted,101.69928193092346
K23_19,23,,11,A,1845143962,false,false,,0.1709488856125678,823,budget_exhausted,43.53738808631897
K23_19,23,,11,A,1683375127,false,false,,0.4723617512838762,717,budget_exhausted,40.164958000183105
K23_19,23,,11,A,893706906,false,false,,0.8087993320521931,665,budget_exhausted,36.44035196304321
K23_21,23,,11,B,1683375127,false,false,,0.019012967453901138,87,budget_exhausted,7.767406702041626
K23_21,23,,11,B,893706906,false,false,,0.00025312689004341966,117,budget_exhausted,10.282854318618774
K23_21,23,,11,B,1753007184,false,false,,0.010949332209578068,81,budget_exhausted,7.9715399742126465
K23_21,23,,11,B,2107424273,false,false,,0.04316888061135545,93,budget_exhausted,11.222618818283081
K23_21,23,,11,B,418825361,false,false,,0.03355733933759447,123,budget_exhausted,13.561772108078003
K23_21,23,,11,B,215858185,false,false,,0.2985941623366711,187,budget_exhausted,13.540223360061646
K23_21,23,,11,B,449904892,false,false,,0.0026299956933672855,115,budget_exhausted,11.049917936325073
K23_21,23,,11,B,1667643188,false,false,,0.010943824016342224,93,budget_exhausted,8.240105867385864
K23_21,23,,11,A,449904892,false,false,,0.027079343263447006,179,budget_exhausted,18.215942859649658
K23_21,23,,11,A,1667643188,false,false,,0.10978912200741506,453,budget_exhausted,24.534438133239746
K23_21,23,,11,B,128182595,false,false,,0.07435898040332171,115,budget_exhausted,10.73741102218628
K23_21,23,,11,B,1845143962,false,false,,0.001804790342102903,135,budget_exhausted,10.785746097564697
K23_22,23,,11,B,1683375127,false,false,,0.008677112375110716,105,budget_exhausted,8.303915977478027
K23_22,23,,11,B,893706906,false,false,,0.001152794215900232,61,budget_exhausted,6.7500691413879395
K23_22,23,,11,B,1753007184,false,false,,0.0002632441586629763,27,budget_exhausted,3.5695090293884277
K23_22,23,,11,B,2107424273,false,false,,0.00019585109916762553,37,budget_exhausted,4.6023149490356445
K23_21,23,,11,A,1753007184,false,false,,0.01177212388001634,635,budget_exhausted,33.0694477558136
K23_21,23,,11,A,2107424273,false,false,,0.021030607861163488,211,budget_exhausted,11.246000289916992
K23_21,23,,11,A,418825361,false,false,,0.5577669553685404,207,budget_exhausted,12.185147047042847
K23_21,23,,11,A,215858185,false,false,,0.0007946551150406824,665,budget_exhausted,55.41939997673035
K23_22,23,,11,B,418825361,false,false,,0.0004411432823275373,25,budget_exhausted,3.2410616874694824
K23_22,23,,11,B,215858185,false,false,,0.0003403671446595061,27,budget_exhausted,10.500711917877197
K23_22,23,,11,B,449904892,false,false,,0.0001548455352222041,47,budget_exhausted,5.0218000411987305
K23_22,23,,11,B,1667643188,false,false,,0.0029892072840462737,61,budget_exhausted,7.080189943313599
K23_21,23,,11,A,128182595,false,false,,0.018484765975086644,373,budget_exhausted,16.377596139907837
K23_21,23,,11,A,1845143962,false,false,,0.009744401390923588,253,budget_exhausted,38.682316064834595
K23_21,23,,11,A,1683375127,false,false,,0.05672161760288211,1515,budget_exhausted,46.3725700378418
K23_21,23,,11,A,893706906,false,false,,0.23768022485094295,239,budget_exhausted,32.03421688079834
K23_22,23,,11,A,449904892,false,false,,0.0011401083600821513,733,budget_exhausted,44.21514415740967
K23_22,23,,11,A,1667643188,false,false,,0.0007859482572237106,707,budget_exhausted,29.064486026763916
K23_22,23,,11,B,128182595,false,false,,0.0002039405709854198,51,budget_exhausted,5.163643836975098
K23_22,23,,11,B,1845143962,false,false,,0.00021927571589171568,39,budget_exhausted,4.337922811508179
K23_23,23,,11,B,1683375127,false,false,,0.10223833998396177,103,budget_exhausted,9.559964179992676
K23_23,23,,11,B,893706906,false,false,,0.0009435260129227942,91,budget_exhausted,7.30021595954895
K23_23,23,,11,B,1753007184,false,false,,0.0028410294532359532,81,budget_exhausted,7.325616836547852
K23_23,23,,11,B,2107424273,false,false,,0.061506777150588346,77,budget_exhausted,5.485968828201294
K23_23,23,,11,B,418825361,false,false,,0.00447086656800581,69,budget_exhausted,5.651171922683716
K23_23,23,,11,B,215858185,false,false,,0.015552671449199935,117,budget_exhausted,9.34827709197998
K23_23,23,,11,B,449904892,false,false,,0.012680261677993424,77,budget_exhausted,6.000420808792114
K23_23,23,,11,B,1667643188,false,false,,0.06530025133609466,55,budget_exhausted,6.7647058963775635
K23_22,23,,11,A,1753007184,true,false,13,7.573161625309108e-07,21,converged,0.2237541675567627
K23_22,23,,11,A,2107424273,false,false,,0.0014757044722904478,1387,budget_exhausted,40.795883893966675
K23_22,23,,11,A,418825361,false,false,,0.007749179938994677,95,budget_exhausted,45.51722693443298
K23_22,23,,11,A,215858185,false,false,,0.00010941321435200275,1747,budget_exhausted,83.00390195846558
K23_23,23,,11,A,1753007184,false,false,,0.5467717656974697,179,budget_exhausted,15.651662826538086
K23_23,23,,11,A,2107424273,false,false,,0.14542009563485678,297,budget_exhausted,82.30861783027649
K23_23,23,,11,A,418825361,false,false,,0.186962668736072,279,budget_exhausted,30.137715339660645
K23_23,23,,11,A,215858185,false,false,,0.2925779813288488,225,budget_exhausted,23.885201930999756
K23_23,23,,11,A,128182595,false,false,,0.3561544580218898,445,budget_exhausted,22.678358793258667
K23_23,23,,11,A,1845143962,false,false,,0.5252704022091037,1111,budget_exhausted,51.50250291824341
K23_23,23,,11,A,1683375127,false,false,,0.006238529264222455,623,budget_exhausted,36.976335763931274
K23_23,23,,11,A,893706906,false,false,,0.10839442918637336,1363,budget_exhausted,67.62779307365417
K23_23,23,,11,A,449904892,false,false,,0.04624101210324109,1945,budget_exhausted,112.41878700256348
K23_23,23,,11,A,1667643188,false,false,,0.25258892385028947,1275,budget_exhausted,52.476933002471924
K23_23,23,,11,B,128182595,false,false,,0.011057235494451383,23,budget_exhausted,5.865329027175903
K23_23,23,,11,B,1845143962,false,false,,0.1660083443084211,49,budget_exhausted,5.230090856552124
K23_22,23,,11,A,128182595,false,false,,0.00011473325999048415,643,budget_exhausted,34.601415157318115
K23_22,23,,11,A,1845143962,false,false,,0.0072592213131884974,1865,budget_exhausted,142.8730969429016
K23_22,23,,11,A,1683375127,false,false,,0.00017908585350003936,747,budget_exhausted,37.495790004730225
K23_22,23,,11,A,893706906,false,false,,1.86374539531839e-05,175,budget_exhausted,60.359397888183594
K23_24,23,,11,B,1683375127,false,false,,0.06819768722633751,37,budget_exhausted,4.8989949226379395
K23_24,23,,11,B,893706906,false,false,,0.06528561573529096,65,budget_exhausted,5.3302202224731445
K23_24,23,,11,B,1753007184,false,false,,0.07347977403722177,45,budget_exhausted,5.685267925262451
K23_24,23,,11,B,2107424273,false,false,,0.06898463527728377,91,budget_exhausted,8.442357063293457
K23_24,23,,11,B,418825361,false,false,,0.0037796636509086694,29,budget_exhausted,3.9269440174102783
K23_24,23,,11,B,215858185,false,false,,0.015714423849740186,97,budget_exhausted,9.715179204940796
K23_24,23,,11,B,449904892,false,false,,0.05237573800213367,67,budget_exhausted,6.384248971939087
K23_24,23,,11,B,1667643188,false,false,,0.06784613309181738,47,budget_exhausted,5.429991245269775
K23_24,23,,11,A,449904892,false,false,,0.0011841641152173063,383,budget_exhausted,18.48927903175354
K23_24,23,,11,A,1667643188,false,false,,0.069545454540526,1889,budget_exhausted,41.389354944229126
K23_24,23,,11,B,128182595,false,false,,0.08438261470083598,41,budget_exhausted,4.716856956481934
K23_24,23,,11,B,1845143962,false,false,,0.035486783842923315,49,budget_exhausted,5.19736385345459
K23_24,23,,11,A,1753007184,false,false,,0.05270263084668911,407,budget_exhausted,44.799426794052124
K23_24,23,,11,A,2107424273,false,false,,0.0827753620462626,181,budget_exhausted,22.858691930770874
K23_24,23,,11,A,418825361,false,false,,0.09173788959364575,5,budget_exhausted,41.716273069381714
K23_24,23,,11,A,215858185,false,false,,0.07452941984914432,395,budget_exhausted,27.941897869110107
K23_25,23,,11,B,1683375127,false,false,,0.001434793979418689,103,budget_exhausted,9.358525037765503
K23_25,23,,11,B,893706906,false,false,,0.021245311563610026,97,budget_exhausted,8.870629072189331
K23_25,23,,11,B,1753007184,false,false,,0.014363036417048383,95,budget_exhausted,8.664090156555176
K23_25,23,,11,B,2107424273,false,false,,0.00032605292404974803,57,budget_exhausted,6.0842790603637695
K23_25,23,,11,B,418825361,false,false,,1.4211148566343903,45,budget_exhausted,5.012795925140381
K23_25,23,,11,B,215858185,false,false,,0.033729183343747304,93,budget_exhausted,9.394783020019531
K23_25,23,,11,B,449904892,false,false,,0.033863513816598474,101,budget_exhausted,9.383518934249878
K23_25,23,,11,B,1667643188,false,false,,0.002090254253300136,51,budget_exhausted,6.038098096847534
K23_25,23,,11,A,128182595,false,false,,0.0030518898526679297,575,budget_exhausted,29.39791202545166
K23_25,23,,11,A,1845143962,false,false,,0.010036585003158722,223,budget_exhausted,15.813848972320557
K23_25,23,,11,A,1683375127,false,false,,0.19314051710057248,103,budget_exhausted,20.260854959487915
K23_25,23,,11,A,893706906,false,false,,0.010953078457778443,641,budget_exhausted,40.32095980644226
K23_25,23,,11,A,449904892,false,false,,0.00019946514484636815,699,budget_exhausted,48.1486759185791
K23_25,23,,11,A,1667643188,false,false,,0.24648424083367598,1331,budget_exhausted,33.89925670623779
K23_25,23,,11,B,128182595,false,false,,0.0024447666003631426,47,budget_exhausted,5.34439492225647
K23_25,23,,11,B,1845143962,false,false,,0.3022107404058845,71,budget_exhausted,7.713161945343018
K23_26,23,,11,B,1683375127,false,false,,0.06966427679128899,67,budget_exhausted,7.371985197067261
K23_26,23,,11,B,893706906,false,false,,0.18660765153045425,29,budget_exhausted,6.785124063491821
K23_26,23,,11,B,1753007184,false,false,,0.0033006082775265916,103,budget_exhausted,8.604301929473877
K23_26,23,,11,B,2107424273,false,false,,0.0013422720310117446,91,budget_exhausted,8.498782873153687
K23_24,23,,11,A,128182595,false,false,,0.07920100776295828,1267,budget_exhausted,75.61778783798218
K23_24,23,,11,A,1845143962,false,false,,0.05372687555967699,1013,budget_exhausted,70.74076914787292
K23_24,23,,11,A,1683375127,false,false,,0.042225217141052436,397,budget_exhausted,61.26823115348816
K23_24,23,,11,A,893706906,false,false,,0.058448368160451916,33,budget_exhausted,44.13208293914795
K23_25,23,,11,A,1753007184,false,false,,0.010436869966132896,269,budget_exhausted,15.200147867202759
K23_25,23,,11,A,2107424273,false,false,,218.02471838611208,279,budget_exhausted,32.590030908584595
K23_25,23,,11,A,418825361,false,false,,0.059914629538862084,171,budget_exhausted,11.49518895149231
K23_25,23,,11,A,215858185,false,false,,0.4285591457427232,1655,budget_exhausted,103.4974091053009
K23_26,23,,11,B,418825361,false,false,,0.19129440791344873,73,budget_exhausted,7.3792197704315186
K23_26,23,,11,B,215858185,false,false,,0.1796777432408247,89,budget_exhausted,7.921184062957764
K23_26,23,,11,B,449904892,false,false,,0.18738933362372304,49,budget_exhausted,6.444481134414673
K23_26,23,,11,B,1667643188,false,false,,0.27002789535282257,105,budget_exhausted,8.584587097167969
K23_26,23,,11,A,449904892,false,false,,0.18669844902143443,29,budget_exhausted,11.492007732391357
K23_26,23,,11,A,1667643188,false,false,,0.0670241563571877,1661,budget_exhausted,50.343305349349976
K23_26,23,,11,B,128182595,false,false,,0.09233299838663704,69,budget_exhausted,7.860270023345947
K23_26,23,,11,B,1845143962,false,false,,0.2465734489474,61,budget_exhausted,5.628690004348755
K23_26,23,,11,A,1753007184,false,false,,0.09698411423680736,1383,budget_exhausted,63.738027811050415
K23_26,23,,11,A,2107424273,false,false,,0.0003628108827409505,649,budget_exhausted,16.68688988685608
K23_26,23,,11,A,418825361,false,false,,0.00022040277504953567,97,budget_exhausted,6.552310943603516
K23_26,23,,11,A,215858185,false,false,,0.00020024625802566237,1123,budget_exhausted,28.52277398109436
K23_27,23,,11,B,1683375127,false,false,,0.007234128058431504,93,budget_exhausted,8.371563911437988
K23_27,23,,11,B,893706906,false,false,,0.007521359891196565,59,budget_exhausted,7.460176944732666
K23_27,23,,11,B,1753007184,false,false,,0.021394911942026997,121,budget_exhausted,10.191864967346191
K23_27,23,,11,B,2107424273,false,false,,0.04417262276286845,79,budget_exhausted,7.037265062332153
K23_27,23,,11,A,449904892,false,false,,0.02167380738639777,57,budget_exhausted,8.087791919708252
K23_27,23,,11,A,1667643188,false,false,,0.004519343018072978,407,budget_exhausted,22.241941928863525
K23_27,23,,11,B,128182595,false,false,,0.07414492859806747,135,budget_exhausted,11.420316934585571
K23_27,23,,11,B,1845143962,false,false,,0.006799100314301721,85,budget_exhausted,9.605432987213135
K23_27,23,,11,B,418825361,false,false,,0.006414934773597536,101,budget_exhausted,9.244827032089233
K23_27,23,,11,B,215858185,false,false,,0.007606704145782426,85,budget_exhausted,8.71760106086731
K23_27,23,,11,B,449904892,false,false,,0.0075274806527860574,67,budget_exhausted,7.783021688461304
K23_27,23,,11,B,1667643188,false,false,,0.002307967074069061,103,budget_exhausted,7.989753723144531
K23_26,23,,11,A,128182595,false,false,,9.309634345325327e-05,1607,budget_exhausted,82.07399916648865
K23_26,23,,11,A,1845143962,false,false,,0.1865732687188504,23,budget_exhausted,21.7289080619812
K23_26,23,,11,A,1683375127,false,false,,0.004666085820594593,949,budget_exhausted,64.82698321342468
K23_26,23,,11,A,893706906,false,false,,0.004003109900153196,987,budget_exhausted,22.49590492248535
K23_27,23,,11,A,1753007184,false,false,,0.004582488363887265,643,budget_exhausted,41.211848974227905
K23_27,23,,11,A,2107424273,false,false,,0.004585696666428022,73,budget_exhausted,19.819983959197998
K23_27,23,,11,A,418825361,false,false,,0.021559806799444196,405,budget_exhausted,11.826581001281738
K23_27,23,,11,A,215858185,false,false,,0.05188395509642919,525,budget_exhausted,33.395658016204834
K23_28,23,,11,A,449904892,false,false,,6.650122171063475e-06,217,budget_exhausted,8.726728916168213
K23_28,23,,11,A,1667643188,false,false,,0.5318658829152758,777,budget_exhausted,30.961055040359497
K23_28,23,,11,B,128182595,false,false,,7.2620256107327075,141,budget_exhausted,14.023904800415039
K23_28,23,,11,B,1845143962,false,false,,1.8006711763036325,37,budget_exhausted,4.748452186584473
K23_28,23,,11,B,1683375127,false,false,,1.132972537579746,65,budget_exhausted,6.728443145751953
K23_28,23,,11,B,893706906,false,false,,0.07143126597380968,55,budget_exhausted,6.439742088317871
K23_28,23,,11,B,1753007184,false,false,,1.0573343955160646,49,budget_exhausted,3.917198896408081
K23_28,23,,11,B,2107424273,false,false,,0.6973655316508748,65,budget_exhausted,6.50606894493103
K23_28,23,,11,B,418825361,false,false,,1.7473690226385103,43,budget_exhausted,4.876793146133423
K23_28,23,,11,B,215858185,false,false,,0.6263699340386191,79,budget_exhausted,6.650218963623047
K23_28,23,,11,B,449904892,false,false,,0.9588110472590713,53,budget_exhausted,5.771559000015259
K23_28,23,,11,B,1667643188,false,false,,0.6165381192235858,75,budget_exhausted,7.82094407081604
K23_27,23,,11,A,128182595,false,false,,0.021960923937417307,355,budget_exhausted,36.33389639854431
K23_27,23,,11,A,1845143962,false,false,,0.06275906234009489,457,budget_exhausted,23.880342960357666
K23_27,23,,11,A,1683375127,false,false,,0.011489065137313544,1693,budget_exhausted,69.07216310501099
K23_27,23,,11,A,893706906,false,false,,0.00017551703081729786,807,budget_exhausted,38.539454221725464
K23_28,23,,11,A,1753007184,false,false,,0.5746080146660991,507,budget_exhausted,29.838735103607178
K23_28,23,,11,A,2107424273,false,false,,0.7098826794025366,457,budget_exhausted,23.93559694290161
K23_28,23,,11,A,418825361,false,false,,1.0054607007459193,651,budget_exhausted,20.09407615661621
K23_28,23,,11,A,215858185,false,false,,0.06832066602149615,963,budget_exhausted,39.524982929229736
K23_29,23,,11,B,1683375127,false,false,,0.01841908139675177,117,budget_exhausted,10.367682218551636
K23_29,23,,11,B,893706906,false,false,,0.07031665178961415,145,budget_exhausted,11.710206985473633
K23_29,23,,11,B,1753007184,false,false,,0.07210359649801858,101,budget_exhausted,10.284658193588257
K23_29,23,,11,B,2107424273,false,false,,0.02179585899838068,121,budget_exhausted,8.268371105194092
K23_29,23,,11,B,418825361,false,false,,0.0021511354310135575,161,budget_exhausted,12.975959062576294
K23_29,23,,11,B,215858185,false,false,,0.07123596589902469,135,budget_exhausted,11.478163003921509
K23_29,23,,11,B,449904892,false,false,,0.005846126392076774,155,budget_exhausted,13.62579083442688
K23_29,23,,11,B,1667643188,false,false,,0.23938160804363337,109,budget_exhausted,10.801734924316406
K23_28,23,,11,A,128182595,false,false,,1.257596184529948,913,budget_exhausted,103.508220911026
K23_28,23,,11,A,1845143962,false,false,,0.0031496602167399032,625,budget_exhausted,35.42188811302185
K23_28,23,,11,A,1683375127,false,false,,0.5852471779991493,407,budget_exhausted,13.158707857131958
K23_28,23,,11,A,893706906,false,false,,0.6099944063520358,525,budget_exhausted,26.648331880569458
K23_29,23,,11,A,449904892,false,false,,0.03875412898314164,235,budget_exhausted,21.966171979904175
K23_29,23,,11,A,1667643188,false,false,,0.1861037258653981,155,budget_exhausted,56.40376424789429
K23_29,23,,11,B,128182595,false,false,,0.20833473030242897,111,budget_exhausted,10.342828035354614
K23_29,23,,11,B,1845143962,false,false,,0.09722544663378405,117,budget_exhausted,11.58396601676941
K23_29,23,,11,A,128182595,false,false,,0.20101009920142457,225,budget_exhausted,15.885856866836548
K23_29,23,,11,A,1845143962,false,false,,0.2780855802588537,325,budget_exhausted,51.88827204704285
K23_29,23,,11,A,1683375127,false,false,,0.2641391385702201,529,budget_exhausted,29.764342069625854
K23_29,23,,11,A,893706906,false,false,,0.010206518352909501,317,budget_exhausted,32.920681953430176
K25_00,25,,12,B,1683375127,false,false,,0.23972754575371155,69,budget_exhausted,6.640148162841797
K25_00,25,,12,B,893706906,false,false,,0.1820931632210101,63,budget_exhausted,6.764847040176392
K25_00,25,,12,B,1753007184,false,false,,0.3632851137096973,43,budget_exhausted,6.958457946777344
K25_00,25,,12,B,2107424273,false,false,,0.18496681226682343,81,budget_exhausted,7.447725057601929
K23_29,23,,11,A,1753007184,false,false,,0.0032851352996425567,511,budget_exhausted,23.169270992279053
K23_29,23,,11,A,2107424273,false,false,,1.2234914380840843e-05,833,budget_exhausted,25.586778163909912
K23_29,23,,11,A,418825361,false,false,,0.08173549282293484,955,budget_exhausted,70.80192303657532
K23_29,23,,11,A,215858185,false,false,,0.07500537418661102,275,budget_exhausted,21.846593141555786
K25_00,25,,12,B,418825361,false,false,,0.22842037940536453,71,budget_exhausted,6.326174020767212
K25_00,25,,12,B,215858185,false,false,,0.490015297158614,39,budget_exhausted,4.0614988803863525
K25_00,25,,12,B,449904892,false,false,,0.10726220544094026,45,budget_exhausted,5.161660194396973
K25_00,25,,12,B,1667643188,false,false,,0.01815271992379274,93,budget_exhausted,8.189949989318848
K25_00,25,,12,A,128182595,false,false,,0.23176359713255532,663,budget_exhausted,43.3292281627655
K25_00,25,,12,A,1845143962,false,false,,0.14410462676487093,271,budget_exhausted,41.32355499267578
K25_00,25,,12,A,1683375127,false,false,,0.30589852810916957,827,budget_exhausted,40.017478942871094
K25_00,25,,12,A,893706906,false,false,,0.3205938498746547,499,budget_exhausted,21.040649890899658
K25_00,25,,12,A,449904892,false,false,,0.033518336500722556,467,budget_exhausted,37.82541012763977
K25_00,25,,12,A,1667643188,false,false,,0.027721421996580932,871,budget_exhausted,76.39304280281067
K25_00,25,,12,B,128182595,false,false,,0.14775395211532918,133,budget_exhausted,12.638000965118408
K25_00,25,,12,B,1845143962,false,false,,0.24766811857731896,45,budget_exhausted,5.014771938323975
K25_01,25,,12,A,449904892,false,false,,0.4563666975974721,697,budget_exhausted,46.56452775001526
K25_01,25,,12,A,1667643188,false,false,,0.46303800223722025,321,budget_exhausted,20.869529724121094
K25_01,25,,12,B,128182595,false,false,,0.08753304143038695,135,budget_exhausted,9.378471851348877
K25_01,25,,12,B,1845143962,false,false,,0.0011227335543701911,61,budget_exhausted,6.497653245925903
K25_02,25,,12,A,128182595,false,false,,3.055028623941795,1,budget_exhausted,0.6457750797271729
K25_02,25,,12,A,1845143962,false,false,,3.055028623941795,1,budget_exhausted,0.6576621532440186
K25_02,25,,12,A,1683375127,false,false,,3.055028623941795,1,budget_exhausted,0.6417977809906006
K25_02,25,,12,A,893706906,false,false,,3.055028623941795,1,budget_exhausted,0.660402774810791
K25_01,25,,12,B,1683375127,false,false,,0.4572705344373827,23,budget_exhausted,3.845966100692749
K25_01,25,,12,B,893706906,false,false,,0.45179832094272065,79,budget_exhausted,7.616597414016724
K25_01,25,,12,B,1753007184,false,false,,0.04489393880913076,59,budget_exhausted,6.1907219886779785
K25_01,25,,12,B,2107424273,false,false,,0.44722439386134066,81,budget_exhausted,7.402626991271973
K25_01,25,,12,B,418825361,false,false,,0.4497000523833565,71,budget_exhausted,6.507762908935547
K25_01,25,,12,B,215858185,false,false,,0.457380346082717,19,budget_exhausted,5.275039196014404
K25_01,25,,12,B,449904892,false,false,,0.4587260785688989,43,budget_exhausted,4.9088990688323975
K25_01,25,,12,B,1667643188,false,false,,0.45478314669627534,63,budget_exhausted,6.943191766738892
K25_01,25,,12,A,128182595,false,false,,0.004928700840894693,1747,budget_exhausted,40.760663986206055
K25_01,25,,12,A,1845143962,false,false,,0.41054933200268107,725,budget_exhausted,28.92243003845215
K25_01,25,,12,A,1683375127,false,false,,0.45461717291937204,139,budget_exhausted,24.511028051376343
K25_01,25,,12,A,893706906,false,false,,0.11364956370473671,799,budget_exhausted,50.93634510040283
K25_02,25,,12,B,1683375127,false,false,,0.8254529300141042,119,budget_exhausted,9.744117975234985
K25_02,25,,12,B,893706906,false,false,,0.05455137072462602,97,budget_exhausted,9.334933996200562
K25_02,25,,12,B,1753007184,false,false,,1.6275883185700493,61,budget_exhausted,6.820955038070679
K25_02,25,,12,B,2107424273,false,false,,2.185090392776803,65,budget_exhausted,5.82625937461853
K25_02,25,,12,A,449904892,false,false,,3.055028623941795,1,budget_exhausted,0.6630172729492188
K25_02,25,,12,A,1667643188,false,false,,0.37150444460105364,415,budget_exhausted,25.67818784713745
K25_02,25,,12,B,128182595,false,false,,2.9834573678512504,97,budget_exhausted,9.09317398071289
K25_02,25,,12,B,1845143962,false,false,,1.0762524207127389,79,budget_exhausted,7.98348593711853
K25_01,25,,12,A,1753007184,false,false,,0.024948755493814603,435,budget_exhausted,13.960002660751343
K25_01,25,,12,A,2107424273,false,false,,0.0328090362104249,971,budget_exhausted,37.358734130859375
K25_01,25,,12,A,418825361,false,false,,0.5630211874485316,211,budget_exhausted,78.13437795639038
K25_01,25,,12,A,215858185,false,false,,0.252748838206366,597,budget_exhausted,37.128917932510376
K25_00,25,,12,A,1753007184,false,false,,0.16863087726314413,1121,budget_exhausted,47.50975704193115
K25_00,25,,12,A,2107424273,false,false,,0.09348513772118829,1535,budget_exhausted,109.91578507423401
K25_00,25,,12,A,418825361,false,false,,0.22967930473782738,191,budget_exhausted,50.97199106216431
K25_00,25,,12,A,215858185,false,false,,0.02732746446037076,365,budget_exhausted,11.253557920455933
K25_02,25,,12,B,418825361,false,false,,3.018824569536036,59,budget_exhausted,8.954147100448608
K25_02,25,,12,B,215858185,false,false,,0.011115089574131773,105,budget_exhausted,9.786539077758789
K25_02,25,,12,B,449904892,false,false,,1.0922666292963545,91,budget_exhausted,8.539772987365723
K25_02,25,,12,B,1667643188,false,false,,1.4676399655647951,65,budget_exhausted,9.028494119644165
K25_02,25,,12,A,1753007184,false,false,,0.886383352232596,1531,budget_exhausted,96.2106728553772
K25_02,25,,12,A,2107424273,false,false,,3.055028623941795,1,budget_exhausted,0.6568429470062256
K25_02,25,,12,A,418825361,false,false,,3.055028623941795,1,budget_exhausted,0.6336371898651123
K25_02,25,,12,A,215858185,false,false,,3.055028623941795,1,budget_exhausted,0.6817078590393066
K25_03,25,,12,A,449904892,false,false,,0.05978976180236665,1903,budget_exhausted,20.78454875946045
K25_03,25,,12,A,1667643188,false,false,,0.33242964092115335,3,budget_exhausted,0.8098649978637695
K25_03,25,,12,B,128182595,false,false,,0.011018692714673727,77,budget_exhausted,7.182531118392944
K25_03,25,,12,B,1845143962,false,false,,0.09230875960881321,63,budget_exhausted,6.359297037124634
K25_03,25,,12,A,1753007184,false,false,,0.33242964092115335,3,budget_exhausted,0.8163769245147705
K25_03,25,,12,A,2107424273,false,false,,0.052687788454616344,177,budget_exhausted,52.947147846221924
K25_03,25,,12,A,418825361,false,false,,0.33242964092115335,3,budget_exhausted,0.8113701343536377
K25_03,25,,12,A,215858185,false,false,,0.33242964092115335,3,budget_exhausted,0.8168749809265137
K25_03,25,,12,B,418825361,false,false,,0.04004310420784378,43,budget_exhausted,5.7426979541778564
K25_03,25,,12,B,215858185,false,false,,0.15905295668676522,79,budget_exhausted,7.822001934051514
K25_03,25,,12,B,449904892,false,false,,0.00974020115117851,55,budget_exhausted,5.17635703086853
K25_03,25,,12,B,1667643188,false,false,,0.04017813947020102,75,budget_exhausted,6.743145227432251
K25_03,25,,12,B,1683375127,false,false,,0.13889221873839316,105,budget_exhausted,11.094206809997559
K25_03,25,,12,B,893706906,false,false,,0.018884624251608615,119,budget_exhausted,10.761954069137573
K25_03,25,,12,B,1753007184,false,false,,0.05554581208715537,29,budget_exhausted,4.542253017425537
K25_03,25,,12,B,2107424273,false,false,,0.10458298770822406,47,budget_exhausted,5.5837180614471436
K25_04,25,,12,B,1683375127,false,false,,0.18174375455800243,109,budget_exhausted,10.170990943908691
K25_04,25,,12,B,893706906,false,false,,0.7200666541725332,59,budget_exhausted,9.221893787384033
K25_04,25,,12,B,1753007184,false,false,,0.016601981430285205,141,budget_exhausted,11.908621072769165
K25_04,25,,12,B,2107424273,false,false,,0.1285006399048309,131,budget_exhausted,12.809432029724121
K25_04,25,,12,B,418825361,false,false,,0.49632844258188663,89,budget_exhausted,7.6359031200408936
K25_04,25,,12,B,215858185,false,false,,0.36429422055241373,99,budget_exhausted,7.808309078216553
K25_04,25,,12,B,449904892,false,false,,0.2804238658700306,163,budget_exhausted,13.286938905715942
K25_04,25,,12,B,1667643188,false,false,,0.057455590570317905,131,budget_exhausted,9.820930004119873
K25_04,25,,12,A,449904892,false,false,,0.4000167760263985,19,budget_exhausted,45.55398106575012
K25_04,25,,12,A,1667643188,false,false,,0.15927867734336104,1461,budget_exhausted,52.43014121055603
K25_04,25,,12,B,128182595,false,false,,0.0016006370220378178,49,budget_exhausted,6.9105589389801025
K25_04,25,,12,B,1845143962,false,false,,0.22568453755162252,137,budget_exhausted,9.708524227142334
K25_03,25,,12,A,128182595,false,false,,0.0024580349245416516,1561,budget_exhausted,52.83588123321533
K25_03,25,,12,A,1845143962,false,false,,0.048780539062582305,949,budget_exhausted,99.38054990768433
K25_03,25,,12,A,1683375127,false,false,,0.025892608482109183,717,budget_exhausted,42.08863377571106
K25_03,25,,12,A,893706906,false,false,,0.33242964092115335,3,budget_exhausted,0.8536818027496338
K25_05,25,,12,B,1683375127,false,false,,0.016842718030267923,53,budget_exhausted,5.3952648639678955
K25_05,25,,12,B,893706906,false,false,,0.01460693217495307,23,budget_exhausted,4.043293237686157
K25_05,25,,12,B,1753007184,false,false,,0.01339911746576549,33,budget_exhausted,4.3343870639801025
K25_05,25,,12,B,2107424273,false,false,,0.6401451556924128,93,budget_exhausted,8.178372859954834
K25_04,25,,12,A,1753007184,false,false,,0.3999811332007736,175,budget_exhausted,24.822049856185913
K25_04,25,,12,A,2107424273,false,false,,0.02400900951431018,355,budget_exhausted,45.669909954071045
K25_04,25,,12,A,418825361,false,false,,0.1287429723775456,1113,budget_exhausted,37.6089551448822
K25_04,25,,12,A,215858185,false,false,,0.38376848396131613,945,budget_exhausted,68.90089201927185
K25_05,25,,12,B,418825361,false,false,,0.014304108882672353,23,budget_exhausted,3.906346082687378
K25_05,25,,12,B,215858185,false,false,,0.08074323663003533,63,budget_exhausted,6.000102281570435
K25_05,25,,12,B,449904892,false,false,,0.005075322129287826,191,budget_exhausted,19.337098836898804
K25_05,25,,12,B,1667643188,false,false,,0.02288055875411664,35,budget_exhausted,4.1741039752960205
K25_04,25,,12,A,128182595,false,false,,0.03707906713700667,357,budget_exhausted,61.47248697280884
K25_04,25,,12,A,1845143962,false,false,,0.012298808650509089,993,budget_exhausted,66.75126671791077
K25_04,25,,12,A,1683375127,false,false,,0.04548450713473042,521,budget_exhausted,30.215526819229126
K25_04,25,,12,A,893706906,false,false,,0.20585564223572295,1333,budget_exhausted,65.32549619674683
K25_06,25,,12,A,128182595,false,false,,0.07240854552810516,345,budget_exhausted,16.90342402458191
K25_06,25,,12,A,1845143962,false,false,,0.46460451866661234,537,budget_exhausted,22.21629500389099
K25_06,25,,12,A,1683375127,false,false,,0.3756975221896498,501,budget_exhausted,28.038192749023438
K25_06,25,,12,A,893706906,false,false,,0.4098635580419364,319,budget_exhausted,63.07726573944092
K25_05,25,,12,A,449904892,false,false,,0.01335930932807685,255,budget_exhausted,53.78341722488403
K25_05,25,,12,A,1667643188,false,false,,0.001699407432829116,1601,budget_exhausted,126.97149109840393
K25_05,25,,12,B,128182595,false,false,,0.014767930537725347,31,budget_exhausted,4.306856870651245
K25_05,25,,12,B,1845143962,false,false,,0.06570052070785629,109,budget_exhausted,9.52858281135559
K25_05,25,,12,A,128182595,false,false,,0.03371955738776258,929,budget_exhausted,107.71785807609558
K25_05,25,,12,A,1845143962,false,false,,1.1082759453655373,425,budget_exhausted,34.94476389884949
K25_05,25,,12,A,1683375127,false,false,,0.005084147023600201,1999,budget_exhausted,75.02945303916931
K25_05,25,,12,A,893706906,false,false,,0.07525063742663539,1311,budget_exhausted,51.461363792419434
K25_06,25,,12,A,1753007184,false,false,,0.6180816646960853,391,budget_exhausted,20.83629298210144
K25_06,25,,12,A,2107424273,false,false,,0.5606432397493607,983,budget_exhausted,67.60731220245361
K25_06,25,,12,A,418825361,false,false,,0.14791289558379894,197,budget_exhausted,13.475594997406006
K25_06,25,,12,A,215858185,false,false,,0.009528087537589526,369,budget_exhausted,23.087748050689697
K25_06,25,,12,A,449904892,false,false,,0.0610376315968656,659,budget_exhausted,56.22016096115112
K25_06,25,,12,A,1667643188,false,false,,0.46308374806745606,349,budget_exhausted,28.275736808776855
K25_06,25,,12,B,128182595,false,false,,0.25237005104391946,163,budget_exhausted,12.726276874542236
K25_06,25,,12,B,1845143962,false,false,,0.31842354926246125,171,budget_exhausted,12.86033010482788
K25_05,25,,12,A,1753007184,false,false,,0.4320755800715255,1955,budget_exhausted,151.76448106765747
K25_05,25,,12,A,2107424273,false,false,,0.011186586658635578,855,budget_exhausted,47.061481952667236
K25_05,25,,12,A,418825361,false,false,,1.1092467615473423,173,budget_exhausted,38.74751424789429
K25_05,25,,12,A,215858185,false,false,,0.00453278683477468,643,budget_exhausted,55.887810707092285
K25_06,25,,12,B,1683375127,false,false,,0.3542368410833129,203,budget_exhausted,16.748798847198486
K25_06,25,,12,B,893706906,false,false,,0.0888865563348222,147,budget_exhausted,10.704230308532715
K25_06,25,,12,B,1753007184,false,false,,0.5783697758187825,131,budget_exhausted,11.103226900100708
K25_06,25,,12,B,2107424273,false,false,,0.08847969253163522,175,budget_exhausted,14.063071966171265
K25_06,25,,12,B,418825361,false,false,,0.09449873700893564,157,budget_exhausted,13.155647993087769
K25_06,25,,12,B,215858185,false,false,,0.06968000662694449,165,budget_exhausted,13.472880840301514
K25_06,25,,12,B,449904892,false,false,,0.35773806364900623,127,budget_exhausted,12.789595127105713
K25_06,25,,12,B,1667643188,false,false,,0.4954371331672121,125,budget_exhausted,9.935665130615234
K25_07,25,,12,B,1683375127,false,false,,0.5792656298327162,125,budget_exhausted,12.250832796096802
K25_07,25,,12,B,893706906,false,false,,5.589509210064021,161,budget_exhausted,12.92243480682373
K25_07,25,,12,B,1753007184,false,false,,0.26140374600442917,89,budget_exhausted,6.8669822216033936
K25_07,25,,12,B,2107424273,false,false,,0.4512977710052809,87,budget_exhausted,8.00025725364685
K25_07,25,,12,B,418825361,false,false,,0.34596221236025015,61,budget_exhausted,6.572833061218262
K25_07,25,,12,B,215858185,false,false,,0.8219544276200477,123,budget_exhausted,9.532569169998169
K25_07,25,,12,B,449904892,false,false,,0.691036782746358,99,budget_exhausted,9.983309030532837
K25_07,25,,12,B,1667643188,false,false,,0.36448940992591794,83,budget_exhausted,7.385429859161377
K25_07,25,,12,A,449904892,false,false,,0.398486806380681,1769,budget_exhausted,84.07667088508606
K25_07,25,,12,A,1667643188,false,false,,0.11226518807083634,1877,budget_exhausted,101.7003767490387
K25_07,25,,12,B,128182595,false,false,,0.41803319577048353,71,budget_exhausted,6.50836706161499
K25_07,25,,12,B,1845143962,false,false,,0.4231719791180216,57,budget_exhausted,6.72962212562561
K25_08,25,,12,A,449904892,false,false,,0.005174112419744709,1133,budget_exhausted,52.66507291793823
K25_08,25,,12,A,1667643188,false,false,,0.0065068404328927475,1045,budget_exhausted,92.74882984161377
K25_08,25,,12,B,128182595,false,false,,0.02054788464053417,55,budget_exhausted,6.021843910217285
K25_08,25,,12,B,1845143962,false,false,,0.15690769215651362,85,budget_exhausted,7.3578040599823
K25_08,25,,12,B,1683375127,false,false,,0.0214571979401897,55,budget_exhausted,6.042109966278076
K25_08,25,,12,B,893706906,false,false,,0.01817596858889301,73,budget_exhausted,6.700545072555542
K25_08,25,,12,B,1753007184,false,false,,0.027989525503139195,41,budget_exhausted,5.2778480052948
K25_08,25,,12,B,2107424273,false,false,,0.02401462905940982,67,budget_exhausted,6.619996070861816
K25_08,25,,12,A,1753007184,false,false,,0.014733362887554934,1965,budget_exhausted,59.7343213558197
K25_08,25,,12,A,2107424273,false,false,,0.0007867086814985061,1269,budget_exhausted,44.847919940948486
K25_08,25,,12,A,418825361,false,false,,0.17061325194692156,195,budget_exhausted,23.579756021499634
K25_08,25,,12,A,215858185,false,false,,0.009864580272008174,1781,budget_exhausted,49.74013590812683
K25_07,25,,12,A,128182595,false,false,,0.23165965512802825,185,budget_exhausted,25.598423957824707
K25_07,25,,12,A,1845143962,false,false,,0.4308078083444444,1803,budget_exhausted,57.07719397544861
K25_07,25,,12,A,1683375127,false,false,,0.3690516448414587,1995,budget_exhausted,115.2527859210968
K25_07,25,,12,A,893706906,false,false,,0.10371834093056498,1611,budget_exhausted,60.018627643585205
K25_08,25,,12,B,418825361,false,false,,0.0011079702673136844,67,budget_exhausted,6.607141733169556
K25_08,25,,12,B,215858185,false,false,,0.02667944910234396,67,budget_exhausted,6.446316957473755
K25_08,25,,12,B,449904892,false,false,,0.36301453974291314,97,budget_exhausted,10.11446499824524
K25_08,25,,12,B,1667643188,false,false,,0.01569777462029392,97,budget_exhausted,8.583518028259277
K25_08,25,,12,A,128182595,false,false,,0.021706535216997117,239,budget_exhausted,62.683698892593384
K25_08,25,,12,A,1845143962,false,false,,0.027996125953103124,113,budget_exhausted,62.73471403121948
K25_08,25,,12,A,1683375127,false,false,,0.02289731306845765,1013,budget_exhausted,66.98810315132141
K25_08,25,,12,A,893706906,false,false,,0.05665329196979031,209,budget_exhausted,49.40833783149719
K25_09,25,,12,B,1683375127,false,false,,0.7594688090525112,77,budget_exhausted,7.673632860183716
K25_09,25,,12,B,893706906,false,false,,0.2898839082115749,19,budget_exhausted,5.724074840545654
K25_09,25,,12,B,1753007184,false,false,,0.12450585129952767,63,budget_exhausted,5.757224798202515
K25_09,25,,12,B,2107424273,false,false,,0.05165775298140328,79,budget_exhausted,7.574681282043457
K25_07,25,,12,A,1753007184,false,false,,0.27069437943729724,1735,budget_exhausted,76.74380421638489
K25_07,25,,12,A,2107424273,false,false,,0.18191473849034243,1509,budget_exhausted,71.41117477416992
K25_07,25,,12,A,418825361,false,false,,0.06507136626501349,1599,budget_exhausted,73.67846703529358
K25_07,25,,12,A,215858185,false,false,,0.13147663690488173,1187,budget_exhausted,65.3538281917572
K25_09,25,,12,B,418825361,false,false,,1.5900634384237615,61,budget_exhausted,8.37927794456482
K25_09,25,,12,B,215858185,false,false,,0.045634196401298295,123,budget_exhausted,9.636029958724976
K25_09,25,,12,B,449904892,false,false,,0.7553139106708284,29,budget_exhausted,4.12689471244812
K25_09,25,,12,B,1667643188,false,false,,0.09835217348530496,101,budget_exhausted,8.414650201797485
K25_09,25,,12,A,449904892,false,false,,0.1290556803961738,149,budget_exhausted,17.960302114486694
K25_09,25,,12,A,1667643188,false,false,,1.4400578128816348,565,budget_exhausted,28.884812831878662
K25_09,25,,12,B,128182595,false,false,,0.07064905403649728,91,budget_exhausted,8.48176383972168
K25_09,25,,12,B,1845143962,false,false,,0.09960486351824104,47,budget_exhausted,5.528092861175537
K25_10,25,,12,B,1683375127,false,false,,0.28963460903615723,85,budget_exhausted,6.700155973434448
K25_10,25,,12,B,893706906,false,false,,0.006433887522913313,69,budget_exhausted,6.831439971923828
K25_10,25,,12,B,1753007184,false,false,,1.0888712539132783,83,budget_exhausted,8.336811065673828
K25_10,25,,12,B,2107424273,false,false,,0.03189228114935886,75,budget_exhausted,6.834467887878418
K25_10,25,,12,A,449904892,false,false,,0.0026820527154901327,251,budget_exhausted,10.193090200424194
K25_10,25,,12,A,1667643188,false,false,,0.1484316410530089,219,budget_exhausted,12.60266900062561
K25_10,25,,12,B,128182595,false,false,,0.035660429671273614,137,budget_exhausted,11.071691989898682
K25_10,25,,12,B,1845143962,false,false,,0.04851649306944278,75,budget_exhausted,7.9724531173706055
K25_09,25,,12,A,128182595,false,false,,0.2595787532673155,1509,budget_exhausted,60.98879909515381
K25_09,25,,12,A,1845143962,false,false,,0.12085664980423337,681,budget_exhausted,35.64450407028198
K25_09,25,,12,A,1683375127,false,false,,8.847595415333832e-06,603,budget_exhausted,35.60239315032959
K25_09,25,,12,A,893706906,false,false,,0.043178474686775506,271,budget_exhausted,13.402624607086182
K25_10,25,,12,B,418825361,false,false,,0.0009312996155932482,103,budget_exhausted,9.840711116790771
K25_10,25,,12,B,215858185,false,false,,0.046574396132409844,71,budget_exhausted,5.829922199249268
K25_10,25,,12,B,449904892,false,false,,0.25130194890607077,109,budget_exhausted,11.176079034805298
K25_10,25,,12,B,1667643188,false,false,,0.0014972902976594243,69,budget_exhausted,7.831369876861572
K25_09,25,,12,A,1753007184,false,false,,0.22374311466270144,1733,budget_exhausted,21.99372124671936
K25_09,25,,12,A,2107424273,false,false,,0.2635397316761498,1641,budget_exhausted,26.371769905090332
K25_09,25,,12,A,418825361,false,false,,0.5660141256968826,1303,budget_exhausted,66.16518783569336
K25_09,25,,12,A,215858185,false,false,,0.022198584932908928,1073,budget_exhausted,63.13349199295044
K25_11,25,,12,B,1683375127,false,false,,36.28392978273952,47,budget_exhausted,5.1036927700042725
K25_11,25,,12,B,893706906,false,false,,1.8634586424145132,103,budget_exhausted,8.905388116836548
K25_11,25,,12,B,1753007184,false,false,,47.53707010478767,77,budget_exhausted,7.538195848464966
K25_11,25,,12,B,2107424273,false,false,,116.7974125950793,63,budget_exhausted,6.555525779724121
K25_11,25,,12,A,449904892,false,false,,179.64161294127118,65,budget_exhausted,9.972152948379517
K25_11,25,,12,A,1667643188,false,false,,0.012790592015619369,637,budget_exhausted,68.57586622238159
K25_11,25,,12,B,128182595,false,false,,1.3988918838489997,65,budget_exhausted,6.321202754974365
K25_11,25,,12,B,1845143962,false,false,,0.027388994330008,29,budget_exhausted,4.519859075546265
K25_11,25,,12,B,418825361,false,false,,0.4789660368657359,49,budget_exhausted,5.147555828094482
K25_11,25,,12,B,215858185,false,false,,1.9793129008150492,89,budget_exhausted,8.295178890228271
K25_11,25,,12,B,449904892,false,false,,0.09935635764183738,47,budget_exhausted,4.858580112457275
K25_11,25,,12,B,1667643188,false,false,,0.05391765048373189,53,budget_exhausted,5.893729209899902
K25_10,25,,12,A,1753007184,false,false,,0.002164350274286964,1179,budget_exhausted,76.77542972564697
K25_10,25,,12,A,2107424273,false,false,,0.06273598292979138,559,budget_exhausted,41.97973394393921
K25_10,25,,12,A,418825361,false,false,,0.0249325241079777,999,budget_exhausted,40.72915196418762
K25_10,25,,12,A,215858185,false,false,,0.02545378027818783,869,budget_exhausted,41.797796964645386
K25_10,25,,12,A,128182595,false,false,,0.01737080337182806,409,budget_exhausted,51.02086591720581
K25_10,25,,12,A,1845143962,false,false,,0.25083291787888295,675,budget_exhausted,78.92177987098694
K25_10,25,,12,A,1683375127,false,false,,0.014988891674196302,1285,budget_exhausted,43.811190128326416
K25_10,25,,12,A,893706906,false,false,,0.40761758310344837,707,budget_exhausted,29.54824209213257
K25_12,25,,12,B,1683375127,false,false,,0.006099589681653131,103,budget_exhausted,8.037297248840332
K25_12,25,,12,B,893706906,false,false,,0.1274051141269698,59,budget_exhausted,6.09577488899231
K25_12,25,,12,B,1753007184,false,false,,0.01531621015061906,73,budget_exhausted,7.439733982086182
K25_12,25,,12,B,2107424273,false,false,,0.003494335589498214,127,budget_exhausted,9.651210069656372
K25_11,25,,12,A,1753007184,false,false,,0.005469236835414426,69,budget_exhausted,4.785706043243408
K25_11,25,,12,A,2107424273,false,false,,19.87368097123189,69,budget_exhausted,26.250901222229004
K25_11,25,,12,A,418825361,false,false,,0.0038130187872196667,1229,budget_exhausted,59.050254106521606
K25_11,25,,12,A,215858185,false,false,,0.2570445491092918,201,budget_exhausted,58.23402404785156
K25_12,25,,12,B,418825361,false,false,,0.11220080558087646,75,budget_exhausted,8.294166088104248
K25_12,25,,12,B,215858185,false,false,,0.014047234946531503,91,budget_exhausted,8.906532764434814
K25_12,25,,12,B,449904892,false,false,,0.016270949130189,119,budget_exhausted,10.059448957443237
K25_12,25,,12,B,1667643188,false,false,,0.24975003225321152,61,budget_exhausted,6.3494908809661865
K25_12,25,,12,A,449904892,false,false,,0.007515690613073662,835,budget_exhausted,23.845839738845825
K25_12,25,,12,A,1667643188,false,false,,0.01895376183829331,131,budget_exhausted,21.277373790740967
K25_12,25,,12,B,128182595,false,false,,0.07082845485125581,183,budget_exhausted,13.83237600326538
K25_12,25,,12,B,1845143962,false,false,,0.007428749786814745,83,budget_exhausted,9.11339783668518
K25_11,25,,12,A,128182595,false,false,,0.003817156798015031,375,budget_exhausted,50.30168795585632
K25_11,25,,12,A,1845143962,false,false,,1.020263416077199,417,budget_exhausted,44.64252686500549
K25_11,25,,12,A,1683375127,false,false,,0.27749718276606505,885,budget_exhausted,63.291560888290405
K25_11,25,,12,A,893706906,false,false,,22.385117793760795,1681,budget_exhausted,74.17398118972778
K25_13,25,,12,B,1683375127,false,false,,0.0010174749332295364,53,budget_exhausted,5.759669065475464
K25_13,25,,12,B,893706906,false,false,,0.0016544777468611802,37,budget_exhausted,4.235491991043091
K25_13,25,,12,B,1753007184,false,false,,0.0015457089075074993,35,budget_exhausted,4.612465143203735
K25_13,25,,12,B,2107424273,false,false,,0.11598373736120099,81,budget_exhausted,7.322731971740723
K25_12,25,,12,A,1753007184,false,false,,0.06654306454619031,1247,budget_exhausted,75.3785252571106
K25_12,25,,12,A,2107424273,false,false,,0.021345128066192456,859,budget_exhausted,32.091551065444946
K25_12,25,,12,A,418825361,false,false,,0.059401381119724914,247,budget_exhausted,24.935568809509277
K25_12,25,,12,A,215858185,false,false,,0.015824572200955116,1915,budget_exhausted,33.542734146118164
K25_13,25,,12,B,418825361,false,false,,0.002253430699268138,27,budget_exhausted,3.789677858352661
K25_13,25,,12,B,215858185,false,false,,0.004354724427127637,155,budget_exhausted,14.16854190826416
K25_13,25,,12,B,449904892,false,false,,0.0030487631118856296,57,budget_exhausted,9.318918943405151
K25_13,25,,12,B,1667643188,false,false,,0.0017143861342830888,49,budget_exhausted,5.093652963638306
K25_12,25,,12,A,128182595,false,false,,0.04878551699008743,559,budget_exhausted,29.860056161880493
K25_12,25,,12,A,1845143962,false,false,,0.07873965617171941,449,budget_exhausted,31.845046997070312
K25_12,25,,12,A,1683375127,false,false,,0.043538179730298686,327,budget_exhausted,22.81435513496399
K25_12,25,,12,A,893706906,false,false,,0.06079131659277097,1829,budget_exhausted,89.98219394683838
K25_13,25,,12,A,449904892,false,false,,0.0019235073649477483,647,budget_exhausted,38.87752389907837
K25_13,25,,12,A,1667643188,false,false,,0.0027389949074864187,597,budget_exhausted,43.994855880737305
K25_13,25,,12,B,128182595,false,false,,0.001953401050722355,33,budget_exhausted,4.227630138397217
K25_13,25,,12,B,1845143962,false,false,,0.01423945251640245,65,budget_exhausted,6.757607936859131
K25_14,25,,12,B,1683375127,false,false,,0.1097310701323666,57,budget_exhausted,7.317629098892212
K25_14,25,,12,B,893706906,false,false,,0.07710539843966159,119,budget_exhausted,9.26369571685791
K25_14,25,,12,B,1753007184,false,false,,0.01357497722199938,37,budget_exhausted,4.3091700077056885
K25_14,25,,12,B,2107424273,false,false,,0.031988191639896274,49,budget_exhausted,5.569891929626465
K25_14,25,,12,A,449904892,false,false,,0.029254607341068058,641,budget_exhausted,42.67294001579285
K25_14,25,,12,A,1667643188,false,false,,0.0066340116954393446,259,budget_exhausted,19.80905294418335
K25_14,25,,12,B,128182595,false,false,,0.016755196338893406,77,budget_exhausted,7.344954967498779
K25_14,25,,12,B,1845143962,false,false,,0.02335369942454932,69,budget_exhausted,7.240780830383301
K25_14,25,,12,B,418825361,false,false,,0.016250046267778272,93,budget_exhausted,9.037555932998657
K25_14,25,,12,B,215858185,false,false,,0.016106825675357435,109,budget_exhausted,10.359315872192383
K25_14,25,,12,B,449904892,false,false,,0.3321619403821853,133,budget_exhausted,10.60383415222168
K25_14,25,,12,B,1667643188,false,false,,0.20315825906557333,147,budget_exhausted,12.220603942871094
K25_13,25,,12,A,1753007184,false,false,,0.0018507714396085203,1513,budget_exhausted,73.91841316223145
K25_13,25,,12,A,2107424273,false,false,,0.0017879715504827511,243,budget_exhausted,23.029239892959595
K25_13,25,,12,A,418825361,false,false,,0.0015066625338060712,497,budget_exhausted,44.5029981136322
K25_13,25,,12,A,215858185,false,false,,0.0009993697488887897,949,budget_exhausted,49.57152318954468
K25_13,25,,12,A,128182595,false,false,,0.0005681317978022163,1147,budget_exhausted,96.01962089538574
K25_13,25,,12,A,1845143962,false,false,,0.0017475789402435508,639,budget_exhausted,83.18810796737671
K25_13,25,,12,A,1683375127,false,false,,0.0016729294084110709,213,budget_exhausted,70.85883903503418
K25_13,25,,12,A,893706906,false,false,,0.002128648363314162,567,budget_exhausted,47.66093707084656
K25_15,25,,12,A,449904892,false,false,,4.9044478569692996e-05,1263,budget_exhausted,49.22034788131714
K25_15,25,,12,A,1667643188,false,false,,0.0001140051117762148,499,budget_exhausted,21.914130926132202
K25_15,25,,12,B,128182595,false,false,,0.0019012011175944677,45,budget_exhausted,4.617440938949585
K25_15,25,,12,B,1845143962,false,false,,6.393703058260758e-05,43,budget_exhausted,4.8498759269714355
K25_15,25,,12,B,1683375127,false,false,,9.643068673851456e-05,43,budget_exhausted,4.726325035095215
K25_15,25,,12,B,893706906,false,false,,9.035401125531216e-05,39,budget_exhausted,4.412907838821411
K25_15,25,,12,B,1753007184,false,false,,0.006482832872760566,57,budget_exhausted,6.090896844863892
K25_15,25,,12,B,2107424273,false,false,,6.526582238977932e-05,41,budget_exhausted,4.338111162185669
K25_15,25,,12,B,418825361,false,false,,0.000110522443889755,39,budget_exhausted,4.473273277282715
K25_15,25,,12,B,215858185,false,false,,0.012399908831821826,29,budget_exhausted,4.639998912811279
K25_15,25,,12,B,449904892,false,false,,0.0001383684746966688,41,budget_exhausted,4.860676050186157
K25_15,25,,12,B,1667643188,false,false,,0.00025327712205155473,35,budget_exhausted,4.300912857055664
K25_14,25,,12,A,128182595,false,false,,0.17375645804788797,1857,budget_exhausted,82.3634889125824
K25_14,25,,12,A,1845143962,false,false,,0.02875368768343649,511,budget_exhausted,63.308212995529175
K25_14,25,,12,A,1683375127,false,false,,0.05848099770530294,397,budget_exhausted,40.83749508857727
K25_14,25,,12,A,893706906,false,false,,0.006815959981330254,601,budget_exhausted,44.67744588851929
K25_16,25,,12,A,449904892,false,false,,8.548915146299551,103,budget_exhausted,13.347966194152832
K25_16,25,,12,A,1667643188,false,false,,0.035032958816837344,57,budget_exhausted,13.548232793807983
K25_16,25,,12,B,128182595,false,false,,8.865505985600606,85,budget_exhausted,8.026609182357788
K25_16,25,,12,B,1845143962,false,false,,0.05567286352895931,47,budget_exhausted,5.114321947097778
K25_15,25,,12,A,128182595,false,false,,1.4628769656257275e-05,523,budget_exhausted,32.38483500480652
K25_15,25,,12,A,1845143962,false,false,,1.1334422315509513e-05,355,budget_exhausted,10.062689065933228
K25_15,25,,12,A,1683375127,false,false,,4.8841874644299175e-05,613,budget_exhausted,67.47832202911377
K25_15,25,,12,A,893706906,false,false,,0.0013735132012576113,1537,budget_exhausted,87.83160305023193
K25_14,25,,12,A,1753007184,false,false,,0.01371150604504772,625,budget_exhausted,33.71298813819885
K25_14,25,,12,A,2107424273,false,false,,0.03560943186789644,1827,budget_exhausted,123.04886770248413
K25_14,25,,12,A,418825361,false,false,,0.06602713622777939,1203,budget_exhausted,45.273436069488525
K25_14,25,,12,A,215858185,false,false,,0.10665312369308441,1045,budget_exhausted,86.83250999450684
K25_16,25,,12,B,1683375127,false,false,,8.8531691971875,53,budget_exhausted,7.0689451694488525
K25_16,25,,12,B,893706906,false,false,,7.9659079105828985,69,budget_exhausted,6.8416948318481445
K25_16,25,,12,B,1753007184,false,false,,0.009189638596048197,71,budget_exhausted,7.030922174453735
K25_16,25,,12,B,2107424273,false,false,,0.03517242246123726,69,budget_exhausted,6.962664842605591
K25_15,25,,12,A,1753007184,false,false,,2.1867796507865278e-05,543,budget_exhausted,34.070427894592285
K25_15,25,,12,A,2107424273,false,false,,0.00010140042230716765,193,budget_exhausted,29.633556127548218
K25_15,25,,12,A,418825361,false,false,,0.00011828733409351105,1485,budget_exhausted,67.77323913574219
K25_15,25,,12,A,215858185,false,false,,0.00034957112432808257,1097,budget_exhausted,98.6718521118164
K25_16,25,,12,A,128182595,false,false,,8.85538380918273,191,budget_exhausted,21.701671838760376
K25_16,25,,12,A,1845143962,false,false,,0.0237481305469323,1105,budget_exhausted,33.98059415817261
K25_16,25,,12,A,1683375127,false,false,,0.03620405995703483,863,budget_exhausted,30.472692012786865
K25_16,25,,12,A,893706906,false,false,,0.010835428264345666,661,budget_exhausted,23.58725118637085
K25_16,25,,12,B,418825361,false,false,,0.03673860861616032,87,budget_exhausted,7.585421085357666
K25_16,25,,12,B,215858185,false,false,,0.09795829554823211,47,budget_exhausted,5.743735074996948
K25_16,25,,12,B,449904892,false,false,,0.1453283661157071,173,budget_exhausted,14.592563152313232
K25_16,25,,12,B,1667643188,false,false,,8.852894079421256,73,budget_exhausted,7.734858989715576
K25_16,25,,12,A,1753007184,false,false,,0.03635906921002192,539,budget_exhausted,62.97268199920654
K25_16,25,,12,A,2107424273,false,false,,0.2847416412683484,93,budget_exhausted,10.553303003311157
K25_16,25,,12,A,418825361,false,false,,0.02609665214529398,55,budget_exhausted,16.682209968566895
K25_16,25,,12,A,215858185,false,false,,0.031221554767822127,289,budget_exhausted,38.8381130695343
K25_17,25,,12,B,1683375127,false,false,,0.0121159047522141,73,budget_exhausted,8.754013061523438
K25_17,25,,12,B,893706906,false,false,,0.004771379216545315,85,budget_exhausted,7.6754419803619385
K25_17,25,,12,B,1753007184,false,false,,0.20048359789061057,13,budget_exhausted,8.81820797920227
K25_17,25,,12,B,2107424273,false,false,,0.015262930822899578,97,budget_exhausted,9.398061037063599
K25_17,25,,12,B,418825361,false,false,,0.0015206692139094135,111,budget_exhausted,11.978240728378296
K25_17,25,,12,B,215858185,false,false,,0.01140898079674407,71,budget_exhausted,7.106756925582886
K25_17,25,,12,B,449904892,false,false,,0.003214046075726845,75,budget_exhausted,10.211495876312256
K25_17,25,,12,B,1667643188,false,false,,0.0048532176063538,97,budget_exhausted,8.620595216751099
K25_17,25,,12,A,128182595,false,false,,0.021120733231124893,557,budget_exhausted,20.882790088653564
K25_17,25,,12,A,1845143962,false,false,,0.011232124743315542,661,budget_exhausted,34.27651906013489
K25_17,25,,12,A,1683375127,true,false,195,5.301453427617647e-07,53,converged,11.800047874450684
K25_17,25,,12,A,893706906,false,false,,0.0689924823761866,923,budget_exhausted,44.19914698600769
K25_17,25,,12,A,449904892,false,false,,0.24413932499595717,275,budget_exhausted,46.1903600692749
K25_17,25,,12,A,1667643188,false,false,,0.005414724247363007,511,budget_exhausted,32.4419960975647
K25_17,25,,12,B,128182595,false,false,,0.006236556566700254,111,budget_exhausted,11.291624069213867
K25_17,25,,12,B,1845143962,false,false,,0.015260766821069298,35,budget_exhausted,8.842562198638916
K25_17,25,,12,A,1753007184,false,false,,0.011537357209312728,1427,budget_exhausted,66.74882984161377
K25_17,25,,12,A,2107424273,false,false,,0.07493159672510119,649,budget_exhausted,24.765299797058105
K25_17,25,,12,A,418825361,false,false,,0.0001443134354350896,233,budget_exhausted,17.5643048286438
K25_17,25,,12,A,215858185,false,false,,1.1037768185493292e-05,515,budget_exhausted,20.374963998794556
K25_18,25,,12,B,1683375127,false,false,,0.11954101926964314,109,budget_exhausted,9.230150938034058
K25_18,25,,12,B,893706906,false,false,,0.06982833202717008,31,budget_exhausted,6.95146918296814
K25_18,25,,12,B,1753007184,false,false,,0.03043589520217328,107,budget_exhausted,9.4216468334198
K25_18,25,,12,B,2107424273,false,false,,0.362344008773865,31,budget_exhausted,3.5720150470733643
K25_18,25,,12,B,418825361,false,false,,0.050296432639370024,75,budget_exhausted,7.824800968170166
K25_18,25,,12,B,215858185,false,false,,0.09402376537739274,147,budget_exhausted,14.62538480758667
K25_18,25,,12,B,449904892,false,false,,0.15746279077144226,117,budget_exhausted,9.917700052261353
K25_18,25,,12,B,1667643188,false,false,,0.04210195829778159,91,budget_exhausted,9.692294836044312
K25_18,25,,12,A,449904892,false,false,,0.015660704437695093,615,budget_exhausted,21.31418013572693
K25_18,25,,12,A,1667643188,false,false,,0.0448679861495549,41,budget_exhausted,73.61383104324341
K25_18,25,,12,B,128182595,false,false,,0.09505604909900132,97,budget_exhausted,8.401448011398315
K25_18,25,,12,B,1845143962,false,false,,0.3530626664220983,63,budget_exhausted,6.440253973007202
K25_19,25,,12,B,1683375127,false,false,,0.0037824572955572873,63,budget_exhausted,5.68641996383667
K25_19,25,,12,B,893706906,false,false,,0.002020432490784576,39,budget_exhausted,4.87397313117981
K25_19,25,,12,B,1753007184,false,false,,0.020853153419342157,37,budget_exhausted,4.4635679721832275
K25_19,25,,12,B,2107424273,false,false,,0.003773220612483247,83,budget_exhausted,6.997277021408081
K25_18,25,,12,A,128182595,false,false,,0.023105934097946455,367,budget_exhausted,39.91572403907776
K25_18,25,,12,A,1845143962,false,false,,0.36174206182121504,491,budget_exhausted,21.738975286483765
K25_18,25,,12,A,1683375127,false,false,,0.018866400060924847,781,budget_exhausted,68.70397686958313
K25_18,25,,12,A,893706906,false,false,,0.025818515350581453,249,budget_exhausted,38.98879885673523
K25_19,25,,12,B,418825361,false,false,,0.0005098038579578474,53,budget_exhausted,5.447473764419556
K25_19,25,,12,B,215858185,false,false,,0.00024116639086051245,107,budget_exhausted,10.121415138244629
K25_19,25,,12,B,449904892,false,false,,0.001143058596982004,95,budget_exhausted,7.967282295227051
K25_19,25,,12,B,1667643188,false,false,,0.0013559384810057533,59,budget_exhausted,6.147345781326294
K25_18,25,,12,A,1753007184,false,false,,0.014375252238913694,277,budget_exhausted,14.043682098388672
K25_18,25,,12,A,2107424273,false,false,,0.1645306538072374,1337,budget_exhausted,57.384238958358765
K25_18,25,,12,A,418825361,false,false,,0.006984065145230557,567,budget_exhausted,42.05801582336426
K25_18,25,,12,A,215858185,false,false,,0.36026291608880795,125,budget_exhausted,78.83843898773193
K25_19,25,,12,A,449904892,false,false,,0.003363091489779444,857,budget_exhausted,55.79658794403076
K25_19,25,,12,A,1667643188,false,false,,0.011146648400479202,1791,budget_exhausted,52.012784004211426
K25_19,25,,12,B,128182595,false,false,,0.0007795388594777846,91,budget_exhausted,8.617419004440308
K25_19,25,,12,B,1845143962,false,false,,0.004807356660939149,53,budget_exhausted,6.076959848403931
K25_19,25,,12,A,128182595,false,false,,5.964608769590286e-05,1323,budget_exhausted,61.93296813964844
K25_19,25,,12,A,1845143962,false,false,,0.0005521114227084571,195,budget_exhausted,11.604138851165771
K25_19,25,,12,A,1683375127,false,false,,0.0026969278704203478,1347,budget_exhausted,57.399964332580566
K25_19,25,,12,A,893706906,false,false,,0.00023612930401975828,597,budget_exhausted,33.094878911972046
K25_20,25,,12,B,1683375127,false,false,,1.1118195258942434,143,budget_exhausted,11.120355129241943
K25_20,25,,12,B,893706906,false,false,,0.27070591779607023,71,budget_exhausted,7.375021934509277
K25_20,25,,12,B,1753007184,false,false,,1.085209016529254,129,budget_exhausted,10.293827056884766
K25_20,25,,12,B,2107424273,false,false,,0.1386819570161276,141,budget_exhausted,12.15307903289795
K25_20,25,,12,B,418825361,false,false,,0.2344332839260002,103,budget_exhausted,9.663981676101685
K25_20,25,,12,B,215858185,false,false,,0.08264123432425931,61,budget_exhausted,7.226117849349976
K25_20,25,,12,B,449904892,false,false,,0.686251202019175,73,budget_exhausted,8.855283975601196
K25_20,25,,12,B,1667643188,false,false,,0.8992369881347024,67,budget_exhausted,6.805906295776367
K25_19,25,,12,A,1753007184,false,false,,0.00088857726918239,447,budget_exhausted,39.52517914772034
K25_19,25,,12,A,2107424273,false,false,,0.007796132553039834,437,budget_exhausted,44.46487617492676
K25_19,25,,12,A,418825361,false,false,,0.005077119139639668,1517,budget_exhausted,78.40530896186829
K25_19,25,,12,A,215858185,false,false,,0.002702659637104964,225,budget_exhausted,29.211848258972168
K25_20,25,,12,A,128182595,false,false,,0.29538576355559504,1039,budget_exhausted,31.18213129043579
K25_20,25,,12,A,1845143962,false,false,,0.14520410030314848,671,budget_exhausted,69.51626586914062
K25_20,25,,12,A,1683375127,false,false,,0.005293441462606778,1087,budget_exhausted,46.795973777770996
K25_20,25,,12,A,893706906,false,false,,0.7507060443596659,1251,budget_exhausted,19.414745092391968
K25_21,25,,12,A,449904892,false,false,,0.03777098810382408,375,budget_exhausted,3.3043100833892822
K25_21,25,,12,A,1667643188,false,false,,0.051066788149650974,483,budget_exhausted,29.46973991394043
K25_21,25,,12,B,128182595,false,false,,0.07178589992660771,93,budget_exhausted,7.875965118408203
K25_21,25,,12,B,1845143962,false,false,,0.043248627248093044,87,budget_exhausted,10.139121055603027
K25_20,25,,12,A,449904892,false,false,,0.11009544838285579,1139,budget_exhausted,89.3364908695221
K25_20,25,,12,A,1667643188,false,false,,0.19265771489487354,1029,budget_exhausted,38.76968812942505
K25_20,25,,12,B,128182595,false,false,,1.0597861167063929,89,budget_exhausted,9.28038215637207
K25_20,25,,12,B,1845143962,false,false,,1.5134662942697865,79,budget_exhausted,9.566912174224854
K25_21,25,,12,A,128182595,false,false,,0.025717448976642597,239,budget_exhausted,18.559305906295776
K25_21,25,,12,A,1845143962,false,false,,0.16901765439947358,53,budget_exhausted,0.7324643135070801
K25_21,25,,12,A,1683375127,false,false,,0.010335277162527861,783,budget_exhausted,37.064992904663086
K25_21,25,,12,A,893706906,false,false,,0.051081076615012586,67,budget_exhausted,29.643035888671875
K25_21,25,,12,B,1683375127,false,false,,0.06242330420800185,101,budget_exhausted,9.653883934020996
K25_21,25,,12,B,893706906,false,false,,0.586208134676341,51,budget_exhausted,6.10874605178833
K25_21,25,,12,B,1753007184,false,false,,0.033199317250880246,99,budget_exhausted,12.331576108932495
K25_21,25,,12,B,2107424273,false,false,,0.0498834182539741,105,budget_exhausted,12.5243980884552
K25_21,25,,12,B,418825361,false,false,,0.033082441281607956,127,budget_exhausted,10.42291784286499
K25_21,25,,12,B,215858185,false,false,,0.036455258004217665,159,budget_exhausted,13.242943048477173
K25_21,25,,12,B,449904892,false,false,,0.039369991516371286,133,budget_exhausted,11.2225022315979
K25_21,25,,12,B,1667643188,false,false,,0.08295802084816986,115,budget_exhausted,9.006941795349121
K25_20,25,,12,A,1753007184,false,false,,0.051505842785338735,1145,budget_exhausted,60.166481018066406
K25_20,25,,12,A,2107424273,false,false,,0.29406094865127747,1153,budget_exhausted,49.31365919113159
K25_20,25,,12,A,418825361,false,false,,0.41645838184068285,205,budget_exhausted,22.88276505470276
K25_20,25,,12,A,215858185,false,false,,0.4208610633531696,1507,budget_exhausted,78.76214408874512
K25_22,25,,12,B,1683375127,false,false,,0.08584579402896288,61,budget_exhausted,7.544742822647095
K25_22,25,,12,B,893706906,false,false,,0.20020558109505612,55,budget_exhausted,6.491445064544678
K25_22,25,,12,B,1753007184,false,false,,0.0631110429508534,107,budget_exhausted,9.191951990127563
K25_22,25,,12,B,2107424273,false,false,,0.05161434368187805,69,budget_exhausted,7.273271083831787
K25_22,25,,12,B,418825361,false,false,,0.004398101828981709,85,budget_exhausted,7.402652978897095
K25_22,25,,12,B,215858185,false,false,,0.27021770688068136,99,budget_exhausted,8.511028051376343
K25_22,25,,12,B,449904892,false,false,,0.3877198395591342,29,budget_exhausted,4.23774790763855
K25_22,25,,12,B,1667643188,false,false,,0.08932059031778,71,budget_exhausted,7.089035987854004
K25_21,25,,12,A,1753007184,false,false,,0.4982529845741229,1195,budget_exhausted,101.47358012199402
K25_21,25,,12,A,2107424273,false,false,,0.012221662643994664,1143,budget_exhausted,29.440749883651733
K25_21,25,,12,A,418825361,false,false,,0.08121487453737107,927,budget_exhausted,27.788551807403564
K25_21,25,,12,A,215858185,false,false,,0.011438604378506115,621,budget_exhausted,17.824132919311523
K25_22,25,,12,A,449904892,false,false,,0.005413760667843087,643,budget_exhausted,51.176862955093384
K25_22,25,,12,A,1667643188,false,false,,0.09246459969604717,79,budget_exhausted,30.073025941848755
K25_22,25,,12,B,128182595,false,false,,0.04875300434673892,87,budget_exhausted,8.567369937896729
K25_22,25,,12,B,1845143962,false,false,,0.38770208119736216,25,budget_exhausted,3.7602031230926514
K25_23,25,,12,A,1753007184,false,false,,0.003755864137247394,401,budget_exhausted,23.46269202232361
K25_23,25,,12,A,2107424273,false,false,,1.3636658314559674e-05,181,budget_exhausted,26.38929796218872
K25_23,25,,12,A,418825361,false,false,,9.537408955568645e-06,181,budget_exhausted,13.42690920829773
K25_23,25,,12,A,215858185,false,false,,1.0000727438388905e-05,105,budget_exhausted,5.854515314102173
K25_23,25,,12,B,1683375127,false,false,,0.00045575898512097856,103,budget_exhausted,7.155838966369629
K25_23,25,,12,B,893706906,false,false,,0.0027779274756087303,51,budget_exhausted,7.311117887496948
K25_23,25,,12,B,1753007184,false,false,,0.00403179008715875,39,budget_exhausted,7.178064823150635
K25_23,25,,12,B,2107424273,false,false,,0.4201412054341421,69,budget_exhausted,7.204441070556641
K25_23,25,,12,B,418825361,false,false,,0.009447946820150713,33,budget_exhausted,5.001497030258179
K25_23,25,,12,B,215858185,false,false,,0.02876867720648301,67,budget_exhausted,7.196059942245483
K25_23,25,,12,B,449904892,false,false,,0.002737834416955133,73,budget_exhausted,6.942167043685913
K25_23,25,,12,B,1667643188,false,false,,0.0005041245943230078,59,budget_exhausted,5.529253959655762
K25_22,25,,12,A,1753007184,false,false,,0.04406088195272538,367,budget_exhausted,28.40028715133667
K25_22,25,,12,A,2107424273,false,false,,0.09714126338391098,267,budget_exhausted,18.586125135421753
K25_22,25,,12,A,418825361,false,false,,0.07435190148170216,1011,budget_exhausted,56.387901306152344
K25_22,25,,12,A,215858185,false,false,,0.0815893170366206,1253,budget_exhausted,44.33638668060303
K25_23,25,,12,A,449904892,false,false,,0.00016458300744068524,207,budget_exhausted,10.288006067276001
K25_23,25,,12,A,1667643188,false,false,,9.63475968242934e-06,239,budget_exhausted,36.348592042922974
K25_23,25,,12,B,128182595,false,false,,0.0002688852750429893,63,budget_exhausted,6.861255168914795
K25_23,25,,12,B,1845143962,false,false,,0.09325670055041847,55,budget_exhausted,5.988434314727783
K25_22,25,,12,A,128182595,false,false,,0.08922734659264459,909,budget_exhausted,49.64889097213745
K25_22,25,,12,A,1845143962,false,false,,0.22199125150941773,285,budget_exhausted,24.208411931991577
K25_22,25,,12,A,1683375127,false,false,,0.15122987926340714,321,budget_exhausted,51.06996822357178
K25_22,25,,12,A,893706906,false,false,,0.10001933954182857,1921,budget_exhausted,76.05056881904602
K25_23,25,,12,A,128182595,false,false,,7.313389721201561e-06,117,budget_exhausted,10.210967779159546
K25_23,25,,12,A,1845143962,false,false,,0.00016127893805088935,1889,budget_exhausted,61.03424406051636
K25_23,25,,12,A,1683375127,false,false,,0.00145084402710211,685,budget_exhausted,57.61740517616272
K25_23,25,,12,A,893706906,false,false,,7.415305618664053e-06,65,budget_exhausted,23.359421253204346
K25_24,25,,12,B,1683375127,false,false,,0.33436050135430273,15,budget_exhausted,33.894829750061035
K25_24,25,,12,B,893706906,false,false,,0.2801979890350494,101,budget_exhausted,32.47905397415161
K25_24,25,,12,B,1753007184,false,false,,0.33436050135430273,15,budget_exhausted,31.300595998764038
K25_24,25,,12,B,2107424273,false,false,,0.33436050135430273,15,budget_exhausted,22.896914958953857
K25_25,25,,12,A,128182595,false,false,,0.12940729267010137,173,budget_exhausted,11.993796825408936
K25_25,25,,12,A,1845143962,false,false,,0.03058485518150752,765,budget_exhausted,37.46396517753601
K25_25,25,,12,A,1683375127,false,false,,0.005871040614396356,357,budget_exhausted,13.21177887916565
K25_25,25,,12,A,893706906,false,false,,0.02046620436939659,517,budget_exhausted,39.49316096305847
K25_24,25,,12,A,449904892,false,false,,0.33436050135430273,15,budget_exhausted,34.56874084472656
K25_24,25,,12,A,1667643188,false,false,,0.33436050135430273,15,budget_exhausted,40.00633502006531
K25_24,25,,12,B,128182595,false,false,,0.33436050135430273,15,budget_exhausted,20.59269905090332
K25_24,25,,12,B,1845143962,false,false,,0.33436050135430273,15,budget_exhausted,59.68912100791931
K25_24,25,,12,A,128182595,false,false,,0.33436050135430273,15,budget_exhausted,37.79145789146423
K25_24,25,,12,A,1845143962,false,false,,0.33436050135430273,15,budget_exhausted,47.79137706756592
K25_24,25,,12,A,1683375127,false,false,,0.33436050135430273,15,budget_exhausted,62.16906690597534
K25_24,25,,12,A,893706906,false,false,,0.33436050135430273,15,budget_exhausted,47.935938119888306
K25_25,25,,12,B,1683375127,false,false,,0.052314361473096566,85,budget_exhausted,7.544801950454712
K25_25,25,,12,B,893706906,false,false,,0.09205291243415757,83,budget_exhausted,7.955637216567993
K25_25,25,,12,B,1753007184,false,false,,0.0036404592937562368,57,budget_exhausted,6.387432336807251
K25_25,25,,12,B,2107424273,false,false,,0.018641691805829898,131,budget_exhausted,10.616043090820312
K25_24,25,,12,B,418825361,false,false,,0.33436050135430273,15,budget_exhausted,56.43297791481018
K25_24,25,,12,B,215858185,false,false,,0.33436050135430273,15,budget_exhausted,22.991452932357788
K25_24,25,,12,B,449904892,false,false,,0.33436050135430273,15,budget_exhausted,56.424076080322266
K25_24,25,,12,B,1667643188,false,false,,0.33436050135430273,15,budget_exhausted,48.020036935806274
K25_25,25,,12,B,418825361,false,false,,0.009107263932095835,27,budget_exhausted,6.084343194961548
K25_25,25,,12,B,215858185,false,false,,0.1629661970821228,209,budget_exhausted,20.889678955078125
K25_25,25,,12,B,449904892,false,false,,0.00579767037321035,51,budget_exhausted,6.190009832382202
K25_25,25,,12,B,1667643188,false,false,,0.01593987480136835,99,budget_exhausted,7.028071165084839
K25_25,25,,12,A,1753007184,false,false,,0.0031934652394719765,1419,budget_exhausted,43.43986392021179
K25_25,25,,12,A,2107424273,false,false,,0.004056586988614728,181,budget_exhausted,15.576311111450195
K25_25,25,,12,A,418825361,false,false,,0.251321047327028,697,budget_exhausted,44.51980376243591
K25_25,25,,12,A,215858185,false,false,,0.01733826472924272,199,budget_exhausted,22.712674140930176
K25_24,25,,12,A,1753007184,false,false,,0.33436050135430273,15,budget_exhausted,78.37149119377136
K25_24,25,,12,A,2107424273,false,false,,0.33436050135430273,15,budget_exhausted,105.45303511619568
K25_24,25,,12,A,418825361,false,false,,0.33436050135430273,15,budget_exhausted,30.484619140625
K25_24,25,,12,A,215858185,false,false,,0.33436050135430273,15,budget_exhausted,48.92718291282654
K25_26,25,,12,A,449904892,false,false,,0.004040124571894504,161,budget_exhausted,13.437074899673462
K25_26,25,,12,A,1667643188,false,false,,0.00010917630189525675,265,budget_exhausted,36.2661509513855
K25_26,25,,12,B,128182595,false,false,,3.3003154679944935e-05,61,budget_exhausted,6.46794581413269
K25_26,25,,12,B,1845143962,false,false,,0.001185768153251056,57,budget_exhausted,6.569518089294434
K25_26,25,,12,B,1683375127,false,false,,0.5483778268506216,65,budget_exhausted,7.67780613899231
K25_26,25,,12,B,893706906,false,false,,0.2319208682202156,115,budget_exhausted,11.284976959228516
K25_26,25,,12,B,1753007184,false,false,,0.0007677674168452468,39,budget_exhausted,4.330787897109985
K25_26,25,,12,B,2107424273,false,false,,0.2036223234684815,101,budget_exhausted,8.935380935668945
K25_26,25,,12,B,418825361,false,false,,9.653783216339936e-05,71,budget_exhausted,6.994939804077148
K25_26,25,,12,B,215858185,false,false,,0.03678677540929733,85,budget_exhausted,7.450778961181641
K25_26,25,,12,B,449904892,false,false,,0.01907283157850108,159,budget_exhausted,14.482499122619629
K25_26,25,,12,B,1667643188,false,false,,0.37945179642932164,143,budget_exhausted,13.272984743118286
K25_26,25,,12,A,128182595,false,false,,0.5690357444521539,541,budget_exhausted,49.01614737510681
K25_26,25,,12,A,1845143962,false,false,,0.0008105417305249609,127,budget_exhausted,23.152277946472168
K25_26,25,,12,A,1683375127,false,false,,0.11784810126387762,469,budget_exhausted,29.47192406654358
K25_26,25,,12,A,893706906,false,false,,2.409654670388977,73,budget_exhausted,15.671870946884155
K25_27,25,,12,B,1683375127,false,false,,786.8002337671165,127,budget_exhausted,11.115433931350708
K25_27,25,,12,B,893706906,false,false,,4.639726193252282,139,budget_exhausted,10.08863091468811
K25_27,25,,12,B,1753007184,false,false,,0.5859275943426951,81,budget_exhausted,8.415189981460571
K25_27,25,,12,B,2107424273,false,false,,53.39582668203681,101,budget_exhausted,8.870529890060425
K25_25,25,,12,A,449904892,false,false,,0.05617121199406636,1799,budget_exhausted,94.82831525802612
K25_25,25,,12,A,1667643188,false,false,,0.008017174465527101,1127,budget_exhausted,79.71874713897705
K25_25,25,,12,B,128182595,false,false,,0.05981161561603246,125,budget_exhausted,9.154930114746094
K25_25,25,,12,B,1845143962,false,false,,0.003827565618673507,73,budget_exhausted,6.7748212814331055
K25_27,25,,12,A,449904892,false,false,,0.6904895482777474,251,budget_exhausted,25.443450927734375
K25_27,25,,12,A,1667643188,false,false,,0.021548055288281742,661,budget_exhausted,27.214805841445923
K25_27,25,,12,B,128182595,false,false,,25.288645759252823,135,budget_exhausted,10.359871864318848
K25_27,25,,12,B,1845143962,false,false,,0.19732001974666905,77,budget_exhausted,7.423442840576172
K25_26,25,,12,A,1753007184,false,false,,0.033949076617915575,1329,budget_exhausted,31.9439480304718
K25_26,25,,12,A,2107424273,false,false,,0.0006709674007130875,579,budget_exhausted,23.149839162826538
K25_26,25,,12,A,418825361,false,false,,0.0002522286328753079,181,budget_exhausted,41.75895285606384
K25_26,25,,12,A,215858185,false,false,,5.420987001369696e-05,1181,budget_exhausted,54.94429588317871
K25_27,25,,12,B,418825361,false,false,,304.763052181744,107,budget_exhausted,10.200824737548828
K25_27,25,,12,B,215858185,false,false,,1.2122796808709366,103,budget_exhausted,9.555465936660767
K25_27,25,,12,B,449904892,false,false,,368.4984425887827,87,budget_exhausted,8.860940933227539
K25_27,25,,12,B,1667643188,false,false,,1709.092675193582,115,budget_exhausted,9.744336128234863
K25_27,25,,12,A,128182595,false,false,,6.638731886978298,691,budget_exhausted,28.50907802581787
K25_27,25,,12,A,1845143962,false,false,,120.71050273818967,309,budget_exhausted,25.71470594406128
K25_27,25,,12,A,1683375127,false,false,,713.4318320569665,811,budget_exhausted,25.92414402961731
K25_27,25,,12,A,893706906,false,false,,0.01816988982910166,879,budget_exhausted,26.342740058898926
K25_28,25,,12,B,1683375127,false,false,,0.31989771806618905,21,budget_exhausted,4.9737231731414795
K25_28,25,,12,B,893706906,false,false,,0.02552273450223455,93,budget_exhausted,9.09010100364685
K25_28,25,,12,B,1753007184,false,false,,0.0013608828100309506,117,budget_exhausted,11.181782007217407
K25_28,25,,12,B,2107424273,false,false,,0.00015334753704542296,105,budget_exhausted,9.802003145217896
K25_28,25,,12,B,418825361,false,false,,0.00022113131122364848,107,budget_exhausted,10.280089139938354
K25_28,25,,12,B,215858185,false,false,,7.718634447569275e-05,87,budget_exhausted,7.3903748989105225
K25_28,25,,12,B,449904892,false,false,,0.0100499518899553,49,budget_exhausted,6.469263076782227
K25_28,25,,12,B,1667643188,false,false,,0.01634215047049253,55,budget_exhausted,5.355807065963745
K25_28,25,,12,A,449904892,false,false,,0.016267396668797705,381,budget_exhausted,27.037973165512085
K25_28,25,,12,A,1667643188,false,false,,0.00615173733690919,623,budget_exhausted,41.05771207809448
K25_28,25,,12,B,128182595,false,false,,0.009509346936449113,35,budget_exhausted,5.013858795166016
K25_28,25,,12,B,1845143962,false,false,,0.013276365911845575,103,budget_exhausted,9.045088768005371
K25_27,25,,12,A,1753007184,false,false,,0.461970887847057,1307,budget_exhausted,45.66480803489685
K25_27,25,,12,A,2107424273,false,false,,19.356948356096545,839,budget_exhausted,45.33681082725525
K25_27,25,,12,A,418825361,false,false,,24.58000075064332,1941,budget_exhausted,66.76846075057983
K25_27,25,,12,A,215858185,false,false,,0.9924738074022691,1401,budget_exhausted,91.64633083343506
K25_29,25,,12,A,128182595,false,false,,0.9293910437827534,175,budget_exhausted,20.814495086669922
K25_29,25,,12,A,1845143962,false,false,,1.0320421129422626,1021,budget_exhausted,51.14175891876221
K25_29,25,,12,A,1683375127,false,false,,1.017823925464598,143,budget_exhausted,31.70228910446167
K25_29,25,,12,A,893706906,false,false,,0.03051155190755304,131,budget_exhausted,18.034076929092407
K25_29,25,,12,A,449904892,false,false,,0.0989406600752111,471,budget_exhausted,27.451627016067505
K25_29,25,,12,A,1667643188,false,false,,0.03157182689894718,461,budget_exhausted,46.15744996070862
K25_29,25,,12,B,128182595,false,false,,0.02764579031406359,37,budget_exhausted,3.9414889812469482
K25_29,25,,12,B,1845143962,false,false,,0.029842531264653017,35,budget_exhausted,7.20209813117981
K25_28,25,,12,A,1753007184,false,false,,0.011725933941465634,1643,budget_exhausted,56.96576523780823
K25_28,25,,12,A,2107424273,false,false,,0.006796712880070633,1217,budget_exhausted,34.42449617385864
K25_28,25,,12,A,418825361,false,false,,0.06544615938505924,1633,budget_exhausted,74.72851181030273
K25_28,25,,12,A,215858185,false,false,,0.0019823895331754753,729,budget_exhausted,21.168455839157104
K25_29,25,,12,B,418825361,false,false,,0.029633134546411467,63,budget_exhausted,6.466493129730225
K25_29,25,,12,B,215858185,false,false,,0.21094929529144305,151,budget_exhausted,12.351043224334717
K25_29,25,,12,B,449904892,false,false,,1.0026139333280801,119,budget_exhausted,11.172869205474854
K25_29,25,,12,B,1667643188,false,false,,0.2893073302334446,37,budget_exhausted,4.596698999404907
K25_29,25,,12,B,1683375127,false,false,,0.21761014390081423,101,budget_exhausted,8.133478879928589
K25_29,25,,12,B,893706906,false,false,,0.9996055045996068,109,budget_exhausted,11.283499002456665
K25_29,25,,12,B,1753007184,false,false,,0.04725700508897716,123,budget_exhausted,10.323390007019043
K25_29,25,,12,B,2107424273,false,false,,0.6873887561578419,131,budget_exhausted,12.699373245239258
K25_28,25,,12,A,128182595,false,false,,0.0006505368053673791,513,budget_exhausted,55.07802224159241
K25_28,25,,12,A,1845143962,false,false,,0.06802160004692213,1171,budget_exhausted,51.180368185043335
K25_28,25,,12,A,1683375127,false,false,,0.3123837353000436,587,budget_exhausted,66.30522179603577
K25_28,25,,12,A,893706906,false,false,,0.0007299272169923866,871,budget_exhausted,63.46923804283142
K25_29,25,,12,A,1753007184,false,false,,0.4824356522721214,677,budget_exhausted,31.58666706085205
K25_29,25,,12,A,2107424273,false,false,,0.7445445672464788,639,budget_exhausted,75.53766083717346
K25_29,25,,12,A,418825361,false,false,,0.8726579725232849,1357,budget_exhausted,38.784509897232056
K25_29,25,,12,A,215858185,false,false,,1.0279259268266534,159,budget_exhausted,21.39650821685791
K27_00,27,,13,A,449904892,false,false,,0.005734842687950229,191,budget_exhausted,16.735148906707764
K27_00,27,,13,A,1667643188,false,false,,0.007858255957251734,167,budget_exhausted,18.958321809768677
K27_00,27,,13,B,128182595,false,false,,0.011086723310556651,167,budget_exhausted,9.230518102645874
K27_00,27,,13,B,1845143962,false,false,,0.0034529869212934715,133,budget_exhausted,10.400137901306152
K27_00,27,,13,B,418825361,false,false,,0.009190881188902536,141,budget_exhausted,11.531026840209961
K27_00,27,,13,B,215858185,false,false,,0.7480208871581867,109,budget_exhausted,9.48920202255249
K27_00,27,,13,B,449904892,false,false,,0.0020821085252691477,145,budget_exhausted,12.604496002197266
K27_00,27,,13,B,1667643188,false,false,,0.07403618708510921,171,budget_exhausted,15.512754201889038
K27_00,27,,13,B,1683375127,false,false,,0.2085066385487149,171,budget_exhausted,13.756897926330566
K27_00,27,,13,B,893706906,false,false,,0.0006779116462679932,105,budget_exhausted,9.968756914138794
K27_00,27,,13,B,1753007184,false,false,,0.27002481490652425,177,budget_exhausted,14.102966070175171
K27_00,27,,13,B,2107424273,false,false,,0.05951459133980341,179,budget_exhausted,13.35279893875122
K27_00,27,,13,A,1753007184,false,false,,0.3218299024657968,787,budget_exhausted,28.433006048202515
K27_00,27,,13,A,2107424273,false,false,,0.04396852546140005,545,budget_exhausted,28.659944772720337
K27_00,27,,13,A,418825361,false,false,,0.003179107345296919,869,budget_exhausted,37.87204098701477
K27_00,27,,13,A,215858185,false,false,,0.6263636323756063,849,budget_exhausted,31.929653882980347
K27_00,27,,13,A,128182595,false,false,,0.6671498134003703,451,budget_exhausted,39.686131954193115
K27_00,27,,13,A,1845143962,false,false,,0.7136062902664971,849,budget_exhausted,54.95897197723389
K27_00,27,,13,A,1683375127,false,false,,0.241369490704482,267,budget_exhausted,22.892127990722656
K27_00,27,,13,A,893706906,false,false,,0.6975637849619596,399,budget_exhausted,32.40214800834656
K27_01,27,,13,B,1683375127,false,false,,0.02587344659211514,147,budget_exhausted,11.702898025512695
K27_01,27,,13,B,893706906,false,false,,0.10392603714223378,265,budget_exhausted,23.865920066833496
K27_01,27,,13,B,1753007184,false,false,,0.14231158836018232,141,budget_exhausted,12.548628091812134
K27_01,27,,13,B,2107424273,false,false,,0.14331741911034507,161,budget_exhausted,14.717981100082397
K27_01,27,,13,B,418825361,false,false,,0.21496229482029924,137,budget_exhausted,12.797017812728882
K27_01,27,,13,B,215858185,false,false,,0.00201157498375558,93,budget_exhausted,9.96161699295044
K27_01,27,,13,B,449904892,false,false,,0.1594237167751748,117,budget_exhausted,12.351646900177002
K27_01,27,,13,B,1667643188,false,false,,0.0016043015631697114,139,budget_exhausted,12.611260890960693
K27_01,27,,13,A,449904892,false,false,,0.053875898594615404,493,budget_exhausted,31.962270259857178
K27_01,27,,13,A,1667643188,false,false,,0.16561014779505218,855,budget_exhausted,56.44909381866455
K27_01,27,,13,B,128182595,false,false,,0.14357657358225806,125,budget_exhausted,12.640398979187012
K27_01,27,,13,B,1845143962,false,false,,0.13452429867847873,97,budget_exhausted,10.634076833724976
K27_02,27,,13,B,1683375127,false,false,,0.5595379034798135,17,budget_exhausted,5.5568811893463135
K27_02,27,,13,B,893706906,false,false,,0.0010005111111545232,63,budget_exhausted,6.7856690883636475
K27_02,27,,13,B,1753007184,false,false,,0.5875104715672879,45,budget_exhausted,6.152078866958618
K27_02,27,,13,B,2107424273,false,false,,0.20496551717879175,81,budget_exhausted,7.273414850234985
K27_02,27,,13,A,1753007184,false,false,,0.574659476482425,203,budget_exhausted,27.635053873062134
K27_02,27,,13,A,2107424273,false,false,,0.5355825305887855,365,budget_exhausted,18.56113314628601
K27_02,27,,13,A,418825361,false,false,,0.5714281419235169,145,budget_exhausted,19.66548991203308
K27_02,27,,13,A,215858185,false,false,,0.031478621771662205,619,budget_exhausted,20.995543956756592
K27_01,27,,13,A,128182595,false,false,,0.14189989056224694,1815,budget_exhausted,60.46595001220703
K27_01,27,,13,A,1845143962,false,false,,0.09675843038468776,407,budget_exhausted,26.584120988845825
K27_01,27,,13,A,1683375127,false,false,,0.1559741948979207,1515,budget_exhausted,84.3001971244812
K27_01,27,,13,A,893706906,false,false,,0.12631277397661447,305,budget_exhausted,23.570578813552856
K27_02,27,,13,A,128182595,false,false,,0.16162911815946904,199,budget_exhausted,15.838288307189941
K27_02,27,,13,A,1845143962,false,false,,0.582652927438229,441,budget_exhausted,23.34904408454895
K27_02,27,,13,A,1683375127,false,false,,0.5760547487398754,181,budget_exhausted,28.405142068862915
K27_02,27,,13,A,893706906,false,false,,0.5972860831236292,611,budget_exhausted,30.827773094177246
K27_01,27,,13,A,1753007184,false,false,,0.11160556033711966,1015,budget_exhausted,80.67034077644348
K27_01,27,,13,A,2107424273,false,false,,0.0029703964736027895,391,budget_exhausted,21.139638900756836
K27_01,27,,13,A,418825361,false,false,,0.17923235057795858,361,budget_exhausted,31.462859869003296
K27_01,27,,13,A,215858185,false,false,,0.1406951608050523,109,budget_exhausted,27.167428016662598
K27_02,27,,13,A,449904892,false,false,,0.559800478443934,153,budget_exhausted,19.426888942718506
K27_02,27,,13,A,1667643188,false,false,,0.57453327803905,431,budget_exhausted,29.46023201942444
K27_02,27,,13,B,128182595,false,false,,0.5595379034798135,17,budget_exhausted,6.130741119384766
K27_02,27,,13,B,1845143962,false,false,,0.5416034804498586,17,budget_exhausted,5.560146808624268
K27_02,27,,13,B,418825361,false,false,,3.1011735159766635e-06,69,budget_exhausted,6.630414247512817
K27_02,27,,13,B,215858185,false,false,,0.25554067461977953,47,budget_exhausted,5.030109882354736
K27_02,27,,13,B,449904892,false,false,,0.06724474036549677,81,budget_exhausted,7.269999265670776
K27_02,27,,13,B,1667643188,false,false,,0.5591601372769749,99,budget_exhausted,9.661120891571045
K27_03,27,,13,B,1683375127,false,false,,0.033516386716390276,113,budget_exhausted,9.329344034194946
K27_03,27,,13,B,893706906,false,false,,0.38291314899952916,109,budget_exhausted,9.08261513710022
K27_03,27,,13,B,1753007184,false,false,,0.03223018742199709,105,budget_exhausted,9.633931875228882
K27_03,27,,13,B,2107424273,false,false,,0.04332391937783369,165,budget_exhausted,14.293188095092773
K27_03,27,,13,B,418825361,false,false,,0.005745045739465218,139,budget_exhausted,11.040081977844238
K27_03,27,,13,B,215858185,false,false,,0.020130048409981192,167,budget_exhausted,13.634919881820679
K27_03,27,,13,B,449904892,false,false,,0.04944314191732619,111,budget_exhausted,11.168124914169312
K27_03,27,,13,B,1667643188,false,false,,0.02931276859196751,107,budget_exhausted,10.190054178237915
K27_03,27,,13,A,449904892,false,false,,0.0028435666407263275,1389,budget_exhausted,70.58671402931213
K27_03,27,,13,A,1667643188,false,false,,0.13915629368511587,569,budget_exhausted,33.899930238723755
K27_03,27,,13,B,128182595,false,false,,0.024058641920405802,127,budget_exhausted,11.060066938400269
K27_03,27,,13,B,1845143962,false,false,,0.05673546050211965,127,budget_exhausted,10.985093116760254
K27_04,27,,13,A,449904892,false,false,,0.02057642899690181,849,budget_exhausted,41.001006841659546
K27_04,27,,13,A,1667643188,false,false,,0.01272153074622787,449,budget_exhausted,20.78126573562622
K27_04,27,,13,B,128182595,false,false,,0.01473642094657048,111,budget_exhausted,10.705817222595215
K27_04,27,,13,B,1845143962,false,false,,0.042416919577410804,57,budget_exhausted,6.479698896408081
K27_03,27,,13,A,128182595,false,false,,0.10081958523259975,201,budget_exhausted,22.915499925613403
K27_03,27,,13,A,1845143962,false,false,,0.07655786029103252,357,budget_exhausted,27.58205819129944
K27_03,27,,13,A,1683375127,false,false,,0.013855081977070992,1247,budget_exhausted,56.779911041259766
K27_03,27,,13,A,893706906,false,false,,0.23946205465162754,601,budget_exhausted,39.368208169937134
K27_04,27,,13,A,128182595,false,false,,0.5503394804210753,467,budget_exhausted,19.968517065048218
K27_04,27,,13,A,1845143962,false,false,,0.10523492924628361,1027,budget_exhausted,42.06519389152527
K27_04,27,,13,A,1683375127,false,false,,0.061265572423244465,853,budget_exhausted,27.971458911895752
K27_04,27,,13,A,893706906,false,false,,0.12268836781273426,1103,budget_exhausted,60.62174725532532
K27_04,27,,13,B,418825361,false,false,,0.011679208201886542,83,budget_exhausted,7.438142776489258
K27_04,27,,13,B,215858185,false,false,,0.010806194636732455,111,budget_exhausted,9.833086967468262
K27_04,27,,13,B,449904892,false,false,,0.03739545504490337,63,budget_exhausted,6.379105091094971
K27_04,27,,13,B,1667643188,false,false,,0.5609250902128172,81,budget_exhausted,7.189178943634033
K27_04,27,,13,B,1683375127,false,false,,0.0818866521343449,65,budget_exhausted,6.862839937210083
K27_04,27,,13,B,893706906,false,false,,0.001872746086561917,89,budget_exhausted,8.596157789230347
K27_04,27,,13,B,1753007184,false,false,,0.05139538408813585,155,budget_exhausted,12.196380138397217
K27_04,27,,13,B,2107424273,false,false,,0.01043794672221053,105,budget_exhausted,11.45495891571045
K27_05,27,,13,B,1683375127,false,false,,0.00011671421799354195,95,budget_exhausted,9.104274034500122
K27_05,27,,13,B,893706906,false,false,,0.2018005067177718,85,budget_exhausted,8.717464685440063
K27_05,27,,13,B,1753007184,false,false,,0.0007766494377454187,53,budget_exhausted,5.840544939041138
K27_05,27,,13,B,2107424273,false,false,,0.012728553733270183,55,budget_exhausted,5.425262212753296
K27_04,27,,13,A,1753007184,false,false,,0.16473366514303428,153,budget_exhausted,14.564305305480957
K27_04,27,,13,A,2107424273,false,false,,0.0870058515029172,1445,budget_exhausted,58.838818073272705
K27_04,27,,13,A,418825361,false,false,,0.5474642940340481,961,budget_exhausted,55.926055908203125
K27_04,27,,13,A,215858185,false,false,,0.05190431037098368,665,budget_exhausted,47.28144907951355
K27_05,27,,13,B,418825361,false,false,,0.18285600022768703,79,budget_exhausted,7.517527103424072
K27_05,27,,13,B,215858185,false,false,,0.0007498109486646693,69,budget_exhausted,6.828356027603149
K27_05,27,,13,B,449904892,false,false,,0.006233828937944093,89,budget_exhausted,9.534721851348877
K27_05,27,,13,B,1667643188,false,false,,0.00012164941606904356,89,budget_exhausted,7.358055114746094
K27_05,27,,13,A,449904892,false,false,,0.07147296760929836,1045,budget_exhausted,32.11457896232605
K27_05,27,,13,A,1667643188,false,false,,0.002707313947283239,453,budget_exhausted,34.384227991104126
K27_05,27,,13,B,128182595,false,false,,0.0005623918618309052,173,budget_exhausted,13.295568943023682
K27_05,27,,13,B,1845143962,false,false,,0.1535471863784089,131,budget_exhausted,10.79092812538147
K27_03,27,,13,A,1753007184,false,false,,0.1204626607805894,349,budget_exhausted,19.112721920013428
K27_03,27,,13,A,2107424273,false,false,,0.05654712709064033,1443,budget_exhausted,93.21123313903809
K27_03,27,,13,A,418825361,false,false,,0.4487055787849877,639,budget_exhausted,55.7996883392334
K27_03,27,,13,A,215858185,false,false,,0.5023300530346586,1569,budget_exhausted,97.9805519580841
K27_05,27,,13,A,1753007184,false,false,,0.03260271619944352,99,budget_exhausted,9.988609075546265
K27_05,27,,13,A,2107424273,false,false,,0.1848777647178591,213,budget_exhausted,18.202489852905273
K27_05,27,,13,A,418825361,false,false,,0.001894243913792843,1421,budget_exhausted,68.64861488342285
K27_05,27,,13,A,215858185,false,false,,0.0006996980839140656,995,budget_exhausted,47.79938817024231
K27_06,27,,13,B,1683375127,false,false,,0.049856779916309865,121,budget_exhausted,9.934131860733032
K27_06,27,,13,B,893706906,false,false,,0.005403832782343017,97,budget_exhausted,8.023446798324585
K27_06,27,,13,B,1753007184,false,false,,0.02723368507504346,155,budget_exhausted,13.596438884735107
K27_06,27,,13,B,2107424273,false,false,,0.019931679218065074,131,budget_exhausted,14.260124921798706
K27_05,27,,13,A,128182595,false,false,,0.056978320286813426,597,budget_exhausted,85.46074986457825
K27_05,27,,13,A,1845143962,false,false,,0.16719793793112783,743,budget_exhausted,42.31509709358215
K27_05,27,,13,A,1683375127,false,false,,9.622970448768513e-06,159,budget_exhausted,13.792195081710815
K27_05,27,,13,A,893706906,false,false,,0.01952844818309955,691,budget_exhausted,49.99358105659485
K27_06,27,,13,A,449904892,false,false,,0.3410623809419633,433,budget_exhausted,59.40563607215881
K27_06,27,,13,A,1667643188,false,false,,0.3366355199968057,277,budget_exhausted,12.496589183807373
K27_06,27,,13,B,128182595,false,false,,0.0018717769211547034,93,budget_exhausted,8.163245677947998
K27_06,27,,13,B,1845143962,false,false,,0.0029867293630697154,85,budget_exhausted,8.26548981666565
K27_06,27,,13,B,418825361,false,false,,0.0032238273921923735,95,budget_exhausted,11.001700639724731
K27_06,27,,13,B,215858185,false,false,,0.046684101039375224,63,budget_exhausted,10.34946894645691
K27_06,27,,13,B,449904892,false,false,,0.34349613565299025,131,budget_exhausted,13.69579267501831
K27_06,27,,13,B,1667643188,false,false,,0.07396457005251324,91,budget_exhausted,7.8601648807525635
K27_07,27,,13,B,1683375127,false,false,,0.2690316174109412,39,budget_exhausted,4.637372016906738
K27_07,27,,13,B,893706906,false,false,,0.07211574425572369,99,budget_exhausted,8.262497186660767
K27_07,27,,13,B,1753007184,false,false,,0.07652548237423322,217,budget_exhausted,17.059632778167725
K27_07,27,,13,B,2107424273,false,false,,0.1222167967066572,153,budget_exhausted,15.80849289894104
K27_07,27,,13,B,418825361,false,false,,0.10242039596101833,151,budget_exhausted,16.036139011383057
K27_07,27,,13,B,215858185,false,false,,0.12025173694820412,151,budget_exhausted,12.438295125961304
K27_07,27,,13,B,449904892,false,false,,0.8909808841991145,35,budget_exhausted,4.351257801055908
K27_07,27,,13,B,1667643188,false,false,,0.002273312520155387,123,budget_exhausted,10.958396911621094
K27_07,27,,13,A,449904892,false,false,,0.11582033487633886,753,budget_exhausted,56.039374113082886
K27_07,27,,13,A,1667643188,false,false,,0.011127566707598032,417,budget_exhausted,31.79772400856018
K27_07,27,,13,B,128182595,false,false,,0.02349882002202352,105,budget_exhausted,10.589736938476562
K27_07,27,,13,B,1845143962,false,false,,0.09377331940029641,105,budget_exhausted,12.107313871383667
K27_07,27,,13,A,1753007184,false,false,,0.894703360105867,39,budget_exhausted,27.443291902542114
K27_07,27,,13,A,2107424273,false,false,,0.07770501640901498,449,budget_exhausted,28.028037786483765
K27_07,27,,13,A,418825361,false,false,,0.8949770972391043,735,budget_exhausted,37.89013719558716
K27_07,27,,13,A,215858185,false,false,,0.03695455336683753,441,budget_exhausted,28.9181387424469
K27_06,27,,13,A,1753007184,false,false,,0.004474962563905482,1481,budget_exhausted,56.85374331474304
K27_06,27,,13,A,2107424273,false,false,,0.0014651655898877075,875,budget_exhausted,64.37206101417542
K27_06,27,,13,A,418825361,false,false,,0.016745806727780657,447,budget_exhausted,17.778915882110596
K27_06,27,,13,A,215858185,false,false,,0.0005527847854938803,1017,budget_exhausted,93.5498857498169
K27_07,27,,13,A,128182595,false,false,,0.001956769590058985,895,budget_exhausted,53.49099278450012
K27_07,27,,13,A,1845143962,false,false,,0.04156154664217802,331,budget_exhausted,37.54284071922302
K27_07,27,,13,A,1683375127,false,false,,0.01493679543641611,507,budget_exhausted,26.577986001968384
K27_07,27,,13,A,893706906,false,false,,0.0034444115078738065,837,budget_exhausted,34.44870972633362
K27_08,27,,13,B,418825361,false,false,,0.009854203323698038,39,budget_exhausted,4.33889627456665
K27_08,27,,13,B,215858185,false,false,,0.008820243350544571,57,budget_exhausted,6.165402889251709
K27_08,27,,13,B,449904892,false,false,,0.013270747076802585,33,budget_exhausted,3.871572971343994
K27_08,27,,13,B,1667643188,false,false,,0.00035971752581571807,63,budget_exhausted,5.207395076751709
K27_08,27,,13,B,1683375127,false,false,,0.006564587420710819,49,budget_exhausted,5.261953115463257
K27_08,27,,13,B,893706906,false,false,,0.00033944568647377156,93,budget_exhausted,8.738054037094116
K27_08,27,,13,B,1753007184,false,false,,0.012189165865420203,27,budget_exhausted,3.775519371032715
K27_08,27,,13,B,2107424273,false,false,,0.009314437522366199,37,budget_exhausted,4.259921073913574
K27_06,27,,13,A,128182595,false,false,,0.007507607473682544,1135,budget_exhausted,68.25853681564331
K27_06,27,,13,A,1845143962,false,false,,0.14104401429085303,1773,budget_exhausted,102.1875410079956
K27_06,27,,13,A,1683375127,false,false,,0.004511156434645709,1811,budget_exhausted,76.94649887084961
K27_06,27,,13,A,893706906,false,false,,0.0003979455096840635,1787,budget_exhausted,48.51671600341797
K27_08,27,,13,A,449904892,false,false,,0.00466514742246278,625,budget_exhausted,56.99341011047363
K27_08,27,,13,A,1667643188,false,false,,0.0006872892129247275,805,budget_exhausted,63.05494570732117
K27_08,27,,13,B,128182595,false,false,,0.0006250990715577267,125,budget_exhausted,11.665793895721436
K27_08,27,,13,B,1845143962,false,false,,0.016416811251813213,73,budget_exhausted,7.082536220550537
K27_09,27,,13,A,449904892,false,false,,0.3028844575171452,567,budget_exhausted,30.76059126853943
K27_09,27,,13,A,1667643188,false,false,,0.16324852672017245,1137,budget_exhausted,41.653254985809326
K27_09,27,,13,B,128182595,false,false,,0.23812468904209455,123,budget_exhausted,12.638051748275757
K27_09,27,,13,B,1845143962,false,false,,2.296440354249928,153,budget_exhausted,13.297854900360107
K27_09,27,,13,B,1683375127,false,false,,3.167837719930837,125,budget_exhausted,10.444493055343628
K27_09,27,,13,B,893706906,false,false,,0.2157240298064567,117,budget_exhausted,10.686628103256226
K27_09,27,,13,B,1753007184,false,false,,0.3794356128884959,151,budget_exhausted,13.135151863098145
K27_09,27,,13,B,2107424273,false,false,,0.000527924798024029,129,budget_exhausted,11.435947895050049
K27_08,27,,13,A,128182595,false,false,,0.0350638481013398,299,budget_exhausted,28.02158808708191
K27_08,27,,13,A,1845143962,false,false,,0.003215053391807229,1733,budget_exhausted,102.5180778503418
K27_08,27,,13,A,1683375127,false,false,,0.016596346846150398,17,budget_exhausted,29.075494050979614
K27_08,27,,13,A,893706906,false,false,,0.03417838108242093,919,budget_exhausted,44.01503801345825
K27_09,27,,13,A,128182595,false,false,,0.01004021209030094,393,budget_exhausted,36.92178916931152
K27_09,27,,13,A,1845143962,false,false,,8.870415547005624,1517,budget_exhausted,77.27939128875732
K27_09,27,,13,A,1683375127,false,false,,0.08988769059837876,435,budget_exhausted,20.554939031600952
K27_09,27,,13,A,893706906,false,false,,0.06061777564019732,933,budget_exhausted,25.739012002944946
K27_09,27,,13,B,418825361,false,false,,0.017243305022927983,163,budget_exhausted,15.123149156570435
K27_09,27,,13,B,215858185,false,false,,5.5709609611922,193,budget_exhausted,14.601341009140015
K27_09,27,,13,B,449904892,false,false,,11.049191227517285,201,budget_exhausted,15.822800159454346
K27_09,27,,13,B,1667643188,false,false,,1.2358411779880991,89,budget_exhausted,7.74029016494751
K27_10,27,,13,B,1683375127,false,false,,0.021701378638735128,89,budget_exhausted,10.843996047973633
K27_10,27,,13,B,893706906,false,false,,0.028829844987143676,101,budget_exhausted,11.939613103866577
K27_10,27,,13,B,1753007184,false,false,,0.02957582700320945,141,budget_exhausted,10.929331064224243
K27_10,27,,13,B,2107424273,false,false,,0.028486493537585783,173,budget_exhausted,12.047565937042236
K27_08,27,,13,A,1753007184,false,false,,4.6752412290268903e-05,1155,budget_exhausted,89.01905727386475
K27_08,27,,13,A,2107424273,false,false,,0.0015699054972745385,303,budget_exhausted,21.267850160598755
K27_08,27,,13,A,418825361,false,false,,1.2808970409675908e-05,875,budget_exhausted,90.73865914344788
K27_08,27,,13,A,215858185,false,false,,0.0014415663849084628,511,budget_exhausted,68.05555820465088
K27_10,27,,13,B,418825361,false,false,,0.04810703467609241,129,budget_exhausted,11.419870138168335
K27_10,27,,13,B,215858185,false,false,,0.07608348563408214,165,budget_exhausted,12.867028951644897
K27_10,27,,13,B,449904892,false,false,,0.015337488592358686,83,budget_exhausted,8.347172260284424
K27_10,27,,13,B,1667643188,false,false,,0.007433426131987057,91,budget_exhausted,10.011482000350952
K27_10,27,,13,A,449904892,false,false,,0.6508999640463217,575,budget_exhausted,73.08861804008484
K27_10,27,,13,A,1667643188,false,false,,0.010982422992569192,133,budget_exhausted,23.518462896347046
K27_10,27,,13,B,128182595,false,false,,0.0266124771488624,187,budget_exhausted,14.330619812011719
K27_10,27,,13,B,1845143962,false,false,,0.005675880440980105,139,budget_exhausted,11.287401914596558
K27_10,27,,13,A,1753007184,false,false,,0.00048105815761868956,803,budget_exhausted,42.77647304534912
K27_10,27,,13,A,2107424273,false,false,,0.008993878800106917,455,budget_exhausted,29.969088077545166
K27_10,27,,13,A,418825361,false,false,,0.014217010345739512,857,budget_exhausted,27.409152030944824
K27_10,27,,13,A,215858185,false,false,,0.3687527774462753,661,budget_exhausted,26.508708000183105
K27_10,27,,13,A,128182595,false,false,,0.07820563437827481,765,budget_exhausted,41.68552231788635
K27_10,27,,13,A,1845143962,false,false,,0.00015091588027280292,1009,budget_exhausted,49.312309980392456
K27_10,27,,13,A,1683375127,false,false,,0.013697760385725738,523,budget_exhausted,9.329079866409302
K27_10,27,,13,A,893706906,false,false,,0.013013241848966363,137,budget_exhausted,31.513257026672363
K27_09,27,,13,A,1753007184,false,false,,59.89298575268629,129,budget_exhausted,97.5628809928894
K27_09,27,,13,A,2107424273,false,false,,0.15750887522733353,1957,budget_exhausted,117.16405916213989
K27_09,27,,13,A,418825361,false,false,,0.028343161919493456,815,budget_exhausted,51.020846128463745
K27_09,27,,13,A,215858185,false,false,,0.11734264509157245,709,budget_exhausted,22.083918809890747
K27_11,27,,13,B,1683375127,false,false,,0.2019307361341555,65,budget_exhausted,6.527520179748535
K27_11,27,,13,B,893706906,false,false,,0.15684978249999415,97,budget_exhausted,8.5732421875
K27_11,27,,13,B,1753007184,false,false,,0.0454350488994856,99,budget_exhausted,10.257674932479858
K27_11,27,,13,B,2107424273,false,false,,0.17543313674143218,83,budget_exhausted,7.171932935714722
K27_11,27,,13,B,418825361,false,false,,0.04527262458222058,57,budget_exhausted,6.022742748260498
K27_11,27,,13,B,215858185,false,false,,0.003978895597755347,89,budget_exhausted,10.238221168518066
K27_11,27,,13,B,449904892,false,false,,0.030063377053009016,53,budget_exhausted,6.888101100921631
K27_11,27,,13,B,1667643188,false,false,,0.05577197396482378,69,budget_exhausted,6.543169021606445
K27_11,27,,13,A,449904892,false,false,,0.09119776349248704,1507,budget_exhausted,55.95698928833008
K27_11,27,,13,A,1667643188,false,false,,0.016234881600649547,335,budget_exhausted,28.458582162857056
K27_11,27,,13,B,128182595,false,false,,0.2097794844153236,63,budget_exhausted,4.667468070983887
K27_11,27,,13,B,1845143962,false,false,,0.23229815505469428,103,budget_exhausted,6.84571099281311
K27_12,27,,13,B,1683375127,false,false,,0.125656796727238,159,budget_exhausted,11.854382038116455
K27_12,27,,13,B,893706906,false,false,,0.1278069460881276,83,budget_exhausted,7.528395891189575
K27_12,27,,13,B,1753007184,false,false,,0.0764076468583899,117,budget_exhausted,11.410269260406494
K27_12,27,,13,B,2107424273,false,false,,0.15137769205467905,125,budget_exhausted,10.004074811935425
K27_12,27,,13,A,128182595,false,false,,1.4413207101385241,1449,budget_exhausted,50.208943128585815
K27_12,27,,13,A,1845143962,false,false,,0.017091489486656043,937,budget_exhausted,34.86634302139282
K27_12,27,,13,A,1683375127,false,false,,0.5199976576034049,335,budget_exhausted,22.599464893341064
K27_12,27,,13,A,893706906,false,false,,0.1688713042065102,393,budget_exhausted,26.16340208053589
K27_11,27,,13,A,128182595,false,false,,0.273553960273849,633,budget_exhausted,78.81201696395874
K27_11,27,,13,A,1845143962,false,false,,0.08118114366897573,1641,budget_exhausted,49.68971109390259
K27_11,27,,13,A,1683375127,false,false,,0.08138692454687828,199,budget_exhausted,29.11664891242981
K27_11,27,,13,A,893706906,false,false,,0.08761037841057091,771,budget_exhausted,31.8683021068573
K27_12,27,,13,A,449904892,false,false,,0.06890323633014046,1171,budget_exhausted,71.98008298873901
K27_12,27,,13,A,1667643188,false,false,,0.014522380937758624,545,budget_exhausted,35.743836879730225
K27_12,27,,13,B,128182595,false,false,,0.12386066643345567,65,budget_exhausted,6.537630081176758
K27_12,27,,13,B,1845143962,false,false,,0.029581224061908027,133,budget_exhausted,13.416897058486938
K27_12,27,,13,B,418825361,false,false,,0.136252603244044,99,budget_exhausted,10.18319320678711
K27_12,27,,13,B,215858185,false,false,,0.018304295019325633,117,budget_exhausted,10.878974914550781
K27_12,27,,13,B,449904892,false,false,,0.030326263996009982,105,budget_exhausted,9.894176483154297
K27_12,27,,13,B,1667643188,false,false,,0.07020710445216653,93,budget_exhausted,9.945250034332275
K27_11,27,,13,A,1753007184,false,false,,0.07318987189896192,205,budget_exhausted,42.02731800079346
K27_11,27,,13,A,2107424273,false,false,,0.16374187004040838,545,budget_exhausted,45.37812876701355
K27_11,27,,13,A,418825361,false,false,,0.1329009865819824,1691,budget_exhausted,88.2509777545929
K27_11,27,,13,A,215858185,false,false,,0.23232282590837797,201,budget_exhausted,29.928202152252197
K27_13,27,,13,A,449904892,false,false,,0.11341985579557821,357,budget_exhausted,15.872370958328247
K27_13,27,,13,A,1667643188,false,false,,0.6696673883674532,59,budget_exhausted,38.392226219177246
K27_13,27,,13,B,128182595,false,false,,0.5294406362445364,91,budget_exhausted,12.23813509941101
K27_13,27,,13,B,1845143962,false,false,,0.03667667181455613,123,budget_exhausted,12.22502875328064
K27_14,27,,13,A,128182595,false,false,,13.341884065126573,1,budget_exhausted,0.6462388038635254
K27_14,27,,13,A,1845143962,false,false,,13.341884065126573,1,budget_exhausted,0.6562929153442383
K27_14,27,,13,A,1683375127,false,false,,13.341884065126573,1,budget_exhausted,0.6417191028594971
K27_14,27,,13,A,893706906,false,false,,13.341884065126573,1,budget_exhausted,0.6598451137542725
K27_13,27,,13,A,128182595,false,false,,0.3098775082724261,259,budget_exhausted,32.774075746536255
K27_13,27,,13,A,1845143962,false,false,,0.4872181124747724,179,budget_exhausted,18.509348154067993
K27_13,27,,13,A,1683375127,false,false,,0.08992490324232676,569,budget_exhausted,35.10376977920532
K27_13,27,,13,A,893706906,false,false,,0.08416244141868798,605,budget_exhausted,36.76104378700256
K27_13,27,,13,B,1683375127,false,false,,0.457762299067282,95,budget_exhausted,24.59298610687256
K27_13,27,,13,B,893706906,false,false,,0.12070667472157759,131,budget_exhausted,13.838074684143066
K27_13,27,,13,B,1753007184,false,false,,407.9825243584222,15,budget_exhausted,31.19829773902893
K27_13,27,,13,B,2107424273,false,false,,407.9825243584222,15,budget_exhausted,22.72487998008728
K27_14,27,,13,A,449904892,false,false,,13.341884065126573,1,budget_exhausted,0.7047607898712158
K27_14,27,,13,A,1667643188,false,false,,13.341884065126573,1,budget_exhausted,0.6750509738922119
K27_14,27,,13,B,128182595,false,false,,13.227677926103247,65,budget_exhausted,6.95986008644104
K27_14,27,,13,B,1845143962,false,false,,12.17944594161695,47,budget_exhausted,5.012192010879517
K27_14,27,,13,B,1683375127,false,false,,12.071009565811503,33,budget_exhausted,4.008634090423584
K27_14,27,,13,B,893706906,false,false,,0.35076717314705863,73,budget_exhausted,7.089161157608032
K27_14,27,,13,B,1753007184,false,false,,11.254070825053475,33,budget_exhausted,4.198961019515991
K27_14,27,,13,B,2107424273,false,false,,9.753337188971383,59,budget_exhausted,4.205284118652344
K27_12,27,,13,A,1753007184,false,false,,1.3300141484936656,159,budget_exhausted,16.346235036849976
K27_12,27,,13,A,2107424273,false,false,,0.28126073261674367,341,budget_exhausted,22.5190908908844
K27_12,27,,13,A,418825361,false,false,,0.32350008668108976,1799,budget_exhausted,110.36677813529968
K27_12,27,,13,A,215858185,false,false,,1.0023627459454996,1545,budget_exhausted,111.45356798171997
K27_14,27,,13,B,418825361,false,false,,0.2231279105516607,77,budget_exhausted,7.076172113418579
K27_14,27,,13,B,215858185,false,false,,0.13230038816015158,85,budget_exhausted,8.373753786087036
K27_14,27,,13,B,449904892,false,false,,3.868606632645546,43,budget_exhausted,5.4279961585998535
K27_14,27,,13,B,1667643188,false,false,,0.7034311308159178,39,budget_exhausted,4.683377742767334
K27_13,27,,13,B,418825361,false,false,,8.92153197025331e-06,83,budget_exhausted,11.5539071559906
K27_13,27,,13,B,215858185,false,false,,0.13023060492425434,115,budget_exhausted,12.935086727142334
K27_13,27,,13,B,449904892,false,false,,0.42929344308251227,23,budget_exhausted,54.44069194793701
K27_13,27,,13,B,1667643188,false,false,,0.13890775212535023,79,budget_exhausted,41.276719093322754
K27_14,27,,13,A,1753007184,false,false,,6.334420985545568,1445,budget_exhausted,74.43017101287842
K27_14,27,,13,A,2107424273,false,false,,13.341884065126573,1,budget_exhausted,0.6528990268707275
K27_14,27,,13,A,418825361,false,false,,13.341884065126573,1,budget_exhausted,0.6275758743286133
K27_14,27,,13,A,215858185,false,false,,13.341884065126573,1,budget_exhausted,0.6840686798095703
K27_13,27,,13,A,1753007184,false,false,,0.04889847727617139,285,budget_exhausted,42.631428241729736
K27_13,27,,13,A,2107424273,false,false,,0.4185164264328745,37,budget_exhausted,66.55159401893616
K27_13,27,,13,A,418825361,false,false,,0.0447554057709244,609,budget_exhausted,24.3434100151062
K27_13,27,,13,A,215858185,false,false,,0.28558688044557007,1547,budget_exhausted,47.55828094482422
K27_15,27,,13,B,1683375127,false,false,,0.007497284040186805,111,budget_exhausted,10.899128675460815
K27_15,27,,13,B,893706906,false,false,,0.010450449644729938,97,budget_exhausted,9.556437015533447
K27_15,27,,13,B,1753007184,false,false,,0.016578445034942206,119,budget_exhausted,10.073476076126099
K27_15,27,,13,B,2107424273,false,false,,1.234722376795627,131,budget_exhausted,10.663410902023315
K27_15,27,,13,B,418825361,false,false,,0.02613312264092267,137,budget_exhausted,13.148749828338623
K27_15,27,,13,B,215858185,false,false,,0.05729692040459782,113,budget_exhausted,11.275069952011108
K27_15,27,,13,B,449904892,false,false,,0.14130018886580387,87,budget_exhausted,7.4350807666778564
K27_15,27,,13,B,1667643188,false,false,,0.20664588424100447,87,budget_exhausted,8.109673976898193
K27_15,27,,13,A,449904892,false,false,,0.018759146165315047,325,budget_exhausted,36.73121190071106
K27_15,27,,13,A,1667643188,false,false,,0.02734436457933469,401,budget_exhausted,23.843193292617798
K27_15,27,,13,B,128182595,false,false,,0.0076633636157883555,157,budget_exhausted,12.645689010620117
K27_15,27,,13,B,1845143962,false,false,,0.03687844169135162,65,budget_exhausted,7.038093090057373
K27_16,27,,13,B,1683375127,false,false,,0.09358548449297703,91,budget_exhausted,8.093611001968384
K27_16,27,,13,B,893706906,false,false,,0.014919958697497057,75,budget_exhausted,6.699988126754761
K27_16,27,,13,B,1753007184,false,false,,0.15601570880558538,79,budget_exhausted,6.74491286277771
K27_16,27,,13,B,2107424273,false,false,,0.12609028071341444,145,budget_exhausted,11.007572889328003
K27_15,27,,13,A,128182595,false,false,,0.019820072434246702,287,budget_exhausted,39.88401007652283
K27_15,27,,13,A,1845143962,false,false,,0.02360572959896694,567,budget_exhausted,46.10222315788269
K27_15,27,,13,A,1683375127,false,false,,1.6395111623824117,341,budget_exhausted,23.606721878051758
K27_15,27,,13,A,893706906,false,false,,0.02793302957017343,393,budget_exhausted,25.898130178451538
K27_16,27,,13,A,449904892,false,false,,0.5686910482429083,925,budget_exhausted,24.87102222442627
K27_16,27,,13,A,1667643188,false,false,,0.08426456166104408,401,budget_exhausted,26.630072116851807
K27_16,27,,13,B,128182595,false,false,,0.0926040744796338,67,budget_exhausted,6.549659729003906
K27_16,27,,13,B,1845143962,false,false,,0.054741518963570865,43,budget_exhausted,5.52901816368103
K27_16,27,,13,B,418825361,false,false,,0.029970782666448564,87,budget_exhausted,8.138245105743408
K27_16,27,,13,B,215858185,false,false,,0.01350797716062112,77,budget_exhausted,7.960007905960083
K27_16,27,,13,B,449904892,false,false,,0.14986918983468053,63,budget_exhausted,6.225210189819336
K27_16,27,,13,B,1667643188,false,false,,0.1306507527229013,109,budget_exhausted,10.0519540309906
K27_15,27,,13,A,1753007184,false,false,,0.027749770148394536,1169,budget_exhausted,99.62527418136597
K27_15,27,,13,A,2107424273,false,false,,0.004844018152464962,379,budget_exhausted,32.464425802230835
K27_15,27,,13,A,418825361,false,false,,1.1784076649395154,639,budget_exhausted,29.516869068145752
K27_15,27,,13,A,215858185,false,false,,0.1770786874140739,777,budget_exhausted,39.78376221656799
K27_17,27,,13,B,1683375127,false,false,,0.37107375011186755,95,budget_exhausted,8.035409212112427
K27_17,27,,13,B,893706906,false,false,,0.0005142086700159984,55,budget_exhausted,5.590949058532715
K27_17,27,,13,B,1753007184,false,false,,0.01189715824274026,53,budget_exhausted,5.4991230964660645
K27_17,27,,13,B,2107424273,false,false,,0.0828058506096575,131,budget_exhausted,11.083739042282104
K27_16,27,,13,A,128182595,false,false,,0.2798143663099341,871,budget_exhausted,30.886325120925903
K27_16,27,,13,A,1845143962,false,false,,0.07176172311472732,103,budget_exhausted,20.029903888702393
K27_16,27,,13,A,1683375127,false,false,,0.025333459975396072,1665,budget_exhausted,100.94250297546387
K27_16,27,,13,A,893706906,false,false,,0.1228387507399292,1349,budget_exhausted,72.66883420944214
K27_17,27,,13,B,418825361,false,false,,0.01425768335056102,107,budget_exhausted,9.927655935287476
K27_17,27,,13,B,215858185,false,false,,0.011370156176635155,97,budget_exhausted,9.162286043167114
K27_17,27,,13,B,449904892,false,false,,0.11569176940090016,101,budget_exhausted,9.164323091506958
K27_17,27,,13,B,1667643188,false,false,,0.08016969133624369,121,budget_exhausted,10.32430100440979
K27_17,27,,13,A,449904892,false,false,,0.03873246694043921,437,budget_exhausted,78.43455600738525
K27_17,27,,13,A,1667643188,false,false,,0.18014152340147618,67,budget_exhausted,30.631439924240112
K27_17,27,,13,B,128182595,false,false,,10.976153274137616,91,budget_exhausted,8.349962949752808
K27_17,27,,13,B,1845143962,false,false,,1.9367243779613186,91,budget_exhausted,6.077731132507324
K27_16,27,,13,A,1753007184,false,false,,0.08311530964052978,1191,budget_exhausted,88.43153429031372
K27_16,27,,13,A,2107424273,false,false,,0.06974649066867801,249,budget_exhausted,51.03507590293884
K27_16,27,,13,A,418825361,false,false,,0.05313277610444163,543,budget_exhausted,27.591460704803467
K27_16,27,,13,A,215858185,false,false,,0.07486696536065916,1233,budget_exhausted,61.56800413131714
K27_17,27,,13,A,128182595,false,false,,0.03873763254053482,577,budget_exhausted,70.26969909667969
K27_17,27,,13,A,1845143962,false,false,,0.0015338918632695684,977,budget_exhausted,62.13104200363159
K27_17,27,,13,A,1683375127,false,false,,0.1047927234866753,707,budget_exhausted,22.615020036697388
K27_17,27,,13,A,893706906,false,false,,0.0704861112798357,539,budget_exhausted,17.849177837371826
K27_18,27,,13,B,1683375127,false,false,,1.2043168783111555,83,budget_exhausted,4.974092960357666
K27_18,27,,13,B,893706906,false,false,,1.2147676466551405,35,budget_exhausted,7.096021890640259
K27_18,27,,13,B,1753007184,false,false,,0.09685601432913281,165,budget_exhausted,15.184603214263916
K27_18,27,,13,B,2107424273,false,false,,0.014345856755515479,151,budget_exhausted,9.821928977966309
K27_17,27,,13,A,1753007184,false,false,,6.468390853738742e-05,493,budget_exhausted,54.16983890533447
K27_17,27,,13,A,2107424273,false,false,,0.0030842087711831995,771,budget_exhausted,44.9828360080719
K27_17,27,,13,A,418825361,false,false,,0.0071629921927933195,631,budget_exhausted,69.79045104980469
K27_17,27,,13,A,215858185,false,false,,1.1090715190489842e-05,363,budget_exhausted,42.31857681274414
K27_18,27,,13,B,418825361,false,false,,0.006396269827083162,71,budget_exhausted,9.237852811813354
K27_18,27,,13,B,215858185,false,false,,0.24652373385548296,145,budget_exhausted,10.776540279388428
K27_18,27,,13,B,449904892,false,false,,0.21153624976987725,223,budget_exhausted,17.932058095932007
K27_18,27,,13,B,1667643188,false,false,,0.32703329015041166,121,budget_exhausted,10.478039979934692
K27_18,27,,13,A,449904892,false,false,,0.19152196134478175,1421,budget_exhausted,46.90488600730896
K27_18,27,,13,A,1667643188,false,false,,0.4299691618547789,363,budget_exhausted,65.9065511226654
K27_18,27,,13,B,128182595,false,false,,1.2099532742597796,81,budget_exhausted,7.048411130905151
K27_18,27,,13,B,1845143962,false,false,,0.22010618325916462,171,budget_exhausted,13.632645845413208
K27_18,27,,13,A,1753007184,false,false,,0.18441415833969735,607,budget_exhausted,42.832661151885986
K27_18,27,,13,A,2107424273,false,false,,1.2022241844323875,87,budget_exhausted,23.723602294921875
K27_18,27,,13,A,418825361,false,false,,0.3260746861936833,1177,budget_exhausted,44.98571491241455
K27_18,27,,13,A,215858185,false,false,,0.06981979285823561,529,budget_exhausted,33.23506689071655
K27_18,27,,13,A,128182595,false,false,,0.5858552401366427,1665,budget_exhausted,78.43200588226318
K27_18,27,,13,A,1845143962,false,false,,0.05666970416014042,929,budget_exhausted,35.0025749206543
K27_18,27,,13,A,1683375127,false,false,,0.19290985919009584,875,budget_exhausted,19.971696138381958
K27_18,27,,13,A,893706906,false,false,,0.016170868370115807,1077,budget_exhausted,38.04808282852173
K27_19,27,,13,A,449904892,false,false,,0.06957068394550382,97,budget_exhausted,17.21296215057373
K27_19,27,,13,A,1667643188,false,false,,0.16626050214402902,69,budget_exhausted,39.30248498916626
K27_19,27,,13,B,128182595,false,false,,0.10018004308124873,95,budget_exhausted,12.464002132415771
K27_19,27,,13,B,1845143962,false,false,,0.09975897632788748,99,budget_exhausted,10.50447678565979
K27_19,27,,13,A,128182595,false,false,,0.2831088106253509,61,budget_exhausted,30.826599836349487
K27_19,27,,13,A,1845143962,false,false,,0.02479354969370075,1237,budget_exhausted,46.08730220794678
K27_19,27,,13,A,1683375127,false,false,,0.07985696034669995,73,budget_exhausted,26.084879875183105
K27_19,27,,13,A,893706906,false,false,,0.3549735965078939,503,budget_exhausted,29.136058807373047
K27_19,27,,13,B,1683375127,false,false,,0.08947431694971547,53,budget_exhausted,24.908010959625244
K27_19,27,,13,B,893706906,false,false,,0.05326325957531025,83,budget_exhausted,9.808823823928833
K27_19,27,,13,B,1753007184,false,false,,2812.217879372414,15,budget_exhausted,31.210534811019897
K27_19,27,,13,B,2107424273,false,false,,2812.217879372414,15,budget_exhausted,22.789942979812622
K27_19,27,,13,A,1753007184,false,false,,0.11857170732831242,143,budget_exhausted,31.404655933380127
K27_19,27,,13,A,2107424273,false,false,,0.28559687318851523,27,budget_exhausted,66.66258192062378
K27_19,27,,13,A,418825361,false,false,,0.14626283184061437,1521,budget_exhausted,79.34945106506348
K27_19,27,,13,A,215858185,true,false,92,4.987418472139586e-07,23,converged,10.493387937545776
K27_20,27,,13,B,1683375127,false,false,,0.028577240558470267,107,budget_exhausted,12.798133850097656
K27_20,27,,13,B,893706906,false,false,,0.2875601112369645,53,budget_exhausted,5.5597522258758545
K27_20,27,,13,B,1753007184,false,false,,0.001614559247109734,61,budget_exhausted,6.608412981033325
K27_20,27,,13,B,2107424273,false,false,,0.08067757361909884,101,budget_exhausted,8.95377492904663
K27_19,27,,13,B,418825361,false,false,,0.07308678411718493,105,budget_exhausted,14.014280080795288
K27_19,27,,13,B,215858185,false,false,,0.23341243939138295,57,budget_exhausted,8.859270811080933
K27_19,27,,13,B,449904892,false,false,,0.32499040611360863,109,budget_exhausted,53.91615414619446
K27_19,27,,13,B,1667643188,false,false,,0.3414245126421882,47,budget_exhausted,40.314894914627075
K27_20,27,,13,B,418825361,false,false,,8.983068201085742e-05,101,budget_exhausted,9.217513084411621
K27_20,27,,13,B,215858185,false,false,,0.0006492343806336417,75,budget_exhausted,6.2711451053619385
K27_20,27,,13,B,449904892,false,false,,0.2886989384557793,37,budget_exhausted,4.932394981384277
K27_20,27,,13,B,1667643188,false,false,,0.00357831417664602,95,budget_exhausted,8.159890174865723
K27_20,27,,13,A,449904892,false,false,,0.003104802410122501,1173,budget_exhausted,51.077725887298584
K27_20,27,,13,A,1667643188,false,false,,0.005622312059940043,387,budget_exhausted,52.06405305862427
K27_20,27,,13,B,128182595,false,false,,0.044990625247870876,71,budget_exhausted,6.703216075897217
K27_20,27,,13,B,1845143962,false,false,,0.00011281736922029594,61,budget_exhausted,5.169543981552124
K27_21,27,,13,A,449904892,false,false,,0.36959905419796685,401,budget_exhausted,23.392277002334595
K27_21,27,,13,A,1667643188,false,false,,0.23373945037845786,307,budget_exhausted,23.327211141586304
K27_21,27,,13,B,128182595,false,false,,0.5895534401991241,67,budget_exhausted,8.97997522354126
K27_21,27,,13,B,1845143962,false,false,,0.06308933703631708,135,budget_exhausted,8.334594011306763
K27_21,27,,13,B,1683375127,false,false,,0.35917263545020106,109,budget_exhausted,11.03498125076294
K27_21,27,,13,B,893706906,false,false,,0.4874592346112801,139,budget_exhausted,13.02720594406128
K27_21,27,,13,B,1753007184,false,false,,0.20405764815713667,85,budget_exhausted,7.770571947097778
K27_21,27,,13,B,2107424273,false,false,,0.5780226532207017,137,budget_exhausted,13.30061674118042
K27_20,27,,13,A,1753007184,false,false,,0.29507745245699,763,budget_exhausted,38.76807713508606
K27_20,27,,13,A,2107424273,false,false,,4.585144650945103e-05,1751,budget_exhausted,83.55340504646301
K27_20,27,,13,A,418825361,false,false,,0.004121505724852951,859,budget_exhausted,56.219484090805054
K27_20,27,,13,A,215858185,false,false,,0.2632942916219698,477,budget_exhausted,28.351475954055786
K27_20,27,,13,A,128182595,false,false,,0.022594089746046226,1239,budget_exhausted,65.43084192276001
K27_20,27,,13,A,1845143962,false,false,,2.1070541802557663e-05,1081,budget_exhausted,61.01926398277283
K27_20,27,,13,A,1683375127,false,false,,0.08329164560787816,717,budget_exhausted,65.39680194854736
K27_20,27,,13,A,893706906,false,false,,0.24921843762093548,795,budget_exhausted,26.4455349445343
K27_21,27,,13,A,128182595,false,false,,0.7949240206493462,437,budget_exhausted,61.296387910842896
K27_21,27,,13,A,1845143962,false,false,,0.0672861228631515,775,budget_exhausted,19.31223225593567
K27_21,27,,13,A,1683375127,false,false,,0.18687361296287566,371,budget_exhausted,27.89570903778076
K27_21,27,,13,A,893706906,false,false,,0.2014593860862927,287,budget_exhausted,11.58434009552002
K27_21,27,,13,B,418825361,false,false,,0.404145828614761,71,budget_exhausted,9.5298330783844
K27_21,27,,13,B,215858185,false,false,,0.3746116261350211,65,budget_exhausted,6.900443077087402
K27_21,27,,13,B,449904892,false,false,,2.2168111931259977,125,budget_exhausted,8.72947096824646
K27_21,27,,13,B,1667643188,false,false,,0.6154628521466702,69,budget_exhausted,7.822373867034912
K27_21,27,,13,A,1753007184,false,false,,0.09296607086460866,775,budget_exhausted,51.51111102104187
K27_21,27,,13,A,2107424273,false,false,,0.2695879391519748,1319,budget_exhausted,45.71021890640259
K27_21,27,,13,A,418825361,false,false,,2.820143854921147,669,budget_exhausted,37.236961126327515
K27_21,27,,13,A,215858185,false,false,,0.036652206099842544,665,budget_exhausted,23.026202917099
K27_22,27,,13,B,1683375127,false,false,,0.0006567484681109906,135,budget_exhausted,10.769483089447021
K27_22,27,,13,B,893706906,false,false,,0.0023807291798749754,121,budget_exhausted,9.668523073196411
K27_22,27,,13,B,1753007184,false,false,,0.0010180384940530255,141,budget_exhausted,8.581098079681396
K27_22,27,,13,B,2107424273,false,false,,0.005743675728309113,91,budget_exhausted,8.764765977859497
K27_22,27,,13,B,418825361,false,false,,0.0018068843270233942,131,budget_exhausted,12.641356945037842
K27_22,27,,13,B,215858185,false,false,,0.0006029348524401132,123,budget_exhausted,11.807626962661743
K27_22,27,,13,B,449904892,false,false,,0.010583953359461863,89,budget_exhausted,7.544484853744507
K27_22,27,,13,B,1667643188,false,false,,0.018422368446767694,65,budget_exhausted,7.102751970291138
K27_22,27,,13,A,449904892,false,false,,0.004852397110054019,951,budget_exhausted,54.21361684799194
K27_22,27,,13,A,1667643188,false,false,,0.0023176322349678052,765,budget_exhausted,29.947883129119873
K27_22,27,,13,B,128182595,false,false,,0.005411253069907226,41,budget_exhausted,10.833055019378662
K27_22,27,,13,B,1845143962,false,false,,9.869422059765698e-05,93,budget_exhausted,8.869972229003906
K27_22,27,,13,A,128182595,false,false,,0.00013088699580009931,1045,budget_exhausted,47.232333183288574
K27_22,27,,13,A,1845143962,false,false,,9.940873085563583e-05,227,budget_exhausted,15.542612075805664
K27_22,27,,13,A,1683375127,false,false,,0.0037035362840002442,1495,budget_exhausted,61.833056926727295
K27_22,27,,13,A,893706906,false,false,,1.0852185213406341e-05,397,budget_exhausted,21.40006995201111
K27_23,27,,13,B,1683375127,false,false,,0.007491858962842447,79,budget_exhausted,8.014777183532715
K27_23,27,,13,B,893706906,false,false,,0.03395779184946048,65,budget_exhausted,6.535588026046753
K27_23,27,,13,B,1753007184,false,false,,0.0016906734429033836,53,budget_exhausted,6.011970043182373
K27_23,27,,13,B,2107424273,false,false,,0.011172168547272966,81,budget_exhausted,7.64435601234436
K27_23,27,,13,B,418825361,false,false,,0.0028595455966919326,83,budget_exhausted,7.771074056625366
K27_23,27,,13,B,215858185,false,false,,0.014885734772155412,129,budget_exhausted,12.174098253250122
K27_23,27,,13,B,449904892,false,false,,0.0012497090002271203,49,budget_exhausted,5.680438041687012
K27_23,27,,13,B,1667643188,false,false,,0.001050366199409624,53,budget_exhausted,6.1206910610198975
K27_22,27,,13,A,1753007184,false,false,,1.0137593717164424e-05,165,budget_exhausted,18.28911519050598
K27_22,27,,13,A,2107424273,false,false,,0.002896398164196115,1671,budget_exhausted,95.06600904464722
K27_22,27,,13,A,418825361,false,false,,0.00015874218764384403,451,budget_exhausted,24.78023386001587
K27_22,27,,13,A,215858185,false,false,,0.0016234971487197932,939,budget_exhausted,34.265371799468994
K27_23,27,,13,A,449904892,false,false,,0.7422753633084315,673,budget_exhausted,68.08432364463806
K27_23,27,,13,A,1667643188,false,false,,0.0011859293308983101,935,budget_exhausted,39.70249009132385
K27_23,27,,13,B,128182595,false,false,,0.06778697889442681,93,budget_exhausted,9.601381063461304
K27_23,27,,13,B,1845143962,false,false,,2.556355624912892,75,budget_exhausted,6.7557690143585205
K27_23,27,,13,A,128182595,false,false,,0.0024355518096715444,589,budget_exhausted,41.48619985580444
K27_23,27,,13,A,1845143962,false,false,,0.04467879591003079,825,budget_exhausted,29.516170024871826
K27_23,27,,13,A,1683375127,false,false,,0.24731230879736052,801,budget_exhausted,31.1373028755188
K27_23,27,,13,A,893706906,false,false,,0.018027480635768017,1293,budget_exhausted,27.226075172424316
K27_24,27,,13,B,418825361,false,false,,0.18531874070920493,89,budget_exhausted,8.993724822998047
K27_24,27,,13,B,215858185,false,false,,0.07315456232088663,69,budget_exhausted,8.133026838302612
K27_24,27,,13,B,449904892,false,false,,0.16443860946974115,117,budget_exhausted,10.264966249465942
K27_24,27,,13,B,1667643188,false,false,,0.06763652165902583,53,budget_exhausted,6.218067169189453
K27_24,27,,13,B,1683375127,false,false,,0.03553593586398983,77,budget_exhausted,7.549213886260986
K27_24,27,,13,B,893706906,false,false,,0.1489832427315064,119,budget_exhausted,9.253982782363892
K27_24,27,,13,B,1753007184,false,false,,0.022405905030971257,99,budget_exhausted,8.90587306022644
K27_24,27,,13,B,2107424273,false,false,,0.029880650415383753,131,budget_exhausted,10.989968299865723
K27_24,27,,13,A,449904892,false,false,,0.045987537898613165,787,budget_exhausted,32.10466504096985
K27_24,27,,13,A,1667643188,false,false,,0.09216320165388893,119,budget_exhausted,11.763190031051636
K27_24,27,,13,B,128182595,false,false,,0.07240499370109943,119,budget_exhausted,9.459319114685059
K27_24,27,,13,B,1845143962,false,false,,0.04199788737075134,175,budget_exhausted,13.06995415687561
K27_23,27,,13,A,1753007184,false,false,,1.8010772883864459,859,budget_exhausted,47.606650829315186
K27_23,27,,13,A,2107424273,false,false,,0.00033956852773587366,1553,budget_exhausted,74.79231214523315
K27_23,27,,13,A,418825361,false,false,,1.67531062264444,1711,budget_exhausted,63.23561406135559
K27_23,27,,13,A,215858185,false,false,,0.07216476225670869,77,budget_exhausted,44.54556894302368
K27_25,27,,13,A,449904892,false,false,,6.234276223294958e-06,117,budget_exhausted,19.250315189361572
K27_25,27,,13,A,1667643188,false,false,,2.8006242609007807e-05,193,budget_exhausted,25.902740955352783
K27_25,27,,13,B,128182595,false,false,,4.1228726084521594e-05,33,budget_exhausted,4.636440992355347
K27_25,27,,13,B,1845143962,false,false,,8.368763630818996e-06,25,budget_exhausted,3.652486801147461
K27_25,27,,13,B,1683375127,false,false,,1.0755410403226014e-05,51,budget_exhausted,5.051717042922974
K27_25,27,,13,B,893706906,false,false,,9.017681543978355e-06,23,budget_exhausted,4.04405403137207
K27_25,27,,13,B,1753007184,false,false,,0.00029488528457962944,9,budget_exhausted,7.56152606010437
K27_25,27,,13,B,2107424273,false,false,,1.1477047178624463e-05,23,budget_exhausted,4.591072082519531
K27_25,27,,13,B,418825361,false,false,,1.3200896167867675e-05,91,budget_exhausted,8.225029945373535
K27_25,27,,13,B,215858185,false,false,,1.4364735017228658e-05,43,budget_exhausted,4.802628993988037
K27_25,27,,13,B,449904892,false,false,,1.9923712938740842e-05,51,budget_exhausted,5.5203070640563965
K27_25,27,,13,B,1667643188,false,false,,8.368763630818996e-06,25,budget_exhausted,4.177541017532349
K27_24,27,,13,A,1753007184,false,false,,0.36770764736015715,1013,budget_exhausted,26.57128596305847
K27_24,27,,13,A,2107424273,false,false,,0.03714383979756369,1241,budget_exhausted,78.61343264579773
K27_24,27,,13,A,418825361,false,false,,0.1424519366714215,637,budget_exhausted,58.47164702415466
K27_24,27,,13,A,215858185,false,false,,0.08238158427344155,551,budget_exhausted,37.434300899505615
K27_25,27,,13,A,128182595,false,false,,9.239663144023375e-06,33,budget_exhausted,4.7131969928741455
K27_25,27,,13,A,1845143962,false,false,,4.42330901800806e-05,1177,budget_exhausted,77.72104597091675
K27_25,27,,13,A,1683375127,false,false,,0.00011574252047621936,1231,budget_exhausted,62.091904640197754
K27_25,27,,13,A,893706906,false,false,,8.702246828592275e-06,35,budget_exhausted,10.792537927627563
K27_24,27,,13,A,128182595,false,false,,0.09929331869344464,939,budget_exhausted,43.82803797721863
K27_24,27,,13,A,1845143962,false,false,,0.05331618711965968,463,budget_exhausted,63.55803203582764
K27_24,27,,13,A,1683375127,false,false,,0.052803556786577575,491,budget_exhausted,53.32228922843933
K27_24,27,,13,A,893706906,false,false,,0.14337032721712736,835,budget_exhausted,81.28720569610596
K27_26,27,,13,B,1683375127,false,false,,0.013581150030095463,43,budget_exhausted,4.846484184265137
K27_26,27,,13,B,893706906,false,false,,3.902821786219768e-05,39,budget_exhausted,4.611153841018677
K27_26,27,,13,B,1753007184,false,false,,0.18580569318746554,77,budget_exhausted,7.915907859802246
K27_26,27,,13,B,2107424273,false,false,,0.0025761773390495005,85,budget_exhausted,7.77360987663269
K27_26,27,,13,B,418825361,false,false,,0.5233699365104839,91,budget_exhausted,7.773468255996704
K27_26,27,,13,B,215858185,false,false,,0.003047742305581273,43,budget_exhausted,5.965778112411499
K27_26,27,,13,B,449904892,false,false,,0.30110209608793825,29,budget_exhausted,4.159936904907227
K27_26,27,,13,B,1667643188,false,false,,0.002414266289205198,87,budget_exhausted,7.404221057891846
K27_25,27,,13,A,1753007184,false,false,,1.1228490631394968e-05,353,budget_exhausted,8.968323945999146
K27_25,27,,13,A,2107424273,false,false,,1.2364613254017694e-05,241,budget_exhausted,15.84044599533081
K27_25,27,,13,A,418825361,false,false,,0.0005565098441087413,1637,budget_exhausted,114.65583205223083
K27_25,27,,13,A,215858185,false,false,,4.070939734014132e-05,533,budget_exhausted,53.98836970329285
K27_26,27,,13,A,449904892,false,false,,0.021483570384522026,341,budget_exhausted,44.99379205703735
K27_26,27,,13,A,1667643188,false,false,,7.996274915648547e-06,69,budget_exhausted,13.33599066734314
K27_26,27,,13,B,128182595,false,false,,0.07809135555515392,69,budget_exhausted,9.264555931091309
K27_26,27,,13,B,1845143962,false,false,,0.1032317492425182,29,budget_exhausted,3.746880054473877
K27_26,27,,13,A,128182595,false,false,,9.634216384001423e-06,243,budget_exhausted,20.750036239624023
K27_26,27,,13,A,1845143962,false,false,,0.006563067236448326,603,budget_exhausted,65.0424313545227
K27_26,27,,13,A,1683375127,false,false,,1.0120604756457997e-05,405,budget_exhausted,30.06469988822937
K27_26,27,,13,A,893706906,false,false,,8.846549035932667e-06,113,budget_exhausted,22.428058862686157
K27_27,27,,13,B,1683375127,false,false,,0.027534799472997012,73,budget_exhausted,7.008511066436768
K27_27,27,,13,B,893706906,false,false,,0.034438095104950724,61,budget_exhausted,6.235454797744751
K27_27,27,,13,B,1753007184,false,false,,0.08759894599967986,75,budget_exhausted,6.3560380935668945
K27_27,27,,13,B,2107424273,false,false,,0.03431932194232548,97,budget_exhausted,8.657381057739258
K27_27,27,,13,B,418825361,false,false,,0.0665940905565979,119,budget_exhausted,11.627877950668335
K27_27,27,,13,B,215858185,false,false,,0.0344082850107699,71,budget_exhausted,7.782827138900757
K27_27,27,,13,B,449904892,false,false,,0.037768604459375396,107,budget_exhausted,9.4131760597229
K27_27,27,,13,B,1667643188,false,false,,0.03979436506471899,137,budget_exhausted,12.162187099456787
K27_26,27,,13,A,1753007184,false,false,,7.468322968959733e-06,57,budget_exhausted,12.202992916107178
K27_26,27,,13,A,2107424273,false,false,,7.7722965395416e-06,217,budget_exhausted,31.828482627868652
K27_26,27,,13,A,418825361,false,false,,0.0004163589785430166,413,budget_exhausted,23.7826988697052
K27_26,27,,13,A,215858185,false,false,,0.0004888528378285172,1783,budget_exhausted,120.78059005737305
K27_27,27,,13,A,449904892,false,false,,0.016687797428486112,849,budget_exhausted,51.35128974914551
K27_27,27,,13,A,1667643188,false,false,,0.0052967196301203735,1141,budget_exhausted,74.74148368835449
K27_27,27,,13,B,128182595,false,false,,0.010890581010649596,117,budget_exhausted,10.817753076553345
K27_27,27,,13,B,1845143962,false,false,,0.1574899790230237,51,budget_exhausted,5.598894119262695
K27_27,27,,13,A,128182595,false,false,,0.017683234028385977,239,budget_exhausted,26.113874912261963
K27_27,27,,13,A,1845143962,false,false,,0.008195016457840421,1589,budget_exhausted,42.433391094207764
K27_27,27,,13,A,1683375127,false,false,,0.015320977639351703,167,budget_exhausted,28.615985870361328
K27_27,27,,13,A,893706906,false,false,,0.024257437122339204,1947,budget_exhausted,74.49578070640564
K27_27,27,,13,A,1753007184,false,false,,0.20998907487956608,261,budget_exhausted,29.148656129837036
K27_27,27,,13,A,2107424273,false,false,,0.033381288534704796,609,budget_exhausted,33.242887020111084
K27_27,27,,13,A,418825361,false,false,,0.016412915938914453,153,budget_exhausted,65.11171889305115
K27_27,27,,13,A,215858185,false,false,,0.014855144004188305,465,budget_exhausted,31.73544692993164
K27_28,27,,13,B,1683375127,false,false,,0.0004269276716697183,71,budget_exhausted,7.14817214012146
K27_28,27,,13,B,893706906,false,false,,0.002951184462031165,121,budget_exhausted,10.071373701095581
K27_28,27,,13,B,1753007184,false,false,,0.00011547722855562478,157,budget_exhausted,11.395678997039795
K27_28,27,,13,B,2107424273,false,false,,0.002503702513769336,109,budget_exhausted,9.963788032531738
K27_28,27,,13,A,1753007184,false,false,,0.00021734068883295886,345,budget_exhausted,30.351715087890625
K27_28,27,,13,A,2107424273,false,false,,0.0028585677207003664,529,budget_exhausted,37.01449203491211
K27_28,27,,13,A,418825361,false,false,,0.00016266269056712946,1401,budget_exhausted,25.249101877212524
K27_28,27,,13,A,215858185,false,false,,6.726097304584167e-06,179,budget_exhausted,15.905900001525879
K27_28,27,,13,B,418825361,false,false,,0.001668628588267751,89,budget_exhausted,8.973172903060913
K27_28,27,,13,B,215858185,false,false,,0.00023173240424165844,113,budget_exhausted,10.374545812606812
K27_28,27,,13,B,449904892,false,false,,0.00022516290626667994,125,budget_exhausted,11.083464860916138
K27_28,27,,13,B,1667643188,false,false,,0.0635846703364924,151,budget_exhausted,11.807243824005127
K27_29,27,,13,A,449904892,false,false,,0.4834063993456672,433,budget_exhausted,13.402424097061157
K27_29,27,,13,A,1667643188,false,false,,0.011895101822044379,535,budget_exhausted,20.19289493560791
K27_29,27,,13,B,128182595,false,false,,0.0026612635322365535,25,budget_exhausted,3.273473024368286
K27_29,27,,13,B,1845143962,false,false,,0.0024086119820755825,29,budget_exhausted,4.008671998977661
K27_28,27,,13,A,449904892,false,false,,0.0009370937132467946,1985,budget_exhausted,75.8226580619812
K27_28,27,,13,A,1667643188,false,false,,8.87337732695613e-05,409,budget_exhausted,39.34796905517578
K27_28,27,,13,B,128182595,false,false,,0.00222873532591155,75,budget_exhausted,7.477643966674805
K27_28,27,,13,B,1845143962,false,false,,0.00027038792345213065,101,budget_exhausted,10.062355995178223
K27_28,27,,13,A,128182595,false,false,,0.0003717143673982432,243,budget_exhausted,22.878554105758667
K27_28,27,,13,A,1845143962,false,false,,0.00010508070313413088,1215,budget_exhausted,56.6428279876709
K27_28,27,,13,A,1683375127,false,false,,0.00016839147126999102,1153,budget_exhausted,70.85168409347534
K27_28,27,,13,A,893706906,false,false,,0.0010789056013574788,343,budget_exhausted,23.78323197364807
K27_29,27,,13,B,1683375127,false,false,,0.2906146917719876,87,budget_exhausted,9.26612401008606
K27_29,27,,13,B,893706906,false,false,,0.17859358651362373,125,budget_exhausted,8.05364990234375
K27_29,27,,13,B,1753007184,false,false,,0.006174860053548259,111,budget_exhausted,8.70071291923523
K27_29,27,,13,B,2107424273,false,false,,0.0024151117117244677,67,budget_exhausted,5.320674180984497
K27_29,27,,13,B,418825361,false,false,,0.0019183137506129393,41,budget_exhausted,4.614694833755493
K27_29,27,,13,B,215858185,false,false,,0.002193428231312405,65,budget_exhausted,6.338699102401733
K27_29,27,,13,B,449904892,false,false,,0.12631975628892628,113,budget_exhausted,11.32465386390686
K27_29,27,,13,B,1667643188,false,false,,0.23646249964938484,127,budget_exhausted,8.85525918006897
K29_00,29,,14,B,1683375127,false,false,,0.0024400696907158656,101,budget_exhausted,9.898830652236938
K29_00,29,,14,B,893706906,false,false,,8.38670962391637,109,budget_exhausted,10.100072860717773
K29_00,29,,14,B,1753007184,false,false,,0.025621087335402595,177,budget_exhausted,14.818086862564087
K29_00,29,,14,B,2107424273,false,false,,1.0574966784973123,159,budget_exhausted,13.521448373794556
K27_29,27,,13,A,128182595,false,false,,0.38074505428725985,201,budget_exhausted,34.48165774345398
K27_29,27,,13,A,1845143962,false,false,,0.002592682929332133,1463,budget_exhausted,79.88684105873108
K27_29,27,,13,A,1683375127,false,false,,0.001846808770793953,317,budget_exhausted,29.998417854309082
K27_29,27,,13,A,893706906,false,false,,0.00174931261336033,281,budget_exhausted,12.449224948883057
K29_01,29,,14,A,128182595,false,false,,0.5232467633816377,1,budget_exhausted,0.6329021453857422
K29_01,29,,14,A,1845143962,false,false,,0.5232467633816377,1,budget_exhausted,0.6572921276092529
K29_01,29,,14,A,1683375127,false,false,,0.5232467633816377,1,budget_exhausted,0.6269481182098389
K29_01,29,,14,A,893706906,false,false,,0.5232467633816377,1,budget_exhausted,0.6499810218811035
K29_00,29,,14,A,128182595,false,false,,0.07529264407962462,585,budget_exhausted,28.78981876373291
K29_00,29,,14,A,1845143962,false,false,,0.0007279597883097518,299,budget_exhausted,15.004608154296875
K29_00,29,,14,A,1683375127,false,false,,0.09630190962472951,733,budget_exhausted,58.177350759506226
K29_00,29,,14,A,893706906,false,false,,0.014656261230454852,357,budget_exhausted,15.884085893630981
K29_00,29,,14,B,418825361,false,false,,0.053022175461301446,181,budget_exhausted,14.987937211990356
K29_00,29,,14,B,215858185,false,false,,0.03603395043603238,117,budget_exhausted,10.07585597038269
K29_00,29,,14,B,449904892,false,false,,0.06149458591898993,137,budget_exhausted,12.725870132446289
K29_00,29,,14,B,1667643188,false,false,,2.5722528094684534,107,budget_exhausted,7.351250886917114
K29_00,29,,14,A,449904892,false,false,,0.1172915260030088,1693,budget_exhausted,88.61130976676941
K29_00,29,,14,A,1667643188,false,false,,0.0028047231725671098,445,budget_exhausted,16.832703113555908
K29_00,29,,14,B,128182595,false,false,,0.0011293515951325901,159,budget_exhausted,14.12773609161377
K29_00,29,,14,B,1845143962,false,false,,7.642738353469995,115,budget_exhausted,9.553932189941406
K27_29,27,,13,A,1753007184,false,false,,0.0020390104567984727,1081,budget_exhausted,39.94877314567566
K27_29,27,,13,A,2107424273,false,false,,0.0017946003311741091,783,budget_exhausted,34.248576164245605
K27_29,27,,13,A,418825361,false,false,,0.002294138663765825,97,budget_exhausted,55.121482849121094
K27_29,27,,13,A,215858185,false,false,,0.8460333302150228,929,budget_exhausted,52.20585489273071
K29_01,29,,14,A,449904892,false,false,,0.5232467633816377,1,budget_exhausted,0.6405460834503174
K29_01,29,,14,A,1667643188,false,false,,0.5232467633816377,1,budget_exhausted,0.6169188022613525
K29_01,29,,14,B,128182595,false,false,,0.38621650530158597,87,budget_exhausted,7.4933319091796875
K29_01,29,,14,B,1845143962,false,false,,0.04466091863809788,103,budget_exhausted,10.428508043289185
K29_01,29,,14,B,1683375127,false,false,,0.24622777936026274,23,budget_exhausted,3.5076069831848145
K29_01,29,,14,B,893706906,false,false,,0.24860849849545943,101,budget_exhausted,7.757704973220825
K29_01,29,,14,B,1753007184,false,false,,0.1990433756122521,67,budget_exhausted,7.137110948562622
K29_01,29,,14,B,2107424273,false,false,,0.21023313130414698,85,budget_exhausted,10.73256778717041
K29_01,29,,14,B,418825361,false,false,,0.07311891411503857,51,budget_exhausted,4.178797721862793
K29_01,29,,14,B,215858185,false,false,,0.006824220684214548,51,budget_exhausted,5.549432039260864
K29_01,29,,14,B,449904892,false,false,,0.04862741183803039,133,budget_exhausted,11.58439016342163
K29_01,29,,14,B,1667643188,false,false,,0.041301167503706576,65,budget_exhausted,6.702848196029663
K29_00,29,,14,A,1753007184,false,false,,0.1920245751926384,959,budget_exhausted,44.148513078689575
K29_00,29,,14,A,2107424273,false,false,,1.6217181569060763,461,budget_exhausted,48.297860860824585
K29_00,29,,14,A,418825361,false,false,,0.6275661769002362,459,budget_exhausted,45.24714112281799
K29_00,29,,14,A,215858185,false,false,,0.5984554978981647,411,budget_exhausted,29.44010305404663
K29_01,29,,14,A,1753007184,false,false,,0.3880660848604467,1813,budget_exhausted,75.97077989578247
K29_01,29,,14,A,2107424273,false,false,,0.5232467633816377,1,budget_exhausted,0.6271350383758545
K29_01,29,,14,A,418825361,false,false,,0.5232467633816377,1,budget_exhausted,0.6120152473449707
K29_01,29,,14,A,215858185,false,false,,0.5232467633816377,1,budget_exhausted,0.6322543621063232
K29_02,29,,14,B,1683375127,false,false,,0.0639801433189546,33,budget_exhausted,3.9488027095794678
K29_02,29,,14,B,893706906,false,false,,0.15027473637099373,77,budget_exhausted,7.565343856811523
K29_02,29,,14,B,1753007184,false,false,,0.04533726710368592,67,budget_exhausted,4.789892911911011
K29_02,29,,14,B,2107424273,false,false,,0.0722371762724565,37,budget_exhausted,4.605646133422852
K29_02,29,,14,B,418825361,false,false,,0.061613053540661364,27,budget_exhausted,3.600961208343506
K29_02,29,,14,B,215858185,false,false,,3.793717091527838,71,budget_exhausted,7.181859016418457
K29_02,29,,14,B,449904892,false,false,,1.027723030335898,57,budget_exhausted,5.8894078731536865
K29_02,29,,14,B,1667643188,false,false,,0.023696651932923907,71,budget_exhausted,7.970854997634888
K29_03,29,,14,A,128182595,false,false,,0.6485193153163816,9,budget_exhausted,29.379778146743774
K29_03,29,,14,A,1845143962,false,false,,0.6485193153163816,9,budget_exhausted,6.349767208099365
K29_03,29,,14,A,1683375127,false,false,,0.6485193153163816,9,budget_exhausted,24.047365188598633
K29_03,29,,14,A,893706906,false,false,,0.03468131744071362,979,budget_exhausted,45.9690318107605
K29_03,29,,14,A,449904892,false,false,,0.6010158444119638,325,budget_exhausted,24.45429801940918
K29_03,29,,14,A,1667643188,false,false,,0.6485193153163816,9,budget_exhausted,36.49337291717529
K29_03,29,,14,B,128182595,false,false,,0.3503269268888878,91,budget_exhausted,12.00065279006958
K29_03,29,,14,B,1845143962,false,false,,0.11231779256695971,81,budget_exhausted,8.827951908111572
K29_02,29,,14,A,449904892,false,false,,0.3926854452494308,1205,budget_exhausted,65.50067496299744
K29_02,29,,14,A,1667643188,false,false,,0.040724654159895596,1799,budget_exhausted,61.820107221603394
K29_02,29,,14,B,128182595,false,false,,0.041731276472019,33,budget_exhausted,4.075709819793701
K29_02,29,,14,B,1845143962,false,false,,1.0921728299084563,107,budget_exhausted,8.89328408241272
K29_02,29,,14,A,128182595,false,false,,0.08426288179619054,1127,budget_exhausted,59.964658975601196
K29_02,29,,14,A,1845143962,false,false,,0.04515974607319087,899,budget_exhausted,74.3250470161438
K29_02,29,,14,A,1683375127,false,false,,0.8988216342443561,29,budget_exhausted,33.092621088027954
K29_02,29,,14,A,893706906,false,false,,0.00879043790684543,115,budget_exhausted,24.689670085906982
K29_03,29,,14,A,1753007184,false,false,,0.02998780149864545,1239,budget_exhausted,47.98119401931763
K29_03,29,,14,A,2107424273,false,false,,0.6485193153163816,9,budget_exhausted,65.66704201698303
K29_03,29,,14,A,418825361,false,false,,0.021023781545933304,561,budget_exhausted,32.101438999176025
K29_03,29,,14,A,215858185,false,false,,0.08287104501622435,361,budget_exhausted,15.708938121795654
K29_02,29,,14,A,1753007184,false,false,,0.6564590873435369,1399,budget_exhausted,79.26359868049622
K29_02,29,,14,A,2107424273,false,false,,0.6798088036413286,15,budget_exhausted,54.49673914909363
K29_02,29,,14,A,418825361,false,false,,1.0080593564395044,975,budget_exhausted,35.59525775909424
K29_02,29,,14,A,215858185,false,false,,0.6629313418334998,357,budget_exhausted,45.90855121612549
K29_03,29,,14,B,1683375127,false,false,,0.01840703645032961,53,budget_exhausted,23.611181020736694
K29_03,29,,14,B,893706906,false,false,,0.05527498523012324,103,budget_exhausted,11.084942817687988
K29_03,29,,14,B,1753007184,false,false,,21255.24032923321,15,budget_exhausted,31.501896142959595
K29_03,29,,14,B,2107424273,false,false,,21255.24032923321,15,budget_exhausted,22.89879298210144
K29_04,29,,14,B,1683375127,false,false,,0.0022884800305072507,45,budget_exhausted,5.721343040466309
K29_04,29,,14,B,893706906,false,false,,0.008644750595546698,91,budget_exhausted,7.539299964904785
K29_04,29,,14,B,1753007184,false,false,,0.001571014140947583,101,budget_exhausted,10.066237211227417
K29_04,29,,14,B,2107424273,false,false,,0.011057894534767477,29,budget_exhausted,6.444502830505371
K29_04,29,,14,B,418825361,false,false,,0.013143982053062811,35,budget_exhausted,5.271925926208496
K29_04,29,,14,B,215858185,false,false,,0.011417172800747675,77,budget_exhausted,9.486790895462036
K29_04,29,,14,B,449904892,false,false,,0.005956337385911451,65,budget_exhausted,5.828941106796265
K29_04,29,,14,B,1667643188,false,false,,0.004163976535340002,61,budget_exhausted,5.960020065307617
K29_03,29,,14,B,418825361,false,false,,0.13361167988078268,73,budget_exhausted,11.027697086334229
K29_03,29,,14,B,215858185,false,false,,0.015619505583686322,55,budget_exhausted,9.34683108329773
K29_03,29,,14,B,449904892,false,false,,0.160216267473509,79,budget_exhausted,54.77941608428955
K29_03,29,,14,B,1667643188,false,false,,0.11479051750611045,35,budget_exhausted,40.84967827796936
K29_04,29,,14,A,128182595,false,false,,0.003866247954906483,1075,budget_exhausted,46.87029194831848
K29_04,29,,14,A,1845143962,false,false,,0.05210413806938905,1833,budget_exhausted,54.33748769760132
K29_04,29,,14,A,1683375127,false,false,,0.002083554065268373,223,budget_exhausted,20.99814796447754
K29_04,29,,14,A,893706906,false,false,,0.03524089935691163,117,budget_exhausted,15.887917041778564
K29_04,29,,14,A,449904892,false,false,,0.00710369783780431,383,budget_exhausted,10.448511362075806
K29_04,29,,14,A,1667643188,false,false,,0.00019860628132481166,1075,budget_exhausted,61.94825577735901
K29_04,29,,14,B,128182595,false,false,,0.02450413210051579,57,budget_exhausted,6.886819124221802
K29_04,29,,14,B,1845143962,false,false,,0.011984948113543527,105,budget_exhausted,8.988558769226074
K29_05,29,,14,B,1683375127,false,false,,0.18751018107478246,73,budget_exhausted,6.570187091827393
K29_05,29,,14,B,893706906,false,false,,0.6334607323144359,9,budget_exhausted,4.8845438957214355
K29_05,29,,14,B,1753007184,false,false,,0.15537238862756236,155,budget_exhausted,12.905357122421265
K29_05,29,,14,B,2107424273,false,false,,0.004387510119313456,77,budget_exhausted,8.300081014633179
K29_05,29,,14,B,418825361,false,false,,0.12620061743939065,55,budget_exhausted,5.817039966583252
K29_05,29,,14,B,215858185,false,false,,0.011984386362642697,127,budget_exhausted,11.966491222381592
K29_05,29,,14,B,449904892,false,false,,0.05424240891058261,93,budget_exhausted,8.429311990737915
K29_05,29,,14,B,1667643188,false,false,,0.03437189688189737,77,budget_exhausted,6.828028917312622
K29_05,29,,14,A,449904892,false,false,,0.03293110329908066,991,budget_exhausted,64.45342016220093
K29_05,29,,14,A,1667643188,false,false,,0.0668160493315692,555,budget_exhausted,25.57295513153076
K29_05,29,,14,B,128182595,false,false,,0.6334607323144359,9,budget_exhausted,3.9910027980804443
K29_05,29,,14,B,1845143962,false,false,,0.020226067427777893,25,budget_exhausted,3.760010004043579
K29_04,29,,14,A,1753007184,false,false,,0.008422004745271399,893,budget_exhausted,48.4809889793396
K29_04,29,,14,A,2107424273,false,false,,0.008186917429145808,469,budget_exhausted,27.699541091918945
K29_04,29,,14,A,418825361,false,false,,0.06970750561510648,353,budget_exhausted,59.39342522621155
K29_04,29,,14,A,215858185,false,false,,0.05186431162404731,275,budget_exhausted,33.85626173019409
K29_05,29,,14,A,128182595,false,false,,0.45227728495724584,1587,budget_exhausted,74.88654804229736
K29_05,29,,14,A,1845143962,false,false,,1.0459546797531172,51,budget_exhausted,24.898748874664307
K29_05,29,,14,A,1683375127,false,false,,0.05001570766473038,175,budget_exhausted,11.816365957260132
K29_05,29,,14,A,893706906,false,false,,0.7117059226093099,1247,budget_exhausted,40.19873905181885
K29_06,29,,14,B,1683375127,false,false,,0.0036515135487199288,125,budget_exhausted,9.803997278213501
K29_06,29,,14,B,893706906,false,false,,0.15523344838914122,101,budget_exhausted,12.801923036575317
K29_06,29,,14,B,1753007184,false,false,,0.0035193492296788486,97,budget_exhausted,9.346593856811523
K29_06,29,,14,B,2107424273,false,false,,0.006499872659780559,83,budget_exhausted,8.404374599456787
K29_06,29,,14,B,418825361,false,false,,0.015649848600650062,73,budget_exhausted,7.350631952285767
K29_06,29,,14,B,215858185,false,false,,3.9042591176602426,67,budget_exhausted,6.518704891204834
K29_06,29,,14,B,449904892,false,false,,0.001253555976656277,61,budget_exhausted,6.822761058807373
K29_06,29,,14,B,1667643188,false,false,,0.000721530468531526,139,budget_exhausted,10.679405689239502
K29_06,29,,14,A,128182595,false,false,,0.0011737392110868579,1387,budget_exhausted,61.72122001647949
K29_06,29,,14,A,1845143962,false,false,,0.018629675839785448,127,budget_exhausted,10.13916301727295
K29_06,29,,14,A,1683375127,false,false,,0.03217962906805149,367,budget_exhausted,21.98899006843567
K29_06,29,,14,A,893706906,false,false,,0.015690952243622377,769,budget_exhausted,55.270756006240845
K29_05,29,,14,A,1753007184,false,false,,0.556283007978794,1235,budget_exhausted,31.639820098876953
K29_05,29,,14,A,2107424273,false,false,,0.019318995517159782,889,budget_exhausted,41.481513023376465
K29_05,29,,14,A,418825361,false,false,,0.5570710634331864,1531,budget_exhausted,72.82791090011597
K29_05,29,,14,A,215858185,false,false,,0.045519902472914146,1093,budget_exhausted,74.96354103088379
K29_06,29,,14,A,449904892,false,false,,0.018800877457014874,1609,budget_exhausted,76.66088104248047
K29_06,29,,14,A,1667643188,false,false,,0.019167333772705287,311,budget_exhausted,36.62337589263916
K29_06,29,,14,B,128182595,false,false,,0.009171220742129721,69,budget_exhausted,6.887595176696777
K29_06,29,,14,B,1845143962,false,false,,0.0069035575696595785,89,budget_exhausted,8.786685943603516
K29_06,29,,14,A,1753007184,false,false,,0.013615132616220573,933,budget_exhausted,56.19036293029785
K29_06,29,,14,A,2107424273,false,false,,0.009649320425184064,935,budget_exhausted,26.477653980255127
K29_06,29,,14,A,418825361,false,false,,0.021580185547714646,805,budget_exhausted,36.16701006889343
K29_06,29,,14,A,215858185,false,false,,0.011095824925550795,333,budget_exhausted,40.03251791000366
K29_07,29,,14,B,1683375127,false,false,,0.10635377068912391,47,budget_exhausted,13.542890787124634
K29_07,29,,14,B,893706906,false,false,,0.00030421793975334287,53,budget_exhausted,11.47951626777649
K29_07,29,,14,B,1753007184,false,false,,0.06810468183571927,177,budget_exhausted,16.47086787223816
K29_07,29,,14,B,2107424273,false,false,,0.25598719589160807,119,budget_exhausted,11.26636528968811
K29_07,29,,14,B,418825361,false,false,,0.0017037840364564102,201,budget_exhausted,16.957732915878296
K29_07,29,,14,B,215858185,false,false,,0.004233299025994043,107,budget_exhausted,10.686929702758789
K29_07,29,,14,B,449904892,false,false,,0.0007811059519145936,141,budget_exhausted,12.017796993255615
K29_07,29,,14,B,1667643188,false,false,,0.0034952855509292695,157,budget_exhausted,12.228234052658081
K29_07,29,,14,A,128182595,false,false,,0.16640912032851118,529,budget_exhausted,48.19648098945618
K29_07,29,,14,A,1845143962,false,false,,0.14019507032854966,253,budget_exhausted,32.057061195373535
K29_07,29,,14,A,1683375127,false,false,,0.16638897840408828,1137,budget_exhausted,37.11591815948486
K29_07,29,,14,A,893706906,false,false,,0.3313641414475473,311,budget_exhausted,31.759952783584595
K29_07,29,,14,A,1753007184,false,false,,0.32740139049558736,1123,budget_exhausted,35.734910011291504
K29_07,29,,14,A,2107424273,false,false,,0.13111535148170902,655,budget_exhausted,41.46075224876404
K29_07,29,,14,A,418825361,false,false,,0.2491098533984405,1213,budget_exhausted,48.740044832229614
K29_07,29,,14,A,215858185,false,false,,0.002669489530703,907,budget_exhausted,37.649817943573
K29_08,29,,14,B,1683375127,false,false,,0.3358927983684333,77,budget_exhausted,7.1567981243133545
K29_08,29,,14,B,893706906,false,false,,0.10962855758888676,181,budget_exhausted,13.846930027008057
K29_08,29,,14,B,1753007184,false,false,,0.24235100030221435,109,budget_exhausted,9.69167423248291
K29_08,29,,14,B,2107424273,false,false,,0.2914853182222124,127,budget_exhausted,11.000740051269531
K29_07,29,,14,A,449904892,false,false,,0.34276413403277733,697,budget_exhausted,46.417983055114746
K29_07,29,,14,A,1667643188,false,false,,0.3386373691764786,1335,budget_exhausted,47.058202028274536
K29_07,29,,14,B,128182595,false,false,,0.006541970667891666,157,budget_exhausted,13.757256031036377
K29_07,29,,14,B,1845143962,false,false,,0.2377138975272382,235,budget_exhausted,18.880527019500732
K29_08,29,,14,B,418825361,false,false,,0.1798874997349069,139,budget_exhausted,12.956339120864868
K29_08,29,,14,B,215858185,false,false,,0.53034410199808,47,budget_exhausted,5.8797287940979
K29_08,29,,14,B,449904892,false,false,,0.36925937977643253,177,budget_exhausted,13.477187871932983
K29_08,29,,14,B,1667643188,false,false,,0.3327697718578221,99,budget_exhausted,9.297936916351318
K29_08,29,,14,A,128182595,false,false,,0.023854332721016478,591,budget_exhausted,29.874499797821045
K29_08,29,,14,A,1845143962,false,false,,0.20045803367094076,885,budget_exhausted,27.23867702484131
K29_08,29,,14,A,1683375127,false,false,,0.6129236187753366,573,budget_exhausted,44.767005920410156
K29_08,29,,14,A,893706906,false,false,,0.06356166529051087,803,budget_exhausted,51.01946210861206
K29_08,29,,14,A,449904892,false,false,,0.05499666547754431,1751,budget_exhausted,86.56429123878479
K29_08,29,,14,A,1667643188,false,false,,0.06210870541110969,973,budget_exhausted,24.62993597984314
K29_08,29,,14,B,128182595,false,false,,0.25580080534493854,103,budget_exhausted,9.76594614982605
K29_08,29,,14,B,1845143962,false,false,,0.23808328140344934,61,budget_exhausted,6.597209215164185
K29_09,29,,14,B,1683375127,false,false,,0.11668421090390739,79,budget_exhausted,7.080643892288208
K29_09,29,,14,B,893706906,false,false,,0.12641015299187977,187,budget_exhausted,14.120814800262451
K29_09,29,,14,B,1753007184,false,false,,0.06467115047658557,141,budget_exhausted,8.489546060562134
K29_09,29,,14,B,2107424273,false,false,,0.10903779433927664,161,budget_exhausted,13.60878610610962
K29_09,29,,14,B,418825361,false,false,,0.11903263311133976,141,budget_exhausted,13.25269103050232
K29_09,29,,14,B,215858185,false,false,,0.08948498268223855,129,budget_exhausted,10.893800973892212
K29_09,29,,14,B,449904892,false,false,,0.17472351683246268,179,budget_exhausted,12.617379665374756
K29_09,29,,14,B,1667643188,false,false,,0.08707204724878383,193,budget_exhausted,14.565592050552368
K29_08,29,,14,A,1753007184,false,false,,0.8984201492298651,373,budget_exhausted,33.2112820148468
K29_08,29,,14,A,2107424273,false,false,,0.034637753114515946,1103,budget_exhausted,60.0536789894104
K29_08,29,,14,A,418825361,false,false,,0.6043727075361945,281,budget_exhausted,14.493932008743286
K29_08,29,,14,A,215858185,false,false,,0.8985106915681589,1031,budget_exhausted,93.38493800163269
K29_09,29,,14,A,449904892,false,false,,0.03784377974315171,397,budget_exhausted,43.74772119522095
K29_09,29,,14,A,1667643188,false,false,,0.051204926086721,869,budget_exhausted,75.12212300300598
K29_09,29,,14,B,128182595,false,false,,0.027266455731380382,87,budget_exhausted,9.465203046798706
K29_09,29,,14,B,1845143962,false,false,,0.10051814452268673,197,budget_exhausted,18.151320934295654
K29_09,29,,14,A,1753007184,false,false,,0.10261400049028244,255,budget_exhausted,22.36062502861023
K29_09,29,,14,A,2107424273,false,false,,0.04466509587969322,445,budget_exhausted,34.176234006881714
K29_09,29,,14,A,418825361,false,false,,0.04550191841376446,571,budget_exhausted,63.486425161361694
K29_09,29,,14,A,215858185,false,false,,0.03985860515530592,501,budget_exhausted,64.37317824363708
K29_10,29,,14,A,128182595,false,false,,0.08981722150764844,207,budget_exhausted,16.803900003433228
K29_10,29,,14,A,1845143962,false,false,,0.07331051009329383,525,budget_exhausted,26.481770992279053
K29_10,29,,14,A,1683375127,false,false,,0.35032182519698457,291,budget_exhausted,27.58265995979309
K29_10,29,,14,A,893706906,false,false,,0.10775274740594543,699,budget_exhausted,29.726843118667603
K29_10,29,,14,B,1683375127,false,false,,0.02346042266243161,89,budget_exhausted,9.302929878234863
K29_10,29,,14,B,893706906,false,false,,0.08607814510172344,211,budget_exhausted,16.920324087142944
K29_10,29,,14,B,1753007184,false,false,,0.075118804981981,149,budget_exhausted,12.979853868484497
K29_10,29,,14,B,2107424273,false,false,,0.2828396003831692,183,budget_exhausted,14.499054193496704
K29_10,29,,14,A,449904892,false,false,,0.2478027566077173,393,budget_exhausted,30.518739938735962
K29_10,29,,14,A,1667643188,false,false,,0.07032931809020387,859,budget_exhausted,45.47125506401062
K29_10,29,,14,B,128182595,false,false,,0.05441937530826992,163,budget_exhausted,12.803467988967896
K29_10,29,,14,B,1845143962,false,false,,0.19462066581930884,207,budget_exhausted,16.095003843307495
K29_09,29,,14,A,128182595,false,false,,0.005546386787806659,1059,budget_exhausted,64.21053099632263
K29_09,29,,14,A,1845143962,false,false,,0.0428391830285019,935,budget_exhausted,49.882999897003174
K29_09,29,,14,A,1683375127,false,false,,0.1458271296801646,1077,budget_exhausted,96.63318824768066
K29_09,29,,14,A,893706906,false,false,,0.05172207374802445,1169,budget_exhausted,32.78692293167114
K29_10,29,,14,B,418825361,false,false,,0.09240044922207503,225,budget_exhausted,17.02488088607788
K29_10,29,,14,B,215858185,false,false,,0.11372911340637723,173,budget_exhausted,15.049365997314453
K29_10,29,,14,B,449904892,false,false,,0.20434967958823416,179,budget_exhausted,16.558292388916016
K29_10,29,,14,B,1667643188,false,false,,0.11571193137069934,195,budget_exhausted,17.219928741455078
K29_11,29,,14,B,1683375127,false,false,,0.32585342342023654,57,budget_exhausted,5.453842878341675
K29_11,29,,14,B,893706906,false,false,,0.2900085134669691,99,budget_exhausted,9.128808975219727
K29_11,29,,14,B,1753007184,false,false,,0.263066018229946,53,budget_exhausted,5.81035304069519
K29_11,29,,14,B,2107424273,false,false,,0.27254282996623524,43,budget_exhausted,4.72492527961731
K29_10,29,,14,A,1753007184,false,false,,0.4370808471970627,425,budget_exhausted,49.613839864730835
K29_10,29,,14,A,2107424273,false,false,,0.11480899193037464,523,budget_exhausted,39.669615268707275
K29_10,29,,14,A,418825361,false,false,,0.08933293661459982,803,budget_exhausted,38.77768301963806
K29_10,29,,14,A,215858185,false,false,,0.03599962116189484,697,budget_exhausted,32.89018392562866
K29_11,29,,14,B,418825361,false,false,,0.432033515792344,59,budget_exhausted,5.017813205718994
K29_11,29,,14,B,215858185,false,false,,0.616380677802408,45,budget_exhausted,5.083805322647095
K29_11,29,,14,B,449904892,false,false,,0.467323091920797,117,budget_exhausted,11.52168583869934
K29_11,29,,14,B,1667643188,false,false,,0.5842467504570287,43,budget_exhausted,5.143218755722046
K29_11,29,,14,A,449904892,false,false,,0.1839553649927744,627,budget_exhausted,53.76752996444702
K29_11,29,,14,A,1667643188,false,false,,0.025486950521130054,581,budget_exhausted,42.93152379989624
K29_11,29,,14,B,128182595,false,false,,0.17282929609033576,65,budget_exhausted,6.404494047164917
K29_11,29,,14,B,1845143962,false,false,,0.5915089553740507,55,budget_exhausted,5.7916717529296875
K29_12,29,,14,B,1683375127,false,false,,0.32655444194658717,57,budget_exhausted,5.4012908935546875
K29_12,29,,14,B,893706906,false,false,,0.41130377798822915,55,budget_exhausted,5.523250102996826
K29_12,29,,14,B,1753007184,false,false,,0.3585296912598019,47,budget_exhausted,4.925635099411011
K29_12,29,,14,B,2107424273,false,false,,0.5601708773107318,85,budget_exhausted,7.209820985794067
K29_11,29,,14,A,128182595,false,false,,0.3771609597660818,585,budget_exhausted,20.26656484603882
K29_11,29,,14,A,1845143962,false,false,,0.4984405030444783,1921,budget_exhausted,77.99650716781616
K29_11,29,,14,A,1683375127,false,false,,0.13669793948805417,749,budget_exhausted,29.81428599357605
K29_11,29,,14,A,893706906,false,false,,0.0173140881602504,971,budget_exhausted,60.908549070358276
K29_12,29,,14,B,418825361,false,false,,0.36309619407541377,67,budget_exhausted,6.5082550048828125
K29_12,29,,14,B,215858185,false,false,,0.3585617310261739,47,budget_exhausted,5.544000864028931
K29_12,29,,14,B,449904892,false,false,,0.34351055978778444,37,budget_exhausted,4.926384925842285
K29_12,29,,14,B,1667643188,false,false,,0.12281001687057673,67,budget_exhausted,7.217935800552368
K29_12,29,,14,A,449904892,false,false,,0.25401107280447566,963,budget_exhausted,40.60209393501282
K29_12,29,,14,A,1667643188,false,false,,0.892728058643714,199,budget_exhausted,62.17219614982605
K29_12,29,,14,B,128182595,false,false,,0.3113305776133098,55,budget_exhausted,5.944704055786133
K29_12,29,,14,B,1845143962,false,false,,0.3436938543687021,43,budget_exhausted,5.397613048553467
K29_12,29,,14,A,128182595,false,false,,0.2023379222929321,297,budget_exhausted,18.69131374359131
K29_12,29,,14,A,1845143962,false,false,,0.31899953231716976,1771,budget_exhausted,68.97033905982971
K29_12,29,,14,A,1683375127,false,false,,0.27158347516734826,365,budget_exhausted,22.65434217453003
K29_12,29,,14,A,893706906,false,false,,0.5052372849039525,37,budget_exhausted,48.05411195755005
K29_11,29,,14,A,1753007184,false,false,,0.06447071817121851,1773,budget_exhausted,54.585700273513794
K29_11,29,,14,A,2107424273,false,false,,0.000260132153850736,1037,budget_exhausted,74.3181324005127
K29_11,29,,14,A,418825361,false,false,,0.06595153006271011,1447,budget_exhausted,53.485170125961304
K29_11,29,,14,A,215858185,false,false,,0.06648404612895803,151,budget_exhausted,28.505748987197876
K29_13,29,,14,B,1683375127,false,false,,1.0836662570376694,89,budget_exhausted,8.721483945846558
K29_13,29,,14,B,893706906,false,false,,0.03983198697183883,57,budget_exhausted,6.490909099578857
K29_13,29,,14,B,1753007184,false,false,,0.0003779645288425262,147,budget_exhausted,11.664314031600952
K29_13,29,,14,B,2107424273,false,false,,0.0951834636368246,65,budget_exhausted,6.405940055847168
K29_13,29,,14,A,449904892,false,false,,0.5082664805897923,463,budget_exhausted,29.747321844100952
K29_13,29,,14,A,1667643188,false,false,,0.569011460568474,953,budget_exhausted,38.2406370639801
K29_13,29,,14,B,128182595,false,false,,0.2810347281847609,105,budget_exhausted,10.142998695373535
K29_13,29,,14,B,1845143962,false,false,,0.05981957701526158,103,budget_exhausted,8.573319911956787
K29_13,29,,14,B,418825361,false,false,,14.994286925412615,79,budget_exhausted,7.669872999191284
K29_13,29,,14,B,215858185,false,false,,0.1352018968282573,131,budget_exhausted,11.30016279220581
K29_13,29,,14,B,449904892,false,false,,0.44424126179403944,85,budget_exhausted,7.179944038391113
K29_13,29,,14,B,1667643188,false,false,,0.978063269137192,85,budget_exhausted,7.945816993713379
K29_13,29,,14,A,128182595,false,false,,0.1639898156262689,1513,budget_exhausted,73.23888111114502
K29_13,29,,14,A,1845143962,false,false,,2.7914057095719897,427,budget_exhausted,13.208316802978516
K29_13,29,,14,A,1683375127,false,false,,0.004545141081237785,701,budget_exhausted,24.002753019332886
K29_13,29,,14,A,893706906,false,false,,0.11602933408857208,173,budget_exhausted,33.00688409805298
K29_14,29,,14,B,1683375127,false,false,,0.30328731035675405,135,budget_exhausted,11.31171989440918
K29_14,29,,14,B,893706906,false,false,,0.24685924087569014,91,budget_exhausted,7.944843769073486
K29_14,29,,14,B,1753007184,false,false,,0.06610119627117834,103,budget_exhausted,7.3418869972229
K29_14,29,,14,B,2107424273,false,false,,0.1492978982292633,81,budget_exhausted,9.993747234344482
K29_12,29,,14,A,1753007184,false,false,,0.38596296959070814,65,budget_exhausted,77.80687117576599
K29_12,29,,14,A,2107424273,false,false,,0.8081958422762257,1493,budget_exhausted,66.51927185058594
K29_12,29,,14,A,418825361,false,false,,0.3630417819976539,1715,budget_exhausted,99.0437228679657
K29_12,29,,14,A,215858185,false,false,,0.43117752729111913,763,budget_exhausted,41.12376809120178
K29_13,29,,14,A,1753007184,false,false,,5.208477952824954,1489,budget_exhausted,63.29206609725952
K29_13,29,,14,A,2107424273,false,false,,0.8951079076181018,149,budget_exhausted,27.472853183746338
K29_13,29,,14,A,418825361,false,false,,0.08910249418035535,425,budget_exhausted,23.509621143341064
K29_13,29,,14,A,215858185,false,false,,0.3287223855133129,1853,budget_exhausted,59.991137742996216
K29_14,29,,14,B,418825361,false,false,,0.14272090303824014,193,budget_exhausted,14.6511869430542
K29_14,29,,14,B,215858185,false,false,,0.048840111080700625,131,budget_exhausted,10.697198152542114
K29_14,29,,14,B,449904892,false,false,,0.26916105639581334,147,budget_exhausted,14.85946798324585
K29_14,29,,14,B,1667643188,false,false,,0.0953458324151621,117,budget_exhausted,9.58558988571167
K29_14,29,,14,A,449904892,false,false,,0.1301143683308835,1747,budget_exhausted,58.91244077682495
K29_14,29,,14,A,1667643188,false,false,,0.09795115665310664,553,budget_exhausted,61.110254764556885
K29_14,29,,14,B,128182595,false,false,,0.13735724328319912,147,budget_exhausted,12.347527027130127
K29_14,29,,14,B,1845143962,false,false,,0.262068837203282,117,budget_exhausted,12.196703910827637
K29_14,29,,14,A,128182595,false,false,,0.1407251421170368,963,budget_exhausted,66.93008589744568
K29_14,29,,14,A,1845143962,false,false,,0.03135882742637164,1917,budget_exhausted,64.83506512641907
K29_14,29,,14,A,1683375127,false,false,,0.29024788281728237,669,budget_exhausted,28.449154138565063
K29_14,29,,14,A,893706906,false,false,,0.09501012944536093,815,budget_exhausted,19.74013090133667
K29_15,29,,14,B,1683375127,false,false,,0.5485911960204113,91,budget_exhausted,8.543417930603027
K29_15,29,,14,B,893706906,false,false,,0.3925606735712888,47,budget_exhausted,5.514981269836426
K29_15,29,,14,B,1753007184,false,false,,0.2997777705737707,41,budget_exhausted,3.9041850566864014
K29_15,29,,14,B,2107424273,false,false,,0.3153318354707052,59,budget_exhausted,5.675285816192627
K29_14,29,,14,A,1753007184,false,false,,0.3136378454255477,1865,budget_exhausted,61.27594518661499
K29_14,29,,14,A,2107424273,false,false,,0.12306369442795985,365,budget_exhausted,21.86534571647644
K29_14,29,,14,A,418825361,false,false,,0.04928536112922208,743,budget_exhausted,28.285231113433838
K29_14,29,,14,A,215858185,false,false,,0.043785244971192815,215,budget_exhausted,62.37882399559021
K29_15,29,,14,B,418825361,false,false,,0.466913539541113,85,budget_exhausted,7.820597887039185
K29_15,29,,14,B,215858185,false,false,,0.3568134671257774,57,budget_exhausted,5.659757137298584
K29_15,29,,14,B,449904892,false,false,,0.40752212706356994,53,budget_exhausted,5.984194993972778
K29_15,29,,14,B,1667643188,false,false,,0.4394850058717134,45,budget_exhausted,5.256834983825684
K29_15,29,,14,A,449904892,false,false,,0.2129114842151825,743,budget_exhausted,49.029128074645996
K29_15,29,,14,A,1667643188,false,false,,0.48347860053787783,19,budget_exhausted,18.483773946762085
K29_15,29,,14,B,128182595,false,false,,0.25424694098011535,49,budget_exhausted,5.370820999145508
K29_15,29,,14,B,1845143962,false,false,,0.2395324594602627,51,budget_exhausted,5.019965887069702
K29_15,29,,14,A,1753007184,false,false,,0.2922722304258474,975,budget_exhausted,41.19901895523071
K29_15,29,,14,A,2107424273,false,false,,0.4585811494271563,399,budget_exhausted,30.42242407798767
K29_15,29,,14,A,418825361,false,false,,0.09677118987064903,319,budget_exhausted,20.38634991645813
K29_15,29,,14,A,215858185,false,false,,0.311166756951421,963,budget_exhausted,34.32942175865173
K29_16,29,,14,B,1683375127,false,false,,0.06895526669841977,49,budget_exhausted,4.911665916442871
K29_16,29,,14,B,893706906,false,false,,0.005066103249134496,67,budget_exhausted,6.3248560428619385
K29_16,29,,14,B,1753007184,false,false,,0.02779825662002509,73,budget_exhausted,6.841288805007935
K29_16,29,,14,B,2107424273,false,false,,0.0033582213028936127,61,budget_exhausted,5.491004943847656
K29_16,29,,14,B,418825361,false,false,,0.03605717270881958,81,budget_exhausted,8.533976793289185
K29_16,29,,14,B,215858185,false,false,,0.002703041010023672,51,budget_exhausted,5.728869915008545
K29_16,29,,14,B,449904892,false,false,,0.01284604503501872,31,budget_exhausted,3.9812188148498535
K29_16,29,,14,B,1667643188,false,false,,0.06019655793463478,117,budget_exhausted,11.048683166503906
K29_16,29,,14,A,128182595,false,false,,0.9768530035711106,81,budget_exhausted,27.768427848815918
K29_16,29,,14,A,1845143962,false,false,,1.2905628811107478e-05,1047,budget_exhausted,42.23912692070007
K29_16,29,,14,A,1683375127,false,false,,0.7105558737582783,901,budget_exhausted,42.05791616439819
K29_16,29,,14,A,893706906,false,false,,0.7148151771333975,89,budget_exhausted,31.34001088142395
K29_17,29,,14,A,1753007184,false,false,,0.0346461071726424,93,budget_exhausted,14.206697940826416
K29_17,29,,14,A,2107424273,false,false,,0.056627524575707675,207,budget_exhausted,11.122158288955688
K29_17,29,,14,A,418825361,false,false,,0.021497149986626874,149,budget_exhausted,8.102812767028809
K29_17,29,,14,A,215858185,false,false,,0.2961077348738577,189,budget_exhausted,40.36497688293457
K29_16,29,,14,A,1753007184,false,false,,0.00450804433201424,961,budget_exhausted,54.415627002716064
K29_16,29,,14,A,2107424273,false,false,,0.007116839177673384,529,budget_exhausted,43.224032402038574
K29_16,29,,14,A,418825361,false,false,,0.0018542042086668788,249,budget_exhausted,24.109339237213135
K29_16,29,,14,A,215858185,false,false,,0.08843076539369954,379,budget_exhausted,27.44544792175293
K29_16,29,,14,A,449904892,false,false,,0.05448523724518335,433,budget_exhausted,51.15412187576294
K29_16,29,,14,A,1667643188,false,false,,0.0060326178415161845,1601,budget_exhausted,100.33746600151062
K29_16,29,,14,B,128182595,false,false,,0.08372251387978603,55,budget_exhausted,6.373413801193237
K29_16,29,,14,B,1845143962,false,false,,0.07675572181906869,29,budget_exhausted,5.169913053512573
K29_17,29,,14,A,128182595,false,false,,0.09624162893491385,441,budget_exhausted,33.96708011627197
K29_17,29,,14,A,1845143962,false,false,,0.014574545351818022,1987,budget_exhausted,53.40428423881531
K29_17,29,,14,A,1683375127,false,false,,0.029359556871097734,449,budget_exhausted,20.622369050979614
K29_17,29,,14,A,893706906,false,false,,0.33201396985167947,453,budget_exhausted,19.00178289413452
K29_17,29,,14,B,1683375127,false,false,,0.010142586296031266,91,budget_exhausted,7.880658149719238
K29_17,29,,14,B,893706906,false,false,,0.33870303621257497,127,budget_exhausted,12.328293800354004
K29_17,29,,14,B,1753007184,false,false,,0.134273945189269,75,budget_exhausted,10.411859035491943
K29_17,29,,14,B,2107424273,false,false,,0.0930452202293817,113,budget_exhausted,9.877758026123047
K29_17,29,,14,B,418825361,false,false,,0.02467368021058805,143,budget_exhausted,11.195858240127563
K29_17,29,,14,B,215858185,false,false,,0.018579345873519122,83,budget_exhausted,8.736867904663086
K29_17,29,,14,B,449904892,false,false,,0.011468821424599035,59,budget_exhausted,7.874276876449585
K29_17,29,,14,B,1667643188,false,false,,0.002198365195344234,93,budget_exhausted,7.285287857055664
K29_15,29,,14,A,128182595,false,false,,0.09615036911528281,1941,budget_exhausted,94.30461382865906
K29_15,29,,14,A,1845143962,false,false,,0.11592488882700841,597,budget_exhausted,49.10403800010681
K29_15,29,,14,A,1683375127,false,false,,0.29236061079802245,121,budget_exhausted,77.43520402908325
K29_15,29,,14,A,893706906,false,false,,0.30399692492339503,167,budget_exhausted,65.13165974617004
K29_17,29,,14,A,449904892,false,false,,0.011059299934396211,167,budget_exhausted,25.72543215751648
K29_17,29,,14,A,1667643188,false,false,,0.003948220147669113,71,budget_exhausted,32.50206708908081
K29_17,29,,14,B,128182595,false,false,,0.026730725570727643,69,budget_exhausted,6.91068696975708
K29_17,29,,14,B,1845143962,false,false,,0.01714820940814633,115,budget_exhausted,10.454306840896606
K29_18,29,,14,B,1683375127,false,false,,0.002502007003955029,91,budget_exhausted,8.288633823394775
K29_18,29,,14,B,893706906,false,false,,0.4014040782976178,101,budget_exhausted,9.556167125701904
K29_18,29,,14,B,1753007184,false,false,,0.022724275550531418,139,budget_exhausted,12.729534149169922
K29_18,29,,14,B,2107424273,false,false,,0.022157388257693315,129,budget_exhausted,9.347769737243652
K29_18,29,,14,B,418825361,false,false,,0.253774608901539,155,budget_exhausted,13.224233865737915
K29_18,29,,14,B,215858185,false,false,,0.0008060555678796102,73,budget_exhausted,6.798084020614624
K29_18,29,,14,B,449904892,false,false,,0.0007639128376130948,115,budget_exhausted,12.050530195236206
K29_18,29,,14,B,1667643188,false,false,,0.023737482223173928,193,budget_exhausted,15.91316294670105
K29_18,29,,14,A,449904892,false,false,,0.005803727585510629,233,budget_exhausted,42.10077619552612
K29_18,29,,14,A,1667643188,false,false,,0.4971589800344328,325,budget_exhausted,12.988472938537598
K29_18,29,,14,B,128182595,false,false,,0.2225979909824679,139,budget_exhausted,11.55462098121643
K29_18,29,,14,B,1845143962,false,false,,0.0019502364756483566,131,budget_exhausted,9.072378873825073
K29_18,29,,14,A,128182595,false,false,,0.0013241833924919825,1117,budget_exhausted,46.67473101615906
K29_18,29,,14,A,1845143962,false,false,,0.0006910488382499677,231,budget_exhausted,14.089736938476562
K29_18,29,,14,A,1683375127,false,false,,0.2719336986921729,397,budget_exhausted,20.783002138137817
K29_18,29,,14,A,893706906,false,false,,0.0020361330372517784,431,budget_exhausted,17.092154264450073
K29_19,29,,14,B,1683375127,false,false,,0.11874789244566189,107,budget_exhausted,9.726016998291016
K29_19,29,,14,B,893706906,false,false,,0.35270886411000835,89,budget_exhausted,8.710922002792358
K29_19,29,,14,B,1753007184,false,false,,0.05638391381772126,129,budget_exhausted,10.177374839782715
K29_19,29,,14,B,2107424273,false,false,,4.374756981921843,81,budget_exhausted,8.385195016860962
K29_19,29,,14,B,418825361,false,false,,0.2628884598453318,107,budget_exhausted,9.343995332717896
K29_19,29,,14,B,215858185,false,false,,4.370241314800727,161,budget_exhausted,12.67896318435669
K29_19,29,,14,B,449904892,false,false,,0.29400589519098336,93,budget_exhausted,9.527499914169312
K29_19,29,,14,B,1667643188,false,false,,6.340520941633012,85,budget_exhausted,7.527868986129761
K29_18,29,,14,A,1753007184,false,false,,0.0018603827901058406,619,budget_exhausted,30.746324062347412
K29_18,29,,14,A,2107424273,false,false,,0.4021364726511063,1017,budget_exhausted,54.23816967010498
K29_18,29,,14,A,418825361,false,false,,0.024143987372766428,1161,budget_exhausted,27.143378019332886
K29_18,29,,14,A,215858185,false,false,,0.015327560183137629,261,budget_exhausted,22.761438846588135
K29_19,29,,14,A,449904892,false,false,,1.622596699663663,1119,budget_exhausted,44.62301015853882
K29_19,29,,14,A,1667643188,false,false,,0.31647758890616023,507,budget_exhausted,24.796709775924683
K29_19,29,,14,B,128182595,false,false,,0.2635216510590643,75,budget_exhausted,7.322550058364868
K29_19,29,,14,B,1845143962,false,false,,10.325691576669474,117,budget_exhausted,10.483351945877075
K29_19,29,,14,A,128182595,false,false,,0.19348369151516587,281,budget_exhausted,23.026577949523926
K29_19,29,,14,A,1845143962,false,false,,1.6350224741051316,145,budget_exhausted,35.61046814918518
K29_19,29,,14,A,1683375127,false,false,,0.2227441048021908,833,budget_exhausted,29.840723991394043
K29_19,29,,14,A,893706906,false,false,,3.351964731100385,943,budget_exhausted,59.27083492279053
K29_20,29,,14,B,1683375127,false,false,,0.052560081599359376,121,budget_exhausted,10.308199882507324
K29_20,29,,14,B,893706906,false,false,,0.024390679484448292,95,budget_exhausted,9.25213885307312
K29_20,29,,14,B,1753007184,false,false,,0.01568031726894261,37,budget_exhausted,5.625279903411865
K29_20,29,,14,B,2107424273,false,false,,0.022511726504258808,111,budget_exhausted,11.107461929321289
K29_20,29,,14,A,128182595,false,false,,0.004989828444421875,131,budget_exhausted,17.389867067337036
K29_20,29,,14,A,1845143962,false,false,,0.006364864687292542,793,budget_exhausted,44.5321991443634
K29_20,29,,14,A,1683375127,false,false,,0.020144806198145404,213,budget_exhausted,11.167707920074463
K29_20,29,,14,A,893706906,false,false,,0.01341720457507079,211,budget_exhausted,11.975596904754639
K29_20,29,,14,B,418825361,false,false,,0.022718367929967294,53,budget_exhausted,5.797136068344116
K29_20,29,,14,B,215858185,false,false,,0.11663028550705141,81,budget_exhausted,8.859493017196655
K29_20,29,,14,B,449904892,false,false,,0.08325105938228598,65,budget_exhausted,7.228632926940918
K29_20,29,,14,B,1667643188,false,false,,0.030951554885548488,55,budget_exhausted,4.833650827407837
K29_20,29,,14,A,449904892,false,false,,0.01768970590474436,891,budget_exhausted,45.49626588821411
K29_20,29,,14,A,1667643188,false,false,,0.01446848796521168,1037,budget_exhausted,32.53966689109802
K29_20,29,,14,B,128182595,false,false,,0.00034864202184593964,69,budget_exhausted,6.760322093963623
K29_20,29,,14,B,1845143962,false,false,,0.1639755182108442,117,budget_exhausted,10.74479627609253
K29_20,29,,14,A,1753007184,false,false,,0.0009978995185638709,245,budget_exhausted,27.205073833465576
K29_20,29,,14,A,2107424273,false,false,,0.014853972321137408,763,budget_exhausted,38.283968925476074
K29_20,29,,14,A,418825361,false,false,,0.0010406959789558494,97,budget_exhausted,18.669580936431885
K29_20,29,,14,A,215858185,false,false,,0.13614097371618386,419,budget_exhausted,21.534533262252808
K29_19,29,,14,A,1753007184,false,false,,0.7121710161726456,899,budget_exhausted,38.966362953186035
K29_19,29,,14,A,2107424273,false,false,,0.1906881229243772,323,budget_exhausted,26.65541696548462
K29_19,29,,14,A,418825361,false,false,,0.3728858653789565,687,budget_exhausted,21.54993176460266
K29_19,29,,14,A,215858185,false,false,,0.323152768665848,1603,budget_exhausted,104.90538811683655
K29_21,29,,14,B,1683375127,false,false,,0.10625600511728212,153,budget_exhausted,12.986695289611816
K29_21,29,,14,B,893706906,false,false,,0.005340572275024292,111,budget_exhausted,9.862404108047485
K29_21,29,,14,B,1753007184,false,false,,0.007606710920907627,75,budget_exhausted,7.854550123214722
K29_21,29,,14,B,2107424273,false,false,,0.2069867089951125,133,budget_exhausted,12.727416753768921
K29_21,29,,14,A,1753007184,false,false,,0.005553624891682118,273,budget_exhausted,18.576420783996582
K29_21,29,,14,A,2107424273,false,false,,0.14928800126295264,161,budget_exhausted,10.414859056472778
K29_21,29,,14,A,418825361,false,false,,4.901183246975377e-05,995,budget_exhausted,18.909934997558594
K29_21,29,,14,A,215858185,false,false,,0.0308686378066679,869,budget_exhausted,27.80985689163208
K29_21,29,,14,B,418825361,false,false,,0.50856704935358,101,budget_exhausted,9.443965911865234
K29_21,29,,14,B,215858185,false,false,,0.2352454356858267,137,budget_exhausted,11.533063173294067
K29_21,29,,14,B,449904892,false,false,,0.1054991288563129,187,budget_exhausted,17.086711883544922
K29_21,29,,14,B,1667643188,false,false,,0.006356860544884515,39,budget_exhausted,6.744112968444824
K29_22,29,,14,B,1683375127,false,false,,0.04439359712853326,53,budget_exhausted,6.183578252792358
K29_22,29,,14,B,893706906,false,false,,0.6811283450507665,119,budget_exhausted,10.998602151870728
K29_22,29,,14,B,1753007184,false,false,,0.06712571916568491,149,budget_exhausted,11.987761974334717
K29_22,29,,14,B,2107424273,false,false,,0.008847056798175183,137,budget_exhausted,10.971145868301392
K29_22,29,,14,A,449904892,false,false,,0.005762063091030525,403,budget_exhausted,20.22689199447632
K29_22,29,,14,A,1667643188,false,false,,0.00017807852983157277,309,budget_exhausted,22.10098910331726
K29_22,29,,14,B,128182595,false,false,,0.5882513671053631,103,budget_exhausted,9.779737949371338
K29_22,29,,14,B,1845143962,false,false,,0.6745821614563956,89,budget_exhausted,8.251163959503174
K29_21,29,,14,A,449904892,false,false,,1.2350228876847542,35,budget_exhausted,55.71096682548523
K29_21,29,,14,A,1667643188,false,false,,1.2294651223102964,171,budget_exhausted,62.733810901641846
K29_21,29,,14,B,128182595,false,false,,0.3823397123878872,141,budget_exhausted,11.08061695098877
K29_21,29,,14,B,1845143962,false,false,,0.09956648586844573,177,budget_exhausted,13.376261234283447
K29_22,29,,14,B,418825361,false,false,,0.03644368075470445,139,budget_exhausted,13.40932822227478
K29_22,29,,14,B,215858185,false,false,,0.00017631835714175152,81,budget_exhausted,7.811601161956787
K29_22,29,,14,B,449904892,false,false,,0.00015131285822124463,93,budget_exhausted,7.933512926101685
K29_22,29,,14,B,1667643188,false,false,,0.00032573189257015044,103,budget_exhausted,10.339776039123535
K29_21,29,,14,A,128182595,false,false,,0.336166774814023,939,budget_exhausted,44.74738812446594
K29_21,29,,14,A,1845143962,false,false,,1.2369027211511892,119,budget_exhausted,90.71562504768372
K29_21,29,,14,A,1683375127,false,false,,0.09262941023697381,499,budget_exhausted,29.698627948760986
K29_21,29,,14,A,893706906,false,false,,0.014958594032593909,375,budget_exhausted,35.14402914047241
K29_23,29,,14,B,1683375127,false,false,,3.6576546645472066,69,budget_exhausted,6.5527448654174805
K29_23,29,,14,B,893706906,false,false,,3.3903715513842907,63,budget_exhausted,7.145169973373413
K29_23,29,,14,B,1753007184,false,false,,0.0683463632846583,109,budget_exhausted,9.95706582069397
K29_23,29,,14,B,2107424273,false,false,,0.14052735621086923,69,budget_exhausted,6.950170993804932
K29_23,29,,14,B,418825361,false,false,,0.03178508587616752,89,budget_exhausted,8.740740776062012
K29_23,29,,14,B,215858185,false,false,,0.15853955650115364,99,budget_exhausted,8.804112911224365
K29_23,29,,14,B,449904892,false,false,,1.6458129507701031,95,budget_exhausted,9.024146795272827
K29_23,29,,14,B,1667643188,false,false,,3.8404474705846647,41,budget_exhausted,5.203836917877197
K29_23,29,,14,A,449904892,false,false,,3.84029424159543,815,budget_exhausted,54.816603899002075
K29_23,29,,14,A,1667643188,false,false,,0.0399002172037596,77,budget_exhausted,37.80447196960449
K29_23,29,,14,B,128182595,false,false,,3.83873771828223,23,budget_exhausted,3.9079859256744385
K29_23,29,,14,B,1845143962,false,false,,0.2716535714502952,51,budget_exhausted,7.587681770324707
K29_22,29,,14,A,128182595,false,false,,2.476138627720953e-05,903,budget_exhausted,74.50835084915161
K29_22,29,,14,A,1845143962,false,false,,0.0013808424428884824,1245,budget_exhausted,56.383010149002075
K29_22,29,,14,A,1683375127,false,false,,0.22357512466264987,969,budget_exhausted,54.272359132766724
K29_22,29,,14,A,893706906,false,false,,0.12161759320360285,463,budget_exhausted,39.93947505950928
K29_23,29,,14,A,128182595,false,false,,0.014204825722619902,307,budget_exhausted,28.179739236831665
K29_23,29,,14,A,1845143962,false,false,,0.021127720024503832,171,budget_exhausted,15.646907329559326
K29_23,29,,14,A,1683375127,false,false,,0.037164294793849605,949,budget_exhausted,33.831860065460205
K29_23,29,,14,A,893706906,false,false,,0.06820478967933087,1627,budget_exhausted,62.569068908691406
K29_22,29,,14,A,1753007184,false,false,,0.016621262021875305,495,budget_exhausted,29.599792003631592
K29_22,29,,14,A,2107424273,false,false,,1.3215296333515875e-05,661,budget_exhausted,50.24526381492615
K29_22,29,,14,A,418825361,false,false,,0.05076621654858686,1577,budget_exhausted,101.15283727645874
K29_22,29,,14,A,215858185,false,false,,0.05637874135990797,1017,budget_exhausted,44.98190498352051
K29_24,29,,14,B,1683375127,false,false,,0.13801671825769246,141,budget_exhausted,11.725254774093628
K29_24,29,,14,B,893706906,false,false,,0.21870212921987212,185,budget_exhausted,14.897284030914307
K29_24,29,,14,B,1753007184,false,false,,0.23608916633856067,187,budget_exhausted,16.188254833221436
K29_24,29,,14,B,2107424273,false,false,,0.23408080859938868,151,budget_exhausted,11.950260877609253
K29_23,29,,14,A,1753007184,false,false,,3.839282315307972,1079,budget_exhausted,68.52201271057129
K29_23,29,,14,A,2107424273,false,false,,0.014180474560028753,135,budget_exhausted,11.71505880355835
K29_23,29,,14,A,418825361,false,false,,0.12137921876784853,43,budget_exhausted,42.856746196746826
K29_23,29,,14,A,215858185,false,false,,0.07898948060134622,1151,budget_exhausted,66.70751214027405
K29_24,29,,14,B,418825361,false,false,,0.031081478364385087,153,budget_exhausted,11.122849702835083
K29_24,29,,14,B,215858185,false,false,,0.27197916097323926,177,budget_exhausted,15.838191747665405
K29_24,29,,14,B,449904892,false,false,,0.013214102431691842,121,budget_exhausted,10.257379055023193
K29_24,29,,14,B,1667643188,false,false,,0.13267081370273107,167,budget_exhausted,13.809880018234253
K29_24,29,,14,A,449904892,false,false,,0.011883345467188312,151,budget_exhausted,59.09344792366028
K29_24,29,,14,A,1667643188,false,false,,0.0983761495277563,331,budget_exhausted,24.284024953842163
K29_24,29,,14,B,128182595,false,false,,0.4073999234323586,193,budget_exhausted,16.724247932434082
K29_24,29,,14,B,1845143962,false,false,,0.04601329079032663,165,budget_exhausted,13.357598304748535
K29_24,29,,14,A,1753007184,false,false,,0.2935348646375114,983,budget_exhausted,39.892083168029785
K29_24,29,,14,A,2107424273,false,false,,0.004954777878891639,721,budget_exhausted,26.424251794815063
K29_24,29,,14,A,418825361,false,false,,0.025967715293290207,141,budget_exhausted,17.69939398765564
K29_24,29,,14,A,215858185,false,false,,0.1936599184557999,765,budget_exhausted,33.94580793380737
K29_25,29,,14,B,1683375127,false,false,,10.466840153182856,149,budget_exhausted,12.818737030029297
K29_25,29,,14,B,893706906,false,false,,13.345769015034156,95,budget_exhausted,10.94382095336914
K29_25,29,,14,B,1753007184,false,false,,2.2146764352225947,67,budget_exhausted,7.791164875030518
K29_25,29,,14,B,2107424273,false,false,,11.099420770584729,117,budget_exhausted,10.41295599937439
K29_25,29,,14,A,1753007184,false,false,,105.26939859034867,513,budget_exhausted,18.626353979110718
K29_25,29,,14,A,2107424273,false,false,,1503.047634326576,259,budget_exhausted,31.81236219406128
K29_25,29,,14,A,418825361,false,false,,18.218019175329587,279,budget_exhausted,14.575757265090942
K29_25,29,,14,A,215858185,false,false,,0.7611006650681805,61,budget_exhausted,16.947157859802246
K29_25,29,,14,B,418825361,false,false,,16.29527015079061,93,budget_exhausted,11.338994979858398
K29_25,29,,14,B,215858185,false,false,,5.06361098660583,147,budget_exhausted,15.14207911491394
K29_25,29,,14,B,449904892,false,false,,7.908732879343914,109,budget_exhausted,9.516269207000732
K29_25,29,,14,B,1667643188,false,false,,39.1294221718751,113,budget_exhausted,12.575155973434448
K29_25,29,,14,A,449904892,false,false,,11.925904928788444,809,budget_exhausted,53.79146194458008
K29_25,29,,14,A,1667643188,false,false,,180.5119345496791,227,budget_exhausted,19.81374216079712
K29_25,29,,14,B,128182595,false,false,,8.323484663310541,143,budget_exhausted,12.35564398765564
K29_25,29,,14,B,1845143962,false,false,,238.24263290845485,91,budget_exhausted,9.190477132797241
K29_24,29,,14,A,128182595,false,false,,0.04499947278423737,1647,budget_exhausted,95.33925104141235
K29_24,29,,14,A,1845143962,false,false,,0.3501076202757487,1137,budget_exhausted,60.145451068878174
K29_24,29,,14,A,1683375127,false,false,,0.0011042626277363425,505,budget_exhausted,25.692793130874634
K29_24,29,,14,A,893706906,false,false,,0.13114628326732333,395,budget_exhausted,32.35335612297058
K29_25,29,,14,A,128182595,false,false,,4.293008077519592,691,budget_exhausted,38.19425296783447
K29_25,29,,14,A,1845143962,false,false,,531.752227114712,359,budget_exhausted,56.54051995277405
K29_25,29,,14,A,1683375127,false,false,,4.308410469565044,305,budget_exhausted,22.45494818687439
K29_25,29,,14,A,893706906,false,false,,3.814856698298707,359,budget_exhausted,26.858654022216797
K29_26,29,,14,B,1683375127,false,false,,0.12385543312603435,103,budget_exhausted,8.636199235916138
K29_26,29,,14,B,893706906,false,false,,0.2006171928909316,87,budget_exhausted,8.335432291030884
K29_26,29,,14,B,1753007184,false,false,,0.19485847435478593,65,budget_exhausted,6.030678987503052
K29_26,29,,14,B,2107424273,false,false,,0.11869340750599369,101,budget_exhausted,6.5209667682647705
K29_26,29,,14,B,418825361,false,false,,0.007615136256406405,95,budget_exhausted,9.297988891601562
K29_26,29,,14,B,215858185,false,false,,0.29760809085626516,129,budget_exhausted,11.433422803878784
K29_26,29,,14,B,449904892,false,false,,0.1774009970240699,47,budget_exhausted,5.384012222290039
K29_26,29,,14,B,1667643188,false,false,,0.21383565084658743,77,budget_exhausted,8.49887490272522
K29_26,29,,14,A,449904892,false,false,,0.13316577960016227,1101,budget_exhausted,27.1183180809021
K29_26,29,,14,A,1667643188,false,false,,0.008714910349995298,1227,budget_exhausted,78.97343897819519
K29_26,29,,14,B,128182595,false,false,,0.0021598414664649474,73,budget_exhausted,7.676205158233643
K29_26,29,,14,B,1845143962,false,false,,0.06763986721002624,81,budget_exhausted,7.904556751251221
K29_26,29,,14,A,128182595,false,false,,0.011826684069509511,499,budget_exhausted,50.28629922866821
K29_26,29,,14,A,1845143962,false,false,,0.0018634727496457332,343,budget_exhausted,22.535996913909912
K29_26,29,,14,A,1683375127,false,false,,0.27840780931478537,155,budget_exhausted,18.402605056762695
K29_26,29,,14,A,893706906,false,false,,0.0036766913419520215,177,budget_exhausted,41.43487787246704
K29_27,29,,14,B,1683375127,false,false,,0.04549481616072109,105,budget_exhausted,8.719608783721924
K29_27,29,,14,B,893706906,false,false,,0.08953567876679419,51,budget_exhausted,5.4765989780426025
K29_27,29,,14,B,1753007184,false,false,,0.09752607343103498,49,budget_exhausted,5.825969934463501
K29_27,29,,14,B,2107424273,false,false,,0.07572621758429313,91,budget_exhausted,8.1598539352417
K29_27,29,,14,B,418825361,false,false,,0.026733386231873848,101,budget_exhausted,9.896545886993408
K29_27,29,,14,B,215858185,false,false,,0.08346348708819934,125,budget_exhausted,9.31968092918396
K29_27,29,,14,B,449904892,false,false,,0.043026708356908624,65,budget_exhausted,7.1514081954956055
K29_27,29,,14,B,1667643188,false,false,,0.04765382809097158,81,budget_exhausted,6.133090019226074
K29_27,29,,14,A,449904892,false,false,,0.004781033177475437,611,budget_exhausted,52.12224793434143
K29_27,29,,14,A,1667643188,false,false,,0.14412221234110706,881,budget_exhausted,66.16129779815674
K29_27,29,,14,B,128182595,false,false,,0.12565527040717234,63,budget_exhausted,6.542819976806641
K29_27,29,,14,B,1845143962,false,false,,0.04559947085064178,57,budget_exhausted,5.438056230545044
K29_26,29,,14,A,1753007184,false,false,,0.06435380182427274,287,budget_exhausted,47.31589102745056
K29_26,29,,14,A,2107424273,false,false,,0.0023409641896646573,579,budget_exhausted,43.581645011901855
K29_26,29,,14,A,418825361,false,false,,0.02328253143191816,1465,budget_exhausted,70.06764006614685
K29_26,29,,14,A,215858185,false,false,,0.21331196188490992,49,budget_exhausted,43.64864802360535
K29_28,29,,14,B,1683375127,false,false,,0.09763376174741378,131,budget_exhausted,10.739635944366455
K29_28,29,,14,B,893706906,false,false,,0.08797480482669542,79,budget_exhausted,7.40471339225769
K29_28,29,,14,B,1753007184,false,false,,0.09975435206471181,103,budget_exhausted,10.659363031387329
K29_28,29,,14,B,2107424273,false,false,,0.07159968711106306,97,budget_exhausted,7.33875298500061
K29_28,29,,14,B,418825361,false,false,,0.10949581264452281,97,budget_exhausted,9.015730142593384
K29_28,29,,14,B,215858185,false,false,,0.1188612691144251,111,budget_exhausted,10.145710229873657
K29_28,29,,14,B,449904892,false,false,,0.12482851746120964,73,budget_exhausted,7.039947986602783
K29_28,29,,14,B,1667643188,false,false,,0.02918199732980001,107,budget_exhausted,9.496521949768066
K29_28,29,,14,A,1753007184,false,false,,0.01639359199777427,1371,budget_exhausted,52.620660066604614
K29_28,29,,14,A,2107424273,false,false,,0.0985452140034323,609,budget_exhausted,39.54766297340393
K29_28,29,,14,A,418825361,false,false,,0.12129686559158516,615,budget_exhausted,16.771162033081055
K29_28,29,,14,A,215858185,false,false,,0.07513527442137863,319,budget_exhausted,44.19466590881348
K29_27,29,,14,A,128182595,false,false,,0.046077653074673784,1501,budget_exhausted,88.14081501960754
K29_27,29,,14,A,1845143962,false,false,,0.2023697829992706,1007,budget_exhausted,73.95696115493774
K29_27,29,,14,A,1683375127,false,false,,0.07741086017436984,1737,budget_exhausted,56.68489384651184
K29_27,29,,14,A,893706906,false,false,,0.008478627281203245,865,budget_exhausted,46.09207582473755
K29_28,29,,14,A,449904892,false,false,,0.1429250488581166,309,budget_exhausted,22.762760877609253
K29_28,29,,14,A,1667643188,false,false,,0.046645791701450764,1101,budget_exhausted,77.33841800689697
K29_28,29,,14,B,128182595,false,false,,0.12613959278709225,69,budget_exhausted,9.023986339569092
K29_28,29,,14,B,1845143962,false,false,,0.1123496557866846,129,budget_exhausted,9.509095191955566
K29_28,29,,14,A,128182595,false,false,,0.14779662313261527,991,budget_exhausted,77.8664231300354
K29_28,29,,14,A,1845143962,false,false,,0.1196800133008456,249,budget_exhausted,41.14984321594238
K29_28,29,,14,A,1683375127,false,false,,0.11110851671515441,87,budget_exhausted,19.523504972457886
K29_28,29,,14,A,893706906,false,false,,0.09340010435820109,491,budget_exhausted,39.03959393501282
K29_27,29,,14,A,1753007184,false,false,,0.06880019229663875,1031,budget_exhausted,73.79247522354126
K29_27,29,,14,A,2107424273,false,false,,0.01990564573787385,539,budget_exhausted,65.40913987159729
K29_27,29,,14,A,418825361,false,false,,0.01096493550154648,723,budget_exhausted,41.41365694999695
K29_27,29,,14,A,215858185,false,false,,0.004351168245256797,1303,budget_exhausted,99.60332584381104
K29_29,29,,14,B,1683375127,false,false,,6.675215971539519,15,budget_exhausted,33.86592507362366
K29_29,29,,14,B,893706906,false,false,,6.675215971539519,15,budget_exhausted,43.14548397064209
K29_29,29,,14,B,1753007184,false,false,,6.675215971539519,15,budget_exhausted,31.34287691116333
K29_29,29,,14,B,2107424273,false,false,,6.675215971539519,15,budget_exhausted,22.95968198776245
K29_29,29,,14,A,128182595,false,false,,6.675215971539519,15,budget_exhausted,44.13151288032532
K29_29,29,,14,A,1845143962,false,false,,6.675215971539519,15,budget_exhausted,47.86649203300476
K29_29,29,,14,A,1683375127,false,false,,6.675215971539519,15,budget_exhausted,62.670778036117554
K29_29,29,,14,A,893706906,false,false,,6.675215971539519,15,budget_exhausted,47.95669889450073
K29_29,29,,14,A,449904892,false,false,,0.008018668727999268,417,budget_exhausted,23.432174682617188
K29_29,29,,14,A,1667643188,false,false,,0.003548797713222892,61,budget_exhausted,19.592724800109863
K29_29,29,,14,B,128182595,false,false,,6.675215971539519,15,budget_exhausted,64.64127206802368
K29_29,29,,14,B,1845143962,false,false,,6.675215971539519,15,budget_exhausted,59.77365303039551
K29_29,29,,14,B,418825361,false,false,,6.675215971539519,15,budget_exhausted,56.57494115829468
K29_29,29,,14,B,215858185,false,false,,0.007370938206439514,57,budget_exhausted,16.866076946258545
K29_29,29,,14,B,449904892,false,false,,6.675215971539519,15,budget_exhausted,56.52608799934387
K29_29,29,,14,B,1667643188,false,false,,0.006112695967881461,69,budget_exhausted,33.88453483581543
K31_00,31,,15,A,128182595,false,false,,0.00044963151121293725,1827,budget_exhausted,51.514079093933105
K31_00,31,,15,A,1845143962,false,false,,0.0058116118381657455,1043,budget_exhausted,54.465948820114136
K31_00,31,,15,A,1683375127,false,false,,0.011986359308747585,277,budget_exhausted,34.507840156555176
K31_00,31,,15,A,893706906,false,false,,1.1066623502580317e-05,411,budget_exhausted,37.050108194351196
K31_00,31,,15,B,1683375127,false,false,,3.65986694366117,75,budget_exhausted,7.324228048324585
K31_00,31,,15,B,893706906,false,false,,0.0008510063644343502,109,budget_exhausted,9.598222017288208
K31_00,31,,15,B,1753007184,false,false,,3.6269282100963283,95,budget_exhausted,8.636455774307251
K31_00,31,,15,B,2107424273,false,false,,1.204876117661611,93,budget_exhausted,8.683674097061157
K31_00,31,,15,B,418825361,false,false,,3.6610208813621288,91,budget_exhausted,8.204396963119507
K31_00,31,,15,B,215858185,false,false,,0.007734620361763968,111,budget_exhausted,9.714708089828491
K31_00,31,,15,B,449904892,false,false,,0.003509142104699333,97,budget_exhausted,8.990226030349731
K31_00,31,,15,B,1667643188,false,false,,1.0699631118041844,83,budget_exhausted,7.6343162059783936
K31_00,31,,15,A,449904892,false,false,,0.004965563275361561,869,budget_exhausted,43.6052930355072
K31_00,31,,15,A,1667643188,false,false,,0.0019394099612292427,197,budget_exhausted,10.459136962890625
K31_00,31,,15,B,128182595,false,false,,3.6602604703136423,79,budget_exhausted,7.759783029556274
K31_00,31,,15,B,1845143962,false,false,,3.65982127267563,55,budget_exhausted,8.401762008666992
K31_00,31,,15,A,1753007184,false,false,,3.6583788147456335,693,budget_exhausted,23.689475059509277
K31_00,31,,15,A,2107424273,false,false,,3.653631067770598,561,budget_exhausted,44.68392491340637
K31_00,31,,15,A,418825361,false,false,,3.6366768565090575,197,budget_exhausted,10.829522848129272
K31_00,31,,15,A,215858185,false,false,,0.020270610827692718,753,budget_exhausted,37.34104800224304
K29_29,29,,14,A,1753007184,false,false,,6.675215971539519,15,budget_exhausted,78.43176484107971
K29_29,29,,14,A,2107424273,false,false,,6.675215971539519,15,budget_exhausted,105.33862709999084
K29_29,29,,14,A,418825361,false,false,,6.675215971539519,15,budget_exhausted,30.129536151885986
K29_29,29,,14,A,215858185,false,false,,6.675215971539519,15,budget_exhausted,48.76098608970642
K31_01,31,,15,B,1683375127,false,false,,0.04015233444540751,185,budget_exhausted,15.17968487739563
K31_01,31,,15,B,893706906,false,false,,0.029289188060803478,161,budget_exhausted,14.795408964157104
K31_01,31,,15,B,1753007184,false,false,,0.11109161035683143,171,budget_exhausted,14.130919933319092
K31_01,31,,15,B,2107424273,false,false,,0.07023112124502366,181,budget_exhausted,12.653918027877808
K31_01,31,,15,B,418825361,false,false,,0.06832794968599373,135,budget_exhausted,12.321057081222534
K31_01,31,,15,B,215858185,false,false,,0.06976474252518222,151,budget_exhausted,14.054927110671997
K31_01,31,,15,B,449904892,false,false,,0.04069472155305393,163,budget_exhausted,13.4459388256073
K31_01,31,,15,B,1667643188,false,false,,0.022331302072469177,137,budget_exhausted,12.896004915237427
K31_01,31,,15,A,1753007184,false,false,,0.003605026284962313,753,budget_exhausted,48.92470693588257
K31_01,31,,15,A,2107424273,false,false,,0.06198931457789901,473,budget_exhausted,22.33457612991333
K31_01,31,,15,A,418825361,false,false,,0.36834909761821794,255,budget_exhausted,21.43325424194336
K31_01,31,,15,A,215858185,false,false,,0.026816783991972487,491,budget_exhausted,28.125482082366943
K31_01,31,,15,A,128182595,false,false,,0.01184039341274693,333,budget_exhausted,29.960775136947632
K31_01,31,,15,A,1845143962,false,false,,0.15792530065272867,295,budget_exhausted,15.678142070770264
K31_01,31,,15,A,1683375127,false,false,,0.5999977482935528,415,budget_exhausted,63.532719135284424
K31_01,31,,15,A,893706906,false,false,,0.023273020724308133,927,budget_exhausted,26.152594327926636
K31_01,31,,15,A,449904892,false,false,,0.07956144103497992,1473,budget_exhausted,41.589133977890015
K31_01,31,,15,A,1667643188,false,false,,0.013602940580457822,1467,budget_exhausted,70.674880027771
K31_01,31,,15,B,128182595,false,false,,0.05640274045782725,185,budget_exhausted,13.719642877578735
K31_01,31,,15,B,1845143962,false,false,,0.004458718179763785,211,budget_exhausted,15.210317134857178
K31_02,31,,15,B,1683375127,false,false,,0.7595010953455293,85,budget_exhausted,8.206416130065918
K31_02,31,,15,B,893706906,false,false,,0.7386835746879392,137,budget_exhausted,12.139713048934937
K31_02,31,,15,B,1753007184,false,false,,0.6535393287265763,127,budget_exhausted,9.987786531448364
K31_02,31,,15,B,2107424273,false,false,,0.7253342020713426,125,budget_exhausted,10.316532850265503
K31_02,31,,15,B,418825361,false,false,,0.7414538928805732,105,budget_exhausted,10.461591005325317
K31_02,31,,15,B,215858185,false,false,,0.7578100590148088,79,budget_exhausted,7.324611186981201
K31_02,31,,15,B,449904892,false,false,,0.7697330027839088,109,budget_exhausted,11.28074336051941
K31_02,31,,15,B,1667643188,false,false,,0.9986350645350267,99,budget_exhausted,9.542366027832031
K31_02,31,,15,A,449904892,false,false,,0.033876229285472854,487,budget_exhausted,41.56636714935303
K31_02,31,,15,A,1667643188,false,false,,0.7130636346713616,679,budget_exhausted,51.7410888671875
K31_02,31,,15,B,128182595,false,false,,0.7717424949844828,79,budget_exhausted,7.504461050033569
K31_02,31,,15,B,1845143962,false,false,,0.7553068015697703,107,budget_exhausted,9.474670171737671
K31_02,31,,15,A,128182595,false,false,,0.6909397513977422,107,budget_exhausted,15.142756223678589
K31_02,31,,15,A,1845143962,false,false,,0.6966196853126726,785,budget_exhausted,53.85762095451355
K31_02,31,,15,A,1683375127,false,false,,0.6799082790602772,1161,budget_exhausted,43.70639491081238
K31_02,31,,15,A,893706906,false,false,,0.16003349013074983,965,budget_exhausted,70.78322315216064
K31_03,31,,15,B,1683375127,false,false,,0.18164291305062386,143,budget_exhausted,11.902405977249146
K31_03,31,,15,B,893706906,false,false,,0.1197378012298007,65,budget_exhausted,7.4753477573394775
K31_03,31,,15,B,1753007184,false,false,,0.3900648562687394,71,budget_exhausted,7.53964900970459
K31_03,31,,15,B,2107424273,false,false,,0.019500092788138922,93,budget_exhausted,10.716341972351074
K31_03,31,,15,A,449904892,false,false,,0.11513458229465479,593,budget_exhausted,58.767924070358276
K31_03,31,,15,A,1667643188,false,false,,0.0815780100075505,379,budget_exhausted,18.428884983062744
K31_03,31,,15,B,128182595,false,false,,0.16820315052778162,129,budget_exhausted,11.943373918533325
K31_03,31,,15,B,1845143962,false,false,,0.33355813728650474,71,budget_exhausted,7.5646679401397705
K31_03,31,,15,B,418825361,false,false,,0.26376648274849285,65,budget_exhausted,8.444526195526123
K31_03,31,,15,B,215858185,false,false,,0.08954272947633239,103,budget_exhausted,9.621157884597778
K31_03,31,,15,B,449904892,false,false,,0.26248975039795786,75,budget_exhausted,7.513810157775879
K31_03,31,,15,B,1667643188,false,false,,0.2650869305387238,65,budget_exhausted,7.553424119949341
K31_03,31,,15,A,128182595,false,false,,0.3407323819673646,323,budget_exhausted,10.452801942825317
K31_03,31,,15,A,1845143962,false,false,,0.33845194831101916,1051,budget_exhausted,48.11707019805908
K31_03,31,,15,A,1683375127,false,false,,0.11180005732060758,369,budget_exhausted,26.732789993286133
K31_03,31,,15,A,893706906,false,false,,0.017140682479970398,1059,budget_exhausted,61.411136627197266
K31_03,31,,15,A,1753007184,false,false,,0.305969053721574,1693,budget_exhausted,65.29305505752563
K31_03,31,,15,A,2107424273,false,false,,0.1017136312972047,289,budget_exhausted,26.89013910293579
K31_03,31,,15,A,418825361,false,false,,0.23144293495731766,389,budget_exhausted,12.646097898483276
K31_03,31,,15,A,215858185,false,false,,0.08515188004768062,849,budget_exhausted,36.26226282119751
K31_02,31,,15,A,1753007184,false,false,,0.7067555924691489,1403,budget_exhausted,47.49757981300354
K31_02,31,,15,A,2107424273,false,false,,0.3130740759927255,857,budget_exhausted,76.67503190040588
K31_02,31,,15,A,418825361,false,false,,0.1907803942361442,739,budget_exhausted,93.6976249217987
K31_02,31,,15,A,215858185,false,false,,0.6875040431480944,241,budget_exhausted,31.058114051818848
K31_04,31,,15,B,1683375127,false,false,,0.18015838937066234,85,budget_exhausted,7.477888107299805
K31_04,31,,15,B,893706906,false,false,,0.005364055529675609,143,budget_exhausted,12.909996747970581
K31_04,31,,15,B,1753007184,false,false,,0.055469083289435825,113,budget_exhausted,12.667216777801514
K31_04,31,,15,B,2107424273,false,false,,0.13330044847958822,121,budget_exhausted,12.675345182418823
K31_04,31,,15,B,418825361,false,false,,0.1502163610466272,157,budget_exhausted,13.036708116531372
K31_04,31,,15,B,215858185,false,false,,0.016962142723400794,81,budget_exhausted,9.780549764633179
K31_04,31,,15,B,449904892,false,false,,0.005517972176807203,177,budget_exhausted,14.769332885742188
K31_04,31,,15,B,1667643188,false,false,,0.19575330937891544,169,budget_exhausted,12.680241346359253
K31_04,31,,15,A,449904892,false,false,,0.1364522723239818,349,budget_exhausted,34.3427300453186
K31_04,31,,15,A,1667643188,false,false,,0.14667456072288806,219,budget_exhausted,59.680777072906494
K31_04,31,,15,B,128182595,false,false,,0.12526852370128314,127,budget_exhausted,11.114551782608032
K31_04,31,,15,B,1845143962,false,false,,0.17398874612997373,79,budget_exhausted,8.98558497428894
K31_05,31,,15,B,1683375127,false,false,,0.09093588600702618,35,budget_exhausted,4.80488920211792
K31_05,31,,15,B,893706906,false,false,,0.3034628382234472,27,budget_exhausted,3.713840961456299
K31_05,31,,15,B,1753007184,false,false,,0.22760133461013002,17,budget_exhausted,5.500929117202759
K31_05,31,,15,B,2107424273,false,false,,0.015003549363905237,137,budget_exhausted,10.631188869476318
K31_04,31,,15,A,1753007184,false,false,,0.17239964628532717,1173,budget_exhausted,73.3996229171753
K31_04,31,,15,A,2107424273,false,false,,0.16489556709106412,1111,budget_exhausted,49.30094909667969
K31_04,31,,15,A,418825361,false,false,,0.17709568861713465,169,budget_exhausted,47.98794603347778
K31_04,31,,15,A,215858185,false,false,,0.06581770783508528,139,budget_exhausted,11.475035905838013
K31_05,31,,15,B,418825361,false,false,,0.15276699344249345,111,budget_exhausted,10.126055717468262
K31_05,31,,15,B,215858185,false,false,,0.015322913479368356,163,budget_exhausted,14.831796169281006
K31_05,31,,15,B,449904892,false,false,,0.19182469134281233,191,budget_exhausted,14.099678993225098
K31_05,31,,15,B,1667643188,false,false,,0.004949662314051194,83,budget_exhausted,8.159083843231201
K31_04,31,,15,A,128182595,false,false,,0.012780535228076165,921,budget_exhausted,55.87193512916565
K31_04,31,,15,A,1845143962,false,false,,0.19076227544578744,1627,budget_exhausted,96.4290280342102
K31_04,31,,15,A,1683375127,false,false,,0.1792681669403049,1129,budget_exhausted,34.911237955093384
K31_04,31,,15,A,893706906,false,false,,0.1334374099213387,489,budget_exhausted,24.584065914154053
K31_05,31,,15,A,449904892,false,false,,0.000564251317991583,479,budget_exhausted,32.59165406227112
K31_05,31,,15,A,1667643188,false,false,,0.22919857658329265,787,budget_exhausted,88.4395740032196
K31_05,31,,15,B,128182595,false,false,,0.18733818862068502,89,budget_exhausted,11.378661155700684
K31_05,31,,15,B,1845143962,false,false,,0.09093588600702618,43,budget_exhausted,6.475383043289185
K31_05,31,,15,A,1753007184,false,false,,0.18307025628089874,537,budget_exhausted,33.46430683135986
K31_05,31,,15,A,2107424273,false,false,,0.028232552204183015,243,budget_exhausted,24.812294721603394
K31_05,31,,15,A,418825361,false,false,,0.003067895194256601,1039,budget_exhausted,49.32182812690735
K31_05,31,,15,A,215858185,false,false,,0.07533762262819513,405,budget_exhausted,56.90544009208679
K31_05,31,,15,A,128182595,false,false,,0.06264631389246651,627,budget_exhausted,42.74587392807007
K31_05,31,,15,A,1845143962,false,false,,0.2452989775598307,445,budget_exhausted,46.5355589389801
K31_05,31,,15,A,1683375127,false,false,,0.14418384928214326,349,budget_exhausted,28.378913164138794
K31_05,31,,15,A,893706906,false,false,,0.014592175522186059,1935,budget_exhausted,80.74188208580017
K31_06,31,,15,B,1683375127,false,false,,0.07539326489252642,233,budget_exhausted,20.126425981521606
K31_06,31,,15,B,893706906,false,false,,0.08812137695008669,237,budget_exhausted,23.995535135269165
K31_06,31,,15,B,1753007184,false,false,,0.06864729842283142,223,budget_exhausted,17.10287833213806
K31_06,31,,15,B,2107424273,false,false,,0.07691605402839984,223,budget_exhausted,18.500943899154663
K31_06,31,,15,B,418825361,false,false,,0.07508024390924632,259,budget_exhausted,19.539932012557983
K31_06,31,,15,B,215858185,false,false,,0.08046456692566795,387,budget_exhausted,33.495351791381836
K31_06,31,,15,B,449904892,false,false,,0.08491415019001794,179,budget_exhausted,16.15252709388733
K31_06,31,,15,B,1667643188,false,false,,0.08197754909485032,213,budget_exhausted,15.354580879211426
K31_06,31,,15,A,128182595,false,false,,0.07805354147727654,1163,budget_exhausted,39.59799599647522
K31_06,31,,15,A,1845143962,false,false,,0.07600252150369614,681,budget_exhausted,42.65424704551697
K31_06,31,,15,A,1683375127,false,false,,0.07551894730890667,1701,budget_exhausted,42.9520959854126
K31_06,31,,15,A,893706906,false,false,,0.07323684095141192,853,budget_exhausted,57.68245601654053
K31_06,31,,15,A,449904892,false,false,,0.0723221065496845,1501,budget_exhausted,111.46446061134338
K31_06,31,,15,A,1667643188,false,false,,0.07635060254691399,353,budget_exhausted,29.640286922454834
K31_06,31,,15,B,128182595,false,false,,0.08228551006398509,245,budget_exhausted,20.112086057662964
K31_06,31,,15,B,1845143962,false,false,,0.08326591574507482,235,budget_exhausted,20.548868656158447
K31_07,31,,15,A,449904892,false,false,,0.10560856367439173,97,budget_exhausted,18.964390993118286
K31_07,31,,15,A,1667643188,false,false,,0.041386267759642215,1097,budget_exhausted,27.218170881271362
K31_07,31,,15,B,128182595,false,false,,0.0353708474624565,177,budget_exhausted,14.629524946212769
K31_07,31,,15,B,1845143962,false,false,,0.09280129690463644,109,budget_exhausted,8.67226791381836
K31_07,31,,15,B,1683375127,false,false,,0.060599621436509765,81,budget_exhausted,6.799919843673706
K31_07,31,,15,B,893706906,false,false,,0.13176789731006666,53,budget_exhausted,6.470275640487671
K31_07,31,,15,B,1753007184,false,false,,0.06552809985615315,181,budget_exhausted,16.008707761764526
K31_07,31,,15,B,2107424273,false,false,,0.3110537414018193,97,budget_exhausted,8.48821210861206
K31_07,31,,15,A,128182595,false,false,,0.03873390441171019,1573,budget_exhausted,82.55964493751526
K31_07,31,,15,A,1845143962,false,false,,0.050902405047803294,323,budget_exhausted,23.48353886604309
K31_07,31,,15,A,1683375127,false,false,,0.005189658648430083,345,budget_exhausted,7.999579906463623
K31_07,31,,15,A,893706906,false,false,,0.13199992776337968,165,budget_exhausted,25.310384035110474
K31_07,31,,15,B,418825361,false,false,,0.03800621210365647,119,budget_exhausted,10.831036806106567
K31_07,31,,15,B,215858185,false,false,,0.14251994860572645,93,budget_exhausted,8.485637187957764
K31_07,31,,15,B,449904892,false,false,,0.13366214988503536,83,budget_exhausted,7.408571720123291
K31_07,31,,15,B,1667643188,false,false,,0.1321729982142672,79,budget_exhausted,6.873178005218506
K31_07,31,,15,A,1753007184,false,false,,0.1136089318585294,575,budget_exhausted,33.965128898620605
K31_07,31,,15,A,2107424273,false,false,,0.15454485694364434,625,budget_exhausted,27.643980979919434
K31_07,31,,15,A,418825361,false,false,,0.19422659381014754,1455,budget_exhausted,38.90326809883118
K31_07,31,,15,A,215858185,false,false,,0.15099455151444902,473,budget_exhausted,35.549765825271606
K31_08,31,,15,B,1683375127,false,false,,0.026787438319016855,123,budget_exhausted,9.435931205749512
K31_08,31,,15,B,893706906,false,false,,0.0018773603470425527,125,budget_exhausted,10.188168048858643
K31_08,31,,15,B,1753007184,false,false,,0.01138692456007312,57,budget_exhausted,12.384236097335815
K31_08,31,,15,B,2107424273,false,false,,0.0010663651903415978,115,budget_exhausted,9.76231598854065
K31_06,31,,15,A,1753007184,false,false,,0.08373426228365236,1779,budget_exhausted,104.73675775527954
K31_06,31,,15,A,2107424273,false,false,,0.06913328547688559,507,budget_exhausted,23.95333194732666
K31_06,31,,15,A,418825361,false,false,,0.0770956238850389,1279,budget_exhausted,83.08472776412964
K31_06,31,,15,A,215858185,false,false,,0.07569676117222035,597,budget_exhausted,49.46440815925598
K31_08,31,,15,B,418825361,false,false,,0.033157548568651905,201,budget_exhausted,14.481993913650513
K31_08,31,,15,B,215858185,false,false,,0.029059456997022358,39,budget_exhausted,10.446818828582764
K31_08,31,,15,B,449904892,false,false,,0.029136351033042792,91,budget_exhausted,12.12603211402893
K31_08,31,,15,B,1667643188,false,false,,0.02644852934513815,185,budget_exhausted,13.646008014678955
K31_08,31,,15,A,449904892,false,false,,0.020146171874292337,949,budget_exhausted,45.09183311462402
K31_08,31,,15,A,1667643188,false,false,,0.004638114966450727,393,budget_exhausted,16.093688249588013
K31_08,31,,15,B,128182595,false,false,,0.02899734414333956,175,budget_exhausted,16.03552007675171
K31_08,31,,15,B,1845143962,false,false,,0.02439642983895007,31,budget_exhausted,8.38207483291626
K31_09,31,,15,B,1683375127,false,false,,0.22159587031599634,85,budget_exhausted,7.16604208946228
K31_09,31,,15,B,893706906,false,false,,0.06822773189249585,157,budget_exhausted,9.401425123214722
K31_09,31,,15,B,1753007184,false,false,,0.03375908186526813,135,budget_exhausted,9.610788822174072
K31_09,31,,15,B,2107424273,false,false,,0.02773959499644103,173,budget_exhausted,16.759397983551025
K31_08,31,,15,A,128182595,false,false,,0.018748453160064432,407,budget_exhausted,41.105560064315796
K31_08,31,,15,A,1845143962,false,false,,0.000989427690363721,87,budget_exhausted,12.03709602355957
K31_08,31,,15,A,1683375127,false,false,,0.01887077929321744,27,budget_exhausted,51.59109568595886
K31_08,31,,15,A,893706906,false,false,,0.005070418885227423,581,budget_exhausted,38.403963804244995
K31_08,31,,15,A,1753007184,false,false,,0.03222431511400264,409,budget_exhausted,43.03862190246582
K31_08,31,,15,A,2107424273,false,false,,0.000463468262060497,87,budget_exhausted,27.856634855270386
K31_08,31,,15,A,418825361,false,false,,0.028666050355019464,599,budget_exhausted,24.141512155532837
K31_08,31,,15,A,215858185,false,false,,0.027227665225380452,103,budget_exhausted,59.07317519187927
K31_09,31,,15,B,418825361,false,false,,0.09240383045657484,121,budget_exhausted,7.954042911529541
K31_09,31,,15,B,215858185,false,false,,0.050587069381105215,83,budget_exhausted,8.96041202545166
K31_09,31,,15,B,449904892,false,false,,0.26630955612405116,119,budget_exhausted,10.724464178085327
K31_09,31,,15,B,1667643188,false,false,,0.004334538490643066,117,budget_exhausted,9.391052007675171
K31_09,31,,15,A,1753007184,false,false,,0.15983168546639706,297,budget_exhausted,39.55448794364929
K31_09,31,,15,A,2107424273,false,false,,0.15024481583160174,569,budget_exhausted,24.341320991516113
K31_09,31,,15,A,418825361,false,false,,0.009021629456152138,159,budget_exhausted,32.40290689468384
K31_09,31,,15,A,215858185,false,false,,0.01486969250739934,1051,budget_exhausted,50.147099018096924
K31_09,31,,15,A,449904892,false,false,,0.02593389107243396,411,budget_exhausted,50.20668983459473
K31_09,31,,15,A,1667643188,false,false,,0.017956529228877506,359,budget_exhausted,48.1131911277771
K31_09,31,,15,B,128182595,false,false,,0.0063349935039479915,95,budget_exhausted,8.666589975357056
K31_09,31,,15,B,1845143962,false,false,,0.03882880234789075,111,budget_exhausted,9.337260961532593
K31_10,31,,15,A,1753007184,false,false,,2.3363363698190263,1035,budget_exhausted,21.29554009437561
K31_10,31,,15,A,2107424273,false,false,,0.16542317268186732,1955,budget_exhausted,11.707613945007324
K31_10,31,,15,A,418825361,false,false,,3.4207996460842365,3,budget_exhausted,0.8112068176269531
K31_10,31,,15,A,215858185,false,false,,0.11362673631484047,509,budget_exhausted,29.71590304374695
K31_10,31,,15,B,1683375127,false,false,,2.7069775845509483,83,budget_exhausted,7.3915112018585205
K31_10,31,,15,B,893706906,false,false,,1.0713031563585942,127,budget_exhausted,10.259241104125977
K31_10,31,,15,B,1753007184,false,false,,0.555049799848137,107,budget_exhausted,9.83451795578003
K31_10,31,,15,B,2107424273,false,false,,0.5475081971014735,115,budget_exhausted,9.839728832244873
K31_09,31,,15,A,128182595,false,false,,0.02642254461365289,561,budget_exhausted,35.055973052978516
K31_09,31,,15,A,1845143962,false,false,,0.20531257491655203,1041,budget_exhausted,85.98554706573486
K31_09,31,,15,A,1683375127,false,false,,0.026375940897877707,419,budget_exhausted,39.971827030181885
K31_09,31,,15,A,893706906,false,false,,0.0230128245407017,227,budget_exhausted,28.96016001701355
K31_10,31,,15,B,418825361,false,false,,0.12714702887559567,79,budget_exhausted,7.8523850440979
K31_10,31,,15,B,215858185,false,false,,0.1948641604446146,81,budget_exhausted,7.872902870178223
K31_10,31,,15,B,449904892,false,false,,0.44278704046038014,133,budget_exhausted,11.098909854888916
K31_10,31,,15,B,1667643188,false,false,,0.21837936773393918,139,budget_exhausted,10.531322002410889
K31_11,31,,15,B,1683375127,false,false,,0.05659504674427093,127,budget_exhausted,11.574995994567871
K31_11,31,,15,B,893706906,false,false,,0.2943603956680775,125,budget_exhausted,9.860479831695557
K31_11,31,,15,B,1753007184,false,false,,0.03876859536222413,47,budget_exhausted,5.836692810058594
K31_11,31,,15,B,2107424273,false,false,,0.027887841535881447,135,budget_exhausted,10.03402590751648
K31_10,31,,15,A,128182595,false,false,,3.4207996460842365,3,budget_exhausted,0.8344051837921143
K31_10,31,,15,A,1845143962,false,false,,3.4207996460842365,3,budget_exhausted,0.8674197196960449
K31_10,31,,15,A,1683375127,false,false,,0.44592181383602647,1789,budget_exhausted,141.86336278915405
K31_10,31,,15,A,893706906,false,false,,0.5101819205337044,277,budget_exhausted,1.9091811180114746
K31_10,31,,15,A,449904892,false,false,,3.038639233432978,1453,budget_exhausted,65.73953890800476
K31_10,31,,15,A,1667643188,false,false,,2.8404328271545634,617,budget_exhausted,33.789571046829224
K31_10,31,,15,B,128182595,false,false,,3.0413714630732693,109,budget_exhausted,9.50915002822876
K31_10,31,,15,B,1845143962,false,false,,2.5514136974489845,135,budget_exhausted,11.676241159439087
K31_11,31,,15,B,418825361,false,false,,0.006017046611427494,69,budget_exhausted,6.870908975601196
K31_11,31,,15,B,215858185,false,false,,0.0002100830582656427,29,budget_exhausted,3.734463930130005
K31_11,31,,15,B,449904892,false,false,,0.05999703508570502,39,budget_exhausted,4.237479209899902
K31_11,31,,15,B,1667643188,false,false,,0.022387966480588987,65,budget_exhausted,6.176723957061768
K31_11,31,,15,A,449904892,false,false,,0.00033575895928121595,347,budget_exhausted,44.127548933029175
K31_11,31,,15,A,1667643188,false,false,,0.00044218116658976253,1723,budget_exhausted,55.915266036987305
K31_11,31,,15,B,128182595,false,false,,0.02833371193053993,53,budget_exhausted,5.4219160079956055
K31_11,31,,15,B,1845143962,false,false,,0.016384199108908783,19,budget_exhausted,3.5542521476745605
K31_11,31,,15,A,128182595,false,false,,1.754085036214578e-05,793,budget_exhausted,17.11193084716797
K31_11,31,,15,A,1845143962,false,false,,0.2553885326631124,1781,budget_exhausted,52.8994300365448
K31_11,31,,15,A,1683375127,false,false,,0.0004428743810818773,1171,budget_exhausted,73.64485502243042
K31_11,31,,15,A,893706906,false,false,,0.0019760048148194354,107,budget_exhausted,18.748359203338623
K31_12,31,,15,B,1683375127,false,false,,0.06654836056641203,73,budget_exhausted,6.617133140563965
K31_12,31,,15,B,893706906,false,false,,0.9856759431013647,67,budget_exhausted,6.28574275970459
K31_12,31,,15,B,1753007184,false,false,,0.011704865775523309,61,budget_exhausted,6.54560112953186
K31_12,31,,15,B,2107424273,false,false,,0.09951369413910385,7,budget_exhausted,8.143113851547241
K31_12,31,,15,A,449904892,false,false,,0.6845592071618288,453,budget_exhausted,32.434351205825806
K31_12,31,,15,A,1667643188,false,false,,0.016677280288213327,193,budget_exhausted,44.55499505996704
K31_12,31,,15,B,128182595,false,false,,0.010777882586535743,43,budget_exhausted,5.526857852935791
K31_12,31,,15,B,1845143962,false,false,,0.6929724220711677,55,budget_exhausted,5.851773023605347
K31_12,31,,15,A,1753007184,false,false,,0.046046389608639535,51,budget_exhausted,1.4531850814819336
K31_12,31,,15,A,2107424273,false,false,,1.0317454327407494,775,budget_exhausted,25.315858125686646
K31_12,31,,15,A,418825361,false,false,,0.09951369413910385,7,budget_exhausted,1.2094509601593018
K31_12,31,,15,A,215858185,false,false,,0.007921645689946433,1521,budget_exhausted,76.47183227539062
K31_12,31,,15,B,418825361,false,false,,0.03451240161199562,29,budget_exhausted,5.505617141723633
K31_12,31,,15,B,215858185,false,false,,0.021995015426162858,67,budget_exhausted,5.773895978927612
K31_12,31,,15,B,449904892,false,false,,0.09951369413910385,7,budget_exhausted,5.515744924545288
K31_12,31,,15,B,1667643188,false,false,,0.09951369413910385,7,budget_exhausted,6.305948972702026
K31_11,31,,15,A,1753007184,false,false,,9.71009584164888e-06,431,budget_exhausted,19.303924083709717
K31_11,31,,15,A,2107424273,false,false,,6.622236323934686e-06,201,budget_exhausted,18.9741268157959
K31_11,31,,15,A,418825361,false,false,,0.0028503807547954987,1311,budget_exhausted,64.50348901748657
K31_11,31,,15,A,215858185,false,false,,0.6159568016133212,1771,budget_exhausted,81.78357696533203
K31_13,31,,15,B,1683375127,false,false,,5.064292166366652,71,budget_exhausted,7.486132860183716
K31_13,31,,15,B,893706906,false,false,,0.04927446371592916,83,budget_exhausted,7.676475763320923
K31_13,31,,15,B,1753007184,false,false,,0.002128874184062562,171,budget_exhausted,14.344316959381104
K31_13,31,,15,B,2107424273,false,false,,2.4678451696961647,113,budget_exhausted,9.558428287506104
K31_13,31,,15,B,418825361,false,false,,5.057993163260836,65,budget_exhausted,8.168113946914673
K31_13,31,,15,B,215858185,false,false,,0.0034747257669265185,123,budget_exhausted,11.44734787940979
K31_13,31,,15,B,449904892,false,false,,0.0007213022767780895,89,budget_exhausted,10.614009857177734
K31_13,31,,15,B,1667643188,false,false,,0.003648366466860434,77,budget_exhausted,8.262239933013916
K31_12,31,,15,A,128182595,false,false,,0.0029816231883061225,285,budget_exhausted,29.30630111694336
K31_12,31,,15,A,1845143962,false,false,,0.026847458639017104,1475,budget_exhausted,37.43410515785217
K31_12,31,,15,A,1683375127,false,false,,1.016697583571039,1325,budget_exhausted,41.77363991737366
K31_12,31,,15,A,893706906,false,false,,0.004403908555990816,1115,budget_exhausted,77.70923113822937
K31_13,31,,15,A,449904892,false,false,,0.0017118497123450188,187,budget_exhausted,19.232863903045654
K31_13,31,,15,A,1667643188,false,false,,0.0050362118340964495,861,budget_exhausted,51.06629991531372
K31_13,31,,15,B,128182595,false,false,,5.028379604248985,113,budget_exhausted,8.07663106918335
K31_13,31,,15,B,1845143962,false,false,,5.062914451982987,71,budget_exhausted,7.601946115493774
K31_14,31,,15,B,1683375127,false,false,,0.00904637947481772,123,budget_exhausted,10.455352067947388
K31_14,31,,15,B,893706906,false,false,,0.12446668510234786,89,budget_exhausted,9.313127994537354
K31_14,31,,15,B,1753007184,false,false,,0.059127707755938196,37,budget_exhausted,4.36529803276062
K31_14,31,,15,B,2107424273,false,false,,0.01863825290911927,105,budget_exhausted,9.367073059082031
K31_14,31,,15,B,418825361,false,false,,0.009899964185962593,111,budget_exhausted,9.752061128616333
K31_14,31,,15,B,215858185,false,false,,0.10159786178682412,95,budget_exhausted,10.135913133621216
K31_14,31,,15,B,449904892,false,false,,0.019150817100290735,99,budget_exhausted,9.646153926849365
K31_14,31,,15,B,1667643188,false,false,,0.033618027879212295,105,budget_exhausted,10.81556510925293
K31_14,31,,15,A,449904892,false,false,,0.01226621796759604,927,budget_exhausted,25.489529132843018
K31_14,31,,15,A,1667643188,false,false,,0.030404405902281797,699,budget_exhausted,45.77657103538513
K31_14,31,,15,B,128182595,false,false,,0.024390686386724546,129,budget_exhausted,10.32871389389038
K31_14,31,,15,B,1845143962,false,false,,0.008933225211599581,99,budget_exhausted,8.242607116699219
K31_13,31,,15,A,128182595,false,false,,0.034025102795994536,513,budget_exhausted,24.11983299255371
K31_13,31,,15,A,1845143962,false,false,,0.0008323894291694358,885,budget_exhausted,88.57835388183594
K31_13,31,,15,A,1683375127,false,false,,2.1966443267419895,177,budget_exhausted,40.949440002441406
K31_13,31,,15,A,893706906,false,false,,4.8855650722232475,595,budget_exhausted,37.97110199928284
K31_13,31,,15,A,1753007184,false,false,,5.073595323596669,255,budget_exhausted,14.302804946899414
K31_13,31,,15,A,2107424273,false,false,,5.073936183686996,589,budget_exhausted,55.81503486633301
K31_13,31,,15,A,418825361,false,false,,4.9402615467217394,1459,budget_exhausted,93.068030834198
K31_13,31,,15,A,215858185,false,false,,0.0024742017704578773,411,budget_exhausted,39.02849984169006
K31_14,31,,15,A,1753007184,false,false,,0.351865250482821,433,budget_exhausted,25.14008903503418
K31_14,31,,15,A,2107424273,false,false,,0.04296010250307646,323,budget_exhausted,41.90784478187561
K31_14,31,,15,A,418825361,false,false,,0.04569877219278473,567,budget_exhausted,31.84367299079895
K31_14,31,,15,A,215858185,false,false,,0.022991949084760342,847,budget_exhausted,48.88767099380493
K31_15,31,,15,B,1683375127,false,false,,3805.665932336842,139,budget_exhausted,11.623749017715454
K31_15,31,,15,B,893706906,false,false,,1.748062181290405,139,budget_exhausted,11.443958044052124
K31_15,31,,15,B,1753007184,false,false,,0.2097616237485434,133,budget_exhausted,11.536971807479858
K31_15,31,,15,B,2107424273,false,false,,221.27730332038576,71,budget_exhausted,10.023884057998657
K31_14,31,,15,A,128182595,false,false,,0.011331454282960013,1103,budget_exhausted,56.08587718009949
K31_14,31,,15,A,1845143962,false,false,,0.038411602816318474,475,budget_exhausted,57.49873900413513
K31_14,31,,15,A,1683375127,false,false,,0.04016149007255817,81,budget_exhausted,32.79456377029419
K31_14,31,,15,A,893706906,false,false,,0.0027431444115268437,971,budget_exhausted,57.01740312576294
K31_15,31,,15,B,418825361,false,false,,12556.747884498409,151,budget_exhausted,12.001453876495361
K31_15,31,,15,B,215858185,false,false,,0.6951582625744603,73,budget_exhausted,7.04554295539856
K31_15,31,,15,B,449904892,false,false,,0.317292428801065,161,budget_exhausted,13.751069068908691
K31_15,31,,15,B,1667643188,false,false,,6784.318987665026,119,budget_exhausted,10.30497407913208
K31_15,31,,15,A,449904892,false,false,,0.11831790214551621,1925,budget_exhausted,68.97856187820435
K31_15,31,,15,A,1667643188,false,false,,0.04816116395983881,629,budget_exhausted,49.4788498878479
K31_15,31,,15,B,128182595,false,false,,0.1298884258699582,137,budget_exhausted,13.679161787033081
K31_15,31,,15,B,1845143962,false,false,,13471.40052688595,131,budget_exhausted,14.309946775436401
K31_15,31,,15,A,1753007184,false,false,,0.20701000783378737,1485,budget_exhausted,21.71110510826111
K31_15,31,,15,A,2107424273,false,false,,17933.769088051667,551,budget_exhausted,85.27123403549194
K31_15,31,,15,A,418825361,false,false,,2654.516702605278,647,budget_exhausted,27.134801864624023
K31_15,31,,15,A,215858185,false,false,,0.11841714554428921,449,budget_exhausted,29.5623939037323
K31_16,31,,15,A,1753007184,false,false,,0.0068210617680321195,387,budget_exhausted,21.47054696083069
K31_16,31,,15,A,2107424273,false,false,,0.01382920135461186,361,budget_exhausted,14.973284006118774
K31_16,31,,15,A,418825361,false,false,,0.005930800824902713,631,budget_exhausted,22.236491918563843
K31_16,31,,15,A,215858185,false,false,,0.005679923267837081,443,budget_exhausted,25.240413188934326
K31_15,31,,15,A,128182595,false,false,,0.8461404796006327,113,budget_exhausted,45.57141089439392
K31_15,31,,15,A,1845143962,false,false,,11761.611788899314,105,budget_exhausted,22.10110116004944
K31_15,31,,15,A,1683375127,false,false,,0.22847240932281704,267,budget_exhausted,42.533581018447876
K31_15,31,,15,A,893706906,false,false,,124.69437041686875,567,budget_exhausted,71.95475697517395
K31_16,31,,15,A,449904892,false,false,,0.014309637710489908,371,budget_exhausted,31.110524892807007
K31_16,31,,15,A,1667643188,false,false,,0.006162433805906344,495,budget_exhausted,31.407782793045044
K31_16,31,,15,B,128182595,false,false,,0.0064243043763592194,133,budget_exhausted,13.861138105392456
K31_16,31,,15,B,1845143962,false,false,,0.011363849945411586,227,budget_exhausted,19.13572096824646
K31_16,31,,15,A,128182595,false,false,,0.005748200641462146,385,budget_exhausted,40.34095215797424
K31_16,31,,15,A,1845143962,false,false,,0.007312618563944855,657,budget_exhausted,49.61515402793884
K31_16,31,,15,A,1683375127,false,false,,0.005706150099333999,605,budget_exhausted,29.583211183547974
K31_16,31,,15,A,893706906,false,false,,0.005620196033900128,493,budget_exhausted,31.39173674583435
K31_16,31,,15,B,418825361,false,false,,0.013825394689099161,193,budget_exhausted,16.27852201461792
K31_16,31,,15,B,215858185,false,false,,0.007396054091932106,195,budget_exhausted,15.44831109046936
K31_16,31,,15,B,449904892,false,false,,0.005565418244229984,265,budget_exhausted,21.39476203918457
K31_16,31,,15,B,1667643188,false,false,,0.00568508657552844,203,budget_exhausted,13.206883907318115
K31_16,31,,15,B,1683375127,false,false,,0.00785178926734962,257,budget_exhausted,20.334417819976807
K31_16,31,,15,B,893706906,false,false,,0.009458908988119248,243,budget_exhausted,21.67556405067444
K31_16,31,,15,B,1753007184,false,false,,0.01408377269851415,209,budget_exhausted,18.86703109741211
K31_16,31,,15,B,2107424273,false,false,,0.007234265082503692,269,budget_exhausted,20.603408813476562
K31_17,31,,15,B,418825361,false,false,,0.03788974719078583,27,budget_exhausted,3.5578207969665527
K31_17,31,,15,B,215858185,false,false,,0.03631676810052192,29,budget_exhausted,4.7297751903533936
K31_17,31,,15,B,449904892,false,false,,1.781466649403529,73,budget_exhausted,7.879276990890503
K31_17,31,,15,B,1667643188,false,false,,0.6322752140879756,73,budget_exhausted,7.681376934051514
K31_17,31,,15,B,1683375127,false,false,,0.005057319423806027,25,budget_exhausted,4.056654691696167
K31_17,31,,15,B,893706906,false,false,,1.4526541942611542,77,budget_exhausted,6.731796026229858
K31_17,31,,15,B,1753007184,false,false,,111.51993165615004,91,budget_exhausted,9.972594976425171
K31_17,31,,15,B,2107424273,false,false,,0.01164151150802934,21,budget_exhausted,7.174988031387329
K31_18,31,,15,A,449904892,false,false,,1.04676189904602,35,budget_exhausted,0.6800000667572021
K31_18,31,,15,A,1667643188,false,false,,0.8874591538944311,291,budget_exhausted,3.3545732498168945
K31_18,31,,15,B,128182595,false,false,,0.4566416186344667,137,budget_exhausted,11.521806001663208
K31_18,31,,15,B,1845143962,false,false,,0.5105739569379274,153,budget_exhausted,11.507035970687866
K31_18,31,,15,B,1683375127,false,false,,0.5335200221127817,137,budget_exhausted,11.108122825622559
K31_18,31,,15,B,893706906,false,false,,0.4529304484171091,107,budget_exhausted,8.81865406036377
K31_18,31,,15,B,1753007184,false,false,,0.4585370641248625,103,budget_exhausted,9.253830194473267
K31_18,31,,15,B,2107424273,false,false,,0.46287069383520835,153,budget_exhausted,11.713418006896973
K31_17,31,,15,A,449904892,false,false,,0.007946808452666192,991,budget_exhausted,30.487715244293213
K31_17,31,,15,A,1667643188,false,false,,0.6315563298600757,1181,budget_exhausted,102.25308299064636
K31_17,31,,15,B,128182595,false,false,,0.07176028279821134,29,budget_exhausted,4.60896372795105
K31_17,31,,15,B,1845143962,false,false,,30.745640107070574,75,budget_exhausted,7.360574245452881
K31_18,31,,15,A,128182595,false,false,,0.7526951774531636,673,budget_exhausted,28.050295114517212
K31_18,31,,15,A,1845143962,false,false,,0.3499889689793182,897,budget_exhausted,14.821826934814453
K31_18,31,,15,A,1683375127,false,false,,0.3269250658881713,609,budget_exhausted,30.67159605026245
K31_18,31,,15,A,893706906,false,false,,0.26014045896688076,723,budget_exhausted,32.1667320728302
K31_18,31,,15,B,418825361,false,false,,0.3515108005950842,147,budget_exhausted,11.462682962417603
K31_18,31,,15,B,215858185,false,false,,0.5560712239359156,109,budget_exhausted,11.676405668258667
K31_18,31,,15,B,449904892,false,false,,0.48764211032845173,107,budget_exhausted,9.1007559299469
K31_18,31,,15,B,1667643188,false,false,,0.4367928845369235,137,budget_exhausted,12.828492879867554
K31_18,31,,15,A,1753007184,false,false,,0.6955255842868027,855,budget_exhausted,38.51306915283203
K31_18,31,,15,A,2107424273,false,false,,0.32105971312075104,681,budget_exhausted,19.37995481491089
K31_18,31,,15,A,418825361,false,false,,0.2628527693834978,577,budget_exhausted,39.428274154663086
K31_18,31,,15,A,215858185,false,false,,0.44944041183487177,691,budget_exhausted,31.859004020690918
K31_17,31,,15,A,128182595,false,false,,0.0073401816466405635,123,budget_exhausted,75.54887390136719
K31_17,31,,15,A,1845143962,false,false,,0.007424766479659002,83,budget_exhausted,24.28440499305725
K31_17,31,,15,A,1683375127,false,false,,0.002667457346366668,81,budget_exhausted,12.219166040420532
K31_17,31,,15,A,893706906,false,false,,0.8102959893606878,1701,budget_exhausted,111.64996695518494
K31_19,31,,15,B,1683375127,false,false,,0.04249696165169523,63,budget_exhausted,6.142959117889404
K31_19,31,,15,B,893706906,false,false,,0.9128755250106932,11,budget_exhausted,5.821933269500732
K31_19,31,,15,B,1753007184,false,false,,0.4128213133628058,49,budget_exhausted,7.2735490798950195
K31_19,31,,15,B,2107424273,false,false,,0.7022764805257864,35,budget_exhausted,4.358657121658325
K31_19,31,,15,B,418825361,false,false,,0.441893588676625,91,budget_exhausted,7.461889028549194
K31_19,31,,15,B,215858185,false,false,,0.22147326688596036,69,budget_exhausted,7.171540021896362
K31_19,31,,15,B,449904892,false,false,,0.47924729486709183,77,budget_exhausted,7.979054927825928
K31_19,31,,15,B,1667643188,false,false,,0.6768562868122218,93,budget_exhausted,8.677255868911743
K31_17,31,,15,A,1753007184,false,false,,0.008147914793108078,417,budget_exhausted,41.78382992744446
K31_17,31,,15,A,2107424273,false,false,,0.702329391527051,437,budget_exhausted,69.49996781349182
K31_17,31,,15,A,418825361,false,false,,0.005834088199315394,49,budget_exhausted,30.577939987182617
K31_17,31,,15,A,215858185,false,false,,0.022573854891034247,1275,budget_exhausted,124.49931693077087
K31_19,31,,15,A,449904892,false,false,,0.6698120959780944,1615,budget_exhausted,39.68997502326965
K31_19,31,,15,A,1667643188,false,false,,0.7805443326631613,529,budget_exhausted,30.329827070236206
K31_19,31,,15,B,128182595,false,false,,0.41076884263345836,99,budget_exhausted,8.125516176223755
K31_19,31,,15,B,1845143962,false,false,,0.7718978280713403,33,budget_exhausted,6.6522557735443115
K31_20,31,,15,B,1683375127,false,false,,1.1512091918639793,29,budget_exhausted,3.895232677459717
K31_20,31,,15,B,893706906,false,false,,0.0037896497808688886,73,budget_exhausted,7.463385105133057
K31_20,31,,15,B,1753007184,false,false,,0.07652615474855311,125,budget_exhausted,9.984303951263428
K31_20,31,,15,B,2107424273,false,false,,0.0011205209046025958,77,budget_exhausted,7.37359094619751
K31_20,31,,15,B,418825361,false,false,,0.2886300712235927,45,budget_exhausted,5.30498480796814
K31_20,31,,15,B,215858185,false,false,,0.0021686856055874596,73,budget_exhausted,7.523384094238281
K31_20,31,,15,B,449904892,false,false,,0.01438263952110058,79,budget_exhausted,7.126795053482056
K31_20,31,,15,B,1667643188,false,false,,0.002255797903374297,103,budget_exhausted,11.230525970458984
K31_19,31,,15,A,1753007184,false,false,,0.6580043079098111,443,budget_exhausted,10.899770975112915
K31_19,31,,15,A,2107424273,false,false,,0.498603614698548,331,budget_exhausted,21.400691032409668
K31_19,31,,15,A,418825361,false,false,,0.07979375440024833,1885,budget_exhausted,77.8757119178772
K31_19,31,,15,A,215858185,false,false,,0.5922778253038289,837,budget_exhausted,72.50983476638794
K31_19,31,,15,A,128182595,false,false,,0.7139062164671747,1509,budget_exhausted,69.06085777282715
K31_19,31,,15,A,1845143962,false,false,,0.6163275574954503,255,budget_exhausted,6.425384998321533
K31_19,31,,15,A,1683375127,false,false,,0.2762873044453532,1725,budget_exhausted,94.97133111953735
K31_19,31,,15,A,893706906,false,false,,0.6986194519471683,621,budget_exhausted,35.36431097984314
K31_20,31,,15,A,449904892,false,false,,8.732063628523973,1149,budget_exhausted,81.5448842048645
K31_20,31,,15,A,1667643188,false,false,,0.00011359638390107554,309,budget_exhausted,55.95764398574829
K31_20,31,,15,B,128182595,false,false,,0.0013710103048658149,55,budget_exhausted,6.076189041137695
K31_20,31,,15,B,1845143962,false,false,,0.6423790960513398,75,budget_exhausted,7.771488904953003
K31_20,31,,15,A,128182595,false,false,,0.0050832761185179145,1197,budget_exhausted,48.45553207397461
K31_20,31,,15,A,1845143962,false,false,,0.014495696996607214,1989,budget_exhausted,85.85599064826965
K31_20,31,,15,A,1683375127,false,false,,0.01795631852907379,279,budget_exhausted,24.87341284751892
K31_20,31,,15,A,893706906,false,false,,0.0016562746620398512,795,budget_exhausted,53.98138499259949
K31_20,31,,15,A,1753007184,false,false,,0.3901903284410094,1741,budget_exhausted,44.905476093292236
K31_20,31,,15,A,2107424273,false,false,,0.3559824846004433,1081,budget_exhausted,91.45551085472107
K31_20,31,,15,A,418825361,false,false,,15.598995079749292,765,budget_exhausted,32.67282509803772
K31_20,31,,15,A,215858185,false,false,,0.0013058345260637775,391,budget_exhausted,31.655717849731445
K31_21,31,,15,B,1683375127,false,false,,0.04416296036705611,49,budget_exhausted,7.125510931015015
K31_21,31,,15,B,893706906,false,false,,0.043795410341075605,79,budget_exhausted,7.639440298080444
K31_21,31,,15,B,1753007184,false,false,,0.0011055694662842415,73,budget_exhausted,7.017558813095093
K31_21,31,,15,B,2107424273,false,false,,0.06628452578391959,101,budget_exhausted,8.0740327835083
K31_21,31,,15,B,418825361,false,false,,0.01263577789842689,101,budget_exhausted,9.660524845123291
K31_21,31,,15,B,215858185,false,false,,0.006928430350277164,105,budget_exhausted,10.905977249145508
K31_21,31,,15,B,449904892,false,false,,0.02137134253719136,143,budget_exhausted,11.447207927703857
K31_21,31,,15,B,1667643188,false,false,,0.00660382581060864,89,budget_exhausted,9.410078048706055
K31_21,31,,15,A,449904892,false,false,,0.01536082743295474,1585,budget_exhausted,59.11059093475342
K31_21,31,,15,A,1667643188,false,false,,0.0028273465868753796,1563,budget_exhausted,76.85311603546143
K31_21,31,,15,B,128182595,false,false,,0.018374530320477176,123,budget_exhausted,11.43960189819336
K31_21,31,,15,B,1845143962,false,false,,0.022797255077100474,79,budget_exhausted,10.564350128173828
K31_22,31,,15,B,1683375127,false,false,,0.006543092059322661,117,budget_exhausted,8.428412199020386
K31_22,31,,15,B,893706906,false,false,,0.0074855700941606484,95,budget_exhausted,9.11656403541565
K31_22,31,,15,B,1753007184,false,false,,0.0031949874934925795,97,budget_exhausted,9.511522054672241
K31_22,31,,15,B,2107424273,false,false,,0.011077723842606446,99,budget_exhausted,10.250212907791138
K31_22,31,,15,A,449904892,false,false,,0.5930555773356418,305,budget_exhausted,27.40535306930542
K31_22,31,,15,A,1667643188,false,false,,0.004050466741519706,241,budget_exhausted,27.175697803497314
K31_22,31,,15,B,128182595,false,false,,0.010201443296368632,85,budget_exhausted,7.762429237365723
K31_22,31,,15,B,1845143962,false,false,,0.03875728696279647,139,budget_exhausted,12.040721893310547
K31_22,31,,15,A,128182595,false,false,,0.0009524584887918843,1299,budget_exhausted,75.78050303459167
K31_22,31,,15,A,1845143962,false,false,,0.062350024188859855,291,budget_exhausted,10.937331199645996
K31_22,31,,15,A,1683375127,false,false,,0.0014587666362885182,403,budget_exhausted,17.810847997665405
K31_22,31,,15,A,893706906,false,false,,0.0011377839901261435,597,budget_exhausted,24.469361782073975
K31_22,31,,15,B,418825361,false,false,,0.14283963678679187,57,budget_exhausted,6.44523811340332
K31_22,31,,15,B,215858185,false,false,,0.5945751888562553,99,budget_exhausted,9.159217834472656
K31_22,31,,15,B,449904892,false,false,,0.0044460437403584675,137,budget_exhausted,12.126809120178223
K31_22,31,,15,B,1667643188,false,false,,0.10257323004331478,143,budget_exhausted,11.63961386680603
K31_22,31,,15,A,1753007184,false,false,,0.003620515065222829,427,budget_exhausted,33.70893478393555
K31_22,31,,15,A,2107424273,false,false,,0.06028510794273807,245,budget_exhausted,31.968123197555542
K31_22,31,,15,A,418825361,false,false,,0.0011604872932767724,239,budget_exhausted,38.003079891204834
K31_22,31,,15,A,215858185,false,false,,0.5856375294313998,1873,budget_exhausted,60.17917227745056
K31_21,31,,15,A,1753007184,false,false,,0.010974427089367047,1923,budget_exhausted,102.69723606109619
K31_21,31,,15,A,2107424273,false,false,,0.01441932206260722,677,budget_exhausted,53.43601894378662
K31_21,31,,15,A,418825361,false,false,,4.9757187875177016e-05,1313,budget_exhausted,35.75250005722046
K31_21,31,,15,A,215858185,false,false,,0.003999618559460293,625,budget_exhausted,82.22916078567505
K31_23,31,,15,B,1683375127,false,false,,0.00776444673248493,47,budget_exhausted,5.220329999923706
K31_23,31,,15,B,893706906,false,false,,0.9920908054258288,65,budget_exhausted,7.624150037765503
K31_23,31,,15,B,1753007184,false,false,,0.011482776424435275,73,budget_exhausted,8.521901845932007
K31_23,31,,15,B,2107424273,false,false,,0.37869909414068204,35,budget_exhausted,5.209849119186401
K31_21,31,,15,A,128182595,false,false,,0.002853273589691196,197,budget_exhausted,19.295522212982178
K31_21,31,,15,A,1845143962,false,false,,0.0188488252263809,1189,budget_exhausted,60.379688024520874
K31_21,31,,15,A,1683375127,false,false,,0.05402532461768918,55,budget_exhausted,110.62963676452637
K31_21,31,,15,A,893706906,false,false,,0.006006056607650187,1835,budget_exhausted,119.6908540725708
K31_23,31,,15,B,418825361,false,false,,0.16553941620784082,27,budget_exhausted,4.611836910247803
K31_23,31,,15,B,215858185,false,false,,0.009500879480359811,143,budget_exhausted,12.337363958358765
K31_23,31,,15,B,449904892,false,false,,0.07237569614774321,31,budget_exhausted,4.199173927307129
K31_23,31,,15,B,1667643188,false,false,,0.2691815965747103,97,budget_exhausted,8.054308891296387
K31_23,31,,15,A,449904892,false,false,,0.0014392865543407668,409,budget_exhausted,15.512741804122925
K31_23,31,,15,A,1667643188,false,false,,0.0597695668734602,1553,budget_exhausted,71.26002287864685
K31_23,31,,15,B,128182595,false,false,,1.270637533821769,195,budget_exhausted,15.324290990829468
K31_23,31,,15,B,1845143962,false,false,,0.18851950459762162,17,budget_exhausted,4.3048460483551025
K31_24,31,,15,B,1683375127,false,false,,0.01709837827330159,71,budget_exhausted,7.387264013290405
K31_24,31,,15,B,893706906,false,false,,0.008452280521712726,115,budget_exhausted,9.330199718475342
K31_24,31,,15,B,1753007184,false,false,,0.2002461120290852,47,budget_exhausted,5.49772310256958
K31_24,31,,15,B,2107424273,false,false,,0.01990154336476174,129,budget_exhausted,11.161218166351318
K31_23,31,,15,A,128182595,false,false,,0.0047287804261813655,1397,budget_exhausted,28.33439326286316
K31_23,31,,15,A,1845143962,false,false,,0.28434310455214107,323,budget_exhausted,77.9879961013794
K31_23,31,,15,A,1683375127,false,false,,0.21924472994313948,327,budget_exhausted,16.169103145599365
K31_23,31,,15,A,893706906,false,false,,0.029381743873705925,1525,budget_exhausted,62.27107906341553
K31_24,31,,15,B,418825361,false,false,,0.010464055603813392,41,budget_exhausted,4.417470932006836
K31_24,31,,15,B,215858185,false,false,,61.25002570443119,65,budget_exhausted,6.72034215927124
K31_24,31,,15,B,449904892,false,false,,0.3549352517984622,87,budget_exhausted,8.56342101097107
K31_24,31,,15,B,1667643188,false,false,,2.3583255455839223,77,budget_exhausted,7.0081048011779785
K31_24,31,,15,A,128182595,false,false,,1.0630830451716669,833,budget_exhausted,25.91149592399597
K31_24,31,,15,A,1845143962,false,false,,20.36776030132332,355,budget_exhausted,26.117473125457764
K31_24,31,,15,A,1683375127,false,false,,0.06465899520526024,1243,budget_exhausted,37.04439997673035
K31_24,31,,15,A,893706906,false,false,,20.517689433086236,275,budget_exhausted,44.103842973709106
K31_24,31,,15,A,1753007184,false,false,,0.0029881805240361274,791,budget_exhausted,46.36724305152893
K31_24,31,,15,A,2107424273,false,false,,20.496580918192876,1011,budget_exhausted,55.21034526824951
K31_24,31,,15,A,418825361,false,false,,1.185633571102361,357,budget_exhausted,24.578298091888428
K31_24,31,,15,A,215858185,false,false,,1.0047100458900122,73,budget_exhausted,2.83756685256958
K31_23,31,,15,A,1753007184,false,false,,0.07429374599746198,79,budget_exhausted,22.943050861358643
K31_23,31,,15,A,2107424273,false,false,,0.0002308321108796325,1255,budget_exhausted,39.48530888557434
K31_23,31,,15,A,418825361,false,false,,0.1164609034393003,909,budget_exhausted,72.51534605026245
K31_23,31,,15,A,215858185,false,false,,1.7101749766339625,855,budget_exhausted,70.50603699684143
K31_24,31,,15,A,449904892,false,false,,0.343802826383199,505,budget_exhausted,93.06152391433716
K31_24,31,,15,A,1667643188,false,false,,0.032499503834186316,449,budget_exhausted,32.485100984573364
K31_24,31,,15,B,128182595,false,false,,0.1729849455648827,85,budget_exhausted,9.721339225769043
K31_24,31,,15,B,1845143962,false,false,,0.4946674654252971,77,budget_exhausted,7.745560884475708
K31_25,31,,15,B,1683375127,false,false,,0.5559767470184462,39,budget_exhausted,4.822628974914551
K31_25,31,,15,B,893706906,false,false,,0.11927379596895722,79,budget_exhausted,7.287530899047852
K31_25,31,,15,B,1753007184,false,false,,0.5693639677034807,91,budget_exhausted,9.152055978775024
K31_25,31,,15,B,2107424273,false,false,,0.007683921219019503,69,budget_exhausted,6.659726142883301
K31_25,31,,15,B,418825361,false,false,,0.5564282802641664,111,budget_exhausted,6.003723859786987
K31_25,31,,15,B,215858185,false,false,,0.15844088301643958,101,budget_exhausted,8.543761968612671
K31_25,31,,15,B,449904892,false,false,,0.06763660680077041,99,budget_exhausted,8.950743198394775
K31_25,31,,15,B,1667643188,false,false,,0.026107422588666083,95,budget_exhausted,7.3455810546875
K31_26,31,,15,A,449904892,false,false,,0.8043240739578852,1,budget_exhausted,0.6352579593658447
K31_26,31,,15,A,1667643188,false,false,,0.8043240739578852,1,budget_exhausted,0.6081500053405762
K31_26,31,,15,B,128182595,false,false,,0.03028480639977735,87,budget_exhausted,6.745160102844238
K31_26,31,,15,B,1845143962,false,false,,0.21836501973730205,125,budget_exhausted,10.270286083221436
K31_26,31,,15,A,1753007184,false,false,,0.8043240739578852,1,budget_exhausted,0.6257739067077637
K31_26,31,,15,A,2107424273,false,false,,0.8043240739578852,1,budget_exhausted,0.6278347969055176
K31_26,31,,15,A,418825361,false,false,,0.004932893213844633,665,budget_exhausted,46.48548197746277
K31_26,31,,15,A,215858185,false,false,,0.8043240739578852,1,budget_exhausted,0.6325650215148926
K31_26,31,,15,A,128182595,false,false,,0.8043240739578852,1,budget_exhausted,0.6203000545501709
K31_26,31,,15,A,1845143962,false,false,,0.008275996290067693,501,budget_exhausted,31.785155057907104
K31_26,31,,15,A,1683375127,false,false,,0.8043240739578852,1,budget_exhausted,0.6258640289306641
K31_26,31,,15,A,893706906,false,false,,0.003251072416956177,1249,budget_exhausted,31.927579164505005
K31_25,31,,15,A,449904892,false,false,,1.0537324476548229,1507,budget_exhausted,61.73197317123413
K31_25,31,,15,A,1667643188,false,false,,0.13876517657452353,337,budget_exhausted,13.87423586845398
K31_25,31,,15,B,128182595,false,false,,0.017986496536752543,93,budget_exhausted,8.921042919158936
K31_25,31,,15,B,1845143962,false,false,,0.31430870124799154,83,budget_exhausted,7.608021974563599
K31_26,31,,15,B,1683375127,false,false,,0.057185593852891126,139,budget_exhausted,12.104903936386108
K31_26,31,,15,B,893706906,false,false,,0.05909250243407686,53,budget_exhausted,5.326527118682861
K31_26,31,,15,B,1753007184,false,false,,0.6421140252933281,93,budget_exhausted,10.241477727890015
K31_26,31,,15,B,2107424273,false,false,,0.034419520875439834,153,budget_exhausted,10.337975025177002
K31_26,31,,15,B,418825361,false,false,,0.14224971743250123,39,budget_exhausted,5.024566888809204
K31_26,31,,15,B,215858185,false,false,,0.06991982457695331,89,budget_exhausted,9.529799938201904
K31_26,31,,15,B,449904892,false,false,,0.012194351935276912,175,budget_exhausted,14.780806064605713
K31_26,31,,15,B,1667643188,false,false,,0.2673936449761632,99,budget_exhausted,7.767152786254883
K31_25,31,,15,A,128182595,false,false,,0.13105518816198147,509,budget_exhausted,20.193631887435913
K31_25,31,,15,A,1845143962,false,false,,0.5555102578041625,601,budget_exhausted,22.72981333732605
K31_25,31,,15,A,1683375127,false,false,,0.14782332116511382,553,budget_exhausted,39.12727403640747
K31_25,31,,15,A,893706906,false,false,,0.041809004758459715,1213,budget_exhausted,80.9034309387207
K31_27,31,,15,A,449904892,false,false,,1.071380376533916,323,budget_exhausted,27.9516339302063
K31_27,31,,15,A,1667643188,false,false,,0.8116444232712481,183,budget_exhausted,17.00871992111206
K31_27,31,,15,B,128182595,false,false,,1.045363660643538,117,budget_exhausted,9.555229902267456
K31_27,31,,15,B,1845143962,false,false,,0.7869267802360019,113,budget_exhausted,10.536731958389282
K31_27,31,,15,B,1683375127,false,false,,0.7975517931630313,93,budget_exhausted,7.629271984100342
K31_27,31,,15,B,893706906,false,false,,0.9595897035684421,155,budget_exhausted,14.799494981765747
K31_27,31,,15,B,1753007184,false,false,,0.8109966908917079,131,budget_exhausted,11.811842918395996
K31_27,31,,15,B,2107424273,false,false,,0.8570952352071581,101,budget_exhausted,8.317960977554321
K31_27,31,,15,B,418825361,false,false,,0.8096493582429302,65,budget_exhausted,7.248481035232544
K31_27,31,,15,B,215858185,false,false,,0.9963191315813691,109,budget_exhausted,8.697489023208618
K31_27,31,,15,B,449904892,false,false,,1.4841542604715483,79,budget_exhausted,8.477471351623535
K31_27,31,,15,B,1667643188,false,false,,0.7909180497073651,97,budget_exhausted,8.30150294303894
K31_25,31,,15,A,1753007184,false,false,,0.21062651659329762,689,budget_exhausted,15.285985231399536
K31_25,31,,15,A,2107424273,false,false,,0.13922741082944956,811,budget_exhausted,27.68807101249695
K31_25,31,,15,A,418825361,false,false,,0.1497722522087299,771,budget_exhausted,50.98926281929016
K31_25,31,,15,A,215858185,false,false,,0.10269915442410944,1875,budget_exhausted,105.80399203300476
K31_27,31,,15,A,128182595,false,false,,0.7868987292264709,79,budget_exhausted,65.24989485740662
K31_27,31,,15,A,1845143962,false,false,,0.7960272199505326,491,budget_exhausted,24.50143790245056
K31_27,31,,15,A,1683375127,false,false,,0.9943307542788088,67,budget_exhausted,15.020185232162476
K31_27,31,,15,A,893706906,false,false,,0.7767934536486525,301,budget_exhausted,16.354490041732788
K31_28,31,,15,B,1683375127,false,false,,0.5832929199971215,75,budget_exhausted,8.004666328430176
K31_28,31,,15,B,893706906,false,false,,0.045878497775722026,135,budget_exhausted,12.605634212493896
K31_28,31,,15,B,1753007184,false,false,,0.287385203273744,123,budget_exhausted,10.106949806213379
K31_28,31,,15,B,2107424273,false,false,,7.098848035012304,133,budget_exhausted,11.44786810874939
K31_27,31,,15,A,1753007184,false,false,,0.22730758177426855,983,budget_exhausted,79.69527101516724
K31_27,31,,15,A,2107424273,false,false,,0.8220236004410979,311,budget_exhausted,25.481037139892578
K31_27,31,,15,A,418825361,false,false,,0.8998731773801756,119,budget_exhausted,12.278952836990356
K31_27,31,,15,A,215858185,false,false,,0.8705356745710832,223,budget_exhausted,32.40982389450073
K31_28,31,,15,B,418825361,false,false,,0.32051194351861517,133,budget_exhausted,10.529746055603027
K31_28,31,,15,B,215858185,false,false,,0.5159497760295284,125,budget_exhausted,10.792489767074585
K31_28,31,,15,B,449904892,false,false,,0.34704943730622856,67,budget_exhausted,6.891592264175415
K31_28,31,,15,B,1667643188,false,false,,0.3190595335719285,79,budget_exhausted,8.080188989639282
K31_28,31,,15,A,449904892,false,false,,0.34667154983810217,465,budget_exhausted,26.98860502243042
K31_28,31,,15,A,1667643188,false,false,,0.3193339601539117,1319,budget_exhausted,78.27879762649536
K31_28,31,,15,B,128182595,false,false,,0.302625884598393,99,budget_exhausted,8.887786149978638
K31_28,31,,15,B,1845143962,false,false,,0.3036300885444827,89,budget_exhausted,8.057026863098145
K31_29,31,,15,B,1683375127,false,false,,0.01866246202919459,99,budget_exhausted,8.466567993164062
K31_29,31,,15,B,893706906,false,false,,0.07653987504455717,51,budget_exhausted,5.845346927642822
K31_29,31,,15,B,1753007184,false,false,,0.03246569630605473,39,budget_exhausted,4.632649898529053
K31_29,31,,15,B,2107424273,false,false,,0.1026773809497154,99,budget_exhausted,9.667204856872559
K31_29,31,,15,B,418825361,false,false,,0.00926613932112904,65,budget_exhausted,6.1764609813690186
K31_29,31,,15,B,215858185,false,false,,0.06770812724421067,49,budget_exhausted,5.354223012924194
K31_29,31,,15,B,449904892,false,false,,0.496715380052848,27,budget_exhausted,3.4149739742279053
K31_29,31,,15,B,1667643188,false,false,,0.08384782773392029,59,budget_exhausted,7.767324209213257
K31_28,31,,15,A,1753007184,false,false,,0.2853489087136241,893,budget_exhausted,48.619019985198975
K31_28,31,,15,A,2107424273,false,false,,2.7678210850766507,421,budget_exhausted,34.93810319900513
K31_28,31,,15,A,418825361,false,false,,0.27196784970372884,327,budget_exhausted,46.808887004852295
K31_28,31,,15,A,215858185,false,false,,0.3226404018772022,1713,budget_exhausted,69.35670113563538
K31_28,31,,15,A,128182595,false,false,,0.016201369971447527,1353,budget_exhausted,76.42737674713135
K31_28,31,,15,A,1845143962,false,false,,0.02456049851074623,117,budget_exhausted,25.010058164596558
K31_28,31,,15,A,1683375127,false,false,,0.27976811339541885,331,budget_exhausted,21.111366033554077
K31_28,31,,15,A,893706906,false,false,,0.4427305436813283,611,budget_exhausted,77.69054102897644
K31_29,31,,15,A,449904892,false,false,,0.07191486427153213,607,budget_exhausted,26.333723068237305
K31_29,31,,15,A,1667643188,false,false,,0.007212058032404219,399,budget_exhausted,75.03658509254456
K31_29,31,,15,B,128182595,false,false,,0.0394409689497955,77,budget_exhausted,7.230952978134155
K31_29,31,,15,B,1845143962,false,false,,0.029572164441560165,69,budget_exhausted,6.820368051528931
K31_29,31,,15,A,128182595,false,false,,0.07950121765426832,649,budget_exhausted,17.464144945144653
K31_29,31,,15,A,1845143962,false,false,,0.028462621229059584,301,budget_exhausted,19.256300926208496
K31_29,31,,15,A,1683375127,false,false,,0.07305985560795784,517,budget_exhausted,87.9105179309845
K31_29,31,,15,A,893706906,false,false,,0.2681439631637142,1199,budget_exhausted,32.33749604225159
K31_29,31,,15,A,1753007184,false,false,,0.0035221043676780307,505,budget_exhausted,35.55878925323486
K31_29,31,,15,A,2107424273,false,false,,0.08576556478681903,1055,budget_exhausted,58.95648789405823
K31_29,31,,15,A,418825361,false,false,,0.08560174091832132,543,budget_exhausted,45.743963956832886
K31_29,31,,15,A,215858185,false,false,,0.021936860258628864,473,budget_exhausted,54.84663009643555
